sourceFile,region,listingNumber,status,apn,address,zip,listingDate,pendingDate,contractualDate,sellingDate,listingPrice,originalPrice,sellingPrice,bidUpAmount,bidUpPct,saleToListRatio,dom,cdom,daysToPending,daysPendingToSale,beds,baths,sqft,yearBuilt,styleCode,subdivision,hasPendingContext,missingReasons,zillowUrl,kingCountyUrl
Central Seattle Rich Snapshot.csv,Central Seattle,2470141,Sold,7234600794,"1704 E Marion St, Seattle WA 98122",98122,2026-01-27,2026-02-25,2026-03-19,2026-03-19,899000,899000,865000,-34000,-0.03781979977753059,0.9621802002224694,29,29,29,22,3,2.25,1434,2017,32 - Townhouse,Capitol Hill,true,,https://www.zillow.com/homes/1704-e-marion-st-seattle-wa-98122_rb/,https://blue.kingcounty.com/Assessor/eRealProperty/Dashboard.aspx?ParcelNbr=7234600794
NW Seattle Rich Snapshot.csv,NW Seattle,2456851,Sold,1175000735,"3014 NW 56th St, Seattle WA 98107",98107,2025-11-21,2026-02-23,2026-03-19,2026-03-19,875000,949000,875000,0,0,1,45,45,94,24,3,1.75,1530,2025,32 - Townhouse,Ballard,true,,https://www.zillow.com/homes/3014-nw-56th-st-seattle-wa-98107_rb/,https://blue.kingcounty.com/Assessor/eRealProperty/Dashboard.aspx?ParcelNbr=1175000735
NE Seattle Rich Snapshot.csv,NE Seattle,2495159,Sold,1868902365,"6210 28th Ave NE, Seattle WA 98115",98115,2026-03-19,,2026-03-19,2026-03-19,1515000,1515000,1515000,0,0,1,,0,,,4,2.75,2260,1925,18 - 2 Stories w/Bsmnt,Bryant,false,missing_pending_date,https://www.zillow.com/homes/6210-28th-ave-ne-seattle-wa-98115_rb/,https://blue.kingcounty.com/Assessor/eRealProperty/Dashboard.aspx?ParcelNbr=1868902365
NW Seattle Rich Snapshot.csv,NW Seattle,2487079,Sold,2028700285,"6752 9th Ave NW, Seattle WA 98117",98117,2026-03-05,2026-03-05,2026-03-19,2026-03-19,1100000,1100000,1225000,125000,0.11363636363636363,1.1136363636363635,0,0,0,14,3,2,2390,1930,17 - 1 1/2 Stry w/Bsmt,Ballard,true,,https://www.zillow.com/homes/6752-9th-ave-nw-seattle-wa-98117_rb/,https://blue.kingcounty.com/Assessor/eRealProperty/Dashboard.aspx?ParcelNbr=2028700285
NE Seattle Rich Snapshot.csv,NE Seattle,2483691,Sold,6746701964,"1015 NE 55th St, Seattle WA 98105",98105,2026-02-23,2026-02-28,2026-03-18,2026-03-18,1079950,1079950,1079950,0,0,1,5,5,5,18,9,3,1950,2019,32 - Townhouse,University District,true,,https://www.zillow.com/homes/1015-ne-55th-st-seattle-wa-98105_rb/,https://blue.kingcounty.com/Assessor/eRealProperty/Dashboard.aspx?ParcelNbr=6746701964
Central Seattle Rich Snapshot.csv,Central Seattle,2479508,Sold,1337800360,"1126 17th Ave E, Seattle WA 98112",98112,2026-02-12,2026-02-18,2026-03-18,2026-03-18,1598000,1598000,1585000,-13000,-0.008135168961201502,0.9918648310387985,6,6,6,28,3,1.5,2900,1905,18 - 2 Stories w/Bsmnt,North Capitol Hill,true,,https://www.zillow.com/homes/1126-17th-ave-e-seattle-wa-98112_rb/,https://blue.kingcounty.com/Assessor/eRealProperty/Dashboard.aspx?ParcelNbr=1337800360
QA_Magnolia Rich Snapshot.csv,QA Magnolia,2481093,Sold,2771104880,"2572 13th Ave W, Seattle WA 98119",98119,2026-02-18,2026-02-25,2026-03-18,2026-03-18,1389000,1389000,1495000,106000,0.07631389488840892,1.076313894888409,7,7,7,21,2,1.5,1460,1976,15 - Multi Level,Queen Anne,true,,https://www.zillow.com/homes/2572-13th-ave-w-seattle-wa-98119_rb/,https://blue.kingcounty.com/Assessor/eRealProperty/Dashboard.aspx?ParcelNbr=2771104880
QA_Magnolia Rich Snapshot.csv,QA Magnolia,2480802,Sold,2770601719,"3412 22nd Ave W, Seattle WA 98199",98199,2026-02-20,2026-02-28,2026-03-18,2026-03-18,875000,875000,865000,-10000,-0.011428571428571429,0.9885714285714285,8,8,8,18,3,1.75,1454,2014,32 - Townhouse,Magnolia,true,,https://www.zillow.com/homes/3412-22nd-ave-w-seattle-wa-98199_rb/,https://blue.kingcounty.com/Assessor/eRealProperty/Dashboard.aspx?ParcelNbr=2770601719
QA_Magnolia Rich Snapshot.csv,QA Magnolia,2471255,Sold,2770605565,"3608 12th Ave W, Seattle WA 98119",98119,2026-02-19,2026-02-25,2026-03-18,2026-03-18,1675000,1675000,1675000,0,0,1,6,6,6,21,3,2.5,3456,1909,18 - 2 Stories w/Bsmnt,Queen Anne,true,,https://www.zillow.com/homes/3608-12th-ave-w-seattle-wa-98119_rb/,https://blue.kingcounty.com/Assessor/eRealProperty/Dashboard.aspx?ParcelNbr=2770605565
NE Seattle Rich Snapshot.csv,NE Seattle,2482483,Sold,3179100520,"4573 Purdue Ave NE, Seattle WA 98105",98105,2026-03-03,2026-03-07,2026-03-18,2026-03-18,935000,935000,1027000,92000,0.09839572192513368,1.0983957219251337,4,4,4,11,3,1.75,1900,1949,16 - 1 Story w/Bsmnt.,Hawthorne Hills,true,,https://www.zillow.com/homes/4573-purdue-ave-ne-seattle-wa-98105_rb/,https://blue.kingcounty.com/Assessor/eRealProperty/Dashboard.aspx?ParcelNbr=3179100520
NW Seattle Rich Snapshot.csv,NW Seattle,2484657,Sold,7986400900,"4806 1st Ave NW, Seattle WA 98107",98107,2026-02-26,2026-03-03,2026-03-18,2026-03-18,1295000,1295000,1635000,340000,0.2625482625482625,1.2625482625482625,5,5,5,15,4,2,2040,1917,16 - 1 Story w/Bsmnt.,Phinney Ridge,true,,https://www.zillow.com/homes/4806-1st-ave-nw-seattle-wa-98107_rb/,https://blue.kingcounty.com/Assessor/eRealProperty/Dashboard.aspx?ParcelNbr=7986400900
NE Seattle Rich Snapshot.csv,NE Seattle,2472821,Sold,2862101005,"5027 8th Ave NE, Seattle WA 98105",98105,2026-01-28,2026-02-11,2026-03-18,2026-03-18,1395000,1395000,1395000,0,0,1,14,14,14,35,5,2.75,3020,1924,18 - 2 Stories w/Bsmnt,University District,true,,https://www.zillow.com/homes/5027-8th-ave-ne-seattle-wa-98105_rb/,https://blue.kingcounty.com/Assessor/eRealProperty/Dashboard.aspx?ParcelNbr=2862101005
NW Seattle Rich Snapshot.csv,NW Seattle,2473091,Sold,2862101005,"5027 8th Ave NE, Seattle WA 98105",98105,2026-01-28,2026-02-11,2026-03-18,2026-03-18,1395000,1395000,1395000,0,0,1,14,14,14,35,5,2.75,3020,1924,18 - 2 Stories w/Bsmnt,Seattle,true,,https://www.zillow.com/homes/5027-8th-ave-ne-seattle-wa-98105_rb/,https://blue.kingcounty.com/Assessor/eRealProperty/Dashboard.aspx?ParcelNbr=2862101005
NE Seattle Rich Snapshot.csv,NE Seattle,2480782,Sold,1868900215,"6032 31st Ave NE, Seattle WA 98115",98115,2026-02-19,2026-02-24,2026-03-18,2026-03-18,1750000,1750000,1885000,135000,0.07714285714285714,1.0771428571428572,5,5,5,22,4,2.75,2580,1920,18 - 2 Stories w/Bsmnt,Bryant,true,,https://www.zillow.com/homes/6032-31st-ave-ne-seattle-wa-98115_rb/,https://blue.kingcounty.com/Assessor/eRealProperty/Dashboard.aspx?ParcelNbr=1868900215
NW Seattle Rich Snapshot.csv,NW Seattle,2478993,Sold,3362401655,"932 N 70th St, Seattle WA 98103",98103,2026-02-18,2026-02-24,2026-03-18,2026-03-18,1135000,1135000,1135000,0,0,1,6,6,6,22,5,3.25,2900,1905,18 - 2 Stories w/Bsmnt,Green Lake,true,,https://www.zillow.com/homes/932-n-70th-st-seattle-wa-98103_rb/,https://blue.kingcounty.com/Assessor/eRealProperty/Dashboard.aspx?ParcelNbr=3362401655
NE Seattle Rich Snapshot.csv,NE Seattle,2484106,Sold,5101405246,"9714 20th Ave NE, Seattle WA 98115",98115,2026-02-26,2026-03-04,2026-03-18,2026-03-18,829900,829900,1024500,194600,0.2344860826605615,1.2344860826605615,6,6,6,14,2,2.5,2200,1947,16 - 1 Story w/Bsmnt.,Maple Leaf,true,,https://www.zillow.com/homes/9714-20th-ave-ne-seattle-wa-98115_rb/,https://blue.kingcounty.com/Assessor/eRealProperty/Dashboard.aspx?ParcelNbr=5101405246
NW Seattle Rich Snapshot.csv,NW Seattle,2442664,Sold,,"12037 Fremont Ave N 1, Seattle WA 98133",98133,2025-10-08,2026-02-20,2026-03-17,2026-03-17,1250000,1250000,1205000,-45000,-0.036,0.964,135,164,135,25,4,3.5,2794,2025,15 - Multi Level,Bitter Lake,true,,https://www.zillow.com/homes/12037-fremont-ave-n-1-seattle-wa-98133_rb/,
NW Seattle Rich Snapshot.csv,NW Seattle,2442637,Sold,,"12037 Fremont Ave N 1, Seattle WA 98133",98133,2025-10-08,2026-02-20,2026-03-17,2026-03-17,1250000,1250000,1205000,-45000,-0.036,0.964,135,164,135,25,4,3.5,2794,2025,32 - Townhouse,Bitter Lake,true,,https://www.zillow.com/homes/12037-fremont-ave-n-1-seattle-wa-98133_rb/,
NW Seattle Rich Snapshot.csv,NW Seattle,2477028,Sold,7308900505,"12044 2nd Ave NW, Seattle WA 98177",98177,2026-02-13,2026-02-18,2026-03-17,2026-03-17,950000,950000,1125500,175500,0.18473684210526317,1.184736842105263,5,5,5,27,3,1.75,1910,1937,11 - 1 1/2 Story,Broadview,true,,https://www.zillow.com/homes/12044-2nd-ave-nw-seattle-wa-98177_rb/,https://blue.kingcounty.com/Assessor/eRealProperty/Dashboard.aspx?ParcelNbr=7308900505
NW Seattle Rich Snapshot.csv,NW Seattle,2482135,Sold,0476000072,"2601 NW 59th St, Seattle WA 98107",98107,2026-02-20,2026-02-21,2026-03-17,2026-03-17,784995,784995,825000,40005,0.050962108038904705,1.0509621080389047,1,1,1,24,3,2.5,1470,1999,32 - Townhouse,Ballard,true,,https://www.zillow.com/homes/2601-nw-59th-st-seattle-wa-98107_rb/,https://blue.kingcounty.com/Assessor/eRealProperty/Dashboard.aspx?ParcelNbr=0476000072
Central Seattle Rich Snapshot.csv,Central Seattle,2483854,Sold,1959700680,"2629 Boyer Ave E, Seattle WA 98102",98102,2026-02-25,2026-03-03,2026-03-17,2026-03-17,1395000,1395000,1460000,65000,0.04659498207885305,1.0465949820788532,6,6,6,14,4,1.75,2665,1923,17 - 1 1/2 Stry w/Bsmt,Portage Bay,true,,https://www.zillow.com/homes/2629-boyer-ave-e-seattle-wa-98102_rb/,https://blue.kingcounty.com/Assessor/eRealProperty/Dashboard.aspx?ParcelNbr=1959700680
QA_Magnolia Rich Snapshot.csv,QA Magnolia,2471563,Sold,0976000878,"2906 5th Ave W, Seattle WA 98119",98119,2026-01-29,2026-02-12,2026-03-17,2026-03-17,1095000,1095000,1090000,-5000,-0.0045662100456621,0.9954337899543378,14,14,14,33,3,2,1910,2000,32 - Townhouse,Queen Anne,true,,https://www.zillow.com/homes/2906-5th-ave-w-seattle-wa-98119_rb/,https://blue.kingcounty.com/Assessor/eRealProperty/Dashboard.aspx?ParcelNbr=0976000878
NW Seattle Rich Snapshot.csv,NW Seattle,2484357,Sold,2708100785,"343 N 74th St, Seattle WA 98103",98103,2026-02-25,2026-03-03,2026-03-17,2026-03-17,1095000,1095000,1346999,251999,0.23013607305936074,1.2301360730593607,6,6,6,14,3,2.5,1830,1981,12 - 2 Story,Phinney Ridge,true,,https://www.zillow.com/homes/343-n-74th-st-seattle-wa-98103_rb/,https://blue.kingcounty.com/Assessor/eRealProperty/Dashboard.aspx?ParcelNbr=2708100785
NW Seattle Rich Snapshot.csv,NW Seattle,2481215,Sold,0510003060,"4323 Sunnyside Ave N, Seattle WA 98103",98103,2026-02-19,2026-02-23,2026-03-17,2026-03-17,1575000,1575000,1625000,50000,0.031746031746031744,1.0317460317460319,4,4,4,22,3,1.5,2850,1912,18 - 2 Stories w/Bsmnt,Wallingford,true,,https://www.zillow.com/homes/4323-sunnyside-ave-n-seattle-wa-98103_rb/,https://blue.kingcounty.com/Assessor/eRealProperty/Dashboard.aspx?ParcelNbr=0510003060
NW Seattle Rich Snapshot.csv,NW Seattle,2459277,Sold,7821200510,"4414 Midvale Ave N, Seattle WA 98103",98103,2025-12-05,2026-02-17,2026-03-17,2026-03-17,1069950,1069950,1069900,-50,-0.000046731155661479505,0.9999532688443385,55,104,74,28,2,2.25,1648,2026,32 - Townhouse,Fremont,true,,https://www.zillow.com/homes/4414-midvale-ave-n-seattle-wa-98103_rb/,https://blue.kingcounty.com/Assessor/eRealProperty/Dashboard.aspx?ParcelNbr=7821200510
NW Seattle Rich Snapshot.csv,NW Seattle,2484236,Sold,2768000115,"5624 7th Ave NW, Seattle WA 98107",98107,2026-02-27,2026-03-05,2026-03-17,2026-03-17,925000,925000,925000,0,0,1,6,6,6,12,3,1.75,1460,1925,16 - 1 Story w/Bsmnt.,Ballard,true,,https://www.zillow.com/homes/5624-7th-ave-nw-seattle-wa-98107_rb/,https://blue.kingcounty.com/Assessor/eRealProperty/Dashboard.aspx?ParcelNbr=2768000115
NE Seattle Rich Snapshot.csv,NE Seattle,2478594,Sold,,"6038 50th Ave NE B, Seattle WA 98115",98115,2026-01-23,2026-02-14,2026-03-17,2026-03-17,1228000,1228000,1228000,0,0,1,22,22,22,31,2,2.25,1098,2025,18 - 2 Stories w/Bsmnt,Hawthorne Hills,true,,https://www.zillow.com/homes/6038-50th-ave-ne-b-seattle-wa-98115_rb/,
NW Seattle Rich Snapshot.csv,NW Seattle,2484590,Sold,7518501510,"6756 17th Ave NW, Seattle WA 98117",98117,2026-02-25,2026-03-03,2026-03-17,2026-03-17,1650000,1650000,1903000,253000,0.15333333333333332,1.1533333333333333,6,6,6,14,4,1.75,2630,1930,18 - 2 Stories w/Bsmnt,Ballard,true,,https://www.zillow.com/homes/6756-17th-ave-nw-seattle-wa-98117_rb/,https://blue.kingcounty.com/Assessor/eRealProperty/Dashboard.aspx?ParcelNbr=7518501510
NE Seattle Rich Snapshot.csv,NE Seattle,2471861,Sold,3187600125,"7722 22nd Ave NE, Seattle WA 98115",98115,2026-02-25,2026-02-27,2026-03-17,2026-03-17,920000,920000,985000,65000,0.07065217391304347,1.0706521739130435,2,2,2,18,3,1.75,1860,1937,16 - 1 Story w/Bsmnt.,Ravenna,true,,https://www.zillow.com/homes/7722-22nd-ave-ne-seattle-wa-98115_rb/,https://blue.kingcounty.com/Assessor/eRealProperty/Dashboard.aspx?ParcelNbr=3187600125
NW Seattle Rich Snapshot.csv,NW Seattle,2483438,Sold,2767900975,"809 NW 58th St, Seattle WA 98107",98107,2026-02-25,2026-03-02,2026-03-17,2026-03-17,1550000,1550000,1616000,66000,0.04258064516129032,1.0425806451612902,5,5,5,15,3,2.75,3130,1928,18 - 2 Stories w/Bsmnt,Ballard,true,,https://www.zillow.com/homes/809-nw-58th-st-seattle-wa-98107_rb/,https://blue.kingcounty.com/Assessor/eRealProperty/Dashboard.aspx?ParcelNbr=2767900975
Central Seattle Rich Snapshot.csv,Central Seattle,2479505,Sold,9839301265,"932 29th Ave, Seattle WA 98122",98122,2026-02-12,2026-02-18,2026-03-17,2026-03-17,1148000,1148000,1310000,162000,0.14111498257839722,1.1411149825783973,6,6,6,27,4,2,2530,1915,17 - 1 1/2 Stry w/Bsmt,Madrona,true,,https://www.zillow.com/homes/932-29th-ave-seattle-wa-98122_rb/,https://blue.kingcounty.com/Assessor/eRealProperty/Dashboard.aspx?ParcelNbr=9839301265
NW Seattle Rich Snapshot.csv,NW Seattle,2494636,Sold,9144100067,"9629 Mary Ave NW, Seattle WA 98117",98117,2026-03-17,,2026-03-17,2026-03-17,805000,805000,805000,0,0,1,,0,,,3,1,1050,1950,10 - 1 Story,Crown Hill,false,missing_pending_date,https://www.zillow.com/homes/9629-mary-ave-nw-seattle-wa-98117_rb/,https://blue.kingcounty.com/Assessor/eRealProperty/Dashboard.aspx?ParcelNbr=9144100067
NW Seattle Rich Snapshot.csv,NW Seattle,2479048,Sold,7772800280,"11715 12th Ave NW, Seattle WA 98177",98177,2026-02-12,2026-02-21,2026-03-16,2026-03-16,1495000,1495000,1495000,0,0,1,9,9,9,23,4,3,3240,1964,16 - 1 Story w/Bsmnt.,Broadview,true,,https://www.zillow.com/homes/11715-12th-ave-nw-seattle-wa-98177_rb/,https://blue.kingcounty.com/Assessor/eRealProperty/Dashboard.aspx?ParcelNbr=7772800280
QA_Magnolia Rich Snapshot.csv,QA Magnolia,2478004,Sold,2652500730,"2540 1st Ave W, Seattle WA 98119",98119,2026-02-12,2026-02-16,2026-03-16,2026-03-16,1250000,1250000,1454000,204000,0.1632,1.1632,4,4,4,28,4,2.75,2780,1915,17 - 1 1/2 Stry w/Bsmt,Queen Anne,true,,https://www.zillow.com/homes/2540-1st-ave-w-seattle-wa-98119_rb/,https://blue.kingcounty.com/Assessor/eRealProperty/Dashboard.aspx?ParcelNbr=2652500730
QA_Magnolia Rich Snapshot.csv,QA Magnolia,2471318,Sold,1532000010,"505 W Mercer Place 101, Seattle WA 98119",98119,2026-01-22,2026-02-13,2026-03-16,2026-03-16,1200000,1200000,1486000,286000,0.23833333333333334,1.2383333333333333,22,216,22,31,2,2.5,2942,2002,30 - Condo (1 Level),Queen Anne,true,,https://www.zillow.com/homes/505-w-mercer-place-101-seattle-wa-98119_rb/,https://blue.kingcounty.com/Assessor/eRealProperty/Dashboard.aspx?ParcelNbr=1532000010
Central Seattle Rich Snapshot.csv,Central Seattle,2449085,Sold,9184700450,"930 37th Ave, Seattle WA 98122",98122,2025-11-11,2026-02-18,2026-03-16,2026-03-16,1545000,1645000,1500000,-45000,-0.02912621359223301,0.970873786407767,53,53,99,26,3,2.25,2630,1986,18 - 2 Stories w/Bsmnt,Madrona,true,,https://www.zillow.com/homes/930-37th-ave-seattle-wa-98122_rb/,https://blue.kingcounty.com/Assessor/eRealProperty/Dashboard.aspx?ParcelNbr=9184700450
NW Seattle Rich Snapshot.csv,NW Seattle,2479133,Sold,0107000012,"10451 Alderbrook Place NW, Seattle WA 98177",98177,2026-02-12,2026-02-16,2026-03-13,2026-03-13,799000,799000,804000,5000,0.006257822277847309,1.0062578222778473,4,4,4,25,3,1.75,1740,2016,32 - Townhouse,Greenwood,true,,https://www.zillow.com/homes/10451-alderbrook-place-nw-seattle-wa-98177_rb/,https://blue.kingcounty.com/Assessor/eRealProperty/Dashboard.aspx?ParcelNbr=0107000012
NW Seattle Rich Snapshot.csv,NW Seattle,2477982,Sold,9136100601,"1424 N 53rd St, Seattle WA 98103",98103,2026-02-12,2026-02-19,2026-03-13,2026-03-13,1445000,1445000,1420000,-25000,-0.01730103806228374,0.9826989619377162,7,7,7,22,3,1.5,2280,1916,16 - 1 Story w/Bsmnt.,Green Lake,true,,https://www.zillow.com/homes/1424-n-53rd-st-seattle-wa-98103_rb/,https://blue.kingcounty.com/Assessor/eRealProperty/Dashboard.aspx?ParcelNbr=9136100601
NW Seattle Rich Snapshot.csv,NW Seattle,2443805,Sold,2767603195,"1722 NW 60th St, Seattle WA 98107",98107,2025-10-21,2026-02-19,2026-03-13,2026-03-13,1049999,1049999,1015000,-34999,-0.0333324126975359,0.966667587302464,121,121,121,22,4,1.75,1920,2017,32 - Townhouse,Ballard,true,,https://www.zillow.com/homes/1722-nw-60th-st-seattle-wa-98107_rb/,https://blue.kingcounty.com/Assessor/eRealProperty/Dashboard.aspx?ParcelNbr=2767603195
QA_Magnolia Rich Snapshot.csv,QA Magnolia,2451662,Sold,2771603915,"2650 W Newton St, Seattle WA 98199",98199,2025-11-02,2026-02-17,2026-03-13,2026-03-13,1495000,1495000,1413000,-82000,-0.0548494983277592,0.9451505016722408,107,221,107,24,4,3,2930,1952,18 - 2 Stories w/Bsmnt,Magnolia,true,,https://www.zillow.com/homes/2650-w-newton-st-seattle-wa-98199_rb/,https://blue.kingcounty.com/Assessor/eRealProperty/Dashboard.aspx?ParcelNbr=2771603915
Central Seattle Rich Snapshot.csv,Central Seattle,2485120,Sold,5015000055,"2706 E Helen St C, Seattle WA 98112",98112,2026-02-26,2026-03-01,2026-03-13,2026-03-13,1724000,1724000,1724000,0,0,1,3,3,3,12,4,2.5,2510,1984,12 - 2 Story,Arboretum,true,,https://www.zillow.com/homes/2706-e-helen-st-c-seattle-wa-98112_rb/,https://blue.kingcounty.com/Assessor/eRealProperty/Dashboard.aspx?ParcelNbr=5015000055
Central Seattle Rich Snapshot.csv,Central Seattle,2385539,Sold,9829200205,"3807 E Jefferson St, Seattle WA 98122",98122,2025-05-30,2026-02-17,2026-03-13,2026-03-13,1699500,1899950,1670000,-29500,-0.017358046484260075,0.9826419535157399,204,262,263,24,4,3,2120,1907,18 - 2 Stories w/Bsmnt,Leschi,true,,https://www.zillow.com/homes/3807-e-jefferson-st-seattle-wa-98122_rb/,https://blue.kingcounty.com/Assessor/eRealProperty/Dashboard.aspx?ParcelNbr=9829200205
Central Seattle Rich Snapshot.csv,Central Seattle,2466481,Sold,1250200213,"534 25th Ave S, Seattle WA 98144",98144,2026-01-22,2026-02-17,2026-03-13,2026-03-13,1250000,1250000,1225000,-25000,-0.02,0.98,21,21,26,24,4,3.5,2400,1900,18 - 2 Stories w/Bsmnt,Central Area,true,,https://www.zillow.com/homes/534-25th-ave-s-seattle-wa-98144_rb/,https://blue.kingcounty.com/Assessor/eRealProperty/Dashboard.aspx?ParcelNbr=1250200213
NE Seattle Rich Snapshot.csv,NE Seattle,2482885,Sold,3182100160,"6226 44th Ave NE, Seattle WA 98115",98115,2026-02-26,2026-03-03,2026-03-13,2026-03-13,1099999,1099999,1233000,133001,0.12091010991828174,1.1209101099182817,5,5,5,10,3,2,1340,1947,10 - 1 Story,Bryant,true,,https://www.zillow.com/homes/6226-44th-ave-ne-seattle-wa-98115_rb/,https://blue.kingcounty.com/Assessor/eRealProperty/Dashboard.aspx?ParcelNbr=3182100160
NW Seattle Rich Snapshot.csv,NW Seattle,2478753,Sold,,"6511 19th Ave NW, Seattle WA 98117",98117,2026-02-10,2026-02-21,2026-03-13,2026-03-13,795000,795000,800000,5000,0.006289308176100629,1.0062893081761006,11,11,11,20,2,1.75,1057,2026,32 - Townhouse,Ballard,true,,https://www.zillow.com/homes/6511-19th-ave-nw-seattle-wa-98117_rb/,
NW Seattle Rich Snapshot.csv,NW Seattle,2480427,Sold,8139000080,"6533 Seaview Ave NW 203A, Seattle WA 98117",98117,2026-02-14,2026-02-15,2026-03-13,2026-03-13,1050000,1050000,1050000,0,0,1,1,1,1,26,2,1.75,1084,1968,30 - Condo (1 Level),Ballard,true,,https://www.zillow.com/homes/6533-seaview-ave-nw-203a-seattle-wa-98117_rb/,https://blue.kingcounty.com/Assessor/eRealProperty/Dashboard.aspx?ParcelNbr=8139000080
NW Seattle Rich Snapshot.csv,NW Seattle,2480089,Sold,7518502285,"6734 18th Ave NW, Seattle WA 98117",98117,2026-02-19,2026-02-21,2026-03-13,2026-03-13,1275000,1275000,1450000,175000,0.13725490196078433,1.1372549019607843,2,2,2,20,3,1.75,2020,1910,12 - 2 Story,Ballard,true,,https://www.zillow.com/homes/6734-18th-ave-nw-seattle-wa-98117_rb/,https://blue.kingcounty.com/Assessor/eRealProperty/Dashboard.aspx?ParcelNbr=7518502285
NW Seattle Rich Snapshot.csv,NW Seattle,2472789,Sold,6046400375,"721 N 87th St, Seattle WA 98103",98103,2026-02-24,2026-02-24,2026-03-13,2026-03-13,839888,839888,915000,75112,0.0894309717486141,1.0894309717486141,0,0,0,17,3,2,1340,1987,12 - 2 Story,Greenwood,true,,https://www.zillow.com/homes/721-n-87th-st-seattle-wa-98103_rb/,https://blue.kingcounty.com/Assessor/eRealProperty/Dashboard.aspx?ParcelNbr=6046400375
NW Seattle Rich Snapshot.csv,NW Seattle,2480728,Sold,2922701195,"8030 Dibble Ave NW, Seattle WA 98117",98117,2026-02-18,2026-02-24,2026-03-13,2026-03-13,1190000,1190000,1565000,375000,0.31512605042016806,1.315126050420168,6,6,6,17,3,2.5,2140,1937,16 - 1 Story w/Bsmnt.,Whittier,true,,https://www.zillow.com/homes/8030-dibble-ave-nw-seattle-wa-98117_rb/,https://blue.kingcounty.com/Assessor/eRealProperty/Dashboard.aspx?ParcelNbr=2922701195
NW Seattle Rich Snapshot.csv,NW Seattle,2476869,Sold,2267000515,"8529 29th Ave NW, Seattle WA 98117",98117,2026-02-05,2026-02-24,2026-03-13,2026-03-13,925000,925000,885000,-40000,-0.043243243243243246,0.9567567567567568,14,14,19,17,4,1.75,2200,1929,10 - 1 Story,North Beach,true,,https://www.zillow.com/homes/8529-29th-ave-nw-seattle-wa-98117_rb/,https://blue.kingcounty.com/Assessor/eRealProperty/Dashboard.aspx?ParcelNbr=2267000515
NE Seattle Rich Snapshot.csv,NE Seattle,2454039,Sold,7171100390,"8545 22nd Place NE, Seattle WA 98115",98115,2025-11-12,2026-02-17,2026-03-13,2026-03-13,853000,853000,840000,-13000,-0.015240328253223915,0.984759671746776,97,242,97,24,4,3.5,1784,2019,32 - Townhouse,Ravenna,true,,https://www.zillow.com/homes/8545-22nd-place-ne-seattle-wa-98115_rb/,https://blue.kingcounty.com/Assessor/eRealProperty/Dashboard.aspx?ParcelNbr=7171100390
Central Seattle Rich Snapshot.csv,Central Seattle,2477666,Sold,9828202395,"1520 31st Ave, Seattle WA 98122",98122,2026-02-11,2026-02-12,2026-03-12,2026-03-12,1450000,1450000,1450000,0,0,1,1,1,1,28,4,3.75,2380,1928,18 - 2 Stories w/Bsmnt,Madrona,true,,https://www.zillow.com/homes/1520-31st-ave-seattle-wa-98122_rb/,https://blue.kingcounty.com/Assessor/eRealProperty/Dashboard.aspx?ParcelNbr=9828202395
Central Seattle Rich Snapshot.csv,Central Seattle,2476735,Sold,1342300043,"1536 15th Ave E, Seattle WA 98112",98112,2026-02-11,2026-02-22,2026-03-12,2026-03-12,1285000,1285000,1255000,-30000,-0.023346303501945526,0.9766536964980544,11,11,11,18,3,2.5,1803,2019,15 - Multi Level,Capitol Hill,true,,https://www.zillow.com/homes/1536-15th-ave-e-seattle-wa-98112_rb/,https://blue.kingcounty.com/Assessor/eRealProperty/Dashboard.aspx?ParcelNbr=1342300043
NW Seattle Rich Snapshot.csv,NW Seattle,2469045,Sold,2767603505,"1743 NW 60th St A, Seattle WA 98107",98107,2026-01-16,2026-02-10,2026-03-12,2026-03-12,819950,819950,815000,-4950,-0.00603695347277273,0.9939630465272272,25,25,25,30,3,2.25,1250,2014,15 - Multi Level,Ballard,true,,https://www.zillow.com/homes/1743-nw-60th-st-a-seattle-wa-98107_rb/,https://blue.kingcounty.com/Assessor/eRealProperty/Dashboard.aspx?ParcelNbr=2767603505
NE Seattle Rich Snapshot.csv,NE Seattle,2478853,Sold,5101405018,"2021 NE 97th St, Seattle WA 98115",98115,2026-02-12,2026-02-17,2026-03-12,2026-03-12,795000,795000,805000,10000,0.012578616352201259,1.0125786163522013,5,5,5,23,3,1.5,1740,1953,16 - 1 Story w/Bsmnt.,Maple Leaf,true,,https://www.zillow.com/homes/2021-ne-97th-st-seattle-wa-98115_rb/,https://blue.kingcounty.com/Assessor/eRealProperty/Dashboard.aspx?ParcelNbr=5101405018
NW Seattle Rich Snapshot.csv,NW Seattle,2473171,Sold,9528105425,"2310 N 65th St, Seattle WA 98103",98103,2026-02-05,2026-02-20,2026-03-12,2026-03-12,925000,925000,890000,-35000,-0.03783783783783784,0.9621621621621622,15,15,15,20,3,0.75,1600,1901,16 - 1 Story w/Bsmnt.,Green Lake,true,,https://www.zillow.com/homes/2310-n-65th-st-seattle-wa-98103_rb/,https://blue.kingcounty.com/Assessor/eRealProperty/Dashboard.aspx?ParcelNbr=9528105425
NW Seattle Rich Snapshot.csv,NW Seattle,2475173,Sold,6415100382,"2342 N 137th St, Seattle WA 98133",98133,2026-02-09,2026-02-17,2026-03-12,2026-03-12,1150000,1150000,1050000,-100000,-0.08695652173913043,0.9130434782608695,8,8,8,23,5,2,3570,1917,18 - 2 Stories w/Bsmnt,Seattle,true,,https://www.zillow.com/homes/2342-n-137th-st-seattle-wa-98133_rb/,https://blue.kingcounty.com/Assessor/eRealProperty/Dashboard.aspx?ParcelNbr=6415100382
NW Seattle Rich Snapshot.csv,NW Seattle,2471127,Sold,,"3035 NW 71st St, Seattle WA 98117",98117,2026-01-22,2026-02-13,2026-03-12,2026-03-12,1995000,1995000,1939000,-56000,-0.028070175438596492,0.9719298245614035,22,22,22,27,4,3.5,2826,1912,18 - 2 Stories w/Bsmnt,Sunset Hill,true,,https://www.zillow.com/homes/3035-nw-71st-st-seattle-wa-98117_rb/,
NE Seattle Rich Snapshot.csv,NE Seattle,2483274,Sold,9212900585,"3152 NE 82nd St, Seattle WA 98115",98115,2026-02-21,2026-02-24,2026-03-12,2026-03-12,825000,825000,830000,5000,0.006060606060606061,1.006060606060606,3,3,3,16,2,1,1740,1942,16 - 1 Story w/Bsmnt.,Wedgwood,true,,https://www.zillow.com/homes/3152-ne-82nd-st-seattle-wa-98115_rb/,https://blue.kingcounty.com/Assessor/eRealProperty/Dashboard.aspx?ParcelNbr=9212900585
NE Seattle Rich Snapshot.csv,NE Seattle,2477572,Sold,7974700230,"4057 NE 56th St, Seattle WA 98105",98105,2026-02-16,2026-02-23,2026-03-12,2026-03-12,1600000,1600000,1600000,0,0,1,7,7,7,17,2,1.75,1390,2016,10 - 1 Story,Hawthorne Hills,true,,https://www.zillow.com/homes/4057-ne-56th-st-seattle-wa-98105_rb/,https://blue.kingcounty.com/Assessor/eRealProperty/Dashboard.aspx?ParcelNbr=7974700230
NW Seattle Rich Snapshot.csv,NW Seattle,2480300,Sold,0510003615,"4228 Eastern Ave N, Seattle WA 98103",98103,2026-02-13,2026-02-15,2026-03-12,2026-03-12,1600000,1600000,1550000,-50000,-0.03125,0.96875,2,2,2,25,3,2.5,2290,1912,18 - 2 Stories w/Bsmnt,Wallingford,true,,https://www.zillow.com/homes/4228-eastern-ave-n-seattle-wa-98103_rb/,https://blue.kingcounty.com/Assessor/eRealProperty/Dashboard.aspx?ParcelNbr=0510003615
Central Seattle Rich Snapshot.csv,Central Seattle,2451006,Sold,3200900135,"615 36th Ave, Seattle WA 98122",98122,2025-10-30,2026-02-20,2026-03-12,2026-03-12,1895000,2200000,1850000,-45000,-0.023746701846965697,0.9762532981530343,113,113,113,20,3,2.5,2583,1921,18 - 2 Stories w/Bsmnt,Leschi,true,,https://www.zillow.com/homes/615-36th-ave-seattle-wa-98122_rb/,https://blue.kingcounty.com/Assessor/eRealProperty/Dashboard.aspx?ParcelNbr=3200900135
Central Seattle Rich Snapshot.csv,Central Seattle,2482197,Sold,1336300637,"708 13th Ave E, Seattle WA 98102",98102,2026-02-19,2026-02-26,2026-03-12,2026-03-12,1997000,1997000,1997000,0,0,1,7,7,7,14,3,2.25,2160,1987,25 - 3 Story,Capitol Hill,true,,https://www.zillow.com/homes/708-13th-ave-e-seattle-wa-98102_rb/,https://blue.kingcounty.com/Assessor/eRealProperty/Dashboard.aspx?ParcelNbr=1336300637
NE Seattle Rich Snapshot.csv,NE Seattle,2444515,Sold,,"7341 21st Ave NE, Seattle WA 98115",98115,2025-10-29,2026-02-11,2026-03-12,2026-03-12,1145000,1200000,1145000,0,0,1,57,57,105,29,3,2.25,1651,2025,15 - Multi Level,Ravenna,true,,https://www.zillow.com/homes/7341-21st-ave-ne-seattle-wa-98115_rb/,
NW Seattle Rich Snapshot.csv,NW Seattle,2477265,Sold,1232001270,"7506 16th Ave NW, Seattle WA 98117",98117,2026-02-05,2026-02-16,2026-03-12,2026-03-12,1495000,1495000,1495000,0,0,1,11,11,11,24,5,2.75,2969,1915,18 - 2 Stories w/Bsmnt,Loyal Heights,true,,https://www.zillow.com/homes/7506-16th-ave-nw-seattle-wa-98117_rb/,https://blue.kingcounty.com/Assessor/eRealProperty/Dashboard.aspx?ParcelNbr=1232001270
NW Seattle Rich Snapshot.csv,NW Seattle,2478263,Sold,,"8335 12th Ave NW, Seattle WA 98117",98117,2026-02-09,2026-02-09,2026-03-12,2026-03-12,869900,869900,869900,0,0,1,0,0,0,31,4,2.25,1810,2026,32 - Townhouse,Whittier,true,,https://www.zillow.com/homes/8335-12th-ave-nw-seattle-wa-98117_rb/,
NW Seattle Rich Snapshot.csv,NW Seattle,2479261,Sold,2994800015,"12749 3rd Ave NW, Seattle WA 98177",98177,2026-02-12,2026-02-18,2026-03-11,2026-03-11,928500,928500,1010000,81500,0.08777598276790523,1.0877759827679052,6,6,6,21,3,1.75,3010,1947,16 - 1 Story w/Bsmnt.,Broadview,true,,https://www.zillow.com/homes/12749-3rd-ave-nw-seattle-wa-98177_rb/,https://blue.kingcounty.com/Assessor/eRealProperty/Dashboard.aspx?ParcelNbr=2994800015
NW Seattle Rich Snapshot.csv,NW Seattle,2445484,Sold,2767602096,"1506 NW 62nd St A, Seattle WA 98107",98107,2025-10-16,2026-01-31,2026-03-11,2026-03-11,899000,925000,879000,-20000,-0.02224694104560623,0.9777530589543938,107,107,107,39,3,2.25,1630,2013,32 - Townhouse,Ballard,true,,https://www.zillow.com/homes/1506-nw-62nd-st-a-seattle-wa-98107_rb/,https://blue.kingcounty.com/Assessor/eRealProperty/Dashboard.aspx?ParcelNbr=2767602096
NW Seattle Rich Snapshot.csv,NW Seattle,2476371,Sold,2767603536,"1713 NW 60th St B, Seattle WA 98107",98107,2026-02-12,2026-02-19,2026-03-11,2026-03-11,975000,975000,963000,-12000,-0.012307692307692308,0.9876923076923076,7,7,7,20,3,2.5,1930,2016,15 - Multi Level,Ballard,true,,https://www.zillow.com/homes/1713-nw-60th-st-b-seattle-wa-98107_rb/,https://blue.kingcounty.com/Assessor/eRealProperty/Dashboard.aspx?ParcelNbr=2767603536
Central Seattle Rich Snapshot.csv,Central Seattle,2428803,Sold,9828702175,"1823 26th Ave B, Seattle WA 98122",98122,2025-09-04,2026-02-02,2026-03-11,2026-03-11,1199000,1245000,1199000,0,0,1,151,210,151,37,4,2.25,1940,2020,32 - Townhouse,Madison Valley,true,,https://www.zillow.com/homes/1823-26th-ave-b-seattle-wa-98122_rb/,https://blue.kingcounty.com/Assessor/eRealProperty/Dashboard.aspx?ParcelNbr=9828702175
Central Seattle Rich Snapshot.csv,Central Seattle,2475935,Sold,0366000074,"217 30th Ave, Seattle WA 98122",98122,2026-02-19,2026-02-24,2026-03-11,2026-03-11,1850000,1850000,1865000,15000,0.008108108108108109,1.008108108108108,5,5,5,15,5,3,2914,1910,18 - 2 Stories w/Bsmnt,Leschi,true,,https://www.zillow.com/homes/217-30th-ave-seattle-wa-98122_rb/,https://blue.kingcounty.com/Assessor/eRealProperty/Dashboard.aspx?ParcelNbr=0366000074
QA_Magnolia Rich Snapshot.csv,QA Magnolia,2469412,Sold,2770604368,"2808 14th Ave W B, Seattle WA 98119",98119,2026-01-16,2026-02-12,2026-03-11,2026-03-11,996500,996500,970000,-26500,-0.026593075765178123,0.9734069242348219,27,220,27,27,3,2.25,1830,2014,32 - Townhouse,Queen Anne,true,,https://www.zillow.com/homes/2808-14th-ave-w-b-seattle-wa-98119_rb/,https://blue.kingcounty.com/Assessor/eRealProperty/Dashboard.aspx?ParcelNbr=2770604368
QA_Magnolia Rich Snapshot.csv,QA Magnolia,2421387,Sold,2321300065,"2819 W McGraw St, Seattle WA 98199",98199,2025-08-15,2026-02-15,2026-03-11,2026-03-11,1590000,2088000,1525000,-65000,-0.040880503144654086,0.9591194968553459,151,151,184,24,4,2,3000,1951,16 - 1 Story w/Bsmnt.,Magnolia,true,,https://www.zillow.com/homes/2819-w-mcgraw-st-seattle-wa-98199_rb/,https://blue.kingcounty.com/Assessor/eRealProperty/Dashboard.aspx?ParcelNbr=2321300065
NW Seattle Rich Snapshot.csv,NW Seattle,2470654,Sold,8032700122,"3828 Interlake Ave N A, Seattle WA 98103",98103,2026-01-21,2026-02-17,2026-03-11,2026-03-11,1020000,1020000,990000,-30000,-0.029411764705882353,0.9705882352941176,27,27,27,22,3,2.25,1560,2002,32 - Townhouse,Wallingford,true,,https://www.zillow.com/homes/3828-interlake-ave-n-a-seattle-wa-98103_rb/,https://blue.kingcounty.com/Assessor/eRealProperty/Dashboard.aspx?ParcelNbr=8032700122
QA_Magnolia Rich Snapshot.csv,QA Magnolia,2472507,Sold,6821100520,"3835 35th Ave W, Seattle WA 98199",98199,2026-02-06,2026-02-12,2026-03-11,2026-03-11,725000,725000,956000,231000,0.31862068965517243,1.3186206896551724,6,6,6,27,4,1,1580,1939,16 - 1 Story w/Bsmnt.,Magnolia,true,,https://www.zillow.com/homes/3835-35th-ave-w-seattle-wa-98199_rb/,https://blue.kingcounty.com/Assessor/eRealProperty/Dashboard.aspx?ParcelNbr=6821100520
NE Seattle Rich Snapshot.csv,NE Seattle,2478148,Sold,8820901800,"4273 NE 125th St, Seattle WA 98125",98125,2026-02-09,2026-02-12,2026-03-11,2026-03-11,1249000,1249000,1250000,1000,0.0008006405124099279,1.00080064051241,3,3,3,27,3,1.75,2330,1930,13 - Tri-Level,Cedar Park,true,,https://www.zillow.com/homes/4273-ne-125th-st-seattle-wa-98125_rb/,https://blue.kingcounty.com/Assessor/eRealProperty/Dashboard.aspx?ParcelNbr=8820901800
NW Seattle Rich Snapshot.csv,NW Seattle,2480246,Sold,,"4408 1st Ave NE, Seattle WA 98105",98105,2026-02-12,2026-02-13,2026-03-11,2026-03-11,1725000,1725000,1725000,0,0,1,1,1,1,26,4,3.25,2649,2025,32 - Townhouse,Wallingford,true,,https://www.zillow.com/homes/4408-1st-ave-ne-seattle-wa-98105_rb/,
NE Seattle Rich Snapshot.csv,NE Seattle,2409465,Sold,9191200435,"5718 25th Ave NE, Seattle WA 98105",98105,2025-07-17,2026-02-12,2026-03-11,2026-03-11,888249,888249,842500,-45749,-0.051504701947314324,0.9484952980526857,210,302,210,27,4,1.75,1780,1925,16 - 1 Story w/Bsmnt.,Ravenna,true,,https://www.zillow.com/homes/5718-25th-ave-ne-seattle-wa-98105_rb/,https://blue.kingcounty.com/Assessor/eRealProperty/Dashboard.aspx?ParcelNbr=9191200435
NE Seattle Rich Snapshot.csv,NE Seattle,2477077,Sold,1681400025,"6215 22nd Ave NE, Seattle WA 98115",98115,2026-02-05,2026-02-13,2026-03-11,2026-03-11,1750000,1750000,1500000,-250000,-0.14285714285714285,0.8571428571428571,8,48,8,26,5,2.75,2340,2003,12 - 2 Story,Ravenna,true,,https://www.zillow.com/homes/6215-22nd-ave-ne-seattle-wa-98115_rb/,https://blue.kingcounty.com/Assessor/eRealProperty/Dashboard.aspx?ParcelNbr=1681400025
NE Seattle Rich Snapshot.csv,NE Seattle,2473523,Sold,3423600045,"6237 26th Ave NE, Seattle WA 98115",98115,2026-01-29,2026-02-13,2026-03-11,2026-03-11,1550000,1550000,1550000,0,0,1,15,15,15,26,4,3.25,2600,1926,17 - 1 1/2 Stry w/Bsmt,Bryant,true,,https://www.zillow.com/homes/6237-26th-ave-ne-seattle-wa-98115_rb/,https://blue.kingcounty.com/Assessor/eRealProperty/Dashboard.aspx?ParcelNbr=3423600045
NE Seattle Rich Snapshot.csv,NE Seattle,2476837,Sold,2263000110,"6520 NE 60th St, Seattle WA 98115",98115,2026-02-05,2026-02-10,2026-03-11,2026-03-11,2048000,2048000,1975000,-73000,-0.03564453125,0.96435546875,5,5,5,29,5,2.75,3610,1962,16 - 1 Story w/Bsmnt.,Windermere,true,,https://www.zillow.com/homes/6520-ne-60th-st-seattle-wa-98115_rb/,https://blue.kingcounty.com/Assessor/eRealProperty/Dashboard.aspx?ParcelNbr=2263000110
NE Seattle Rich Snapshot.csv,NE Seattle,2458287,Sold,8926100300,"7038 52nd Ave NE, Seattle WA 98115",98115,2026-02-12,2026-02-17,2026-03-11,2026-03-11,1800000,1800000,1800000,0,0,1,5,5,5,22,5,2.75,3340,1940,17 - 1 1/2 Stry w/Bsmt,View Ridge,true,,https://www.zillow.com/homes/7038-52nd-ave-ne-seattle-wa-98115_rb/,https://blue.kingcounty.com/Assessor/eRealProperty/Dashboard.aspx?ParcelNbr=8926100300
Central Seattle Rich Snapshot.csv,Central Seattle,2468613,Sold,2254502033,"723 18th Ave, Seattle WA 98122",98122,2026-01-15,2026-02-16,2026-03-11,2026-03-11,897000,897000,897000,0,0,1,32,75,32,23,3,1.75,1653,2025,32 - Townhouse,Central Area,true,,https://www.zillow.com/homes/723-18th-ave-seattle-wa-98122_rb/,https://blue.kingcounty.com/Assessor/eRealProperty/Dashboard.aspx?ParcelNbr=2254502033
NW Seattle Rich Snapshot.csv,NW Seattle,2476297,Sold,9376300110,"7558 12th Ave NW, Seattle WA 98117",98117,2026-02-04,2026-02-20,2026-03-11,2026-03-11,1375000,1375000,1335000,-40000,-0.02909090909090909,0.9709090909090909,16,16,16,19,4,2.5,2070,1931,18 - 2 Stories w/Bsmnt,Whittier,true,,https://www.zillow.com/homes/7558-12th-ave-nw-seattle-wa-98117_rb/,https://blue.kingcounty.com/Assessor/eRealProperty/Dashboard.aspx?ParcelNbr=9376300110
NW Seattle Rich Snapshot.csv,NW Seattle,2479957,Sold,6021501975,"8004 22nd Ave NW, Seattle WA 98117",98117,2026-02-13,2026-02-18,2026-03-11,2026-03-11,949000,949000,1180000,231000,0.2434141201264489,1.2434141201264488,5,5,5,21,3,1.75,2060,1939,16 - 1 Story w/Bsmnt.,Loyal Heights,true,,https://www.zillow.com/homes/8004-22nd-ave-nw-seattle-wa-98117_rb/,https://blue.kingcounty.com/Assessor/eRealProperty/Dashboard.aspx?ParcelNbr=6021501975
NW Seattle Rich Snapshot.csv,NW Seattle,2479290,Sold,7588700060,"8014 17th Ave NW, Seattle WA 98117",98117,2026-02-12,2026-02-18,2026-03-11,2026-03-11,980000,980000,1257000,277000,0.2826530612244898,1.2826530612244897,6,6,6,21,3,1.75,1540,1942,16 - 1 Story w/Bsmnt.,Loyal Heights,true,,https://www.zillow.com/homes/8014-17th-ave-nw-seattle-wa-98117_rb/,https://blue.kingcounty.com/Assessor/eRealProperty/Dashboard.aspx?ParcelNbr=7588700060
NW Seattle Rich Snapshot.csv,NW Seattle,2473258,Sold,5511600105,"1150 N 77th St, Seattle WA 98103",98103,2026-02-19,2026-02-24,2026-03-10,2026-03-10,1199900,1199900,1402000,202100,0.16843070255854656,1.1684307025585465,5,5,5,14,3,1.75,1710,1926,11 - 1 1/2 Story,Green Lake,true,,https://www.zillow.com/homes/1150-n-77th-st-seattle-wa-98103_rb/,https://blue.kingcounty.com/Assessor/eRealProperty/Dashboard.aspx?ParcelNbr=5511600105
NE Seattle Rich Snapshot.csv,NE Seattle,2477771,Sold,5577200160,"1514 NE 103rd St, Seattle WA 98125",98125,2026-02-17,2026-02-24,2026-03-10,2026-03-10,1799000,1799000,1799000,0,0,1,7,7,7,14,4,2.5,3100,2005,18 - 2 Stories w/Bsmnt,Maple Leaf,true,,https://www.zillow.com/homes/1514-ne-103rd-st-seattle-wa-98125_rb/,https://blue.kingcounty.com/Assessor/eRealProperty/Dashboard.aspx?ParcelNbr=5577200160
QA_Magnolia Rich Snapshot.csv,QA Magnolia,2475066,Sold,2397100790,"2113 3rd Ave W, Seattle WA 98119",98119,2026-02-20,2026-02-24,2026-03-10,2026-03-10,1199999,1199999,1335500,135501,0.11291759409799508,1.1129175940979952,4,4,4,14,3,1.75,1380,1907,16 - 1 Story w/Bsmnt.,Queen Anne,true,,https://www.zillow.com/homes/2113-3rd-ave-w-seattle-wa-98119_rb/,https://blue.kingcounty.com/Assessor/eRealProperty/Dashboard.aspx?ParcelNbr=2397100790
Central Seattle Rich Snapshot.csv,Central Seattle,2481151,Sold,1912100381,"2418 Federal Ave E, Seattle WA 98102",98102,2026-02-18,2026-02-23,2026-03-10,2026-03-10,1150000,1150000,1256000,106000,0.09217391304347826,1.0921739130434782,5,5,5,15,4,2,2660,1949,18 - 2 Stories w/Bsmnt,North Capitol Hill,true,,https://www.zillow.com/homes/2418-federal-ave-e-seattle-wa-98102_rb/,https://blue.kingcounty.com/Assessor/eRealProperty/Dashboard.aspx?ParcelNbr=1912100381
Central Seattle Rich Snapshot.csv,Central Seattle,2490816,Sold,5332200027,"626 Lake Washington Blvd E, Seattle WA 98112",98112,2026-03-10,,2026-03-10,2026-03-10,819000,819000,819000,0,0,1,,0,,,2,2.5,1360,1997,32 - Townhouse,Madison Park,false,missing_pending_date,https://www.zillow.com/homes/626-lake-washington-blvd-e-seattle-wa-98112_rb/,https://blue.kingcounty.com/Assessor/eRealProperty/Dashboard.aspx?ParcelNbr=5332200027
NW Seattle Rich Snapshot.csv,NW Seattle,2481699,Sold,7518500105,"6526 16th Ave NW, Seattle WA 98117",98117,2026-02-19,2026-02-24,2026-03-10,2026-03-10,950000,950000,1338000,388000,0.40842105263157896,1.408421052631579,5,5,5,14,3,1.75,2460,1916,17 - 1 1/2 Stry w/Bsmt,Loyal Heights,true,,https://www.zillow.com/homes/6526-16th-ave-nw-seattle-wa-98117_rb/,https://blue.kingcounty.com/Assessor/eRealProperty/Dashboard.aspx?ParcelNbr=7518500105
NE Seattle Rich Snapshot.csv,NE Seattle,2433792,Sold,,"7335 21st Ave NE, Seattle WA 98115",98115,2025-09-19,2026-02-09,2026-03-10,2026-03-10,1865000,1895000,1860000,-5000,-0.002680965147453083,0.9973190348525469,96,96,143,29,4,3.25,2922,2025,15 - Multi Level,Ravenna,true,,https://www.zillow.com/homes/7335-21st-ave-ne-seattle-wa-98115_rb/,
NW Seattle Rich Snapshot.csv,NW Seattle,2479120,Sold,,"7350 22nd Ave NW, Seattle WA 98117",98117,2026-02-11,2026-02-21,2026-03-10,2026-03-10,1180000,1180000,1165000,-15000,-0.012711864406779662,0.9872881355932204,10,10,10,17,3,3.25,1852,2025,34 - Condo (3 Levels),Ballard,true,,https://www.zillow.com/homes/7350-22nd-ave-nw-seattle-wa-98117_rb/,
NW Seattle Rich Snapshot.csv,NW Seattle,2456477,Sold,2921700449,"8337 12th Ave NW, Seattle WA 98117",98117,2025-11-21,2026-01-22,2026-03-10,2026-03-10,879900,879900,879900,0,0,1,20,20,62,47,4,2.25,1810,2026,32 - Townhouse,Whittier,true,,https://www.zillow.com/homes/8337-12th-ave-nw-seattle-wa-98117_rb/,https://blue.kingcounty.com/Assessor/eRealProperty/Dashboard.aspx?ParcelNbr=2921700449
Central Seattle Rich Snapshot.csv,Central Seattle,2472109,Sold,7234601371,"1525 19th Ave A, Seattle WA 98122",98122,2026-01-27,2026-02-04,2026-03-09,2026-03-09,849950,849950,849950,0,0,1,8,8,8,33,3,1.75,1526,2014,32 - Townhouse,Capitol Hill,true,,https://www.zillow.com/homes/1525-19th-ave-a-seattle-wa-98122_rb/,https://blue.kingcounty.com/Assessor/eRealProperty/Dashboard.aspx?ParcelNbr=7234601371
QA_Magnolia Rich Snapshot.csv,QA Magnolia,2477031,Sold,0809002580,"166 Newton St, Seattle WA 98109",98109,2026-02-05,2026-02-09,2026-03-09,2026-03-09,1189000,1189000,1189000,0,0,1,4,4,4,28,4,1.75,2440,1916,16 - 1 Story w/Bsmnt.,Queen Anne,true,,https://www.zillow.com/homes/166-newton-st-seattle-wa-98109_rb/,https://blue.kingcounty.com/Assessor/eRealProperty/Dashboard.aspx?ParcelNbr=0809002580
NE Seattle Rich Snapshot.csv,NE Seattle,2479374,Sold,6798100380,"1707 NE 117th St, Seattle WA 98125",98125,2026-02-12,2026-02-14,2026-03-09,2026-03-09,1150000,1150000,1215000,65000,0.05652173913043478,1.0565217391304347,2,2,2,23,3,2.5,2144,2026,13 - Tri-Level,Pinehurst,true,,https://www.zillow.com/homes/1707-ne-117th-st-seattle-wa-98125_rb/,https://blue.kingcounty.com/Assessor/eRealProperty/Dashboard.aspx?ParcelNbr=6798100380
NW Seattle Rich Snapshot.csv,NW Seattle,2477429,Sold,9525100020,"215 N 58th St, Seattle WA 98103",98103,2026-02-12,2026-02-18,2026-03-09,2026-03-09,1450000,1450000,1595000,145000,0.1,1.1,6,6,6,19,4,3,2193,1925,18 - 2 Stories w/Bsmnt,Phinney Ridge,true,,https://www.zillow.com/homes/215-n-58th-st-seattle-wa-98103_rb/,https://blue.kingcounty.com/Assessor/eRealProperty/Dashboard.aspx?ParcelNbr=9525100020
QA_Magnolia Rich Snapshot.csv,QA Magnolia,2480817,Sold,0582000630,"3516 31st Ave W, Seattle WA 98199",98199,2026-02-18,2026-02-23,2026-03-09,2026-03-09,1299000,1299000,1310000,11000,0.008468052347959968,1.0084680523479599,5,5,5,14,3,1.75,1860,1951,16 - 1 Story w/Bsmnt.,Magnolia,true,,https://www.zillow.com/homes/3516-31st-ave-w-seattle-wa-98199_rb/,https://blue.kingcounty.com/Assessor/eRealProperty/Dashboard.aspx?ParcelNbr=0582000630
NE Seattle Rich Snapshot.csv,NE Seattle,2469096,Sold,2436700390,"5006 37th Ave NE, Seattle WA 98105",98105,2026-02-05,2026-02-11,2026-03-09,2026-03-09,850000,850000,980000,130000,0.15294117647058825,1.1529411764705881,6,6,6,26,2,1.75,1740,1926,16 - 1 Story w/Bsmnt.,Bryant,true,,https://www.zillow.com/homes/5006-37th-ave-ne-seattle-wa-98105_rb/,https://blue.kingcounty.com/Assessor/eRealProperty/Dashboard.aspx?ParcelNbr=2436700390
NW Seattle Rich Snapshot.csv,NW Seattle,2480901,Sold,9523101825,"608 N 64th, Seattle WA 98103",98103,2026-02-20,2026-02-26,2026-03-09,2026-03-09,1450000,1450000,1668000,218000,0.1503448275862069,1.150344827586207,6,6,6,11,4,2,2472,1916,18 - 2 Stories w/Bsmnt,Phinney Ridge,true,,https://www.zillow.com/homes/608-n-64th-seattle-wa-98103_rb/,https://blue.kingcounty.com/Assessor/eRealProperty/Dashboard.aspx?ParcelNbr=9523101825
NW Seattle Rich Snapshot.csv,NW Seattle,2467207,Sold,,"947 NW 61st St, Seattle WA 98107",98107,2026-01-13,2026-02-03,2026-03-07,2026-03-07,849000,849000,849000,0,0,1,21,21,21,32,2,2,1158,2026,32 - Townhouse,Ballard,true,,https://www.zillow.com/homes/947-nw-61st-st-seattle-wa-98107_rb/,
Central Seattle Rich Snapshot.csv,Central Seattle,2481967,Sold,7234600677,"1114 16th Ave A, Seattle WA 98122",98122,2026-02-18,2026-02-23,2026-03-06,2026-03-06,925000,925000,925000,0,0,1,5,5,5,11,3,2.25,1520,2016,32 - Townhouse,Capitol Hill,true,,https://www.zillow.com/homes/1114-16th-ave-a-seattle-wa-98122_rb/,https://blue.kingcounty.com/Assessor/eRealProperty/Dashboard.aspx?ParcelNbr=7234600677
NE Seattle Rich Snapshot.csv,NE Seattle,2480781,Sold,8820902030,"12069 Lakeside Place NE, Seattle WA 98125",98125,2026-02-20,2026-02-24,2026-03-06,2026-03-06,875000,875000,1140000,265000,0.3028571428571429,1.302857142857143,4,4,4,10,4,2.5,3680,1952,16 - 1 Story w/Bsmnt.,Cedar Park,true,,https://www.zillow.com/homes/12069-lakeside-place-ne-seattle-wa-98125_rb/,https://blue.kingcounty.com/Assessor/eRealProperty/Dashboard.aspx?ParcelNbr=8820902030
QA_Magnolia Rich Snapshot.csv,QA Magnolia,2479341,Sold,4232903505,"1522 3rd Ave W, Seattle WA 98119",98119,2026-02-12,2026-02-18,2026-03-06,2026-03-06,1900000,1900000,1925000,25000,0.013157894736842105,1.013157894736842,6,6,6,16,4,2.75,3388,1909,17 - 1 1/2 Stry w/Bsmt,Queen Anne,true,,https://www.zillow.com/homes/1522-3rd-ave-w-seattle-wa-98119_rb/,https://blue.kingcounty.com/Assessor/eRealProperty/Dashboard.aspx?ParcelNbr=4232903505
QA_Magnolia Rich Snapshot.csv,QA Magnolia,2479516,Sold,2021200495,"1614 31st Ave W, Seattle WA 98199",98199,2026-02-12,2026-02-14,2026-03-06,2026-03-06,1695000,1695000,1695000,0,0,1,2,2,2,20,3,2.5,3120,1955,16 - 1 Story w/Bsmnt.,Magnolia,true,,https://www.zillow.com/homes/1614-31st-ave-w-seattle-wa-98199_rb/,https://blue.kingcounty.com/Assessor/eRealProperty/Dashboard.aspx?ParcelNbr=2021200495
NW Seattle Rich Snapshot.csv,NW Seattle,2463484,Sold,4083801767,"1704 N 47th St, Seattle WA 98103",98103,2026-01-27,2026-02-06,2026-03-06,2026-03-06,1198000,1198000,1198000,0,0,1,10,10,10,28,3,2.25,1639,2026,32 - Townhouse,Wallingford,true,,https://www.zillow.com/homes/1704-n-47th-st-seattle-wa-98103_rb/,https://blue.kingcounty.com/Assessor/eRealProperty/Dashboard.aspx?ParcelNbr=4083801767
NW Seattle Rich Snapshot.csv,NW Seattle,2473252,Sold,,"1723 NW 63rd St, Seattle WA 98107",98107,2026-01-28,2026-02-11,2026-03-06,2026-03-06,1135000,1135000,1125000,-10000,-0.00881057268722467,0.9911894273127754,14,78,14,23,3,3,2061,2025,32 - Townhouse,Ballard,true,,https://www.zillow.com/homes/1723-nw-63rd-st-seattle-wa-98107_rb/,
NE Seattle Rich Snapshot.csv,NE Seattle,2475441,Sold,1133000420,"1743 NE 130th Place, Seattle WA 98125",98125,2026-02-03,2026-02-06,2026-03-06,2026-03-06,1175000,1175000,1175000,0,0,1,3,3,3,28,4,2.75,2500,1937,17 - 1 1/2 Stry w/Bsmt,Olympic Hills,true,,https://www.zillow.com/homes/1743-ne-130th-place-seattle-wa-98125_rb/,https://blue.kingcounty.com/Assessor/eRealProperty/Dashboard.aspx?ParcelNbr=1133000420
NE Seattle Rich Snapshot.csv,NE Seattle,2478712,Sold,8615800750,"1828 NE Ravenna Blvd, Seattle WA 98105",98105,2026-02-11,2026-02-17,2026-03-06,2026-03-06,1615000,1615000,1615000,0,0,1,6,26,6,17,5,2.75,3230,1924,18 - 2 Stories w/Bsmnt,Ravenna,true,,https://www.zillow.com/homes/1828-ne-ravenna-blvd-seattle-wa-98105_rb/,https://blue.kingcounty.com/Assessor/eRealProperty/Dashboard.aspx?ParcelNbr=8615800750
NE Seattle Rich Snapshot.csv,NE Seattle,2490015,Sold,7697100070,"3057 NE 86th St, Seattle WA 98115",98115,2026-03-06,,2026-03-06,2026-03-06,1350000,1350000,1350000,0,0,1,,0,,,6,2,2620,1946,17 - 1 1/2 Stry w/Bsmt,Wedgwood,false,missing_pending_date,https://www.zillow.com/homes/3057-ne-86th-st-seattle-wa-98115_rb/,https://blue.kingcounty.com/Assessor/eRealProperty/Dashboard.aspx?ParcelNbr=7697100070
QA_Magnolia Rich Snapshot.csv,QA Magnolia,2465354,Sold,0809000295,"357 Garfield St, Seattle WA 98109",98109,2026-01-05,2026-01-06,2026-03-06,2026-03-06,1950950,1950950,1950950,0,0,1,1,14,1,59,4,3,2840,1905,18 - 2 Stories w/Bsmnt,Queen Anne,true,,https://www.zillow.com/homes/357-garfield-st-seattle-wa-98109_rb/,https://blue.kingcounty.com/Assessor/eRealProperty/Dashboard.aspx?ParcelNbr=0809000295
NW Seattle Rich Snapshot.csv,NW Seattle,2448908,Sold,3797000600,"717 N 79th St, Seattle WA 98103",98103,2025-10-29,2026-01-28,2026-03-06,2026-03-06,1795000,1925000,1795000,0,0,1,66,66,91,37,4,3.5,3276,2015,18 - 2 Stories w/Bsmnt,Phinney Ridge,true,,https://www.zillow.com/homes/717-n-79th-st-seattle-wa-98103_rb/,https://blue.kingcounty.com/Assessor/eRealProperty/Dashboard.aspx?ParcelNbr=3797000600
NE Seattle Rich Snapshot.csv,NE Seattle,2468947,Sold,6049400070,"8314 28th Ave NE, Seattle WA 98115",98115,2026-01-20,2026-02-16,2026-03-06,2026-03-06,1350000,1350000,1350000,0,0,1,24,24,27,18,3,2.25,1938,2025,12 - 2 Story,Wedgwood,true,,https://www.zillow.com/homes/8314-28th-ave-ne-seattle-wa-98115_rb/,https://blue.kingcounty.com/Assessor/eRealProperty/Dashboard.aspx?ParcelNbr=6049400070
NE Seattle Rich Snapshot.csv,NE Seattle,2402655,Sold,5100401085,"8607 15th Ave NE, Seattle WA 98115",98115,2025-07-15,2025-12-02,2026-03-06,2026-03-06,950000,1075000,845625,-104375,-0.10986842105263157,0.8901315789473684,140,140,140,94,3,2,2230,1926,17 - 1 1/2 Stry w/Bsmt,Maple Leaf,true,,https://www.zillow.com/homes/8607-15th-ave-ne-seattle-wa-98115_rb/,https://blue.kingcounty.com/Assessor/eRealProperty/Dashboard.aspx?ParcelNbr=5100401085
Central Seattle Rich Snapshot.csv,Central Seattle,2457563,Sold,1250202725,"913 Lake Washington Blvd S, Seattle WA 98144",98144,2026-02-12,2026-02-17,2026-03-06,2026-03-06,965000,965000,1000000,35000,0.03626943005181347,1.0362694300518134,5,5,5,17,3,2,1880,1943,12 - 2 Story,Leschi,true,,https://www.zillow.com/homes/913-lake-washington-blvd-s-seattle-wa-98144_rb/,https://blue.kingcounty.com/Assessor/eRealProperty/Dashboard.aspx?ParcelNbr=1250202725
NW Seattle Rich Snapshot.csv,NW Seattle,2475692,Sold,,"1615 N 50th St B, Seattle WA 98103",98103,2026-02-04,2026-02-15,2026-03-05,2026-03-05,995950,995950,985000,-10950,-0.010994527837742858,0.9890054721622571,11,11,11,18,3,1.75,1800,2025,32 - Townhouse,Wallingford,true,,https://www.zillow.com/homes/1615-n-50th-st-b-seattle-wa-98103_rb/,
Central Seattle Rich Snapshot.csv,Central Seattle,2466291,Sold,3043200103,"2005 E Denny Wy B, Seattle WA 98122",98122,2026-01-08,2026-02-10,2026-03-05,2026-03-05,949000,949000,939000,-10000,-0.01053740779768177,0.9894625922023182,33,33,33,23,3,2.25,1660,2015,32 - Townhouse,Capitol Hill,true,,https://www.zillow.com/homes/2005-e-denny-wy-b-seattle-wa-98122_rb/,https://blue.kingcounty.com/Assessor/eRealProperty/Dashboard.aspx?ParcelNbr=3043200103
NE Seattle Rich Snapshot.csv,NE Seattle,2478388,Sold,8902000005,"2306 NE 105th St, Seattle WA 98125",98125,2026-02-11,2026-02-19,2026-03-05,2026-03-05,776000,776000,920000,144000,0.18556701030927836,1.1855670103092784,8,8,8,14,3,1.75,2150,1950,10 - 1 Story,Victory Heights,true,,https://www.zillow.com/homes/2306-ne-105th-st-seattle-wa-98125_rb/,https://blue.kingcounty.com/Assessor/eRealProperty/Dashboard.aspx?ParcelNbr=8902000005
NW Seattle Rich Snapshot.csv,NW Seattle,2471094,Sold,2820100030,"3126 NW 91st St, Seattle WA 98117",98117,2026-01-22,2026-02-07,2026-03-05,2026-03-05,1335000,1399000,1375000,40000,0.0299625468164794,1.0299625468164795,16,16,16,26,5,2.5,3840,1954,17 - 1 1/2 Stry w/Bsmt,North Beach,true,,https://www.zillow.com/homes/3126-nw-91st-st-seattle-wa-98117_rb/,https://blue.kingcounty.com/Assessor/eRealProperty/Dashboard.aspx?ParcelNbr=2820100030
NW Seattle Rich Snapshot.csv,NW Seattle,2471356,Sold,4083306552,"3411 Meridian Ave N, Seattle WA 98103",98103,2026-01-22,2026-01-28,2026-03-05,2026-03-05,949000,949000,944000,-5000,-0.005268703898840885,0.9947312961011591,6,6,6,36,3,2.5,1521,2008,32 - Townhouse,Wallingford,true,,https://www.zillow.com/homes/3411-meridian-ave-n-seattle-wa-98103_rb/,https://blue.kingcounty.com/Assessor/eRealProperty/Dashboard.aspx?ParcelNbr=4083306552
QA_Magnolia Rich Snapshot.csv,QA Magnolia,2468240,Sold,2425039052,"520 W Smith St, Seattle WA 98119",98119,2026-02-13,2026-02-18,2026-03-05,2026-03-05,1180000,1180000,1180000,0,0,1,5,5,5,15,2,1,1680,1918,17 - 1 1/2 Stry w/Bsmt,Queen Anne,true,,https://www.zillow.com/homes/520-w-smith-st-seattle-wa-98119_rb/,https://blue.kingcounty.com/Assessor/eRealProperty/Dashboard.aspx?ParcelNbr=2425039052
Central Seattle Rich Snapshot.csv,Central Seattle,2465388,Sold,5016001845,"611 29th Ave E, Seattle WA 98112",98112,2026-01-09,2026-02-03,2026-03-05,2026-03-05,1290000,1349000,1290000,0,0,1,25,25,25,30,3,2,2660,1908,18 - 2 Stories w/Bsmnt,Seattle,true,,https://www.zillow.com/homes/611-29th-ave-e-seattle-wa-98112_rb/,https://blue.kingcounty.com/Assessor/eRealProperty/Dashboard.aspx?ParcelNbr=5016001845
NE Seattle Rich Snapshot.csv,NE Seattle,2466364,Sold,9547201165,"6540 19th Ave NE, Seattle WA 98115",98115,2026-01-08,2026-02-10,2026-03-05,2026-03-05,1075000,1100000,1050000,-25000,-0.023255813953488372,0.9767441860465116,33,146,33,23,3,2.25,2120,1910,18 - 2 Stories w/Bsmnt,Roosevelt,true,,https://www.zillow.com/homes/6540-19th-ave-ne-seattle-wa-98115_rb/,https://blue.kingcounty.com/Assessor/eRealProperty/Dashboard.aspx?ParcelNbr=9547201165
NE Seattle Rich Snapshot.csv,NE Seattle,2471424,Sold,9214400006,"7273 27th Ave NE, Seattle WA 98115",98115,2026-01-23,2026-01-27,2026-03-05,2026-03-05,1499950,1499950,1557000,57050,0.03803460115337178,1.0380346011533719,4,4,4,37,4,3,2440,1947,16 - 1 Story w/Bsmnt.,Ravenna,true,,https://www.zillow.com/homes/7273-27th-ave-ne-seattle-wa-98115_rb/,https://blue.kingcounty.com/Assessor/eRealProperty/Dashboard.aspx?ParcelNbr=9214400006
NW Seattle Rich Snapshot.csv,NW Seattle,2479523,Sold,6046400450,"747 N 87th St, Seattle WA 98103",98103,2026-02-12,2026-02-18,2026-03-05,2026-03-05,788000,788000,960100,172100,0.2184010152284264,1.2184010152284264,6,6,6,15,3,1.75,1300,1986,12 - 2 Story,Greenwood,true,,https://www.zillow.com/homes/747-n-87th-st-seattle-wa-98103_rb/,https://blue.kingcounty.com/Assessor/eRealProperty/Dashboard.aspx?ParcelNbr=6046400450
NW Seattle Rich Snapshot.csv,NW Seattle,2475192,Sold,4443801575,"7501 25th Ave NW, Seattle WA 98117",98117,2026-02-06,2026-02-12,2026-03-05,2026-03-05,1095000,1095000,1136000,41000,0.03744292237442922,1.0374429223744293,6,6,6,21,5,1.75,2350,1930,18 - 2 Stories w/Bsmnt,Loyal Heights,true,,https://www.zillow.com/homes/7501-25th-ave-nw-seattle-wa-98117_rb/,https://blue.kingcounty.com/Assessor/eRealProperty/Dashboard.aspx?ParcelNbr=4443801575
NW Seattle Rich Snapshot.csv,NW Seattle,2446832,Sold,1862400520,"9044 15th Ave NW, Seattle WA 98117",98117,2025-10-21,2026-02-12,2026-03-05,2026-03-05,930000,1040000,920000,-10000,-0.010752688172043012,0.989247311827957,114,153,114,21,4,2.75,2160,1950,16 - 1 Story w/Bsmnt.,Crown Hill,true,,https://www.zillow.com/homes/9044-15th-ave-nw-seattle-wa-98117_rb/,https://blue.kingcounty.com/Assessor/eRealProperty/Dashboard.aspx?ParcelNbr=1862400520
Central Seattle Rich Snapshot.csv,Central Seattle,2466259,Sold,,"910 15th Ave, Seattle WA 98122",98122,2026-01-09,2026-02-08,2026-03-05,2026-03-05,1199000,1199000,1175000,-24000,-0.020016680567139282,0.9799833194328608,30,30,30,25,3,2.5,2055,2026,32 - Townhouse,Capitol Hill,true,,https://www.zillow.com/homes/910-15th-ave-seattle-wa-98122_rb/,
NW Seattle Rich Snapshot.csv,NW Seattle,2412063,Sold,,"9223 14th Ave NW, Seattle WA 98117",98117,2025-07-25,2026-02-03,2026-03-05,2026-03-05,969900,1029900,969900,0,0,1,166,166,193,30,4,2.25,1870,2026,32 - Townhouse,Crown Hill,true,,https://www.zillow.com/homes/9223-14th-ave-nw-seattle-wa-98117_rb/,
NW Seattle Rich Snapshot.csv,NW Seattle,2360919,Sold,,"9223 14th Ave NW, Seattle WA 98117",98117,2025-03-20,2026-02-03,2026-03-05,2026-03-05,969900,1049900,969900,0,0,1,200,200,320,30,4,2.25,1870,2026,32 - Townhouse,Crown Hill,true,,https://www.zillow.com/homes/9223-14th-ave-nw-seattle-wa-98117_rb/,
NW Seattle Rich Snapshot.csv,NW Seattle,2479586,Sold,0924000020,"13240 3rd Ave NW, Seattle WA 98177",98177,2026-02-12,2026-02-16,2026-03-04,2026-03-04,795000,795000,820000,25000,0.031446540880503145,1.0314465408805031,4,4,4,16,3,1.5,1830,1941,16 - 1 Story w/Bsmnt.,Broadview,true,,https://www.zillow.com/homes/13240-3rd-ave-nw-seattle-wa-98177_rb/,https://blue.kingcounty.com/Assessor/eRealProperty/Dashboard.aspx?ParcelNbr=0924000020
QA_Magnolia Rich Snapshot.csv,QA Magnolia,2472459,Sold,7011200950,"1937 7th Ave W, Seattle WA 98119",98119,2026-01-29,2026-02-03,2026-03-04,2026-03-04,1450000,1450000,1450000,0,0,1,5,5,5,29,4,2.5,2200,1907,18 - 2 Stories w/Bsmnt,Queen Anne,true,,https://www.zillow.com/homes/1937-7th-ave-w-seattle-wa-98119_rb/,https://blue.kingcounty.com/Assessor/eRealProperty/Dashboard.aspx?ParcelNbr=7011200950
NW Seattle Rich Snapshot.csv,NW Seattle,2466915,Sold,2919700765,"630 NW 82nd St, Seattle WA 98117",98117,2026-01-29,2026-02-05,2026-03-04,2026-03-04,699950,699950,898000,198050,0.28294878205586116,1.2829487820558612,7,7,7,27,2,1.5,1560,1921,16 - 1 Story w/Bsmnt.,Greenwood,true,,https://www.zillow.com/homes/630-nw-82nd-st-seattle-wa-98117_rb/,https://blue.kingcounty.com/Assessor/eRealProperty/Dashboard.aspx?ParcelNbr=2919700765
NE Seattle Rich Snapshot.csv,NE Seattle,2487973,Sold,,"1012 NE 70th St, Seattle WA 98115",98115,2026-03-03,,2026-03-03,2026-03-03,1100100,1100100,1100100,0,0,1,,0,,,3,2.75,1639,2026,32 - Townhouse,Roosevelt,false,missing_pending_date,https://www.zillow.com/homes/1012-ne-70th-st-seattle-wa-98115_rb/,
NE Seattle Rich Snapshot.csv,NE Seattle,2470979,Sold,6746701965,"1017 NE 55TH St, Seattle WA 98105",98105,2026-01-22,2026-02-05,2026-03-03,2026-03-03,1080000,1080000,1040000,-40000,-0.037037037037037035,0.9629629629629629,14,143,14,26,9,3,1950,2019,32 - Townhouse,University District,true,,https://www.zillow.com/homes/1017-ne-55th-st-seattle-wa-98105_rb/,https://blue.kingcounty.com/Assessor/eRealProperty/Dashboard.aspx?ParcelNbr=6746701965
NW Seattle Rich Snapshot.csv,NW Seattle,2476161,Sold,1139000440,"10729 2nd Ave NW, Seattle WA 98177",98177,2026-02-04,2026-02-12,2026-03-03,2026-03-03,1150000,1150000,1150000,0,0,1,8,8,8,19,4,1.75,1780,1968,14 - Split Entry,Broadview,true,,https://www.zillow.com/homes/10729-2nd-ave-nw-seattle-wa-98177_rb/,https://blue.kingcounty.com/Assessor/eRealProperty/Dashboard.aspx?ParcelNbr=1139000440
NW Seattle Rich Snapshot.csv,NW Seattle,2470011,Sold,2919201105,"119 N 84th St, Seattle WA 98103",98103,2026-01-28,2026-02-03,2026-03-03,2026-03-03,1249999,1249999,1250000,1,8.00000640000512e-7,1.00000080000064,6,6,6,28,4,2.25,2480,1957,16 - 1 Story w/Bsmnt.,Greenwood,true,,https://www.zillow.com/homes/119-n-84th-st-seattle-wa-98103_rb/,https://blue.kingcounty.com/Assessor/eRealProperty/Dashboard.aspx?ParcelNbr=2919201105
NW Seattle Rich Snapshot.csv,NW Seattle,2480161,Sold,0455000580,"148 NW 59th St, Seattle WA 98107",98107,2026-02-13,2026-02-16,2026-03-03,2026-03-03,1600000,1600000,1685000,85000,0.053125,1.053125,3,3,3,15,4,3,2590,1984,18 - 2 Stories w/Bsmnt,Phinney Ridge,true,,https://www.zillow.com/homes/148-nw-59th-st-seattle-wa-98107_rb/,https://blue.kingcounty.com/Assessor/eRealProperty/Dashboard.aspx?ParcelNbr=0455000580
NW Seattle Rich Snapshot.csv,NW Seattle,2487209,Sold,0579001970,"2333 NW 98th St, Seattle WA 98117",98117,2026-03-03,,2026-03-03,2026-03-03,1400000,1400000,1400000,0,0,1,,0,,,3,2.5,2800,1958,14 - Split Entry,North Beach,false,missing_pending_date,https://www.zillow.com/homes/2333-nw-98th-st-seattle-wa-98117_rb/,https://blue.kingcounty.com/Assessor/eRealProperty/Dashboard.aspx?ParcelNbr=0579001970
QA_Magnolia Rich Snapshot.csv,QA Magnolia,2469504,Sold,6821101690,"3422 35th Ave W, Seattle WA 98199",98199,2026-01-29,2026-02-04,2026-03-03,2026-03-03,1875000,1875000,1900000,25000,0.013333333333333334,1.0133333333333334,6,6,6,27,5,3.75,3853,2005,18 - 2 Stories w/Bsmnt,Magnolia,true,,https://www.zillow.com/homes/3422-35th-ave-w-seattle-wa-98199_rb/,https://blue.kingcounty.com/Assessor/eRealProperty/Dashboard.aspx?ParcelNbr=6821101690
NW Seattle Rich Snapshot.csv,NW Seattle,2478163,Sold,9525100030,"5718 Palatine Ave N, Seattle WA 98103",98103,2026-02-10,2026-02-15,2026-03-03,2026-03-03,1650000,1650000,1795000,145000,0.08787878787878788,1.087878787878788,5,5,5,16,4,3,2800,1924,18 - 2 Stories w/Bsmnt,Phinney Ridge,true,,https://www.zillow.com/homes/5718-palatine-ave-n-seattle-wa-98103_rb/,https://blue.kingcounty.com/Assessor/eRealProperty/Dashboard.aspx?ParcelNbr=9525100030
NW Seattle Rich Snapshot.csv,NW Seattle,2472787,Sold,2769600925,"6027 6th Ave NW, Seattle WA 98107",98107,2026-01-29,2026-02-03,2026-03-03,2026-03-03,1070000,1070000,1070000,0,0,1,5,5,5,28,3,1.75,1800,1911,17 - 1 1/2 Stry w/Bsmt,Ballard,true,,https://www.zillow.com/homes/6027-6th-ave-nw-seattle-wa-98107_rb/,https://blue.kingcounty.com/Assessor/eRealProperty/Dashboard.aspx?ParcelNbr=2769600925
QA_Magnolia Rich Snapshot.csv,QA Magnolia,2451107,Sold,7011700120,"610 W Halladay St, Seattle WA 98119",98119,2025-11-06,2026-01-27,2026-03-03,2026-03-03,1000000,1100000,975000,-25000,-0.025,0.975,82,82,82,35,2,1,790,1918,16 - 1 Story w/Bsmnt.,Seattle,true,,https://www.zillow.com/homes/610-w-halladay-st-seattle-wa-98119_rb/,https://blue.kingcounty.com/Assessor/eRealProperty/Dashboard.aspx?ParcelNbr=7011700120
Central Seattle Rich Snapshot.csv,Central Seattle,2476587,Sold,,"727 18th Ave, Seattle WA 98122",98122,2026-02-05,2026-02-22,2026-03-03,2026-03-03,949950,949950,949950,0,0,1,16,16,17,9,3,3.5,1733,2025,32 - Townhouse,Central Area,true,,https://www.zillow.com/homes/727-18th-ave-seattle-wa-98122_rb/,
NW Seattle Rich Snapshot.csv,NW Seattle,2465324,Sold,7697880010,"748 N 96th St, Seattle WA 98103",98103,2026-01-08,2026-01-29,2026-03-03,2026-03-03,1443050,1443050,1392500,-50550,-0.03502997124146773,0.9649700287585323,21,132,21,33,4,3,2747,2022,34 - Condo (3 Levels),Greenwood,true,,https://www.zillow.com/homes/748-n-96th-st-seattle-wa-98103_rb/,https://blue.kingcounty.com/Assessor/eRealProperty/Dashboard.aspx?ParcelNbr=7697880010
Central Seattle Rich Snapshot.csv,Central Seattle,2467335,Sold,7234600019,"914 15th Ave, Seattle WA 98122",98122,2026-01-12,2026-01-31,2026-03-03,2026-03-03,949950,949950,950000,50,0.000052634349176272434,1.0000526343491762,11,11,19,31,3,1.75,1770,2026,32 - Townhouse,Capitol Hill,true,,https://www.zillow.com/homes/914-15th-ave-seattle-wa-98122_rb/,https://blue.kingcounty.com/Assessor/eRealProperty/Dashboard.aspx?ParcelNbr=7234600019
NW Seattle Rich Snapshot.csv,NW Seattle,2467206,Sold,,"949 NW 61st St, Seattle WA 98107",98107,2026-01-13,2026-02-06,2026-03-03,2026-03-03,1199000,1199000,1190000,-9000,-0.007506255212677231,0.9924937447873228,24,24,24,25,3,2.5,1907,2026,32 - Townhouse,Ballard,true,,https://www.zillow.com/homes/949-nw-61st-st-seattle-wa-98107_rb/,
NE Seattle Rich Snapshot.csv,NE Seattle,2477277,Sold,6914700180,"9710 8th Ave NE, Seattle WA 98115",98115,2026-02-12,2026-02-15,2026-03-03,2026-03-03,1425000,1425000,1425000,0,0,1,3,3,3,16,3,1.75,3120,1927,17 - 1 1/2 Stry w/Bsmt,Maple Leaf,true,,https://www.zillow.com/homes/9710-8th-ave-ne-seattle-wa-98115_rb/,https://blue.kingcounty.com/Assessor/eRealProperty/Dashboard.aspx?ParcelNbr=6914700180
NW Seattle Rich Snapshot.csv,NW Seattle,2472330,Sold,3126049169,"10332 Ashworth Ave N, Seattle WA 98133",98133,2026-01-28,2026-02-02,2026-03-02,2026-03-02,815000,815000,872500,57500,0.0705521472392638,1.0705521472392638,5,5,5,28,3,2,1780,1940,16 - 1 Story w/Bsmnt.,Licton Springs,true,,https://www.zillow.com/homes/10332-ashworth-ave-n-seattle-wa-98133_rb/,https://blue.kingcounty.com/Assessor/eRealProperty/Dashboard.aspx?ParcelNbr=3126049169
NW Seattle Rich Snapshot.csv,NW Seattle,2472733,Sold,1257200780,"2401 N 65th St, Seattle WA 98103",98103,2026-02-12,2026-02-16,2026-03-02,2026-03-02,1349990,1349990,1300000,-49990,-0.03702990392521426,0.9629700960747858,4,4,4,14,3,2.25,1850,1987,18 - 2 Stories w/Bsmnt,Green Lake,true,,https://www.zillow.com/homes/2401-n-65th-st-seattle-wa-98103_rb/,https://blue.kingcounty.com/Assessor/eRealProperty/Dashboard.aspx?ParcelNbr=1257200780
NE Seattle Rich Snapshot.csv,NE Seattle,2464081,Sold,6844703790,"3804 NE 94th St, Seattle WA 98115",98115,2026-01-06,2026-01-21,2026-03-02,2026-03-02,895000,895000,887000,-8000,-0.008938547486033519,0.9910614525139665,15,15,15,40,3,1,1990,1947,18 - 2 Stories w/Bsmnt,Wedgwood,true,,https://www.zillow.com/homes/3804-ne-94th-st-seattle-wa-98115_rb/,https://blue.kingcounty.com/Assessor/eRealProperty/Dashboard.aspx?ParcelNbr=6844703790
NW Seattle Rich Snapshot.csv,NW Seattle,2458634,Sold,,"4404 1st Ave NE, Seattle WA 98105",98105,2025-11-26,2025-11-27,2026-03-02,2026-03-02,929000,929000,929000,0,0,1,1,1,1,95,2,2.25,1306,2025,32 - Townhouse,Wallingford,true,,https://www.zillow.com/homes/4404-1st-ave-ne-seattle-wa-98105_rb/,
NW Seattle Rich Snapshot.csv,NW Seattle,2458952,Sold,,"4412 1st Ave NE, Seattle WA 98105",98105,2025-10-15,2026-02-09,2026-03-02,2026-03-02,1695000,1695000,1695000,0,0,1,117,117,117,21,4,3.25,2649,2025,32 - Townhouse,Wallingford,true,,https://www.zillow.com/homes/4412-1st-ave-ne-seattle-wa-98105_rb/,
NW Seattle Rich Snapshot.csv,NW Seattle,2476534,Sold,3797000810,"941 N 79th St, Seattle WA 98103",98103,2026-02-05,2026-02-10,2026-03-02,2026-03-02,1000000,1000000,1005000,5000,0.005,1.005,5,5,5,20,3,2,1900,1941,16 - 1 Story w/Bsmnt.,Green Lake,true,,https://www.zillow.com/homes/941-n-79th-st-seattle-wa-98103_rb/,https://blue.kingcounty.com/Assessor/eRealProperty/Dashboard.aspx?ParcelNbr=3797000810
Central Seattle Rich Snapshot.csv,Central Seattle,2472615,Sold,4003500035,"206 32nd Ave, Seattle WA 98122",98122,2026-01-27,2026-01-31,2026-02-28,2026-02-28,1000000,1000000,950000,-50000,-0.05,0.95,4,47,4,28,3,1,2970,1914,18 - 2 Stories w/Bsmnt,Leschi,true,,https://www.zillow.com/homes/206-32nd-ave-seattle-wa-98122_rb/,https://blue.kingcounty.com/Assessor/eRealProperty/Dashboard.aspx?ParcelNbr=4003500035
NE Seattle Rich Snapshot.csv,NE Seattle,2465558,Sold,3226049085,"8907 5th Ave NE, Seattle WA 98115",98115,2026-02-06,2026-02-14,2026-02-28,2026-02-28,860000,860000,840000,-20000,-0.023255813953488372,0.9767441860465116,8,8,8,14,2,2,1415,1927,16 - 1 Story w/Bsmnt.,Maple Leaf,true,,https://www.zillow.com/homes/8907-5th-ave-ne-seattle-wa-98115_rb/,https://blue.kingcounty.com/Assessor/eRealProperty/Dashboard.aspx?ParcelNbr=3226049085
NW Seattle Rich Snapshot.csv,NW Seattle,2465966,Sold,,"10043 8th Ave NW, Seattle WA 98177",98177,2026-01-06,2026-02-09,2026-02-27,2026-02-27,1665000,1695000,1665000,0,0,1,34,34,34,18,5,3.25,3441,2026,34 - Condo (3 Levels),Crown Hill,true,,https://www.zillow.com/homes/10043-8th-ave-nw-seattle-wa-98177_rb/,
NE Seattle Rich Snapshot.csv,NE Seattle,2476208,Sold,2726049184,"10702 35th Ave NE, Seattle WA 98125",98125,2026-02-05,2026-02-14,2026-02-27,2026-02-27,1744000,1744000,1700000,-44000,-0.02522935779816514,0.9747706422018348,9,9,9,13,5,3.5,3960,2008,18 - 2 Stories w/Bsmnt,Meadowbrook,true,,https://www.zillow.com/homes/10702-35th-ave-ne-seattle-wa-98125_rb/,https://blue.kingcounty.com/Assessor/eRealProperty/Dashboard.aspx?ParcelNbr=2726049184
NW Seattle Rich Snapshot.csv,NW Seattle,2380146,Sold,6865200545,"1223 N 48th St, Seattle WA 98103",98103,2025-05-23,2026-02-05,2026-02-27,2026-02-27,1199950,1224950,1170000,-29950,-0.024959373307221134,0.9750406266927789,49,49,258,22,3,2.5,1581,2026,32 - Townhouse,Wallingford,true,,https://www.zillow.com/homes/1223-n-48th-st-seattle-wa-98103_rb/,https://blue.kingcounty.com/Assessor/eRealProperty/Dashboard.aspx?ParcelNbr=6865200545
QA_Magnolia Rich Snapshot.csv,QA Magnolia,2463165,Sold,3232200015,"1807 11th Ave W, Seattle WA 98119",98119,2026-01-05,2026-02-02,2026-02-27,2026-02-27,1149950,1149950,1105000,-44950,-0.03908865602852298,0.960911343971477,28,171,28,25,2,1,2100,1905,16 - 1 Story w/Bsmnt.,Queen Anne,true,,https://www.zillow.com/homes/1807-11th-ave-w-seattle-wa-98119_rb/,https://blue.kingcounty.com/Assessor/eRealProperty/Dashboard.aspx?ParcelNbr=3232200015
QA_Magnolia Rich Snapshot.csv,QA Magnolia,2449730,Sold,2771601455,"2220 14th Avenue W, Seattle WA 98119",98119,2025-10-30,2026-01-24,2026-02-27,2026-02-27,1090000,1100000,1080000,-10000,-0.009174311926605505,0.9908256880733946,57,57,86,34,4,2,2420,1914,17 - 1 1/2 Stry w/Bsmt,Queen Anne,true,,https://www.zillow.com/homes/2220-14th-avenue-w-seattle-wa-98119_rb/,https://blue.kingcounty.com/Assessor/eRealProperty/Dashboard.aspx?ParcelNbr=2771601455
QA_Magnolia Rich Snapshot.csv,QA Magnolia,2469427,Sold,2771601325,"2247 14th Ave W, Seattle WA 98119",98119,2026-01-21,2026-01-31,2026-02-27,2026-02-27,950000,1000000,950000,0,0,1,10,10,10,27,5,2.75,1950,1903,17 - 1 1/2 Stry w/Bsmt,Queen Anne,true,,https://www.zillow.com/homes/2247-14th-ave-w-seattle-wa-98119_rb/,https://blue.kingcounty.com/Assessor/eRealProperty/Dashboard.aspx?ParcelNbr=2771601325
Central Seattle Rich Snapshot.csv,Central Seattle,2463242,Sold,1959700225,"258 E Roanoke St, Seattle WA 98102",98102,2026-01-30,2026-02-05,2026-02-27,2026-02-27,989800,989800,989800,0,0,1,6,6,6,22,3,1.75,1443,2014,32 - Townhouse,Central Area,true,,https://www.zillow.com/homes/258-e-roanoke-st-seattle-wa-98102_rb/,https://blue.kingcounty.com/Assessor/eRealProperty/Dashboard.aspx?ParcelNbr=1959700225
NW Seattle Rich Snapshot.csv,NW Seattle,2460558,Sold,,"4224 Meridian Ave N, Seattle WA 98103",98103,2025-12-11,2026-01-28,2026-02-27,2026-02-27,929950,949950,929950,0,0,1,13,13,48,30,3,1.75,1109,2025,31 - Condo (2 Levels),Wallingford,true,,https://www.zillow.com/homes/4224-meridian-ave-n-seattle-wa-98103_rb/,
Central Seattle Rich Snapshot.csv,Central Seattle,2478042,Sold,5016001650,"424 27th Ave E, Seattle WA 98112",98112,2026-02-12,2026-02-16,2026-02-27,2026-02-27,1000000,1000000,1000000,0,0,1,4,4,4,11,3,2.25,1362,1908,18 - 2 Stories w/Bsmnt,Seattle,true,,https://www.zillow.com/homes/424-27th-ave-e-seattle-wa-98112_rb/,https://blue.kingcounty.com/Assessor/eRealProperty/Dashboard.aspx?ParcelNbr=5016001650
NW Seattle Rich Snapshot.csv,NW Seattle,2444605,Sold,9521100180,"4815 Evanston Ave N B, Seattle WA 98103",98103,2025-10-25,2026-01-16,2026-02-27,2026-02-27,1645000,1725000,1600000,-45000,-0.02735562310030395,0.9726443768996961,83,83,83,42,4,3.5,2242,2021,15 - Multi Level,Fremont,true,,https://www.zillow.com/homes/4815-evanston-ave-n-b-seattle-wa-98103_rb/,https://blue.kingcounty.com/Assessor/eRealProperty/Dashboard.aspx?ParcelNbr=9521100180
NE Seattle Rich Snapshot.csv,NE Seattle,2468052,Sold,,"5516 25th Ave NE, Seattle WA 98105",98105,2026-01-21,2026-02-02,2026-02-27,2026-02-27,835000,835000,835000,0,0,1,12,12,12,25,3,2.5,1085,2026,12 - 2 Story,Ravenna,true,,https://www.zillow.com/homes/5516-25th-ave-ne-seattle-wa-98105_rb/,
NE Seattle Rich Snapshot.csv,NE Seattle,2467329,Sold,2985800010,"5606 NE 59th St, Seattle WA 98105",98105,2026-01-13,2026-01-25,2026-02-27,2026-02-27,875000,875000,854500,-20500,-0.023428571428571427,0.9765714285714285,12,12,12,33,2,1,900,1943,10 - 1 Story,Windermere,true,,https://www.zillow.com/homes/5606-ne-59th-st-seattle-wa-98105_rb/,https://blue.kingcounty.com/Assessor/eRealProperty/Dashboard.aspx?ParcelNbr=2985800010
NW Seattle Rich Snapshot.csv,NW Seattle,2472598,Sold,,"6317 9th Ave NW, Seattle WA 98107",98107,2026-01-22,2026-01-26,2026-02-27,2026-02-27,1199950,1199950,1245000,45050,0.037543230967956996,1.037543230967957,4,4,4,32,3,2.25,1874,2025,31 - Condo (2 Levels),Ballard,true,,https://www.zillow.com/homes/6317-9th-ave-nw-seattle-wa-98107_rb/,
NW Seattle Rich Snapshot.csv,NW Seattle,2487180,Sold,7518505770,"6755 21st Ave NW, Seattle WA 98117",98117,2026-02-27,,2026-02-27,2026-02-27,830000,830000,830000,0,0,1,,0,,,3,1,5100,1900,18 - 2 Stories w/Bsmnt,Ballard,false,missing_pending_date,https://www.zillow.com/homes/6755-21st-ave-nw-seattle-wa-98117_rb/,https://blue.kingcounty.com/Assessor/eRealProperty/Dashboard.aspx?ParcelNbr=7518505770
NE Seattle Rich Snapshot.csv,NE Seattle,2473405,Sold,7173700836,"6816 24th Ave NE, Seattle WA 98115",98115,2026-01-29,2026-02-03,2026-02-27,2026-02-27,1750000,1750000,1750000,0,0,1,5,5,5,24,3,2.25,2852,1945,18 - 2 Stories w/Bsmnt,Ravenna,true,,https://www.zillow.com/homes/6816-24th-ave-ne-seattle-wa-98115_rb/,https://blue.kingcounty.com/Assessor/eRealProperty/Dashboard.aspx?ParcelNbr=7173700836
NW Seattle Rich Snapshot.csv,NW Seattle,2472252,Sold,0263000055,"721 N 97th St, Seattle WA 98103",98103,2026-01-28,2026-02-07,2026-02-27,2026-02-27,1350000,1350000,1300000,-50000,-0.037037037037037035,0.9629629629629629,10,10,10,20,4,2.75,2060,1918,18 - 2 Stories w/Bsmnt,Greenwood,true,,https://www.zillow.com/homes/721-n-97th-st-seattle-wa-98103_rb/,https://blue.kingcounty.com/Assessor/eRealProperty/Dashboard.aspx?ParcelNbr=0263000055
NW Seattle Rich Snapshot.csv,NW Seattle,2488644,Sold,,"8321 25th Ave NW A, Seattle WA 98117",98117,2026-02-27,,2026-02-27,2026-02-27,1365000,1365000,1365000,0,0,1,,0,,,4,3.5,2350,2026,34 - Condo (3 Levels),Loyal Heights,false,missing_pending_date,https://www.zillow.com/homes/8321-25th-ave-nw-a-seattle-wa-98117_rb/,
NW Seattle Rich Snapshot.csv,NW Seattle,2470317,Sold,2284930010,"8831 Wallingford Ave N, Seattle WA 98103",98103,2026-01-16,2026-02-14,2026-02-27,2026-02-27,1275000,1275000,1275000,0,0,1,29,29,29,13,3,2.5,2671,2025,32 - Townhouse,Green Lake,true,,https://www.zillow.com/homes/8831-wallingford-ave-n-seattle-wa-98103_rb/,https://blue.kingcounty.com/Assessor/eRealProperty/Dashboard.aspx?ParcelNbr=2284930010
NW Seattle Rich Snapshot.csv,NW Seattle,2432728,Sold,,"9018 13th Ave NW C, Seattle WA 98117",98117,2025-09-11,2026-02-01,2026-02-27,2026-02-27,839950,849950,839950,0,0,1,143,143,143,26,3,1.75,1578,2025,32 - Townhouse,Crown Hill,true,,https://www.zillow.com/homes/9018-13th-ave-nw-c-seattle-wa-98117_rb/,
NW Seattle Rich Snapshot.csv,NW Seattle,2476886,Sold,0452001540,"910 NW 64th St, Seattle WA 98107",98107,2026-02-05,2026-02-10,2026-02-27,2026-02-27,975000,975000,1140000,165000,0.16923076923076924,1.1692307692307693,5,5,5,17,3,1.75,2530,1900,17 - 1 1/2 Stry w/Bsmt,Ballard,true,,https://www.zillow.com/homes/910-nw-64th-st-seattle-wa-98107_rb/,https://blue.kingcounty.com/Assessor/eRealProperty/Dashboard.aspx?ParcelNbr=0452001540
NW Seattle Rich Snapshot.csv,NW Seattle,2475308,Sold,1862400045,"9203 Mary Ave NW, Seattle WA 98117",98117,2026-01-23,2026-02-11,2026-02-27,2026-02-27,999950,999950,999950,0,0,1,19,19,19,16,4,2,1950,1938,31 - Condo (2 Levels),Crown Hill,true,,https://www.zillow.com/homes/9203-mary-ave-nw-seattle-wa-98117_rb/,https://blue.kingcounty.com/Assessor/eRealProperty/Dashboard.aspx?ParcelNbr=1862400045
NE Seattle Rich Snapshot.csv,NE Seattle,2466465,Sold,7663700671,"14021 27th Ave NE, Seattle WA 98125",98125,2026-01-30,2026-02-01,2026-02-26,2026-02-26,831248,831248,825000,-6248,-0.007516409062036841,0.9924835909379631,2,44,2,25,4,1.5,1830,1952,11 - 1 1/2 Story,Olympic Hills,true,,https://www.zillow.com/homes/14021-27th-ave-ne-seattle-wa-98125_rb/,https://blue.kingcounty.com/Assessor/eRealProperty/Dashboard.aspx?ParcelNbr=7663700671
NW Seattle Rich Snapshot.csv,NW Seattle,2466161,Sold,0748000230,"14027 1st Ave NW, Seattle WA 98177",98177,2025-12-18,2026-01-22,2026-02-26,2026-02-26,1399000,1399000,1365000,-34000,-0.024303073624017155,0.9756969263759828,35,35,35,35,4,3.25,2753,2025,34 - Condo (3 Levels),Broadview,true,,https://www.zillow.com/homes/14027-1st-ave-nw-seattle-wa-98177_rb/,https://blue.kingcounty.com/Assessor/eRealProperty/Dashboard.aspx?ParcelNbr=0748000230
NW Seattle Rich Snapshot.csv,NW Seattle,2472652,Sold,1257202465,"2139 N 62nd St, Seattle WA 98103",98103,2026-01-26,2026-02-06,2026-02-26,2026-02-26,1549950,1549950,1525000,-24950,-0.01609729346107939,0.9839027065389206,11,11,11,20,3,3.25,2131,1900,34 - Condo (3 Levels),Green Lake,true,,https://www.zillow.com/homes/2139-n-62nd-st-seattle-wa-98103_rb/,https://blue.kingcounty.com/Assessor/eRealProperty/Dashboard.aspx?ParcelNbr=1257202465
Central Seattle Rich Snapshot.csv,Central Seattle,2453267,Sold,2025049186,"2516 Yale Ave E C, Seattle WA 98102",98102,2025-11-14,2026-02-02,2026-02-26,2026-02-26,839950,849950,820000,-19950,-0.023751413774629443,0.9762485862253706,77,77,80,24,2,1.5,1020,2008,32 - Townhouse,Eastlake,true,,https://www.zillow.com/homes/2516-yale-ave-e-c-seattle-wa-98102_rb/,https://blue.kingcounty.com/Assessor/eRealProperty/Dashboard.aspx?ParcelNbr=2025049186
NE Seattle Rich Snapshot.csv,NE Seattle,2458028,Sold,6746700780,"5031 12th Ave NE, Seattle WA 98105",98105,2025-12-01,2026-02-17,2026-02-26,2026-02-26,985000,985000,960000,-25000,-0.025380710659898477,0.9746192893401016,78,78,78,9,7,2,2080,1906,17 - 1 1/2 Stry w/Bsmt,University District,true,,https://www.zillow.com/homes/5031-12th-ave-ne-seattle-wa-98105_rb/,https://blue.kingcounty.com/Assessor/eRealProperty/Dashboard.aspx?ParcelNbr=6746700780
NW Seattle Rich Snapshot.csv,NW Seattle,2466633,Sold,2919700180,"612 NW 84th St, Seattle WA 98117",98117,2026-01-09,2026-01-14,2026-02-26,2026-02-26,1340000,1340000,1310000,-30000,-0.022388059701492536,0.9776119402985075,5,41,5,43,5,1.75,2613,1924,17 - 1 1/2 Stry w/Bsmt,Ballard,true,,https://www.zillow.com/homes/612-nw-84th-st-seattle-wa-98117_rb/,https://blue.kingcounty.com/Assessor/eRealProperty/Dashboard.aspx?ParcelNbr=2919700180
NW Seattle Rich Snapshot.csv,NW Seattle,2463657,Sold,2768301470,"836 NW 50th St, Seattle WA 98107",98107,2025-12-27,2026-01-17,2026-02-26,2026-02-26,989950,989950,989000,-950,-0.0009596444264861862,0.9990403555735138,21,21,21,40,4,2,1818,2025,32 - Townhouse,Ballard,true,,https://www.zillow.com/homes/836-nw-50th-st-seattle-wa-98107_rb/,https://blue.kingcounty.com/Assessor/eRealProperty/Dashboard.aspx?ParcelNbr=2768301470
NW Seattle Rich Snapshot.csv,NW Seattle,2469534,Sold,,"840 NW 50th St, Seattle WA 98107",98107,2026-01-17,2026-01-30,2026-02-26,2026-02-26,989950,989950,989950,0,0,1,13,13,13,27,4,2,1734,2025,32 - Townhouse,Ballard,true,,https://www.zillow.com/homes/840-nw-50th-st-seattle-wa-98107_rb/,
NW Seattle Rich Snapshot.csv,NW Seattle,2444338,Sold,3300700500,"8739 17th Ave NW, Seattle WA 98117",98117,2025-10-22,2026-01-30,2026-02-26,2026-02-26,840000,895000,820000,-20000,-0.023809523809523808,0.9761904761904762,100,100,100,27,3,1.75,1360,1928,11 - 1 1/2 Story,Crown Hill,true,,https://www.zillow.com/homes/8739-17th-ave-nw-seattle-wa-98117_rb/,https://blue.kingcounty.com/Assessor/eRealProperty/Dashboard.aspx?ParcelNbr=3300700500
NW Seattle Rich Snapshot.csv,NW Seattle,2469620,Sold,6396020020,"12028 11th Ave NW, Seattle WA 98177",98177,2026-01-21,2026-01-25,2026-02-25,2026-02-25,999990,999990,999990,0,0,1,4,4,4,31,4,2.25,1490,2025,12 - 2 Story,Broadview,true,,https://www.zillow.com/homes/12028-11th-ave-nw-seattle-wa-98177_rb/,https://blue.kingcounty.com/Assessor/eRealProperty/Dashboard.aspx?ParcelNbr=6396020020
Central Seattle Rich Snapshot.csv,Central Seattle,2394692,Sold,6003501386,"222 10th Ave E, Seattle WA 98102",98102,2025-06-19,2026-01-28,2026-02-25,2026-02-25,979900,999900,979900,0,0,1,182,182,223,28,3,2.5,1759,2026,32 - Townhouse,Capitol Hill,true,,https://www.zillow.com/homes/222-10th-ave-e-seattle-wa-98102_rb/,https://blue.kingcounty.com/Assessor/eRealProperty/Dashboard.aspx?ParcelNbr=6003501386
QA_Magnolia Rich Snapshot.csv,QA Magnolia,2452405,Sold,,"3404 33rd Ave W, Seattle WA 98199",98199,2025-11-07,2026-01-31,2026-02-25,2026-02-25,864950,889000,864950,0,0,1,85,85,85,25,2,2.25,1085,2025,31 - Condo (2 Levels),Magnolia,true,,https://www.zillow.com/homes/3404-33rd-ave-w-seattle-wa-98199_rb/,
QA_Magnolia Rich Snapshot.csv,QA Magnolia,2452404,Sold,,"3404 33rd Ave W, Seattle WA 98199",98199,2025-11-07,2026-01-31,2026-02-25,2026-02-25,864950,889000,864950,0,0,1,85,85,85,25,2,2.25,1085,2025,12 - 2 Story,Magnolia,true,,https://www.zillow.com/homes/3404-33rd-ave-w-seattle-wa-98199_rb/,
Central Seattle Rich Snapshot.csv,Central Seattle,2449161,Sold,0635000165,"3513 S Leschi Place, Seattle WA 98144",98144,2025-10-29,2026-01-31,2026-02-25,2026-02-25,1245000,1295000,1245000,0,0,1,70,92,94,25,3,2.5,1870,1990,15 - Multi Level,Leschi,true,,https://www.zillow.com/homes/3513-s-leschi-place-seattle-wa-98144_rb/,https://blue.kingcounty.com/Assessor/eRealProperty/Dashboard.aspx?ParcelNbr=0635000165
NW Seattle Rich Snapshot.csv,NW Seattle,2466585,Sold,1930301065,"406 N Bowdoin Place, Seattle WA 98103",98103,2026-01-30,2026-02-04,2026-02-25,2026-02-25,1020000,1020000,1320629,300629,0.2947343137254902,1.2947343137254903,5,5,5,21,3,1.75,1450,1907,16 - 1 Story w/Bsmnt.,Fremont,true,,https://www.zillow.com/homes/406-n-bowdoin-place-seattle-wa-98103_rb/,https://blue.kingcounty.com/Assessor/eRealProperty/Dashboard.aspx?ParcelNbr=1930301065
NW Seattle Rich Snapshot.csv,NW Seattle,2470762,Sold,9550204070,"5217 5th Ave NE, Seattle WA 98105",98105,2026-01-22,2026-02-01,2026-02-25,2026-02-25,999950,999950,999950,0,0,1,10,10,10,24,4,2,1920,1921,12 - 2 Story,Green Lake,true,,https://www.zillow.com/homes/5217-5th-ave-ne-seattle-wa-98105_rb/,https://blue.kingcounty.com/Assessor/eRealProperty/Dashboard.aspx?ParcelNbr=9550204070
NW Seattle Rich Snapshot.csv,NW Seattle,2469084,Sold,3052700384,"6740 Alonzo Ave NW, Seattle WA 98117",98117,2026-01-22,2026-01-30,2026-02-25,2026-02-25,935000,935000,935000,0,0,1,8,8,8,26,3,3,1570,2015,32 - Townhouse,Ballard,true,,https://www.zillow.com/homes/6740-alonzo-ave-nw-seattle-wa-98117_rb/,https://blue.kingcounty.com/Assessor/eRealProperty/Dashboard.aspx?ParcelNbr=3052700384
NW Seattle Rich Snapshot.csv,NW Seattle,2472894,Sold,2922701135,"8060 Dibble Ave NW, Seattle WA 98117",98117,2026-01-29,2026-02-03,2026-02-25,2026-02-25,1050000,1050000,1110500,60500,0.05761904761904762,1.0576190476190477,5,5,5,22,4,1.75,2200,1937,16 - 1 Story w/Bsmnt.,Whittier,true,,https://www.zillow.com/homes/8060-dibble-ave-nw-seattle-wa-98117_rb/,https://blue.kingcounty.com/Assessor/eRealProperty/Dashboard.aspx?ParcelNbr=2922701135
Central Seattle Rich Snapshot.csv,Central Seattle,2450887,Sold,1336800065,"908 15th Ave E, Seattle WA 98112",98112,2025-11-13,2026-01-24,2026-02-25,2026-02-25,1899000,1899000,1920000,21000,0.011058451816745656,1.0110584518167456,72,72,72,32,4,2.25,3490,1907,18 - 2 Stories w/Bsmnt,North Capitol Hill,true,,https://www.zillow.com/homes/908-15th-ave-e-seattle-wa-98112_rb/,https://blue.kingcounty.com/Assessor/eRealProperty/Dashboard.aspx?ParcelNbr=1336800065
NW Seattle Rich Snapshot.csv,NW Seattle,2477187,Sold,,"1151 NW 58th St, Seattle WA 98107",98107,2026-02-10,2026-02-10,2026-02-24,2026-02-24,1230000,1230000,1230000,0,0,1,0,0,0,14,3,2.75,2109,2025,32 - Townhouse,Ballard,true,,https://www.zillow.com/homes/1151-nw-58th-st-seattle-wa-98107_rb/,
QA_Magnolia Rich Snapshot.csv,QA Magnolia,2475444,Sold,8724860020,"2113 6th Ave W B, Seattle WA 98119",98119,2026-01-29,2026-02-01,2026-02-24,2026-02-24,798000,798000,807000,9000,0.011278195488721804,1.0112781954887218,3,3,3,23,2,1.5,1057,2024,32 - Townhouse,Queen Anne,true,,https://www.zillow.com/homes/2113-6th-ave-w-b-seattle-wa-98119_rb/,https://blue.kingcounty.com/Assessor/eRealProperty/Dashboard.aspx?ParcelNbr=8724860020
QA_Magnolia Rich Snapshot.csv,QA Magnolia,2484329,Sold,6821102035,"3215 31st Ave W, Seattle WA 98199",98199,2026-02-24,,2026-02-24,2026-02-24,835000,835000,835000,0,0,1,,0,,,2,2,990,1942,16 - 1 Story w/Bsmnt.,Magnolia,false,missing_pending_date,https://www.zillow.com/homes/3215-31st-ave-w-seattle-wa-98199_rb/,https://blue.kingcounty.com/Assessor/eRealProperty/Dashboard.aspx?ParcelNbr=6821102035
NW Seattle Rich Snapshot.csv,NW Seattle,2476854,Sold,3363900275,"336 N 70th St, Seattle WA 98103",98103,2026-02-04,2026-02-10,2026-02-24,2026-02-24,1300000,1300000,1500000,200000,0.15384615384615385,1.1538461538461537,6,6,6,14,4,1.75,2030,1909,16 - 1 Story w/Bsmnt.,Phinney Ridge,true,,https://www.zillow.com/homes/336-n-70th-st-seattle-wa-98103_rb/,https://blue.kingcounty.com/Assessor/eRealProperty/Dashboard.aspx?ParcelNbr=3363900275
NE Seattle Rich Snapshot.csv,NE Seattle,2473536,Sold,8815400745,"6026 35th Ave NE, Seattle WA 98115",98115,2026-01-30,2026-02-03,2026-02-24,2026-02-24,1299950,1299950,1300000,50,0.000038463017808377244,1.0000384630178083,4,4,4,21,4,2.5,2250,1932,17 - 1 1/2 Stry w/Bsmt,Bryant,true,,https://www.zillow.com/homes/6026-35th-ave-ne-seattle-wa-98115_rb/,https://blue.kingcounty.com/Assessor/eRealProperty/Dashboard.aspx?ParcelNbr=8815400745
NE Seattle Rich Snapshot.csv,NE Seattle,2475283,Sold,9214400430,"7016 28th Ave NE, Seattle WA 98115",98115,2026-02-04,2026-02-06,2026-02-24,2026-02-24,1398000,1398000,1675000,277000,0.19814020028612303,1.198140200286123,2,2,2,18,3,2,3093,1947,11 - 1 1/2 Story,Ravenna,true,,https://www.zillow.com/homes/7016-28th-ave-ne-seattle-wa-98115_rb/,https://blue.kingcounty.com/Assessor/eRealProperty/Dashboard.aspx?ParcelNbr=9214400430
NW Seattle Rich Snapshot.csv,NW Seattle,2467097,Sold,2922703130,"814 NW 75th St, Seattle WA 98117",98117,2026-01-12,2026-02-03,2026-02-24,2026-02-24,1265000,1265000,1170000,-95000,-0.07509881422924901,0.924901185770751,22,138,22,21,3,3,2150,1928,16 - 1 Story w/Bsmnt.,Whittier,true,,https://www.zillow.com/homes/814-nw-75th-st-seattle-wa-98117_rb/,https://blue.kingcounty.com/Assessor/eRealProperty/Dashboard.aspx?ParcelNbr=2922703130
NE Seattle Rich Snapshot.csv,NE Seattle,2422519,Sold,5100401717,"8803 15th Ave NE, Seattle WA 98115",98115,2025-08-27,2025-09-15,2026-02-24,2026-02-24,974000,974000,975000,1000,0.001026694045174538,1.0010266940451746,19,19,19,162,7,4,3000,1994,14 - Split Entry,Maple Leaf,true,,https://www.zillow.com/homes/8803-15th-ave-ne-seattle-wa-98115_rb/,https://blue.kingcounty.com/Assessor/eRealProperty/Dashboard.aspx?ParcelNbr=5100401717
NW Seattle Rich Snapshot.csv,NW Seattle,2449660,Sold,,"1801 NW 65th St C, Seattle WA 98117",98117,2025-10-29,2026-01-31,2026-02-23,2026-02-23,849500,1021200,849500,0,0,1,94,260,94,23,3,2,1945,2025,32 - Townhouse,Ballard,true,,https://www.zillow.com/homes/1801-nw-65th-st-c-seattle-wa-98117_rb/,
QA_Magnolia Rich Snapshot.csv,QA Magnolia,2483874,Sold,0809002697,"2106 1st Ave N, Seattle WA 98109",98109,2026-02-23,,2026-02-23,2026-02-23,1219000,1219000,1219000,0,0,1,,0,,,3,2.5,1568,2025,32 - Townhouse,Queen Anne,false,missing_pending_date,https://www.zillow.com/homes/2106-1st-ave-n-seattle-wa-98109_rb/,https://blue.kingcounty.com/Assessor/eRealProperty/Dashboard.aspx?ParcelNbr=0809002697
Central Seattle Rich Snapshot.csv,Central Seattle,2344954,Sold,8805900245,"2209 E Roanoke St, Seattle WA 98112",98112,2025-03-14,2026-01-30,2026-02-23,2026-02-23,945000,1195000,945000,0,0,1,322,322,322,24,7,2.5,2660,1921,18 - 2 Stories w/Bsmnt,Montlake,true,,https://www.zillow.com/homes/2209-e-roanoke-st-seattle-wa-98112_rb/,https://blue.kingcounty.com/Assessor/eRealProperty/Dashboard.aspx?ParcelNbr=8805900245
QA_Magnolia Rich Snapshot.csv,QA Magnolia,2465557,Sold,2771600835,"2329 W Smith St, Seattle WA 98119",98119,2026-01-07,2026-01-23,2026-02-23,2026-02-23,1295000,1295000,1235000,-60000,-0.04633204633204633,0.9536679536679536,16,16,16,31,3,2.5,1990,1982,12 - 2 Story,Magnolia,true,,https://www.zillow.com/homes/2329-w-smith-st-seattle-wa-98119_rb/,https://blue.kingcounty.com/Assessor/eRealProperty/Dashboard.aspx?ParcelNbr=2771600835
QA_Magnolia Rich Snapshot.csv,QA Magnolia,2467660,Sold,5035300540,"3542 43rd Ave W, Seattle WA 98199",98199,2026-01-14,2026-02-07,2026-02-23,2026-02-23,1248000,1298000,1190000,-58000,-0.046474358974358976,0.9535256410256411,24,24,24,16,4,2.5,2550,1947,16 - 1 Story w/Bsmnt.,Magnolia,true,,https://www.zillow.com/homes/3542-43rd-ave-w-seattle-wa-98199_rb/,https://blue.kingcounty.com/Assessor/eRealProperty/Dashboard.aspx?ParcelNbr=5035300540
NE Seattle Rich Snapshot.csv,NE Seattle,2464839,Sold,5100401408,"533 NE 89th St, Seattle WA 98115",98115,2026-02-03,2026-02-07,2026-02-23,2026-02-23,1275000,1275000,1380000,105000,0.08235294117647059,1.0823529411764705,4,4,4,16,4,1,2460,1947,16 - 1 Story w/Bsmnt.,Maple Leaf,true,,https://www.zillow.com/homes/533-ne-89th-st-seattle-wa-98115_rb/,https://blue.kingcounty.com/Assessor/eRealProperty/Dashboard.aspx?ParcelNbr=5100401408
NW Seattle Rich Snapshot.csv,NW Seattle,2470394,Sold,3856904760,"5607 5th Ave NE, Seattle WA 98105",98105,2026-01-22,2026-01-28,2026-02-23,2026-02-23,1195000,1195000,1175000,-20000,-0.016736401673640166,0.9832635983263598,6,6,6,26,6,2.5,2620,1924,18 - 2 Stories w/Bsmnt,Wallingford,true,,https://www.zillow.com/homes/5607-5th-ave-ne-seattle-wa-98105_rb/,https://blue.kingcounty.com/Assessor/eRealProperty/Dashboard.aspx?ParcelNbr=3856904760
NW Seattle Rich Snapshot.csv,NW Seattle,2470722,Sold,3052700533,"6729 14th Ave NW B, Seattle WA 98117",98117,2026-01-22,2026-01-26,2026-02-23,2026-02-23,979000,979000,973500,-5500,-0.0056179775280898875,0.9943820224719101,4,4,4,28,3,3.25,1750,2016,15 - Multi Level,Ballard,true,,https://www.zillow.com/homes/6729-14th-ave-nw-b-seattle-wa-98117_rb/,https://blue.kingcounty.com/Assessor/eRealProperty/Dashboard.aspx?ParcelNbr=3052700533
NE Seattle Rich Snapshot.csv,NE Seattle,2471345,Sold,8938100080,"6842 28th Ave NE, Seattle WA 98115",98115,2026-01-28,2026-02-02,2026-02-23,2026-02-23,1395000,1395000,1395000,0,0,1,5,5,5,21,4,2,2095,1947,16 - 1 Story w/Bsmnt.,Ravenna,true,,https://www.zillow.com/homes/6842-28th-ave-ne-seattle-wa-98115_rb/,https://blue.kingcounty.com/Assessor/eRealProperty/Dashboard.aspx?ParcelNbr=8938100080
NE Seattle Rich Snapshot.csv,NE Seattle,2483848,Sold,5101405151,"866 NE 96th St, Seattle WA 98115",98115,2026-02-23,,2026-02-23,2026-02-23,800000,800000,800000,0,0,1,,0,,,3,1.75,1570,2017,32 - Townhouse,Maple Leaf,false,missing_pending_date,https://www.zillow.com/homes/866-ne-96th-st-seattle-wa-98115_rb/,https://blue.kingcounty.com/Assessor/eRealProperty/Dashboard.aspx?ParcelNbr=5101405151
Central Seattle Rich Snapshot.csv,Central Seattle,2471565,Sold,7234600015,"916 15th Ave, Seattle WA 98122",98122,2026-01-23,2026-01-23,2026-02-23,2026-02-23,950000,950000,950000,0,0,1,0,0,0,31,3,1.75,1768,2026,32 - Townhouse,Capitol Hill,true,,https://www.zillow.com/homes/916-15th-ave-seattle-wa-98122_rb/,https://blue.kingcounty.com/Assessor/eRealProperty/Dashboard.aspx?ParcelNbr=7234600015
NE Seattle Rich Snapshot.csv,NE Seattle,2471241,Sold,1160000225,"10743 14th Ave NE, Seattle WA 98125",98125,2026-01-23,2026-01-27,2026-02-20,2026-02-20,1099000,1099000,1305000,206000,0.18744313011828936,1.1874431301182893,4,4,4,24,4,2.5,2767,1949,16 - 1 Story w/Bsmnt.,Victory Heights,true,,https://www.zillow.com/homes/10743-14th-ave-ne-seattle-wa-98125_rb/,https://blue.kingcounty.com/Assessor/eRealProperty/Dashboard.aspx?ParcelNbr=1160000225
NE Seattle Rich Snapshot.csv,NE Seattle,2467736,Sold,3992700505,"11503 Bartlett Ave NE, Seattle WA 98125",98125,2026-01-15,2026-02-07,2026-02-20,2026-02-20,1295000,1295000,1295000,0,0,1,23,23,23,13,4,1.75,2120,1985,14 - Split Entry,Matthews Beach,true,,https://www.zillow.com/homes/11503-bartlett-ave-ne-seattle-wa-98125_rb/,https://blue.kingcounty.com/Assessor/eRealProperty/Dashboard.aspx?ParcelNbr=3992700505
NE Seattle Rich Snapshot.csv,NE Seattle,2472952,Sold,1454100227,"12704 37th Ave NE, Seattle WA 98125",98125,2026-01-29,2026-01-31,2026-02-20,2026-02-20,999950,999950,1120000,120050,0.12005600280014,1.12005600280014,2,2,2,20,4,2.5,2186,1997,12 - 2 Story,Cedar Park,true,,https://www.zillow.com/homes/12704-37th-ave-ne-seattle-wa-98125_rb/,https://blue.kingcounty.com/Assessor/eRealProperty/Dashboard.aspx?ParcelNbr=1454100227
NE Seattle Rich Snapshot.csv,NE Seattle,2475537,Sold,1133000276,"1547 NE Brockman Place, Seattle WA 98125",98125,2026-02-05,2026-02-10,2026-02-20,2026-02-20,800000,800000,830000,30000,0.0375,1.0375,5,5,5,10,3,2.25,2500,1958,14 - Split Entry,Olympic Hills,true,,https://www.zillow.com/homes/1547-ne-brockman-place-seattle-wa-98125_rb/,https://blue.kingcounty.com/Assessor/eRealProperty/Dashboard.aspx?ParcelNbr=1133000276
NW Seattle Rich Snapshot.csv,NW Seattle,2454221,Sold,2767601879,"2050 NW 62nd St, Seattle WA 98107",98107,2025-11-12,2026-01-28,2026-02-20,2026-02-20,1066000,1099950,1025000,-41000,-0.038461538461538464,0.9615384615384616,77,77,77,23,3,2.5,1933,2018,32 - Townhouse,Ballard,true,,https://www.zillow.com/homes/2050-nw-62nd-st-seattle-wa-98107_rb/,https://blue.kingcounty.com/Assessor/eRealProperty/Dashboard.aspx?ParcelNbr=2767601879
QA_Magnolia Rich Snapshot.csv,QA Magnolia,2434509,Sold,1929300295,"2553 5th Ave N, Seattle WA 98109",98109,2025-09-17,2026-01-21,2026-02-20,2026-02-20,1550000,1599888,1550000,0,0,1,126,126,126,30,4,2,2630,1913,18 - 2 Stories w/Bsmnt,Queen Anne,true,,https://www.zillow.com/homes/2553-5th-ave-n-seattle-wa-98109_rb/,https://blue.kingcounty.com/Assessor/eRealProperty/Dashboard.aspx?ParcelNbr=1929300295
Central Seattle Rich Snapshot.csv,Central Seattle,2472017,Sold,5015000065,"2610 E Helen St, Seattle WA 98112",98112,2026-01-26,2026-01-30,2026-02-20,2026-02-20,1495000,1495000,1495000,0,0,1,4,4,4,21,3,2.5,2030,1984,12 - 2 Story,Montlake,true,,https://www.zillow.com/homes/2610-e-helen-st-seattle-wa-98112_rb/,https://blue.kingcounty.com/Assessor/eRealProperty/Dashboard.aspx?ParcelNbr=5015000065
QA_Magnolia Rich Snapshot.csv,QA Magnolia,2468220,Sold,2770604357,"2815 Prosch Ave W, Seattle WA 98119",98119,2026-01-15,2026-01-20,2026-02-20,2026-02-20,1200000,1200000,1218000,18000,0.015,1.015,5,5,5,31,3,2.5,2070,2015,32 - Townhouse,Queen Anne,true,,https://www.zillow.com/homes/2815-prosch-ave-w-seattle-wa-98119_rb/,https://blue.kingcounty.com/Assessor/eRealProperty/Dashboard.aspx?ParcelNbr=2770604357
NE Seattle Rich Snapshot.csv,NE Seattle,2468346,Sold,,"6516 23rd Ave NE, Seattle WA 98115",98115,2026-01-16,2026-01-21,2026-02-20,2026-02-20,1248950,1248950,1248950,0,0,1,5,5,5,30,3,3.25,2018,2025,13 - Tri-Level,Ravenna,true,,https://www.zillow.com/homes/6516-23rd-ave-ne-seattle-wa-98115_rb/,
NW Seattle Rich Snapshot.csv,NW Seattle,2472972,Sold,0461005590,"7060 Dibble Ave NW, Seattle WA 98117",98117,2026-01-28,2026-02-02,2026-02-20,2026-02-20,1495000,1495000,1745000,250000,0.16722408026755853,1.1672240802675586,5,5,5,18,4,2.75,2440,1927,17 - 1 1/2 Stry w/Bsmt,Whittier,true,,https://www.zillow.com/homes/7060-dibble-ave-nw-seattle-wa-98117_rb/,https://blue.kingcounty.com/Assessor/eRealProperty/Dashboard.aspx?ParcelNbr=0461005590
Central Seattle Rich Snapshot.csv,Central Seattle,2468959,Sold,2110200180,"728 33rd Ave, Seattle WA 98122",98122,2026-01-21,2026-01-27,2026-02-20,2026-02-20,1175000,1175000,1310000,135000,0.1148936170212766,1.1148936170212767,6,6,6,24,3,2.5,1900,1920,18 - 2 Stories w/Bsmnt,Madrona,true,,https://www.zillow.com/homes/728-33rd-ave-seattle-wa-98122_rb/,https://blue.kingcounty.com/Assessor/eRealProperty/Dashboard.aspx?ParcelNbr=2110200180
NW Seattle Rich Snapshot.csv,NW Seattle,2470967,Sold,2883201805,"7426 2nd Ave NE, Seattle WA 98115",98115,2026-01-21,2026-01-21,2026-02-20,2026-02-20,1049000,1049000,1049000,0,0,1,0,0,0,30,3,2.5,1508,2026,32 - Townhouse,Green Lake,true,,https://www.zillow.com/homes/7426-2nd-ave-ne-seattle-wa-98115_rb/,https://blue.kingcounty.com/Assessor/eRealProperty/Dashboard.aspx?ParcelNbr=2883201805
NE Seattle Rich Snapshot.csv,NE Seattle,2473208,Sold,2979800635,"7821 11th Ave NE, Seattle WA 98115",98115,2026-01-30,2026-02-04,2026-02-20,2026-02-20,825000,825000,903000,78000,0.09454545454545454,1.0945454545454545,5,5,5,16,4,1,1850,1925,16 - 1 Story w/Bsmnt.,Maple Leaf,true,,https://www.zillow.com/homes/7821-11th-ave-ne-seattle-wa-98115_rb/,https://blue.kingcounty.com/Assessor/eRealProperty/Dashboard.aspx?ParcelNbr=2979800635
NW Seattle Rich Snapshot.csv,NW Seattle,2479885,Sold,2286620010,"8018 24th Ave NW, Seattle WA 98117",98117,2026-01-08,2026-01-30,2026-02-20,2026-02-20,999000,999000,999000,0,0,1,22,22,22,21,4,3,1829,2025,34 - Condo (3 Levels),Loyal Heights,true,,https://www.zillow.com/homes/8018-24th-ave-nw-seattle-wa-98117_rb/,https://blue.kingcounty.com/Assessor/eRealProperty/Dashboard.aspx?ParcelNbr=2286620010
NW Seattle Rich Snapshot.csv,NW Seattle,2470982,Sold,7588700213,"8319 16th Ave NW, Seattle WA 98117",98117,2026-01-22,2026-01-27,2026-02-20,2026-02-20,975000,975000,1075000,100000,0.10256410256410256,1.1025641025641026,5,5,5,24,3,1.75,1806,1929,16 - 1 Story w/Bsmnt.,Loyal Heights,true,,https://www.zillow.com/homes/8319-16th-ave-nw-seattle-wa-98117_rb/,https://blue.kingcounty.com/Assessor/eRealProperty/Dashboard.aspx?ParcelNbr=7588700213
NW Seattle Rich Snapshot.csv,NW Seattle,2486970,Sold,,"838 NW 50th, Seattle WA 98107",98107,2026-02-20,,2026-02-20,2026-02-20,890000,890000,890000,0,0,1,,0,,,3,2.5,1700,2025,32 - Townhouse,Ballard,false,missing_pending_date,https://www.zillow.com/homes/838-nw-50th-seattle-wa-98107_rb/,
NW Seattle Rich Snapshot.csv,NW Seattle,2468885,Sold,,"9015 Dibble Ave NW, Seattle WA 98117",98117,2026-01-15,2026-02-03,2026-02-20,2026-02-20,1299000,1299000,1300000,1000,0.0007698229407236335,1.0007698229407236,19,96,19,17,4,3,2497,2025,32 - Townhouse,Crown Hill,true,,https://www.zillow.com/homes/9015-dibble-ave-nw-seattle-wa-98117_rb/,
NW Seattle Rich Snapshot.csv,NW Seattle,2472013,Sold,4310701500,"9526 Interlake Ave N, Seattle WA 98103",98103,2026-02-03,2026-02-05,2026-02-20,2026-02-20,720000,720000,800000,80000,0.1111111111111111,1.1111111111111112,2,2,2,15,3,1.75,1400,1987,12 - 2 Story,Licton Springs,true,,https://www.zillow.com/homes/9526-interlake-ave-n-seattle-wa-98103_rb/,https://blue.kingcounty.com/Assessor/eRealProperty/Dashboard.aspx?ParcelNbr=4310701500
Central Seattle Rich Snapshot.csv,Central Seattle,2447168,Sold,1189000950,"1114 26th Ave A, Seattle WA 98122",98122,2025-10-21,2026-01-27,2026-02-19,2026-02-19,1099900,1099900,1000000,-99900,-0.09082643876716065,0.9091735612328393,98,98,98,23,3,2.5,2015,2025,32 - Townhouse,Central Area,true,,https://www.zillow.com/homes/1114-26th-ave-a-seattle-wa-98122_rb/,https://blue.kingcounty.com/Assessor/eRealProperty/Dashboard.aspx?ParcelNbr=1189000950
NW Seattle Rich Snapshot.csv,NW Seattle,2468161,Sold,0868000155,"1309 NW Norcross Wy, Seattle WA 98177",98177,2026-01-14,2026-01-20,2026-02-19,2026-02-19,1475000,1475000,1475000,0,0,1,6,6,6,30,3,1.75,1920,1951,16 - 1 Story w/Bsmnt.,Blue Ridge,true,,https://www.zillow.com/homes/1309-nw-norcross-wy-seattle-wa-98177_rb/,https://blue.kingcounty.com/Assessor/eRealProperty/Dashboard.aspx?ParcelNbr=0868000155
NW Seattle Rich Snapshot.csv,NW Seattle,2473480,Sold,0546000080,"1902 NW 83rd St, Seattle WA 98117",98117,2026-01-29,2026-02-03,2026-02-19,2026-02-19,1100000,1100000,1350000,250000,0.22727272727272727,1.2272727272727273,5,5,5,16,3,1.75,2280,1926,17 - 1 1/2 Stry w/Bsmt,Loyal Heights,true,,https://www.zillow.com/homes/1902-nw-83rd-st-seattle-wa-98117_rb/,https://blue.kingcounty.com/Assessor/eRealProperty/Dashboard.aspx?ParcelNbr=0546000080
QA_Magnolia Rich Snapshot.csv,QA Magnolia,2463693,Sold,6905200125,"3010 12th Ave W, Seattle WA 98119",98119,2026-01-08,2026-01-13,2026-02-19,2026-02-19,1225000,1225000,1200000,-25000,-0.02040816326530612,0.9795918367346939,5,5,5,37,3,2,1860,1947,16 - 1 Story w/Bsmnt.,Queen Anne,true,,https://www.zillow.com/homes/3010-12th-ave-w-seattle-wa-98119_rb/,https://blue.kingcounty.com/Assessor/eRealProperty/Dashboard.aspx?ParcelNbr=6905200125
Central Seattle Rich Snapshot.csv,Central Seattle,2428462,Sold,4278900170,"3322 E Terrace St, Seattle WA 98122",98122,2025-09-03,2026-01-28,2026-02-19,2026-02-19,1798000,1889000,1720000,-78000,-0.04338153503893215,0.9566184649610678,103,103,147,22,4,2.25,2900,1937,18 - 2 Stories w/Bsmnt,Leschi,true,,https://www.zillow.com/homes/3322-e-terrace-st-seattle-wa-98122_rb/,https://blue.kingcounty.com/Assessor/eRealProperty/Dashboard.aspx?ParcelNbr=4278900170
Central Seattle Rich Snapshot.csv,Central Seattle,2445077,Sold,5157700052,"3400 E Spring St, Seattle WA 98122",98122,2025-10-17,2026-01-28,2026-02-19,2026-02-19,1245000,1250000,1225000,-20000,-0.01606425702811245,0.9839357429718876,103,120,103,22,2,1.5,1575,2026,32 - Townhouse,Madrona,true,,https://www.zillow.com/homes/3400-e-spring-st-seattle-wa-98122_rb/,https://blue.kingcounty.com/Assessor/eRealProperty/Dashboard.aspx?ParcelNbr=5157700052
QA_Magnolia Rich Snapshot.csv,QA Magnolia,2440331,Sold,5035300643,"3449 Magnolia Blvd W, Seattle WA 98199",98199,2025-10-02,2026-01-13,2026-02-19,2026-02-19,1865000,1900000,1845000,-20000,-0.010723860589812333,0.9892761394101877,103,103,103,37,4,3.5,2400,1940,16 - 1 Story w/Bsmnt.,Magnolia,true,,https://www.zillow.com/homes/3449-magnolia-blvd-w-seattle-wa-98199_rb/,https://blue.kingcounty.com/Assessor/eRealProperty/Dashboard.aspx?ParcelNbr=5035300643
NW Seattle Rich Snapshot.csv,NW Seattle,2467464,Sold,4083305648,"3625 Wallingford Ave N B, Seattle WA 98103",98103,2026-01-16,2026-01-21,2026-02-19,2026-02-19,1050000,1050000,1022000,-28000,-0.02666666666666667,0.9733333333333334,5,5,5,29,3,1.75,1360,2022,32 - Townhouse,Wallingford,true,,https://www.zillow.com/homes/3625-wallingford-ave-n-b-seattle-wa-98103_rb/,https://blue.kingcounty.com/Assessor/eRealProperty/Dashboard.aspx?ParcelNbr=4083305648
NW Seattle Rich Snapshot.csv,NW Seattle,2473168,Sold,1819800180,"4146 2nd Ave NW, Seattle WA 98107",98107,2026-01-29,2026-02-03,2026-02-19,2026-02-19,1100000,1100000,1481000,381000,0.3463636363636364,1.3463636363636364,5,5,5,16,3,1.5,2157,1909,18 - 2 Stories w/Bsmnt,Fremont,true,,https://www.zillow.com/homes/4146-2nd-ave-nw-seattle-wa-98107_rb/,https://blue.kingcounty.com/Assessor/eRealProperty/Dashboard.aspx?ParcelNbr=1819800180
NE Seattle Rich Snapshot.csv,NE Seattle,2469666,Sold,2279000140,"7018 32nd Ave NE, Seattle WA 98115",98115,2026-01-18,2026-01-20,2026-02-19,2026-02-19,1725000,1725000,1750000,25000,0.014492753623188406,1.0144927536231885,2,2,2,30,4,1.5,2780,1948,14 - Split Entry,View Ridge,true,,https://www.zillow.com/homes/7018-32nd-ave-ne-seattle-wa-98115_rb/,https://blue.kingcounty.com/Assessor/eRealProperty/Dashboard.aspx?ParcelNbr=2279000140
NW Seattle Rich Snapshot.csv,NW Seattle,2471314,Sold,,"7546 17th Ave NW, Seattle WA 98117",98117,2026-01-23,2026-01-28,2026-02-19,2026-02-19,835000,835000,960000,125000,0.1497005988023952,1.1497005988023952,5,5,5,22,2,1,1811,1924,16 - 1 Story w/Bsmnt.,Loyal Heights,true,,https://www.zillow.com/homes/7546-17th-ave-nw-seattle-wa-98117_rb/,
NE Seattle Rich Snapshot.csv,NE Seattle,2471967,Sold,8024201716,"9802 15th Ave NE, Seattle WA 98115",98115,2026-01-30,2026-02-05,2026-02-19,2026-02-19,1695000,1695000,1660000,-35000,-0.02064896755162242,0.9793510324483776,6,6,6,14,6,3.25,3210,1949,16 - 1 Story w/Bsmnt.,Maple Leaf,true,,https://www.zillow.com/homes/9802-15th-ave-ne-seattle-wa-98115_rb/,https://blue.kingcounty.com/Assessor/eRealProperty/Dashboard.aspx?ParcelNbr=8024201716
NW Seattle Rich Snapshot.csv,NW Seattle,2442841,Sold,6141100120,"12025 Phinney Ave N, Seattle WA 98133",98133,2025-10-14,2025-11-21,2026-02-18,2026-02-18,1049000,1049000,1049000,0,0,1,38,38,38,89,7,3,2340,1997,14 - Split Entry,Bitter Lake,true,,https://www.zillow.com/homes/12025-phinney-ave-n-seattle-wa-98133_rb/,https://blue.kingcounty.com/Assessor/eRealProperty/Dashboard.aspx?ParcelNbr=6141100120
NW Seattle Rich Snapshot.csv,NW Seattle,2466051,Sold,1972200336,"213 N 39th St C, Seattle WA 98103",98103,2026-01-21,2026-01-24,2026-02-18,2026-02-18,885000,885000,885000,0,0,1,3,3,3,25,3,2.25,1420,2008,32 - Townhouse,Fremont,true,,https://www.zillow.com/homes/213-n-39th-st-c-seattle-wa-98103_rb/,https://blue.kingcounty.com/Assessor/eRealProperty/Dashboard.aspx?ParcelNbr=1972200336
QA_Magnolia Rich Snapshot.csv,QA Magnolia,2469443,Sold,9477900060,"2410 Aurora Ave N 106, Seattle WA 98109",98109,2026-01-21,2026-01-25,2026-02-18,2026-02-18,845000,845000,840000,-5000,-0.005917159763313609,0.9940828402366864,4,4,4,24,2,2,1638,1987,34 - Condo (3 Levels),Queen Anne,true,,https://www.zillow.com/homes/2410-aurora-ave-n-106-seattle-wa-98109_rb/,https://blue.kingcounty.com/Assessor/eRealProperty/Dashboard.aspx?ParcelNbr=9477900060
QA_Magnolia Rich Snapshot.csv,QA Magnolia,2482425,Sold,2533300629,"2920 11th Ave W, Seattle WA 98119",98119,2026-02-18,,2026-02-18,2026-02-18,1175000,1175000,1175000,0,0,1,,0,,,3,1.5,2160,1948,16 - 1 Story w/Bsmnt.,Queen Anne,false,missing_pending_date,https://www.zillow.com/homes/2920-11th-ave-w-seattle-wa-98119_rb/,https://blue.kingcounty.com/Assessor/eRealProperty/Dashboard.aspx?ParcelNbr=2533300629
NW Seattle Rich Snapshot.csv,NW Seattle,2468358,Sold,3413600096,"3203 NW 69th St, Seattle WA 98117",98117,2026-01-30,2026-02-02,2026-02-18,2026-02-18,1350000,1350000,1395000,45000,0.03333333333333333,1.0333333333333334,3,3,3,16,3,1.75,2460,1951,16 - 1 Story w/Bsmnt.,Sunset Hill,true,,https://www.zillow.com/homes/3203-nw-69th-st-seattle-wa-98117_rb/,https://blue.kingcounty.com/Assessor/eRealProperty/Dashboard.aspx?ParcelNbr=3413600096
QA_Magnolia Rich Snapshot.csv,QA Magnolia,2460162,Sold,,"3436 33rd Ave W, Seattle WA 98199",98199,2026-01-09,2026-01-28,2026-02-18,2026-02-18,1400000,1400000,1400000,0,0,1,19,19,19,21,3,2.25,1803,2026,31 - Condo (2 Levels),Magnolia,true,,https://www.zillow.com/homes/3436-33rd-ave-w-seattle-wa-98199_rb/,
NW Seattle Rich Snapshot.csv,NW Seattle,2470571,Sold,,"4416 1st Ave NE, Seattle WA 98105",98105,2026-01-18,2026-01-18,2026-02-18,2026-02-18,1375000,1375000,1375000,0,0,1,0,0,0,31,4,3.25,2116,2025,32 - Townhouse,Wallingford,true,,https://www.zillow.com/homes/4416-1st-ave-ne-seattle-wa-98105_rb/,
NW Seattle Rich Snapshot.csv,NW Seattle,2458861,Sold,,"4420 1st Ave NE, Seattle WA 98105",98105,2025-10-15,2026-01-17,2026-02-18,2026-02-18,1295000,1295000,1295000,0,0,1,15,15,94,32,4,3.25,2118,2025,32 - Townhouse,Wallingford,true,,https://www.zillow.com/homes/4420-1st-ave-ne-seattle-wa-98105_rb/,
NW Seattle Rich Snapshot.csv,NW Seattle,2468278,Sold,7519001250,"624 NW 79th St, Seattle WA 98117",98117,2026-01-15,2026-01-21,2026-02-18,2026-02-18,995000,995000,1030000,35000,0.035175879396984924,1.035175879396985,6,6,6,28,3,1.5,1860,1928,18 - 2 Stories w/Bsmnt,Phinney Ridge,true,,https://www.zillow.com/homes/624-nw-79th-st-seattle-wa-98117_rb/,https://blue.kingcounty.com/Assessor/eRealProperty/Dashboard.aspx?ParcelNbr=7519001250
NW Seattle Rich Snapshot.csv,NW Seattle,2470527,Sold,0263000205,"716 N 96th St, Seattle WA 98103",98103,2026-01-21,2026-01-26,2026-02-18,2026-02-18,999000,999000,1045000,46000,0.04604604604604605,1.0460460460460461,5,5,5,23,3,2,1860,1925,17 - 1 1/2 Stry w/Bsmt,Greenwood,true,,https://www.zillow.com/homes/716-n-96th-st-seattle-wa-98103_rb/,https://blue.kingcounty.com/Assessor/eRealProperty/Dashboard.aspx?ParcelNbr=0263000205
Central Seattle Rich Snapshot.csv,Central Seattle,2458166,Sold,6362900083,"730 25th Ave S, Seattle WA 98144",98144,2025-12-04,2026-01-19,2026-02-18,2026-02-18,839950,839950,840000,50,0.00005952735281862015,1.0000595273528186,30,30,46,30,3,1.75,1740,2016,32 - Townhouse,Judkins,true,,https://www.zillow.com/homes/730-25th-ave-s-seattle-wa-98144_rb/,https://blue.kingcounty.com/Assessor/eRealProperty/Dashboard.aspx?ParcelNbr=6362900083
NW Seattle Rich Snapshot.csv,NW Seattle,2453969,Sold,,"7344 22nd Ave NW, Seattle WA 98117",98117,2025-11-10,2026-01-31,2026-02-18,2026-02-18,1195000,1195000,1180000,-15000,-0.012552301255230125,0.9874476987447699,82,122,82,18,3,3.25,1852,2025,34 - Condo (3 Levels),Ballard,true,,https://www.zillow.com/homes/7344-22nd-ave-nw-seattle-wa-98117_rb/,
NE Seattle Rich Snapshot.csv,NE Seattle,2469063,Sold,2464400006,"7920 5th Ave NE, Seattle WA 98115",98115,2026-01-22,2026-01-27,2026-02-18,2026-02-18,975000,975000,990000,15000,0.015384615384615385,1.0153846153846153,5,5,5,22,3,1.75,2220,1929,18 - 2 Stories w/Bsmnt,Maple Leaf,true,,https://www.zillow.com/homes/7920-5th-ave-ne-seattle-wa-98115_rb/,https://blue.kingcounty.com/Assessor/eRealProperty/Dashboard.aspx?ParcelNbr=2464400006
NW Seattle Rich Snapshot.csv,NW Seattle,2473441,Sold,6021501535,"8001 23rd Ave NW, Seattle WA 98117",98117,2026-01-29,2026-02-03,2026-02-18,2026-02-18,1250000,1250000,1250000,0,0,1,5,5,5,15,4,2,2400,1939,16 - 1 Story w/Bsmnt.,Loyal Heights,true,,https://www.zillow.com/homes/8001-23rd-ave-nw-seattle-wa-98117_rb/,https://blue.kingcounty.com/Assessor/eRealProperty/Dashboard.aspx?ParcelNbr=6021501535
NE Seattle Rich Snapshot.csv,NE Seattle,2473187,Sold,6015500060,"8222 38th Ave NE, Seattle WA 98115",98115,2026-01-28,2026-02-01,2026-02-18,2026-02-18,1190000,1190000,1323000,133000,0.11176470588235295,1.111764705882353,4,4,4,17,4,1.75,2110,1947,17 - 1 1/2 Stry w/Bsmt,Wedgwood,true,,https://www.zillow.com/homes/8222-38th-ave-ne-seattle-wa-98115_rb/,https://blue.kingcounty.com/Assessor/eRealProperty/Dashboard.aspx?ParcelNbr=6015500060
NE Seattle Rich Snapshot.csv,NE Seattle,2460532,Sold,,"1012 NE 70th St, Seattle WA 98115",98115,2025-12-13,2026-01-17,2026-02-17,2026-02-17,1110000,1110000,1110000,0,0,1,35,35,35,31,3,2.75,1639,2026,32 - Townhouse,Roosevelt,true,,https://www.zillow.com/homes/1012-ne-70th-st-seattle-wa-98115_rb/,
NE Seattle Rich Snapshot.csv,NE Seattle,2482911,Sold,9421500100,"13308 28th Ave NE, Seattle WA 98125",98125,2026-02-17,,2026-02-17,2026-02-17,870000,870000,870000,0,0,1,,0,,,3,1.75,1960,1960,16 - 1 Story w/Bsmnt.,Olympic Hills,false,missing_pending_date,https://www.zillow.com/homes/13308-28th-ave-ne-seattle-wa-98125_rb/,https://blue.kingcounty.com/Assessor/eRealProperty/Dashboard.aspx?ParcelNbr=9421500100
Central Seattle Rich Snapshot.csv,Central Seattle,2465986,Sold,7228500753,"1629 22nd Ave, Seattle WA 98122",98122,2026-01-07,2026-01-25,2026-02-17,2026-02-17,1169000,1169000,1169000,0,0,1,18,120,18,23,3,2.75,2310,1906,18 - 2 Stories w/Bsmnt,Madison Valley,true,,https://www.zillow.com/homes/1629-22nd-ave-seattle-wa-98122_rb/,https://blue.kingcounty.com/Assessor/eRealProperty/Dashboard.aspx?ParcelNbr=7228500753
Central Seattle Rich Snapshot.csv,Central Seattle,2468009,Sold,2902200243,"2006 Yale Ave E A, Seattle WA 98102",98102,2026-01-15,2026-01-19,2026-02-17,2026-02-17,825000,825000,815000,-10000,-0.012121212121212121,0.9878787878787879,4,4,4,29,3,1.75,1092,2006,15 - Multi Level,Eastlake,true,,https://www.zillow.com/homes/2006-yale-ave-e-a-seattle-wa-98102_rb/,https://blue.kingcounty.com/Assessor/eRealProperty/Dashboard.aspx?ParcelNbr=2902200243
QA_Magnolia Rich Snapshot.csv,QA Magnolia,2441633,Sold,0809002699,"2102 1st Ave N, Seattle WA 98109",98109,2025-10-17,2026-01-10,2026-02-17,2026-02-17,1259000,1368000,1220000,-39000,-0.030976965845909452,0.9690230341540905,47,47,85,38,3,2.5,1568,2025,32 - Townhouse,Queen Anne,true,,https://www.zillow.com/homes/2102-1st-ave-n-seattle-wa-98109_rb/,https://blue.kingcounty.com/Assessor/eRealProperty/Dashboard.aspx?ParcelNbr=0809002699
Central Seattle Rich Snapshot.csv,Central Seattle,2452258,Sold,2902200716,"2212 Franklin Ave E B, Seattle WA 98102",98102,2025-11-13,2026-01-19,2026-02-17,2026-02-17,1250000,1295000,1200000,-50000,-0.04,0.96,67,67,67,29,3,2.5,1910,2017,32 - Townhouse,Eastlake,true,,https://www.zillow.com/homes/2212-franklin-ave-e-b-seattle-wa-98102_rb/,https://blue.kingcounty.com/Assessor/eRealProperty/Dashboard.aspx?ParcelNbr=2902200716
NE Seattle Rich Snapshot.csv,NE Seattle,2438098,Sold,5101405941,"2320 NE 102nd St, Seattle WA 98125",98125,2025-09-29,2026-01-17,2026-02-17,2026-02-17,872000,849000,834000,-38000,-0.04357798165137615,0.9564220183486238,94,94,110,31,4,3,2280,1996,14 - Split Entry,Maple Leaf,true,,https://www.zillow.com/homes/2320-ne-102nd-st-seattle-wa-98125_rb/,https://blue.kingcounty.com/Assessor/eRealProperty/Dashboard.aspx?ParcelNbr=5101405941
Central Seattle Rich Snapshot.csv,Central Seattle,2455571,Sold,4088800595,"3012 Fuhrman Ave E A, Seattle WA 98102",98102,2026-01-07,2026-01-16,2026-02-17,2026-02-17,925000,925000,850000,-75000,-0.08108108108108109,0.918918918918919,9,9,9,32,2,1,1880,1940,16 - 1 Story w/Bsmnt.,Portage Bay,true,,https://www.zillow.com/homes/3012-fuhrman-ave-e-a-seattle-wa-98102_rb/,https://blue.kingcounty.com/Assessor/eRealProperty/Dashboard.aspx?ParcelNbr=4088800595
Central Seattle Rich Snapshot.csv,Central Seattle,2469692,Sold,,"311 17th Ave E B, Seattle WA 98112",98112,2026-01-18,2026-01-18,2026-02-17,2026-02-17,1139950,1139950,1049950,-90000,-0.078950831176806,0.921049168823194,0,0,0,30,3,1.75,1646,2025,13 - Tri-Level,Capitol Hill,true,,https://www.zillow.com/homes/311-17th-ave-e-b-seattle-wa-98112_rb/,
NW Seattle Rich Snapshot.csv,NW Seattle,2466255,Sold,,"3255 NW 56th St A, Seattle WA 98107",98107,2026-01-07,2026-01-13,2026-02-17,2026-02-17,1248888,1248888,1395000,146112,0.11699367757557123,1.1169936775755713,6,6,6,35,4,3,2110,1947,31 - Condo (2 Levels),Ballard,true,,https://www.zillow.com/homes/3255-nw-56th-st-a-seattle-wa-98107_rb/,
QA_Magnolia Rich Snapshot.csv,QA Magnolia,2466616,Sold,2770601505,"3411 22nd Ave W, Seattle WA 98199",98199,2026-01-08,2026-01-15,2026-02-17,2026-02-17,1295000,1295000,1295000,0,0,1,7,7,7,33,5,2.5,2800,1914,18 - 2 Stories w/Bsmnt,Magnolia,true,,https://www.zillow.com/homes/3411-22nd-ave-w-seattle-wa-98199_rb/,https://blue.kingcounty.com/Assessor/eRealProperty/Dashboard.aspx?ParcelNbr=2770601505
QA_Magnolia Rich Snapshot.csv,QA Magnolia,2440269,Sold,4235400285,"4423 Brygger Dr W, Seattle WA 98199",98199,2025-10-03,2026-02-04,2026-02-27,2026-02-17,1339900,1525000,1310000,-29900,-0.022315098141652362,0.9776849018583477,147,147,124,13,3,2.5,2400,1994,13 - Tri-Level,Magnolia,true,,https://www.zillow.com/homes/4423-brygger-dr-w-seattle-wa-98199_rb/,https://blue.kingcounty.com/Assessor/eRealProperty/Dashboard.aspx?ParcelNbr=4235400285
NE Seattle Rich Snapshot.csv,NE Seattle,2471429,Sold,3179100345,"5052 Pullman Ave NE, Seattle WA 98105",98105,2026-01-30,2026-02-03,2026-02-17,2026-02-17,1370000,1370000,1370000,0,0,1,4,4,4,14,3,1.75,2250,1952,16 - 1 Story w/Bsmnt.,Hawthorne Hills,true,,https://www.zillow.com/homes/5052-pullman-ave-ne-seattle-wa-98105_rb/,https://blue.kingcounty.com/Assessor/eRealProperty/Dashboard.aspx?ParcelNbr=3179100345
NW Seattle Rich Snapshot.csv,NW Seattle,2461109,Sold,1327150740,"5450 Leary Ave NW 544, Seattle WA 98107",98107,2026-01-23,2026-01-25,2026-02-17,2026-02-17,760000,760000,820000,60000,0.07894736842105263,1.0789473684210527,2,2,2,23,2,2,1324,2007,30 - Condo (1 Level),Ballard,true,,https://www.zillow.com/homes/5450-leary-ave-nw-544-seattle-wa-98107_rb/,https://blue.kingcounty.com/Assessor/eRealProperty/Dashboard.aspx?ParcelNbr=1327150740
NW Seattle Rich Snapshot.csv,NW Seattle,2469449,Sold,2767705095,"5909 8th Ave NW, Seattle WA 98107",98107,2026-01-26,2026-01-26,2026-02-17,2026-02-17,899000,899000,925000,26000,0.028921023359288096,1.028921023359288,0,0,0,22,3,2.75,1910,1916,18 - 2 Stories w/Bsmnt,Woodland Park,true,,https://www.zillow.com/homes/5909-8th-ave-nw-seattle-wa-98107_rb/,https://blue.kingcounty.com/Assessor/eRealProperty/Dashboard.aspx?ParcelNbr=2767705095
NW Seattle Rich Snapshot.csv,NW Seattle,2473481,Sold,5309101115,"6545 10th Ave NW, Seattle WA 98117",98117,2026-01-29,2026-02-03,2026-02-17,2026-02-17,975000,975000,1001500,26500,0.02717948717948718,1.0271794871794873,5,5,5,14,4,1.75,2150,1918,17 - 1 1/2 Stry w/Bsmt,Whittier,true,,https://www.zillow.com/homes/6545-10th-ave-nw-seattle-wa-98117_rb/,https://blue.kingcounty.com/Assessor/eRealProperty/Dashboard.aspx?ParcelNbr=5309101115
Central Seattle Rich Snapshot.csv,Central Seattle,2481863,Sold,1338300040,"1227 20th Ave E, Seattle WA 98112",98112,2026-02-16,,2026-02-16,2026-02-16,1850000,1850000,1850000,0,0,1,,0,,,7,2.5,3040,1912,17 - 1 1/2 Stry w/Bsmt,North Capitol Hill,false,missing_pending_date,https://www.zillow.com/homes/1227-20th-ave-e-seattle-wa-98112_rb/,https://blue.kingcounty.com/Assessor/eRealProperty/Dashboard.aspx?ParcelNbr=1338300040
QA_Magnolia Rich Snapshot.csv,QA Magnolia,2459322,Sold,5037300305,"1500 Magnolia Wy W, Seattle WA 98199",98199,2026-01-22,2026-02-06,2026-02-16,2026-02-16,1898000,1898000,1860000,-38000,-0.020021074815595362,0.9799789251844047,15,15,15,10,3,2.75,2590,1953,18 - 2 Stories w/Bsmnt,Magnolia,true,,https://www.zillow.com/homes/1500-magnolia-wy-w-seattle-wa-98199_rb/,https://blue.kingcounty.com/Assessor/eRealProperty/Dashboard.aspx?ParcelNbr=5037300305
NW Seattle Rich Snapshot.csv,NW Seattle,2445092,Sold,2921700386,"8305 12th Ave NW C, Seattle WA 98117",98117,2025-10-16,2026-01-12,2026-02-16,2026-02-16,849990,875000,825000,-24990,-0.029400345886422194,0.9705996541135778,88,88,88,35,3,1.75,1703,2021,32 - Townhouse,Ballard,true,,https://www.zillow.com/homes/8305-12th-ave-nw-c-seattle-wa-98117_rb/,https://blue.kingcounty.com/Assessor/eRealProperty/Dashboard.aspx?ParcelNbr=2921700386
NW Seattle Rich Snapshot.csv,NW Seattle,2483336,Sold,6399630010,"10541 Ashworth Ave N A, Seattle WA 98133",98133,2026-02-13,,2026-02-13,2026-02-13,1075000,1075000,1075000,0,0,1,,0,,,3,2.75,2200,1951,31 - Condo (2 Levels),Haller Lake,false,missing_pending_date,https://www.zillow.com/homes/10541-ashworth-ave-n-a-seattle-wa-98133_rb/,https://blue.kingcounty.com/Assessor/eRealProperty/Dashboard.aspx?ParcelNbr=6399630010
Central Seattle Rich Snapshot.csv,Central Seattle,2460833,Sold,,"1109 26th Ave, Seattle WA 98122",98122,2025-12-19,2026-01-14,2026-02-13,2026-02-13,864900,864900,855000,-9900,-0.011446409989594173,0.9885535900104059,26,26,26,30,3,1.75,1095,2026,32 - Townhouse,Central Area,true,,https://www.zillow.com/homes/1109-26th-ave-seattle-wa-98122_rb/,
NE Seattle Rich Snapshot.csv,NE Seattle,2464399,Sold,9904000053,"11721 24th Ave NE, Seattle WA 98125",98125,2026-01-01,2026-01-14,2026-02-13,2026-02-13,899950,899950,915000,15050,0.016723151286182566,1.0167231512861825,13,56,13,30,5,1.75,2280,1957,16 - 1 Story w/Bsmnt.,Victory Heights,true,,https://www.zillow.com/homes/11721-24th-ave-ne-seattle-wa-98125_rb/,https://blue.kingcounty.com/Assessor/eRealProperty/Dashboard.aspx?ParcelNbr=9904000053
NW Seattle Rich Snapshot.csv,NW Seattle,2480542,Sold,0579003445,"2142 NW 95th St, Seattle WA 98117",98117,2026-02-13,,2026-02-13,2026-02-13,950000,950000,950000,0,0,1,,0,,,2,1.75,2000,1947,16 - 1 Story w/Bsmnt.,North Beach,false,missing_pending_date,https://www.zillow.com/homes/2142-nw-95th-st-seattle-wa-98117_rb/,https://blue.kingcounty.com/Assessor/eRealProperty/Dashboard.aspx?ParcelNbr=0579003445
QA_Magnolia Rich Snapshot.csv,QA Magnolia,2469609,Sold,0269000211,"2510 W Armour St, Seattle WA 98199",98199,2026-01-28,2026-02-02,2026-02-13,2026-02-13,1100000,1100000,1200000,100000,0.09090909090909091,1.0909090909090908,5,5,5,11,4,1.75,2760,1955,16 - 1 Story w/Bsmnt.,Magnolia,true,,https://www.zillow.com/homes/2510-w-armour-st-seattle-wa-98199_rb/,https://blue.kingcounty.com/Assessor/eRealProperty/Dashboard.aspx?ParcelNbr=0269000211
QA_Magnolia Rich Snapshot.csv,QA Magnolia,2467320,Sold,2652500045,"2572 3rd Ave W, Seattle WA 98119",98119,2026-01-15,2026-01-22,2026-02-13,2026-02-13,900000,900000,900000,0,0,1,7,7,7,22,2,1.75,1070,1915,16 - 1 Story w/Bsmnt.,Queen Anne,true,,https://www.zillow.com/homes/2572-3rd-ave-w-seattle-wa-98119_rb/,https://blue.kingcounty.com/Assessor/eRealProperty/Dashboard.aspx?ParcelNbr=2652500045
QA_Magnolia Rich Snapshot.csv,QA Magnolia,2390656,Sold,5038300175,"2802 29th Ave W, Seattle WA 98199",98199,2025-06-26,2026-01-12,2026-02-13,2026-02-13,1398000,1599000,1360000,-38000,-0.027181688125894134,0.9728183118741058,195,195,200,32,4,2.75,2280,1938,16 - 1 Story w/Bsmnt.,Magnolia,true,,https://www.zillow.com/homes/2802-29th-ave-w-seattle-wa-98199_rb/,https://blue.kingcounty.com/Assessor/eRealProperty/Dashboard.aspx?ParcelNbr=5038300175
NE Seattle Rich Snapshot.csv,NE Seattle,2458084,Sold,6411600184,"311 NE 117th St, Seattle WA 98125",98125,2025-12-02,2025-12-24,2026-02-13,2026-02-13,1150000,1150000,1050000,-100000,-0.08695652173913043,0.9130434782608695,22,22,22,51,3,2.5,2310,2008,12 - 2 Story,Pinehurst,true,,https://www.zillow.com/homes/311-ne-117th-st-seattle-wa-98125_rb/,https://blue.kingcounty.com/Assessor/eRealProperty/Dashboard.aspx?ParcelNbr=6411600184
QA_Magnolia Rich Snapshot.csv,QA Magnolia,2480501,Sold,3879901253,"327 W Olympic Place C, Seattle WA 98119",98119,2026-02-13,,2026-02-13,2026-02-13,1050000,1050000,1050000,0,0,1,,0,,,2,1.75,1503,2016,32 - Townhouse,Queen Anne,false,missing_pending_date,https://www.zillow.com/homes/327-w-olympic-place-c-seattle-wa-98119_rb/,https://blue.kingcounty.com/Assessor/eRealProperty/Dashboard.aspx?ParcelNbr=3879901253
NW Seattle Rich Snapshot.csv,NW Seattle,2460590,Sold,,"6547 11th Ave NW, Seattle WA 98117",98117,2025-12-11,2026-01-16,2026-02-13,2026-02-13,1250000,1250000,1162500,-87500,-0.07,0.93,36,36,36,28,3,3.5,2332,2026,32 - Townhouse,Whittier,true,,https://www.zillow.com/homes/6547-11th-ave-nw-seattle-wa-98117_rb/,
Central Seattle Rich Snapshot.csv,Central Seattle,2468218,Sold,5015001450,"781 26th Ave E, Seattle WA 98812",98812,2026-01-16,2026-01-20,2026-02-13,2026-02-13,1312500,1312500,1320000,7500,0.005714285714285714,1.0057142857142858,4,4,4,24,4,2.5,1947,2013,15 - Multi Level,Arboretum,true,,https://www.zillow.com/homes/781-26th-ave-e-seattle-wa-98812_rb/,https://blue.kingcounty.com/Assessor/eRealProperty/Dashboard.aspx?ParcelNbr=5015001450
Central Seattle Rich Snapshot.csv,Central Seattle,2463947,Sold,1964700015,"121 E Edgar St, Seattle WA 98102",98102,2025-12-30,2026-01-23,2026-02-12,2026-02-12,1998000,1998000,1765000,-233000,-0.11661661661661661,0.8833833833833834,24,24,24,20,3,1.75,2340,1926,16 - 1 Story w/Bsmnt.,Eastlake,true,,https://www.zillow.com/homes/121-e-edgar-st-seattle-wa-98102_rb/,https://blue.kingcounty.com/Assessor/eRealProperty/Dashboard.aspx?ParcelNbr=1964700015
QA_Magnolia Rich Snapshot.csv,QA Magnolia,2472611,Sold,2138700435,"2413 Warren Ave N, Seattle WA 98109",98109,2026-01-29,2026-02-02,2026-02-12,2026-02-12,1288000,1288000,1451000,163000,0.1265527950310559,1.1265527950310559,4,4,4,10,3,1.75,2060,1906,12 - 2 Story,Queen Anne,true,,https://www.zillow.com/homes/2413-warren-ave-n-seattle-wa-98109_rb/,https://blue.kingcounty.com/Assessor/eRealProperty/Dashboard.aspx?ParcelNbr=2138700435
QA_Magnolia Rich Snapshot.csv,QA Magnolia,2465944,Sold,5244800130,"2912 3rd Ave N, Seattle WA 98109",98109,2026-01-07,2026-01-21,2026-02-12,2026-02-12,1100000,1100000,1090000,-10000,-0.00909090909090909,0.990909090909091,14,69,14,22,2,1.5,1382,1914,18 - 2 Stories w/Bsmnt,Queen Anne,true,,https://www.zillow.com/homes/2912-3rd-ave-n-seattle-wa-98109_rb/,https://blue.kingcounty.com/Assessor/eRealProperty/Dashboard.aspx?ParcelNbr=5244800130
NW Seattle Rich Snapshot.csv,NW Seattle,2470983,Sold,3362900180,"318 N 77th St, Seattle WA 98103",98103,2026-01-22,2026-01-27,2026-02-12,2026-02-12,899950,899950,956000,56050,0.06228123784654703,1.062281237846547,5,5,5,16,2,1,1230,1914,16 - 1 Story w/Bsmnt.,Phinney Ridge,true,,https://www.zillow.com/homes/318-n-77th-st-seattle-wa-98103_rb/,https://blue.kingcounty.com/Assessor/eRealProperty/Dashboard.aspx?ParcelNbr=3362900180
QA_Magnolia Rich Snapshot.csv,QA Magnolia,2463224,Sold,2351800140,"3307 36th Avenue W, Seattle WA 98199",98199,2026-01-08,2026-01-22,2026-02-12,2026-02-12,1295000,1350000,1295000,0,0,1,14,14,14,21,3,1.75,2420,1946,17 - 1 1/2 Stry w/Bsmt,Magnolia,true,,https://www.zillow.com/homes/3307-36th-avenue-w-seattle-wa-98199_rb/,https://blue.kingcounty.com/Assessor/eRealProperty/Dashboard.aspx?ParcelNbr=2351800140
NW Seattle Rich Snapshot.csv,NW Seattle,2472286,Sold,3363400755,"349 N 72nd St, Seattle WA 98103",98103,2026-01-30,2026-02-02,2026-02-12,2026-02-12,1300000,1300000,1410000,110000,0.08461538461538462,1.0846153846153845,3,3,3,10,3,2,1880,1923,16 - 1 Story w/Bsmnt.,Phinney Ridge,true,,https://www.zillow.com/homes/349-n-72nd-st-seattle-wa-98103_rb/,https://blue.kingcounty.com/Assessor/eRealProperty/Dashboard.aspx?ParcelNbr=3363400755
NE Seattle Rich Snapshot.csv,NE Seattle,2472632,Sold,0925049270,"6056 25TH Ave NE, Seattle WA 98115",98115,2026-01-28,2026-01-30,2026-02-12,2026-02-12,990000,990000,1010000,20000,0.020202020202020204,1.02020202020202,2,2,2,13,4,2.5,2110,1926,17 - 1 1/2 Stry w/Bsmt,Ravenna,true,,https://www.zillow.com/homes/6056-25th-ave-ne-seattle-wa-98115_rb/,https://blue.kingcounty.com/Assessor/eRealProperty/Dashboard.aspx?ParcelNbr=0925049270
NW Seattle Rich Snapshot.csv,NW Seattle,2469596,Sold,2877102901,"6709 2nd Ave NW, Seattle WA 98117",98117,2026-01-20,2026-01-27,2026-02-12,2026-02-12,1250000,1250000,1442000,192000,0.1536,1.1536,7,7,7,16,3,1.75,2600,1917,16 - 1 Story w/Bsmnt.,Phinney Ridge,true,,https://www.zillow.com/homes/6709-2nd-ave-nw-seattle-wa-98117_rb/,https://blue.kingcounty.com/Assessor/eRealProperty/Dashboard.aspx?ParcelNbr=2877102901
NW Seattle Rich Snapshot.csv,NW Seattle,2470432,Sold,2877102100,"6727 6th Ave NW, Seattle WA 98117",98117,2026-01-21,2026-01-26,2026-02-12,2026-02-12,1175000,1175000,1386727,211727,0.1801931914893617,1.1801931914893617,5,5,5,17,3,2,2280,1930,17 - 1 1/2 Stry w/Bsmt,Phinney Ridge,true,,https://www.zillow.com/homes/6727-6th-ave-nw-seattle-wa-98117_rb/,https://blue.kingcounty.com/Assessor/eRealProperty/Dashboard.aspx?ParcelNbr=2877102100
NW Seattle Rich Snapshot.csv,NW Seattle,2456671,Sold,,"9017 Dibble Ave NW, Seattle WA 98117",98117,2025-11-21,2026-01-15,2026-02-12,2026-02-12,1319000,1319000,1300000,-19000,-0.014404852160727824,0.9855951478392722,55,55,55,28,4,3,2497,2025,32 - Townhouse,Crown Hill,true,,https://www.zillow.com/homes/9017-dibble-ave-nw-seattle-wa-98117_rb/,
Central Seattle Rich Snapshot.csv,Central Seattle,2460845,Sold,3204300110,"1419 25th Ave E, Seattle WA 98112",98112,2026-01-06,2026-01-09,2026-02-11,2026-02-11,1050000,1050000,1090000,40000,0.0380952380952381,1.0380952380952382,3,3,3,33,2,1.75,1610,1925,16 - 1 Story w/Bsmnt.,Montlake,true,,https://www.zillow.com/homes/1419-25th-ave-e-seattle-wa-98112_rb/,https://blue.kingcounty.com/Assessor/eRealProperty/Dashboard.aspx?ParcelNbr=3204300110
QA_Magnolia Rich Snapshot.csv,QA Magnolia,2468196,Sold,2770604366,"2806 14th Ave W A, Seattle WA 98119",98119,2026-01-14,2026-01-20,2026-02-11,2026-02-11,899000,899000,899000,0,0,1,6,6,6,22,3,2.25,1500,2014,32 - Townhouse,Queen Anne,true,,https://www.zillow.com/homes/2806-14th-ave-w-a-seattle-wa-98119_rb/,https://blue.kingcounty.com/Assessor/eRealProperty/Dashboard.aspx?ParcelNbr=2770604366
QA_Magnolia Rich Snapshot.csv,QA Magnolia,2472962,Sold,,"3203 28th Ave W B, Seattle WA 98199",98199,2026-01-27,2026-01-27,2026-02-11,2026-02-11,918000,918000,918000,0,0,1,0,0,0,15,2,2.25,1153,2026,31 - Condo (2 Levels),Magnolia,true,,https://www.zillow.com/homes/3203-28th-ave-w-b-seattle-wa-98199_rb/,
NW Seattle Rich Snapshot.csv,NW Seattle,2480238,Sold,4441300136,"9003 View Ave NW, Seattle WA 98117",98117,2026-02-11,,2026-02-11,2026-02-11,1312000,1312000,1312000,0,0,1,,0,,,3,1.75,2090,1948,16 - 1 Story w/Bsmnt.,North Beach,false,missing_pending_date,https://www.zillow.com/homes/9003-view-ave-nw-seattle-wa-98117_rb/,https://blue.kingcounty.com/Assessor/eRealProperty/Dashboard.aspx?ParcelNbr=4441300136
Central Seattle Rich Snapshot.csv,Central Seattle,2463691,Sold,7234600014,"916 15th Ave, Seattle WA 98122",98122,2025-12-27,2026-01-12,2026-02-11,2026-02-11,995000,995000,995000,0,0,1,16,16,16,30,3,1.75,1770,2026,32 - Townhouse,Capitol Hill,true,,https://www.zillow.com/homes/916-15th-ave-seattle-wa-98122_rb/,https://blue.kingcounty.com/Assessor/eRealProperty/Dashboard.aspx?ParcelNbr=7234600014
NW Seattle Rich Snapshot.csv,NW Seattle,2460632,Sold,2767900248,"932 NW 58th St, Seattle WA 98107",98107,2025-12-11,2026-01-08,2026-02-11,2026-02-11,1065000,1095000,1065000,0,0,1,28,56,28,34,3,2,1656,2025,32 - Townhouse,Ballard,true,,https://www.zillow.com/homes/932-nw-58th-st-seattle-wa-98107_rb/,https://blue.kingcounty.com/Assessor/eRealProperty/Dashboard.aspx?ParcelNbr=2767900248
NW Seattle Rich Snapshot.csv,NW Seattle,2470925,Sold,3126049277,"10333 Densmore Ave N, Seattle WA 98133",98133,2026-01-22,2026-01-25,2026-02-10,2026-02-10,1150000,1150000,1211000,61000,0.05304347826086957,1.0530434782608695,3,3,3,16,6,2.75,2300,1950,16 - 1 Story w/Bsmnt.,Northgate,true,,https://www.zillow.com/homes/10333-densmore-ave-n-seattle-wa-98133_rb/,https://blue.kingcounty.com/Assessor/eRealProperty/Dashboard.aspx?ParcelNbr=3126049277
NW Seattle Rich Snapshot.csv,NW Seattle,2448757,Sold,6300500485,"10345 Ashworth Ave N, Seattle WA 98133",98133,2025-10-30,2025-12-30,2026-02-10,2026-02-10,950000,950000,935000,-15000,-0.015789473684210527,0.9842105263157894,57,57,61,42,4,1.75,2562,1938,11 - 1 1/2 Story,Licton Springs,true,,https://www.zillow.com/homes/10345-ashworth-ave-n-seattle-wa-98133_rb/,https://blue.kingcounty.com/Assessor/eRealProperty/Dashboard.aspx?ParcelNbr=6300500485
NW Seattle Rich Snapshot.csv,NW Seattle,2459405,Sold,1139000430,"10719 2nd Ave NW, Seattle WA 98177",98177,2025-12-04,2026-01-09,2026-02-10,2026-02-10,1749000,1749000,1650000,-99000,-0.05660377358490566,0.9433962264150944,36,36,36,32,4,3.25,2536,2025,15 - Multi Level,Broadview,true,,https://www.zillow.com/homes/10719-2nd-ave-nw-seattle-wa-98177_rb/,https://blue.kingcounty.com/Assessor/eRealProperty/Dashboard.aspx?ParcelNbr=1139000430
NW Seattle Rich Snapshot.csv,NW Seattle,2438086,Sold,,"1111 NW 65th St, Seattle WA 98117",98117,2025-09-26,2026-01-09,2026-02-10,2026-02-10,975000,1098000,975000,0,0,1,105,105,105,32,3,2.25,1613,2025,13 - Tri-Level,Ballard,true,,https://www.zillow.com/homes/1111-nw-65th-st-seattle-wa-98117_rb/,
NE Seattle Rich Snapshot.csv,NE Seattle,2468766,Sold,3448002260,"11551 34th Ave NE, Seattle WA 98125",98125,2026-01-15,2026-01-17,2026-02-10,2026-02-10,1295000,1295000,1400000,105000,0.08108108108108109,1.0810810810810811,2,2,2,24,4,2.5,2960,2010,12 - 2 Story,Meadowbrook,true,,https://www.zillow.com/homes/11551-34th-ave-ne-seattle-wa-98125_rb/,https://blue.kingcounty.com/Assessor/eRealProperty/Dashboard.aspx?ParcelNbr=3448002260
NW Seattle Rich Snapshot.csv,NW Seattle,2453673,Sold,1646501315,"146 NW 79th St, Seattle WA 98117",98117,2025-11-09,2026-01-08,2026-02-10,2026-02-10,899950,935000,872000,-27950,-0.031057280960053335,0.9689427190399467,60,60,60,33,2,2,1320,1919,16 - 1 Story w/Bsmnt.,Phinney Ridge,true,,https://www.zillow.com/homes/146-nw-79th-st-seattle-wa-98117_rb/,https://blue.kingcounty.com/Assessor/eRealProperty/Dashboard.aspx?ParcelNbr=1646501315
QA_Magnolia Rich Snapshot.csv,QA Magnolia,2444656,Sold,3547900600,"1820 Magnolia Wy W, Seattle WA 98199",98199,2025-11-19,2026-01-26,2026-02-10,2026-02-10,1675000,1800000,1650000,-25000,-0.014925373134328358,0.9850746268656716,68,68,68,15,3,3,2200,1938,18 - 2 Stories w/Bsmnt,Magnolia,true,,https://www.zillow.com/homes/1820-magnolia-wy-w-seattle-wa-98199_rb/,https://blue.kingcounty.com/Assessor/eRealProperty/Dashboard.aspx?ParcelNbr=3547900600
Central Seattle Rich Snapshot.csv,Central Seattle,2479263,Sold,9828702050,"1833 27th Ave, Seattle WA 98122",98122,2026-02-10,,2026-02-10,2026-02-10,850000,850000,850000,0,0,1,,0,,,3,2.5,1680,2010,32 - Townhouse,Madison Park,false,missing_pending_date,https://www.zillow.com/homes/1833-27th-ave-seattle-wa-98122_rb/,https://blue.kingcounty.com/Assessor/eRealProperty/Dashboard.aspx?ParcelNbr=9828702050
NW Seattle Rich Snapshot.csv,NW Seattle,2464493,Sold,9550205110,"324 NE 50th St, Seattle WA 98105",98105,2026-01-01,2026-01-03,2026-02-10,2026-02-10,985000,985000,965000,-20000,-0.02030456852791878,0.9796954314720813,2,121,2,38,4,2.5,2550,1909,18 - 2 Stories w/Bsmnt,Wallingford,true,,https://www.zillow.com/homes/324-ne-50th-st-seattle-wa-98105_rb/,https://blue.kingcounty.com/Assessor/eRealProperty/Dashboard.aspx?ParcelNbr=9550205110
Central Seattle Rich Snapshot.csv,Central Seattle,2433403,Sold,1344300195,"511 23rd Ave E, Seattle WA 98112",98112,2025-10-01,2026-01-20,2026-02-10,2026-02-10,1209100,1209100,1155000,-54100,-0.04474402448101894,0.9552559755189811,111,232,111,21,4,2.75,2400,1921,18 - 2 Stories w/Bsmnt,Capitol Hill,true,,https://www.zillow.com/homes/511-23rd-ave-e-seattle-wa-98112_rb/,https://blue.kingcounty.com/Assessor/eRealProperty/Dashboard.aspx?ParcelNbr=1344300195
NE Seattle Rich Snapshot.csv,NE Seattle,2450867,Sold,2409500511,"6037 NE 61st St, Seattle WA 98115",98115,2025-11-06,2026-01-06,2026-02-10,2026-02-10,1295000,1350000,1220000,-75000,-0.05791505791505792,0.9420849420849421,61,61,61,35,4,2.5,2240,1962,14 - Split Entry,Windermere,true,,https://www.zillow.com/homes/6037-ne-61st-st-seattle-wa-98115_rb/,https://blue.kingcounty.com/Assessor/eRealProperty/Dashboard.aspx?ParcelNbr=2409500511
NW Seattle Rich Snapshot.csv,NW Seattle,2466033,Sold,2880100800,"6525 7th Ave NW, Seattle WA 98117",98117,2026-01-08,2026-01-09,2026-02-10,2026-02-10,1389000,1389000,1400000,11000,0.007919366450683946,1.007919366450684,1,1,1,32,4,2.75,2360,1906,18 - 2 Stories w/Bsmnt,Ballard,true,,https://www.zillow.com/homes/6525-7th-ave-nw-seattle-wa-98117_rb/,https://blue.kingcounty.com/Assessor/eRealProperty/Dashboard.aspx?ParcelNbr=2880100800
NW Seattle Rich Snapshot.csv,NW Seattle,2465647,Sold,6430000940,"740 N 82nd St, Seattle WA 98103",98103,2026-01-15,2026-01-20,2026-02-10,2026-02-10,1185000,1185000,1337000,152000,0.12827004219409283,1.1282700421940928,5,5,5,21,4,2.5,2080,1926,17 - 1 1/2 Stry w/Bsmt,Greenwood,true,,https://www.zillow.com/homes/740-n-82nd-st-seattle-wa-98103_rb/,https://blue.kingcounty.com/Assessor/eRealProperty/Dashboard.aspx?ParcelNbr=6430000940
NW Seattle Rich Snapshot.csv,NW Seattle,2468820,Sold,6145600335,"742 N 104th St, Seattle WA 98133",98133,2026-01-16,2026-01-20,2026-02-10,2026-02-10,1095000,1095000,1150000,55000,0.0502283105022831,1.0502283105022832,4,4,4,21,4,3,2420,1914,18 - 2 Stories w/Bsmnt,Greenwood,true,,https://www.zillow.com/homes/742-n-104th-st-seattle-wa-98133_rb/,https://blue.kingcounty.com/Assessor/eRealProperty/Dashboard.aspx?ParcelNbr=6145600335
NW Seattle Rich Snapshot.csv,NW Seattle,2470191,Sold,7522500075,"7731 29th Ave NW, Seattle WA 98117",98117,2026-01-21,2026-01-26,2026-02-10,2026-02-10,995000,995000,1121000,126000,0.12663316582914572,1.1266331658291457,5,5,5,15,3,1.75,1820,1947,16 - 1 Story w/Bsmnt.,Sunset Hill,true,,https://www.zillow.com/homes/7731-29th-ave-nw-seattle-wa-98117_rb/,https://blue.kingcounty.com/Assessor/eRealProperty/Dashboard.aspx?ParcelNbr=7522500075
NW Seattle Rich Snapshot.csv,NW Seattle,2470071,Sold,6094830010,"9716 Dayton Ave N, Seattle WA 98103",98103,2026-01-29,2026-02-02,2026-02-10,2026-02-10,950000,950000,1000000,50000,0.05263157894736842,1.0526315789473684,4,4,4,8,4,1.75,2290,1937,17 - 1 1/2 Stry w/Bsmt,Greenwood,true,,https://www.zillow.com/homes/9716-dayton-ave-n-seattle-wa-98103_rb/,https://blue.kingcounty.com/Assessor/eRealProperty/Dashboard.aspx?ParcelNbr=6094830010
Central Seattle Rich Snapshot.csv,Central Seattle,2460793,Sold,7217400431,"1111 26th Ave, Seattle WA 98122",98122,2025-12-19,2026-01-22,2026-02-09,2026-02-09,1574900,1574900,1574900,0,0,1,13,13,34,18,4,4.25,2444,2026,32 - Townhouse,Central Area,true,,https://www.zillow.com/homes/1111-26th-ave-seattle-wa-98122_rb/,https://blue.kingcounty.com/Assessor/eRealProperty/Dashboard.aspx?ParcelNbr=7217400431
NW Seattle Rich Snapshot.csv,NW Seattle,2451184,Sold,6145601170,"329 N 103rd St, Seattle WA 98133",98133,2025-10-31,2026-01-02,2026-02-09,2026-02-09,1498000,1498000,1464000,-34000,-0.022696929238985315,0.9773030707610146,63,63,63,38,4,3.5,2882,2025,15 - Multi Level,Greenwood,true,,https://www.zillow.com/homes/329-n-103rd-st-seattle-wa-98133_rb/,https://blue.kingcounty.com/Assessor/eRealProperty/Dashboard.aspx?ParcelNbr=6145601170
NW Seattle Rich Snapshot.csv,NW Seattle,2470113,Sold,0475001180,"334 NW 51st St, Seattle WA 98107",98107,2026-01-20,2026-01-27,2026-02-09,2026-02-09,1695000,1695000,1695000,0,0,1,7,7,7,13,3,1.75,2394,1910,12 - 2 Story,Ballard,true,,https://www.zillow.com/homes/334-nw-51st-st-seattle-wa-98107_rb/,https://blue.kingcounty.com/Assessor/eRealProperty/Dashboard.aspx?ParcelNbr=0475001180
NE Seattle Rich Snapshot.csv,NE Seattle,2431515,Sold,2862100950,"5020 7th Ave NE, Seattle WA 98105",98105,2025-09-18,2026-01-11,2026-02-09,2026-02-09,995000,995000,925000,-70000,-0.07035175879396985,0.9296482412060302,67,164,115,29,7,2.25,2810,1925,18 - 2 Stories w/Bsmnt,University District,true,,https://www.zillow.com/homes/5020-7th-ave-ne-seattle-wa-98105_rb/,https://blue.kingcounty.com/Assessor/eRealProperty/Dashboard.aspx?ParcelNbr=2862100950
NW Seattle Rich Snapshot.csv,NW Seattle,2438740,Sold,,"9018 13th Ave NW A, Seattle WA 98117",98117,2025-09-26,2026-01-12,2026-02-09,2026-02-09,969950,989950,969950,0,0,1,108,108,108,28,3,2.25,1728,2025,32 - Townhouse,Crown Hill,true,,https://www.zillow.com/homes/9018-13th-ave-nw-a-seattle-wa-98117_rb/,
Central_South Seattle Sale Stats.csv,Central South Seattle,2435419,Sold,9828702516,"102 24th Ave E A, Seattle WA 98112",98112,2025-10-31,2026-01-21,2026-02-06,2026-02-06,869900,875000,880000,10100,0.011610529945970801,1.0116105299459708,82,82,82,16,3,2.75,1313,2004,32 - Townhouse,Central Area,true,,https://www.zillow.com/homes/102-24th-ave-e-a-seattle-wa-98112_rb/,https://blue.kingcounty.com/Assessor/eRealProperty/Dashboard.aspx?ParcelNbr=9828702516
NW Seattle Sale Stats.csv,NW Seattle,2468326,Sold,7308900560,"12021 1st Ave NW, Seattle WA 98177",98177,2026-01-15,2026-01-20,2026-02-06,2026-02-06,1375000,1375000,1375000,0,0,1,5,5,5,17,3,2.25,2570,1936,16 - 1 Story w/Bsmnt.,Broadview,true,,https://www.zillow.com/homes/12021-1st-ave-nw-seattle-wa-98177_rb/,https://blue.kingcounty.com/Assessor/eRealProperty/Dashboard.aspx?ParcelNbr=7308900560
QA_Magnolia Rich Snapshot.csv,QA Magnolia,2467132,Sold,0000000000,"2844 22nd Ave W, Seattle WA 98199",98199,2026-01-06,2026-01-15,2026-02-06,2026-02-06,819950,819950,815000,-4950,-0.00603695347277273,0.9939630465272272,9,9,9,22,3,1.75,1302,2025,32 - Townhouse,Magnolia,true,,https://www.zillow.com/homes/2844-22nd-ave-w-seattle-wa-98199_rb/,https://blue.kingcounty.com/Assessor/eRealProperty/Dashboard.aspx?ParcelNbr=0000000000
QA_Magnolia Sale Stats.csv,QA Magnolia,2460371,Sold,,"2844 22nd Ave W, Seattle WA 98199",98199,2026-01-06,2026-01-15,2026-02-06,2026-02-06,819950,819950,815000,-4950,-0.00603695347277273,0.9939630465272272,9,9,9,22,3,1.75,1302,2025,32 - Townhouse,Magnolia,true,,https://www.zillow.com/homes/2844-22nd-ave-w-seattle-wa-98199_rb/,
Central_South Seattle Sale Stats.csv,Central South Seattle,2467521,Sold,3646100940,"703 24th Ave S, Seattle WA 98144",98144,2026-01-14,2026-01-20,2026-02-06,2026-02-06,1450000,1450000,1452750,2750,0.001896551724137931,1.0018965517241378,6,6,6,17,5,2.25,3720,1905,15 - Multi Level,Judkins,true,,https://www.zillow.com/homes/703-24th-ave-s-seattle-wa-98144_rb/,https://blue.kingcounty.com/Assessor/eRealProperty/Dashboard.aspx?ParcelNbr=3646100940
NW Seattle Sale Stats.csv,NW Seattle,2465126,Sold,7519000486,"7705 3rd Ave NW, Seattle WA 98117",98117,2026-01-15,2026-01-20,2026-02-06,2026-02-06,700000,700000,807500,107500,0.15357142857142858,1.1535714285714285,5,5,5,17,3,1.75,1996,1928,18 - 2 Stories w/Bsmnt,Phinney Ridge,true,,https://www.zillow.com/homes/7705-3rd-ave-nw-seattle-wa-98117_rb/,https://blue.kingcounty.com/Assessor/eRealProperty/Dashboard.aspx?ParcelNbr=7519000486
NW Seattle Sale Stats.csv,NW Seattle,2463659,Sold,6638900461,"8700 12th Ave NW, Seattle WA 98117",98117,2026-01-06,2026-01-13,2026-02-06,2026-02-06,1399900,1399900,1400000,100,0.00007143367383384528,1.0000714336738339,7,7,7,24,3,2.25,2050,2011,12 - 2 Story,Crown Hill,true,,https://www.zillow.com/homes/8700-12th-ave-nw-seattle-wa-98117_rb/,https://blue.kingcounty.com/Assessor/eRealProperty/Dashboard.aspx?ParcelNbr=6638900461
NW Seattle Sale Stats.csv,NW Seattle,2468887,Sold,6824100200,"920 NW 96th St, Seattle WA 98117",98117,2026-01-15,2026-01-21,2026-02-06,2026-02-06,998850,998850,998850,0,0,1,6,6,6,16,3,2,1640,1947,16 - 1 Story w/Bsmnt.,Crown Hill,true,,https://www.zillow.com/homes/920-nw-96th-st-seattle-wa-98117_rb/,https://blue.kingcounty.com/Assessor/eRealProperty/Dashboard.aspx?ParcelNbr=6824100200
NW Seattle Sale Stats.csv,NW Seattle,2452962,Sold,,"1203 N Allen Place, Seattle WA 98103",98103,2025-11-21,2025-12-27,2026-02-05,2026-02-05,1174950,1174950,1188250,13300,0.011319630622579685,1.0113196306225798,36,128,36,40,4,2.75,1830,2025,32 - Townhouse,Fremont,true,,https://www.zillow.com/homes/1203-n-allen-place-seattle-wa-98103_rb/,
Central_South Seattle Sale Stats.csv,Central South Seattle,2467268,Sold,4141800045,"1523 35th Ave, Seattle WA 98122",98122,2026-01-15,2026-01-20,2026-02-05,2026-02-05,1225000,1225000,1387000,162000,0.13224489795918368,1.1322448979591837,5,5,5,16,4,2,2480,1901,18 - 2 Stories w/Bsmnt,Madrona,true,,https://www.zillow.com/homes/1523-35th-ave-seattle-wa-98122_rb/,https://blue.kingcounty.com/Assessor/eRealProperty/Dashboard.aspx?ParcelNbr=4141800045
NW Seattle Sale Stats.csv,NW Seattle,2466373,Sold,,"1749 NW 59th St A, Seattle WA 98107",98107,2026-01-08,2026-01-13,2026-02-05,2026-02-05,819000,819000,825000,6000,0.007326007326007326,1.0073260073260073,5,5,5,23,3,3.25,1460,2007,32 - Townhouse,Ballard,true,,https://www.zillow.com/homes/1749-nw-59th-st-a-seattle-wa-98107_rb/,
Central_South Seattle Sale Stats.csv,Central South Seattle,2465858,Sold,9828701428,"1809 Martin Luther King Jr Wy, Seattle WA 98122",98122,2026-01-08,2026-01-12,2026-02-05,2026-02-05,1249000,1249000,1272500,23500,0.018815052041633307,1.0188150520416333,4,4,4,24,3,2.5,2278,2003,18 - 2 Stories w/Bsmnt,Madison Park,true,,https://www.zillow.com/homes/1809-martin-luther-king-jr-wy-seattle-wa-98122_rb/,https://blue.kingcounty.com/Assessor/eRealProperty/Dashboard.aspx?ParcelNbr=9828701428
NW Seattle Sale Stats.csv,NW Seattle,2468003,Sold,4083306196,"3531 Wallingford Ave N, Seattle WA 98103",98103,2026-01-16,2026-01-26,2026-02-05,2026-02-05,975000,975000,960000,-15000,-0.015384615384615385,0.9846153846153847,10,83,10,10,2,1.75,1390,2018,32 - Townhouse,Wallingford,true,,https://www.zillow.com/homes/3531-wallingford-ave-n-seattle-wa-98103_rb/,https://blue.kingcounty.com/Assessor/eRealProperty/Dashboard.aspx?ParcelNbr=4083306196
NW Seattle Sale Stats.csv,NW Seattle,2416002,Sold,5693500815,"4333 Evanston Ave N, Seattle WA 98103",98103,2025-08-02,2025-12-17,2026-02-05,2026-02-05,1195000,1295000,1185000,-10000,-0.008368200836820083,0.9916317991631799,137,137,137,50,4,1.75,2380,1901,18 - 2 Stories w/Bsmnt,Fremont,true,,https://www.zillow.com/homes/4333-evanston-ave-n-seattle-wa-98103_rb/,https://blue.kingcounty.com/Assessor/eRealProperty/Dashboard.aspx?ParcelNbr=5693500815
NW Seattle Sale Stats.csv,NW Seattle,2468798,Sold,,"7341 11th Ave NW, Seattle WA 98117",98117,2026-01-15,2026-01-20,2026-02-05,2026-02-05,898000,898000,950000,52000,0.05790645879732739,1.0579064587973275,5,5,5,16,2,1.75,1190,1909,10 - 1 Story,Whittier,true,,https://www.zillow.com/homes/7341-11th-ave-nw-seattle-wa-98117_rb/,
NW Seattle Sale Stats.csv,NW Seattle,2461125,Sold,2917200345,"9748 Dayton Ave N, Seattle WA 98103",98103,2025-12-17,2025-12-24,2026-02-05,2026-02-05,925000,925000,945000,20000,0.021621621621621623,1.0216216216216216,7,7,7,43,4,1,1610,1947,17 - 1 1/2 Stry w/Bsmt,Greenwood,true,,https://www.zillow.com/homes/9748-dayton-ave-n-seattle-wa-98103_rb/,https://blue.kingcounty.com/Assessor/eRealProperty/Dashboard.aspx?ParcelNbr=2917200345
Central_South Seattle Sale Stats.csv,Central South Seattle,2461495,Sold,6909200084,"1301 31st Ave S, Seattle WA 98144",98144,2025-12-22,2025-12-31,2026-02-04,2026-02-04,989900,989900,975900,-14000,-0.014142842711384988,0.985857157288615,9,9,9,35,3,2,1836,2025,32 - Townhouse,Leschi,true,,https://www.zillow.com/homes/1301-31st-ave-s-seattle-wa-98144_rb/,https://blue.kingcounty.com/Assessor/eRealProperty/Dashboard.aspx?ParcelNbr=6909200084
NW Seattle Sale Stats.csv,NW Seattle,2468277,Sold,,"1803 NW 83rd St, Seattle WA 98117",98117,2026-01-14,2026-01-20,2026-02-04,2026-02-04,1100000,1100000,1330000,230000,0.20909090909090908,1.209090909090909,6,6,6,15,3,1.75,2630,1930,17 - 1 1/2 Stry w/Bsmt,Loyal Heights,true,,https://www.zillow.com/homes/1803-nw-83rd-st-seattle-wa-98117_rb/,
QA_Magnolia Rich Snapshot.csv,QA Magnolia,2464083,Sold,1370803595,"1947 34th Ave W, Seattle WA 98199",98199,2026-01-08,2026-01-12,2026-02-04,2026-02-04,1025000,1025000,1025000,0,0,1,4,4,4,23,3,1.75,1290,1942,16 - 1 Story w/Bsmnt.,Magnolia,true,,https://www.zillow.com/homes/1947-34th-ave-w-seattle-wa-98199_rb/,https://blue.kingcounty.com/Assessor/eRealProperty/Dashboard.aspx?ParcelNbr=1370803595
NW Seattle Sale Stats.csv,NW Seattle,2443636,Sold,2872100025,"7400 32nd Ave NW, Seattle WA 98117",98117,2025-10-10,2026-01-05,2026-02-04,2026-02-04,885000,940000,885000,0,0,1,87,87,87,30,3,1,1780,1918,16 - 1 Story w/Bsmnt.,Sunset Hill,true,,https://www.zillow.com/homes/7400-32nd-ave-nw-seattle-wa-98117_rb/,https://blue.kingcounty.com/Assessor/eRealProperty/Dashboard.aspx?ParcelNbr=2872100025
QA_Magnolia Rich Snapshot.csv,QA Magnolia,2466354,Sold,3879900757,"115 W Kinnear Place, Seattle WA 98119",98119,2026-01-08,2026-01-11,2026-02-03,2026-02-03,1330000,1330000,1330000,0,0,1,3,3,3,23,3,2.5,1781,2009,32 - Townhouse,Queen Anne,true,,https://www.zillow.com/homes/115-w-kinnear-place-seattle-wa-98119_rb/,https://blue.kingcounty.com/Assessor/eRealProperty/Dashboard.aspx?ParcelNbr=3879900757
NE Seattle Sale Stats.csv,NE Seattle,2466182,Sold,5101402211,"1701 NE 90th St, Seattle WA 98115",98115,2026-01-09,2026-01-11,2026-02-03,2026-02-03,1375000,1375000,1380000,5000,0.0036363636363636364,1.0036363636363637,2,2,2,23,4,2.75,,1966,16 - 1 Story w/Bsmnt.,Maple Leaf,true,,https://www.zillow.com/homes/1701-ne-90th-st-seattle-wa-98115_rb/,https://blue.kingcounty.com/Assessor/eRealProperty/Dashboard.aspx?ParcelNbr=5101402211
Central_South Seattle Sale Stats.csv,Central South Seattle,2468167,Sold,1952200360,"2409 Boyer Ave E, Seattle WA 98112",98112,2026-01-15,2026-01-20,2026-02-03,2026-02-03,999950,999950,825000,-174950,-0.17495874793739688,0.8250412520626031,5,5,5,14,3,2.5,2140,1951,11 - 1 1/2 Story,North Capitol Hill,true,,https://www.zillow.com/homes/2409-boyer-ave-e-seattle-wa-98112_rb/,https://blue.kingcounty.com/Assessor/eRealProperty/Dashboard.aspx?ParcelNbr=1952200360
QA_Magnolia Rich Snapshot.csv,QA Magnolia,2466050,Sold,2652500075,"2554 3rd Ave W, Seattle WA 98119",98119,2026-01-08,2026-01-14,2026-02-03,2026-02-03,1095000,1095000,1120000,25000,0.0228310502283105,1.0228310502283104,6,6,6,20,4,1.75,1854,1928,16 - 1 Story w/Bsmnt.,Queen Anne,true,,https://www.zillow.com/homes/2554-3rd-ave-w-seattle-wa-98119_rb/,https://blue.kingcounty.com/Assessor/eRealProperty/Dashboard.aspx?ParcelNbr=2652500075
NW Seattle Sale Stats.csv,NW Seattle,2465058,Sold,1982200752,"4602 6th Ave NW, Seattle WA 98107",98107,2026-01-08,2026-01-13,2026-02-03,2026-02-03,835000,835000,825000,-10000,-0.011976047904191617,0.9880239520958084,5,5,5,21,2,1.75,1730,1918,16 - 1 Story w/Bsmnt.,Ballard,true,,https://www.zillow.com/homes/4602-6th-ave-nw-seattle-wa-98107_rb/,https://blue.kingcounty.com/Assessor/eRealProperty/Dashboard.aspx?ParcelNbr=1982200752
NE Seattle Sale Stats.csv,NE Seattle,2437805,Sold,7974200559,"7003 40th Ave NE, Seattle WA 98115",98115,2025-09-25,2025-11-28,2026-02-03,2026-02-03,899900,995000,875000,-24900,-0.02766974108234248,0.9723302589176576,35,35,64,67,3,1.75,,1920,16 - 1 Story w/Bsmnt.,View Ridge,true,,https://www.zillow.com/homes/7003-40th-ave-ne-seattle-wa-98115_rb/,https://blue.kingcounty.com/Assessor/eRealProperty/Dashboard.aspx?ParcelNbr=7974200559
NE Seattle Sale Stats.csv,NE Seattle,2467915,Sold,6392000740,"7747 37th Ave NE, Seattle WA 98115",98115,2026-01-15,2026-01-18,2026-02-03,2026-02-03,1200000,1200000,1200000,0,0,1,3,3,3,16,4,2,,1960,16 - 1 Story w/Bsmnt.,Wedgwood,true,,https://www.zillow.com/homes/7747-37th-ave-ne-seattle-wa-98115_rb/,https://blue.kingcounty.com/Assessor/eRealProperty/Dashboard.aspx?ParcelNbr=6392000740
NW Seattle Sale Stats.csv,NW Seattle,2465810,Sold,5541300095,"915 N 92nd St, Seattle WA 98103",98103,2026-01-08,2026-01-14,2026-02-03,2026-02-03,849950,849950,860000,10050,0.011824224954409083,1.0118242249544092,6,6,6,20,3,1.75,1735,1935,16 - 1 Story w/Bsmnt.,Greenwood,true,,https://www.zillow.com/homes/915-n-92nd-st-seattle-wa-98103_rb/,https://blue.kingcounty.com/Assessor/eRealProperty/Dashboard.aspx?ParcelNbr=5541300095
QA_Magnolia Rich Snapshot.csv,QA Magnolia,2452919,Sold,1860600855,"1512 10th Ave W, Seattle WA 98119",98119,2025-11-21,2026-01-05,2026-02-02,2026-02-02,1099000,1150000,975000,-124000,-0.11282984531392175,0.8871701546860783,45,45,45,28,3,2.75,2300,1923,17 - 1 1/2 Stry w/Bsmt,Queen Anne,true,,https://www.zillow.com/homes/1512-10th-ave-w-seattle-wa-98119_rb/,https://blue.kingcounty.com/Assessor/eRealProperty/Dashboard.aspx?ParcelNbr=1860600855
Central_South Seattle Sale Stats.csv,Central South Seattle,2466935,Sold,,"1717 17th Ave, Seattle WA 98122",98122,2026-01-09,2026-01-18,2026-02-02,2026-02-02,1125950,1125950,1125950,0,0,1,9,9,9,15,3,2.25,1624,2025,32 - Townhouse,Capitol Hill,true,,https://www.zillow.com/homes/1717-17th-ave-seattle-wa-98122_rb/,
Central_South Seattle Sale Stats.csv,Central South Seattle,2475992,Sold,8722100700,"1924 E Blaine St, Seattle WA 98112",98112,2026-02-02,,2026-02-02,2026-02-02,1500000,1500000,1500000,0,0,1,,0,,,3,2.5,2620,1926,18 - 2 Stories w/Bsmnt,Montlake,false,missing_pending_date,https://www.zillow.com/homes/1924-e-blaine-st-seattle-wa-98112_rb/,https://blue.kingcounty.com/Assessor/eRealProperty/Dashboard.aspx?ParcelNbr=8722100700
QA_Magnolia Rich Snapshot.csv,QA Magnolia,2468551,Sold,1732800195,"310 W Lee St, Seattle WA 98119",98119,2026-01-21,2026-01-26,2026-02-02,2026-02-02,1395000,1395000,1460000,65000,0.04659498207885305,1.0465949820788532,5,5,5,7,3,3.25,1870,2008,32 - Townhouse,Queen Anne,true,,https://www.zillow.com/homes/310-w-lee-st-seattle-wa-98119_rb/,https://blue.kingcounty.com/Assessor/eRealProperty/Dashboard.aspx?ParcelNbr=1732800195
NW Seattle Sale Stats.csv,NW Seattle,2465099,Sold,,"3409 NW 57th St, Seattle WA 98107",98107,2026-01-08,2026-01-20,2026-02-02,2026-02-02,1668000,1668000,1600000,-68000,-0.0407673860911271,0.9592326139088729,12,12,12,13,4,3.5,2502,2026,15 - Multi Level,Sunset Hill,true,,https://www.zillow.com/homes/3409-nw-57th-st-seattle-wa-98107_rb/,
Central_South Seattle Sale Stats.csv,Central South Seattle,2454657,Sold,5649600436,"3914 S Brandon St, Seattle WA 98118",98118,2025-11-20,2025-12-16,2026-02-02,2026-02-02,874000,899000,830000,-44000,-0.05034324942791762,0.9496567505720824,26,26,26,48,4,3.5,2380,2021,18 - 2 Stories w/Bsmnt,Columbia City,true,,https://www.zillow.com/homes/3914-s-brandon-st-seattle-wa-98118_rb/,https://blue.kingcounty.com/Assessor/eRealProperty/Dashboard.aspx?ParcelNbr=5649600436
NW Seattle Sale Stats.csv,NW Seattle,2442274,Sold,5695000163,"4202 Linden Ave N, Seattle WA 98103",98103,2025-10-10,2025-12-21,2026-02-02,2026-02-02,850000,885000,825000,-25000,-0.029411764705882353,0.9705882352941176,72,72,72,43,3,3.25,1430,2008,32 - Townhouse,Fremont,true,,https://www.zillow.com/homes/4202-linden-ave-n-seattle-wa-98103_rb/,https://blue.kingcounty.com/Assessor/eRealProperty/Dashboard.aspx?ParcelNbr=5695000163
NE Seattle Sale Stats.csv,NE Seattle,2468067,Sold,7173700180,"5037 21st Ave NE, Seattle WA 98105",98105,2026-01-13,2026-01-14,2026-02-02,2026-02-02,1314000,1314000,1250000,-64000,-0.0487062404870624,0.9512937595129376,1,160,1,19,9,4,,1926,18 - 2 Stories w/Bsmnt,University District,true,,https://www.zillow.com/homes/5037-21st-ave-ne-seattle-wa-98105_rb/,https://blue.kingcounty.com/Assessor/eRealProperty/Dashboard.aspx?ParcelNbr=7173700180
NW Seattle Sale Stats.csv,NW Seattle,2414324,Sold,0946000293,"630 NW 85th St Unit A, Seattle WA 98117",98117,2025-07-30,2025-12-29,2026-02-02,2026-02-02,834950,879000,815000,-19950,-0.023893646326127314,0.9761063536738727,152,152,152,35,3,1.75,1680,2017,32 - Townhouse,Greenwood,true,,https://www.zillow.com/homes/630-nw-85th-st-unit-a-seattle-wa-98117_rb/,https://blue.kingcounty.com/Assessor/eRealProperty/Dashboard.aspx?ParcelNbr=0946000293
NW Seattle Sale Stats.csv,NW Seattle,2476129,Sold,7518501115,"7309 16th Ave NW, Seattle WA 98117",98117,2026-02-02,,2026-02-02,2026-02-02,1140000,1140000,1140000,0,0,1,,0,,,3,1.75,2150,1947,17 - 1 1/2 Stry w/Bsmt,Ballard,false,missing_pending_date,https://www.zillow.com/homes/7309-16th-ave-nw-seattle-wa-98117_rb/,https://blue.kingcounty.com/Assessor/eRealProperty/Dashboard.aspx?ParcelNbr=7518501115
Central_South Seattle Sale Stats.csv,Central South Seattle,2447774,Sold,2779100450,"150 24th Ave, Seattle WA 98122",98122,2025-10-30,2026-01-02,2026-01-30,2026-01-30,950000,1000000,930000,-20000,-0.021052631578947368,0.9789473684210527,45,45,64,28,4,1,4900,1930,18 - 2 Stories w/Bsmnt,Central Area,true,,https://www.zillow.com/homes/150-24th-ave-seattle-wa-98122_rb/,https://blue.kingcounty.com/Assessor/eRealProperty/Dashboard.aspx?ParcelNbr=2779100450
QA_Magnolia Sale Stats.csv,QA Magnolia,2458569,Sold,5039800015,"1644 32nd Ave W, Seattle WA 98199",98199,2025-12-03,2026-01-03,2026-01-30,2026-01-30,1390000,1390000,1316000,-74000,-0.053237410071942444,0.9467625899280575,26,26,31,27,4,2.5,2148,1965,12 - 2 Story,Magnolia,true,,https://www.zillow.com/homes/1644-32nd-ave-w-seattle-wa-98199_rb/,https://blue.kingcounty.com/Assessor/eRealProperty/Dashboard.aspx?ParcelNbr=5039800015
Central_South Seattle Sale Stats.csv,Central South Seattle,2336251,Sold,7548300059,"1709 15th Ave S, Seattle WA 98144",98144,2025-02-27,2025-12-26,2026-01-30,2026-01-30,899000,1000000,899000,0,0,1,302,302,302,35,4,2,2040,2022,32 - Townhouse,N Beacon Hill,true,,https://www.zillow.com/homes/1709-15th-ave-s-seattle-wa-98144_rb/,https://blue.kingcounty.com/Assessor/eRealProperty/Dashboard.aspx?ParcelNbr=7548300059
NW Seattle Sale Stats.csv,NW Seattle,2475209,Sold,2000700426,"207 N 73rd St, Seattle WA 98103",98103,2026-01-30,,2026-01-30,2026-01-30,1025000,1025000,1025000,0,0,1,,0,,,3,1.75,1640,1916,16 - 1 Story w/Bsmnt.,Phinney Ridge,false,missing_pending_date,https://www.zillow.com/homes/207-n-73rd-st-seattle-wa-98103_rb/,https://blue.kingcounty.com/Assessor/eRealProperty/Dashboard.aspx?ParcelNbr=2000700426
QA_Magnolia Sale Stats.csv,QA Magnolia,2475433,Sold,1370802360,"2439 36th Ave W, Seattle WA 98199",98199,2026-01-30,,2026-01-30,2026-01-30,1800000,1800000,1800000,0,0,1,,0,,,5,3,3640,1941,18 - 2 Stories w/Bsmnt,Magnolia,false,missing_pending_date,https://www.zillow.com/homes/2439-36th-ave-w-seattle-wa-98199_rb/,https://blue.kingcounty.com/Assessor/eRealProperty/Dashboard.aspx?ParcelNbr=1370802360
NE Seattle Sale Stats.csv,NE Seattle,2461246,Sold,5363200048,"3203 NE 89th St, Seattle WA 98115",98115,2026-01-08,2026-01-15,2026-01-30,2026-01-30,975000,975000,975000,0,0,1,7,7,7,15,3,1.25,,1956,16 - 1 Story w/Bsmnt.,Wedgwood,true,,https://www.zillow.com/homes/3203-ne-89th-st-seattle-wa-98115_rb/,https://blue.kingcounty.com/Assessor/eRealProperty/Dashboard.aspx?ParcelNbr=5363200048
NW Seattle Sale Stats.csv,NW Seattle,2468657,Sold,2922700295,"8333 Dibble Ave NW, Seattle WA 98117",98117,2026-01-15,2026-01-20,2026-01-30,2026-01-30,950000,950000,1130000,180000,0.18947368421052632,1.1894736842105262,5,5,5,10,3,1.75,1800,1923,16 - 1 Story w/Bsmnt.,Whittier,true,,https://www.zillow.com/homes/8333-dibble-ave-nw-seattle-wa-98117_rb/,https://blue.kingcounty.com/Assessor/eRealProperty/Dashboard.aspx?ParcelNbr=2922700295
NW Seattle Sale Stats.csv,NW Seattle,2440911,Sold,2921700443,"8337 12th Ave NW, Seattle WA 98117",98117,2025-10-03,2025-12-24,2026-01-30,2026-01-30,849900,849900,849900,0,0,1,50,50,82,37,4,2.25,1801,2025,32 - Townhouse,Whittier,true,,https://www.zillow.com/homes/8337-12th-ave-nw-seattle-wa-98117_rb/,https://blue.kingcounty.com/Assessor/eRealProperty/Dashboard.aspx?ParcelNbr=2921700443
NE Seattle Sale Stats.csv,NE Seattle,2454224,Sold,5101400514,"8524 23rd Ave NE, Seattle WA 98115",98115,2025-12-12,2026-01-15,2026-01-30,2026-01-30,929000,929000,920000,-9000,-0.00968783638320775,0.9903121636167922,34,89,34,15,3,3,,2025,32 - Townhouse,Ravenna,true,,https://www.zillow.com/homes/8524-23rd-ave-ne-seattle-wa-98115_rb/,https://blue.kingcounty.com/Assessor/eRealProperty/Dashboard.aspx?ParcelNbr=5101400514
NW Seattle Sale Stats.csv,NW Seattle,2465816,Sold,2917200525,"9752 Evanston Ave N, Seattle WA 98103",98103,2026-01-07,2026-01-10,2026-01-30,2026-01-30,988000,988000,988000,0,0,1,3,3,3,20,4,2,2040,1941,16 - 1 Story w/Bsmnt.,Greenwood,true,,https://www.zillow.com/homes/9752-evanston-ave-n-seattle-wa-98103_rb/,https://blue.kingcounty.com/Assessor/eRealProperty/Dashboard.aspx?ParcelNbr=2917200525
NE Seattle Sale Stats.csv,NE Seattle,2467634,Sold,5101404162,"9209 20th Ave NE, Seattle WA 98115",98115,2026-01-15,2026-01-18,2026-01-29,2026-01-29,849000,849000,867500,18500,0.021790341578327443,1.0217903415783274,3,3,3,11,3,1.75,,1942,10 - 1 Story,Northgate,true,,https://www.zillow.com/homes/9209-20th-ave-ne-seattle-wa-98115_rb/,https://blue.kingcounty.com/Assessor/eRealProperty/Dashboard.aspx?ParcelNbr=5101404162
NW Seattle Sale Stats.csv,NW Seattle,2464978,Sold,6073500160,"9320 26th Ave NW, Seattle WA 98117",98117,2026-01-08,2026-01-09,2026-01-29,2026-01-29,998500,998500,1081000,82500,0.08262393590385578,1.0826239359038559,1,1,1,20,3,0.75,1760,1947,16 - 1 Story w/Bsmnt.,North Beach,true,,https://www.zillow.com/homes/9320-26th-ave-nw-seattle-wa-98117_rb/,https://blue.kingcounty.com/Assessor/eRealProperty/Dashboard.aspx?ParcelNbr=6073500160
NW Seattle Sale Stats.csv,NW Seattle,2459445,Sold,2919200785,"106 N 80th, Seattle WA 98103",98103,2026-01-02,2026-01-08,2026-01-28,2026-01-28,1049900,1049900,1049900,0,0,1,6,6,6,20,4,3,1812,2025,32 - Townhouse,Greenwood,true,,https://www.zillow.com/homes/106-n-80th-seattle-wa-98103_rb/,https://blue.kingcounty.com/Assessor/eRealProperty/Dashboard.aspx?ParcelNbr=2919200785
Central_South Seattle Sale Stats.csv,Central South Seattle,2474676,Sold,6003501918,"1412 E Thomas St, Seattle WA 98112",98112,2026-01-28,,2026-01-28,2026-01-28,1274000,1274000,1274000,0,0,1,,0,,,1,2.25,1870,1902,11 - 1 1/2 Story,Capitol Hill,false,missing_pending_date,https://www.zillow.com/homes/1412-e-thomas-st-seattle-wa-98112_rb/,https://blue.kingcounty.com/Assessor/eRealProperty/Dashboard.aspx?ParcelNbr=6003501918
QA_Magnolia Sale Stats.csv,QA Magnolia,2475751,Sold,6822100325,"3236 34th Ave W, Seattle WA 98199",98199,2026-01-28,,2026-01-28,2026-01-28,1075000,1075000,1075000,0,0,1,,0,,,2,1.75,1610,1942,16 - 1 Story w/Bsmnt.,Magnolia,false,missing_pending_date,https://www.zillow.com/homes/3236-34th-ave-w-seattle-wa-98199_rb/,https://blue.kingcounty.com/Assessor/eRealProperty/Dashboard.aspx?ParcelNbr=6822100325
NE Seattle Sale Stats.csv,NE Seattle,2466532,Sold,1025049246,"5801 55th Ave NE A, Seattle WA 98105",98105,2026-01-16,2026-01-19,2026-01-28,2026-01-28,789000,789000,830000,41000,0.051964512040557666,1.0519645120405576,3,3,3,9,3,3.25,,2006,32 - Townhouse,Belvedere Terrace,true,,https://www.zillow.com/homes/5801-55th-ave-ne-a-seattle-wa-98105_rb/,https://blue.kingcounty.com/Assessor/eRealProperty/Dashboard.aspx?ParcelNbr=1025049246
NW Seattle Sale Stats.csv,NW Seattle,2454298,Sold,9551200730,"5822 E Green Lake Wy N, Seattle WA 98103",98103,2025-11-11,2026-01-19,2026-01-28,2026-01-28,1900000,1900000,1850000,-50000,-0.02631578947368421,0.9736842105263158,69,132,69,9,4,2.25,3221,1906,18 - 2 Stories w/Bsmnt,Green Lake,true,,https://www.zillow.com/homes/5822-e-green-lake-wy-n-seattle-wa-98103_rb/,https://blue.kingcounty.com/Assessor/eRealProperty/Dashboard.aspx?ParcelNbr=9551200730
NW Seattle Sale Stats.csv,NW Seattle,2474545,Sold,2776600012,"8544 13th Ave NW, Seattle WA 98117",98117,2026-01-28,,2026-01-28,2026-01-28,895000,895000,895000,0,0,1,,0,,,3,1,2310,1948,16 - 1 Story w/Bsmnt.,Crown Hill,false,missing_pending_date,https://www.zillow.com/homes/8544-13th-ave-nw-seattle-wa-98117_rb/,https://blue.kingcounty.com/Assessor/eRealProperty/Dashboard.aspx?ParcelNbr=2776600012
Central_South Seattle Sale Stats.csv,Central South Seattle,2451218,Sold,7129301730,"9764 Rainier Ave S, Seattle WA 98118",98118,2025-11-04,2026-01-03,2026-01-28,2026-01-28,1800000,1800000,1640000,-160000,-0.08888888888888889,0.9111111111111111,60,60,60,25,3,2.5,2970,1980,18 - 2 Stories w/Bsmnt,Rainier Beach,true,,https://www.zillow.com/homes/9764-rainier-ave-s-seattle-wa-98118_rb/,https://blue.kingcounty.com/Assessor/eRealProperty/Dashboard.aspx?ParcelNbr=7129301730
Central_South Seattle Sale Stats.csv,Central South Seattle,2380545,Sold,1211000270,"524 27th Ave, Seattle WA 98122",98122,2025-05-29,2025-12-21,2026-01-27,2026-01-27,1075000,1350000,1075000,0,0,1,159,159,206,37,5,4,2190,1921,18 - 2 Stories w/Bsmnt,Central Area,true,,https://www.zillow.com/homes/524-27th-ave-seattle-wa-98122_rb/,https://blue.kingcounty.com/Assessor/eRealProperty/Dashboard.aspx?ParcelNbr=1211000270
NW Seattle Sale Stats.csv,NW Seattle,2445670,Sold,3645100245,"10539 Evanston Ave N, Seattle WA 98133",98133,2025-10-17,2025-10-29,2026-01-26,2026-01-26,829000,829000,835000,6000,0.007237635705669481,1.0072376357056694,12,12,12,89,6,3,2130,1997,14 - Split Entry,Bitter Lake,true,,https://www.zillow.com/homes/10539-evanston-ave-n-seattle-wa-98133_rb/,https://blue.kingcounty.com/Assessor/eRealProperty/Dashboard.aspx?ParcelNbr=3645100245
NW Seattle Sale Stats.csv,NW Seattle,2460580,Sold,1175000736,"3014 NW 56th St, Seattle WA 98107",98107,2025-12-10,2025-12-10,2026-01-26,2026-01-26,925000,925000,925000,0,0,1,0,0,0,47,3,1.75,1540,2025,32 - Townhouse,Ballard,true,,https://www.zillow.com/homes/3014-nw-56th-st-seattle-wa-98107_rb/,https://blue.kingcounty.com/Assessor/eRealProperty/Dashboard.aspx?ParcelNbr=1175000736
NE Seattle Sale Stats.csv,NE Seattle,2465312,Sold,2436200325,"4812 33rd Ave NE, Seattle WA 98105",98105,2026-01-05,2026-01-08,2026-01-26,2026-01-26,925000,925000,925000,0,0,1,3,112,3,18,3,2,,1997,18 - 2 Stories w/Bsmnt,Bryant,true,,https://www.zillow.com/homes/4812-33rd-ave-ne-seattle-wa-98105_rb/,https://blue.kingcounty.com/Assessor/eRealProperty/Dashboard.aspx?ParcelNbr=2436200325
NW Seattle Sale Stats.csv,NW Seattle,2451674,Sold,2767703439,"5233 Russell Ave NW A, Seattle WA 98107",98107,2025-11-07,2025-12-30,2026-01-26,2026-01-26,935000,950000,910000,-25000,-0.026737967914438502,0.9732620320855615,53,53,53,27,3,2.5,1930,2007,32 - Townhouse,Ballard,true,,https://www.zillow.com/homes/5233-russell-ave-nw-a-seattle-wa-98107_rb/,https://blue.kingcounty.com/Assessor/eRealProperty/Dashboard.aspx?ParcelNbr=2767703439
NE Seattle Sale Stats.csv,NE Seattle,2461238,Sold,1797500535,"6311 Brooklyn Ave NE, Seattle WA 98115",98115,2026-01-05,2026-01-13,2026-01-26,2026-01-26,1200000,1200000,1430000,230000,0.19166666666666668,1.1916666666666667,8,8,8,13,4,2.25,,1919,18 - 2 Stories w/Bsmnt,Ravenna,true,,https://www.zillow.com/homes/6311-brooklyn-ave-ne-seattle-wa-98115_rb/,https://blue.kingcounty.com/Assessor/eRealProperty/Dashboard.aspx?ParcelNbr=1797500535
NE Seattle Sale Stats.csv,NE Seattle,2422730,Sold,8923600105,"6845 52nd Ave NE, Seattle WA 98115",98115,2025-08-21,2025-12-10,2026-01-26,2026-01-26,1745000,1850000,1675000,-70000,-0.04011461318051576,0.9598853868194842,111,111,111,47,3,2.5,,1940,18 - 2 Stories w/Bsmnt,View Ridge,true,,https://www.zillow.com/homes/6845-52nd-ave-ne-seattle-wa-98115_rb/,https://blue.kingcounty.com/Assessor/eRealProperty/Dashboard.aspx?ParcelNbr=8923600105
Central_South Seattle Sale Stats.csv,Central South Seattle,2444370,Sold,3646100977,"716 23rd Ave S B, Seattle WA 98144",98144,2025-10-21,2026-01-03,2026-01-26,2026-01-26,899000,925000,865000,-34000,-0.03781979977753059,0.9621802002224694,57,57,74,23,3,2.25,1482,2008,32 - Townhouse,Judkins,true,,https://www.zillow.com/homes/716-23rd-ave-s-b-seattle-wa-98144_rb/,https://blue.kingcounty.com/Assessor/eRealProperty/Dashboard.aspx?ParcelNbr=3646100977
NW Seattle Sale Stats.csv,NW Seattle,2446934,Sold,,"11014 DAYTON Ave N, Seattle WA 98133",98133,2025-12-15,2025-12-24,2026-01-23,2026-01-23,1999000,1999000,1850000,-149000,-0.07453726863431716,0.9254627313656828,9,9,9,30,5,4.25,3706,2021,12 - 2 Story,Broadview,true,,https://www.zillow.com/homes/11014-dayton-ave-n-seattle-wa-98133_rb/,
Central_South Seattle Sale Stats.csv,Central South Seattle,2453838,Sold,6909200082,"1301 31st Ave S, Seattle WA 98144",98144,2025-11-10,2025-12-20,2026-01-23,2026-01-23,979900,979900,953900,-26000,-0.026533319726502705,0.9734666802734973,40,40,40,34,3,2,1834,2025,32 - Townhouse,Leschi,true,,https://www.zillow.com/homes/1301-31st-ave-s-seattle-wa-98144_rb/,https://blue.kingcounty.com/Assessor/eRealProperty/Dashboard.aspx?ParcelNbr=6909200082
NW Seattle Sale Stats.csv,NW Seattle,2441016,Sold,,"13017 3rd Ave NW, Seattle WA 98177",98177,2025-10-02,2026-01-11,2026-01-23,2026-01-23,1400000,1450000,1325000,-75000,-0.05357142857142857,0.9464285714285714,93,93,101,12,4,2.5,2450,1948,10 - 1 Story,Broadview,true,,https://www.zillow.com/homes/13017-3rd-ave-nw-seattle-wa-98177_rb/,
NW Seattle Sale Stats.csv,NW Seattle,2459966,Sold,7518501955,"6519 17th Ave NW, Seattle WA 98117",98117,2025-12-15,2025-12-22,2026-01-23,2026-01-23,890000,890000,1001000,111000,0.12471910112359551,1.1247191011235955,7,7,7,32,3,1.75,1890,1907,12 - 2 Story,Ballard,true,,https://www.zillow.com/homes/6519-17th-ave-nw-seattle-wa-98117_rb/,https://blue.kingcounty.com/Assessor/eRealProperty/Dashboard.aspx?ParcelNbr=7518501955
NE Seattle Sale Stats.csv,NE Seattle,2464358,Sold,9547204220,"7328 19th Ave NE, Seattle WA 98115",98115,2026-01-02,2026-01-04,2026-01-23,2026-01-23,900000,900000,907500,7500,0.008333333333333333,1.0083333333333333,2,2,2,19,2,1.75,,1925,16 - 1 Story w/Bsmnt.,Ravenna,true,,https://www.zillow.com/homes/7328-19th-ave-ne-seattle-wa-98115_rb/,https://blue.kingcounty.com/Assessor/eRealProperty/Dashboard.aspx?ParcelNbr=9547204220
NW Seattle Sale Stats.csv,NW Seattle,2465906,Sold,,"7357 12th Ave NW, Seattle WA 98117",98117,2026-01-07,2026-01-12,2026-01-23,2026-01-23,995000,995000,1165000,170000,0.1708542713567839,1.170854271356784,5,5,5,11,3,1.75,1700,1937,16 - 1 Story w/Bsmnt.,Whittier,true,,https://www.zillow.com/homes/7357-12th-ave-nw-seattle-wa-98117_rb/,
Central_South Seattle Sale Stats.csv,Central South Seattle,2471768,Sold,5366200065,"808 30th Ave, Seattle WA 98122",98122,2026-01-23,,2026-01-23,2026-01-23,1333000,1333000,1333000,0,0,1,,0,,,4,2.5,2400,1908,18 - 2 Stories w/Bsmnt,Madrona,false,missing_pending_date,https://www.zillow.com/homes/808-30th-ave-seattle-wa-98122_rb/,https://blue.kingcounty.com/Assessor/eRealProperty/Dashboard.aspx?ParcelNbr=5366200065
QA_Magnolia Sale Stats.csv,QA Magnolia,2466564,Sold,5458300041,"1002 5th Ave N, Seattle WA 98109",98109,2026-01-09,2026-01-13,2026-01-22,2026-01-22,1615000,1615000,1615000,0,0,1,4,127,4,9,3,3,2289,2015,15 - Multi Level,Queen Anne,true,,https://www.zillow.com/homes/1002-5th-ave-n-seattle-wa-98109_rb/,https://blue.kingcounty.com/Assessor/eRealProperty/Dashboard.aspx?ParcelNbr=5458300041
Central_South Seattle Sale Stats.csv,Central South Seattle,2447036,Sold,6848200139,"318 Bellevue Ave E, Seattle WA 98102",98102,2025-10-21,2025-12-22,2026-01-22,2026-01-22,829000,849000,829000,0,0,1,62,107,62,31,3,1.75,1306,2025,32 - Townhouse,Capitol Hill,true,,https://www.zillow.com/homes/318-bellevue-ave-e-seattle-wa-98102_rb/,https://blue.kingcounty.com/Assessor/eRealProperty/Dashboard.aspx?ParcelNbr=6848200139
QA_Magnolia Sale Stats.csv,QA Magnolia,2424478,Sold,6926700606,"511 Howe St B, Seattle WA 98109",98109,2025-08-22,2025-12-05,2026-01-22,2026-01-22,1249900,1269900,1249900,0,0,1,105,105,105,48,3,2,1770,2024,32 - Townhouse,Queen Anne,true,,https://www.zillow.com/homes/511-howe-st-b-seattle-wa-98109_rb/,https://blue.kingcounty.com/Assessor/eRealProperty/Dashboard.aspx?ParcelNbr=6926700606
NW Seattle Sale Stats.csv,NW Seattle,2439937,Sold,1176000904,"5608 34th Ave NW, Seattle WA 98107",98107,2025-10-09,2025-12-12,2026-01-22,2026-01-22,1280000,1350000,1240000,-40000,-0.03125,0.96875,64,64,64,41,3,2.5,2320,1946,18 - 2 Stories w/Bsmnt,Sunset Hill,true,,https://www.zillow.com/homes/5608-34th-ave-nw-seattle-wa-98107_rb/,https://blue.kingcounty.com/Assessor/eRealProperty/Dashboard.aspx?ParcelNbr=1176000904
NW Seattle Sale Stats.csv,NW Seattle,2422195,Sold,2883201805,"7424 2nd Ave NE, Seattle WA 98115",98115,2025-08-16,2025-08-16,2026-01-22,2026-01-22,1149000,1149000,1149000,0,0,1,0,0,0,159,3,2.5,1508,2026,32 - Townhouse,Green Lake,true,,https://www.zillow.com/homes/7424-2nd-ave-ne-seattle-wa-98115_rb/,https://blue.kingcounty.com/Assessor/eRealProperty/Dashboard.aspx?ParcelNbr=2883201805
NW Seattle Sale Stats.csv,NW Seattle,2463055,Sold,7515000049,"8706 13th Ave NW, Seattle WA 98117",98117,2025-12-20,2026-01-05,2026-01-22,2026-01-22,850000,850000,850000,0,0,1,16,16,16,17,3,1.75,1230,1956,10 - 1 Story,Crown Hill,true,,https://www.zillow.com/homes/8706-13th-ave-nw-seattle-wa-98117_rb/,https://blue.kingcounty.com/Assessor/eRealProperty/Dashboard.aspx?ParcelNbr=7515000049
NE Seattle Sale Stats.csv,NE Seattle,2452626,Sold,5101402258,"1742 NE 89th St, Seattle WA 98115",98115,2025-11-05,2025-12-20,2026-01-21,2026-01-21,850000,850000,850000,0,0,1,45,142,45,32,3,2.25,,1931,17 - 1 1/2 Stry w/Bsmt,Maple Leaf,true,,https://www.zillow.com/homes/1742-ne-89th-st-seattle-wa-98115_rb/,https://blue.kingcounty.com/Assessor/eRealProperty/Dashboard.aspx?ParcelNbr=5101402258
QA_Magnolia Sale Stats.csv,QA Magnolia,2460882,Sold,,"3416 38th Ave W, Seattle WA 98199",98199,2025-12-18,2025-12-25,2026-01-21,2026-01-21,1775000,1775000,1775000,0,0,1,7,7,7,27,4,3.25,3120,1939,17 - 1 1/2 Stry w/Bsmt,Magnolia,true,,https://www.zillow.com/homes/3416-38th-ave-w-seattle-wa-98199_rb/,
NW Seattle Sale Stats.csv,NW Seattle,2460867,Sold,1814800285,"713 N 70th St, Seattle WA 98103",98103,2025-12-12,2025-12-18,2026-01-21,2026-01-21,1059000,1059000,1059000,0,0,1,6,6,6,34,3,2.25,1694,2025,32 - Townhouse,Green Lake,true,,https://www.zillow.com/homes/713-n-70th-st-seattle-wa-98103_rb/,https://blue.kingcounty.com/Assessor/eRealProperty/Dashboard.aspx?ParcelNbr=1814800285
Central_South Seattle Sale Stats.csv,Central South Seattle,2432931,Sold,7129301870,"9733 Arrowsmith Ave S, Seattle WA 98118",98118,2025-09-17,2026-01-03,2026-01-21,2026-01-21,899000,1050000,800000,-99000,-0.11012235817575083,0.8898776418242491,108,108,108,18,5,3.5,2740,1912,17 - 1 1/2 Stry w/Bsmt,Upper Rainier Beach,true,,https://www.zillow.com/homes/9733-arrowsmith-ave-s-seattle-wa-98118_rb/,https://blue.kingcounty.com/Assessor/eRealProperty/Dashboard.aspx?ParcelNbr=7129301870
QA_Magnolia Sale Stats.csv,QA Magnolia,2460602,Sold,6926700600,"511 Howe St A, Seattle WA 98109",98109,2025-12-11,2025-12-31,2026-01-20,2026-01-20,1379990,1379990,1335000,-44990,-0.032601685519460286,0.9673983144805397,20,20,20,20,4,3,2070,2024,32 - Townhouse,Queen Anne,true,,https://www.zillow.com/homes/511-howe-st-a-seattle-wa-98109_rb/,https://blue.kingcounty.com/Assessor/eRealProperty/Dashboard.aspx?ParcelNbr=6926700600
NW Seattle Sale Stats.csv,NW Seattle,2408200,Sold,,"8833 Wallingford Ave N, Seattle WA 98103",98103,2025-07-17,2025-12-22,2026-01-20,2026-01-20,1275000,1299000,1275000,0,0,1,158,158,158,29,3,2.5,2671,2025,15 - Multi Level,Green Lake,true,,https://www.zillow.com/homes/8833-wallingford-ave-n-seattle-wa-98103_rb/,
NW Seattle Sale Stats.csv,NW Seattle,2455119,Sold,6865200548,"1227 N 48th St, Seattle WA 98103",98103,2025-11-20,2025-12-13,2026-01-19,2026-01-19,1299950,1299950,1285000,-14950,-0.011500442324704796,0.9884995576752952,23,72,23,37,4,1.75,2014,2025,32 - Townhouse,Wallingford,true,,https://www.zillow.com/homes/1227-n-48th-st-seattle-wa-98103_rb/,https://blue.kingcounty.com/Assessor/eRealProperty/Dashboard.aspx?ParcelNbr=6865200548
NW Seattle Sale Stats.csv,NW Seattle,2465522,Sold,7308900650,"12009 Palatine Ave N, Seattle WA 98133",98133,2026-01-08,2026-01-13,2026-01-16,2026-01-16,995000,995000,1085000,90000,0.09045226130653267,1.0904522613065326,5,5,5,3,3,2.5,3240,1954,16 - 1 Story w/Bsmnt.,Broadview,true,,https://www.zillow.com/homes/12009-palatine-ave-n-seattle-wa-98133_rb/,https://blue.kingcounty.com/Assessor/eRealProperty/Dashboard.aspx?ParcelNbr=7308900650
NW Seattle Sale Stats.csv,NW Seattle,2458142,Sold,7308900030,"12216 Palatine Ave N, Seattle WA 98133",98133,2025-12-01,2025-12-19,2026-01-16,2026-01-16,1850000,1850000,1850000,0,0,1,18,35,18,28,4,3.25,3360,1928,18 - 2 Stories w/Bsmnt,Broadview,true,,https://www.zillow.com/homes/12216-palatine-ave-n-seattle-wa-98133_rb/,https://blue.kingcounty.com/Assessor/eRealProperty/Dashboard.aspx?ParcelNbr=7308900030
NW Seattle Sale Stats.csv,NW Seattle,2442217,Sold,2767602007,"1748 NW 62nd St, Seattle WA 98107",98107,2025-10-07,2025-12-20,2026-01-16,2026-01-16,995000,1035000,995000,0,0,1,74,120,74,27,4,2.25,1762,2025,32 - Townhouse,Ballard,true,,https://www.zillow.com/homes/1748-nw-62nd-st-seattle-wa-98107_rb/,https://blue.kingcounty.com/Assessor/eRealProperty/Dashboard.aspx?ParcelNbr=2767602007
NW Seattle Sale Stats.csv,NW Seattle,2372716,Sold,8603160010,"3202 NW 70th St, Seattle WA 98117",98117,2025-05-08,2025-06-22,2026-01-16,2026-01-16,1250000,1282500,1250000,0,0,1,45,80,45,208,4,2,2030,1925,18 - 2 Stories w/Bsmnt,Sunset Hill,true,,https://www.zillow.com/homes/3202-nw-70th-st-seattle-wa-98117_rb/,https://blue.kingcounty.com/Assessor/eRealProperty/Dashboard.aspx?ParcelNbr=8603160010
NW Seattle Sale Stats.csv,NW Seattle,2460738,Sold,,"3648 Greenwood Ave N A, Seattle WA 98103",98103,2025-12-11,2025-12-23,2026-01-16,2026-01-16,1195000,1195000,1195000,0,0,1,12,12,12,24,3,1.75,1702,2025,13 - Tri-Level,Fremont,true,,https://www.zillow.com/homes/3648-greenwood-ave-n-a-seattle-wa-98103_rb/,
NE Seattle Sale Stats.csv,NE Seattle,2459198,Sold,4221900090,"5143 46th Ave NE, Seattle WA 98105",98105,2025-12-04,2025-12-11,2026-01-16,2026-01-16,1150000,1150000,1100000,-50000,-0.043478260869565216,0.9565217391304348,7,7,7,36,2,1,,1943,10 - 1 Story,Laurelhurst,true,,https://www.zillow.com/homes/5143-46th-ave-ne-seattle-wa-98105_rb/,https://blue.kingcounty.com/Assessor/eRealProperty/Dashboard.aspx?ParcelNbr=4221900090
Central_South Seattle Sale Stats.csv,Central South Seattle,2460619,Sold,7234600016,"916 15th Ave, Seattle WA 98122",98122,2025-12-17,2025-12-26,2026-01-16,2026-01-16,995000,995000,995000,0,0,1,9,9,9,21,3,1.75,1772,2025,32 - Townhouse,Capitol Hill,true,,https://www.zillow.com/homes/916-15th-ave-seattle-wa-98122_rb/,https://blue.kingcounty.com/Assessor/eRealProperty/Dashboard.aspx?ParcelNbr=7234600016
Central_South Seattle Sale Stats.csv,Central South Seattle,2435692,Sold,6909200083,"1301 31st Ave S, Seattle WA 98144",98144,2025-09-19,2025-12-16,2026-01-15,2026-01-15,949900,1049900,925000,-24900,-0.026213285609011476,0.9737867143909885,88,88,88,30,3,2,1833,2025,32 - Townhouse,Leschi,true,,https://www.zillow.com/homes/1301-31st-ave-s-seattle-wa-98144_rb/,https://blue.kingcounty.com/Assessor/eRealProperty/Dashboard.aspx?ParcelNbr=6909200083
NW Seattle Sale Stats.csv,NW Seattle,2458192,Sold,2067100050,"204 NW 131st St, Seattle WA 98177",98177,2025-12-12,2025-12-18,2026-01-15,2026-01-15,810000,810000,810000,0,0,1,6,6,6,28,3,1,1030,1949,10 - 1 Story,Broadview,true,,https://www.zillow.com/homes/204-nw-131st-st-seattle-wa-98177_rb/,https://blue.kingcounty.com/Assessor/eRealProperty/Dashboard.aspx?ParcelNbr=2067100050
NW Seattle Sale Stats.csv,NW Seattle,2463033,Sold,6610000340,"217 NW 45th St, Seattle WA 98107",98107,2025-12-19,2026-01-01,2026-01-15,2026-01-15,999900,999900,999900,0,0,1,13,13,13,14,2,2.25,1242,2025,12 - 2 Story,Fremont,true,,https://www.zillow.com/homes/217-nw-45th-st-seattle-wa-98107_rb/,https://blue.kingcounty.com/Assessor/eRealProperty/Dashboard.aspx?ParcelNbr=6610000340
NW Seattle Sale Stats.csv,NW Seattle,2470930,Sold,7550801060,"3021 NW 62nd St, Seattle WA 98107",98107,2026-01-15,,2026-01-15,2026-01-15,860000,860000,860000,0,0,1,,0,,,2,1,820,1906,16 - 1 Story w/Bsmnt.,Sunset Hill,false,missing_pending_date,https://www.zillow.com/homes/3021-nw-62nd-st-seattle-wa-98107_rb/,https://blue.kingcounty.com/Assessor/eRealProperty/Dashboard.aspx?ParcelNbr=7550801060
QA_Magnolia Sale Stats.csv,QA Magnolia,2449655,Sold,6821101355,"3654 35th Ave W, Seattle WA 98199",98199,2025-09-22,2025-11-16,2026-01-15,2026-01-15,979500,1092500,966500,-13000,-0.013272077590607452,0.9867279224093926,55,55,55,60,3,2.25,2160,1908,18 - 2 Stories w/Bsmnt,Magnolia,true,,https://www.zillow.com/homes/3654-35th-ave-w-seattle-wa-98199_rb/,https://blue.kingcounty.com/Assessor/eRealProperty/Dashboard.aspx?ParcelNbr=6821101355
NW Seattle Sale Stats.csv,NW Seattle,2432052,Sold,8818900295,"4738 4th Ave NE, Seattle WA 98105",98105,2025-10-15,2025-12-23,2026-01-15,2026-01-15,919800,925000,880000,-39800,-0.04327027614698847,0.9567297238530115,69,69,69,23,3,1.75,1639,1912,16 - 1 Story w/Bsmnt.,Wallingford,true,,https://www.zillow.com/homes/4738-4th-ave-ne-seattle-wa-98105_rb/,https://blue.kingcounty.com/Assessor/eRealProperty/Dashboard.aspx?ParcelNbr=8818900295
Central_South Seattle Sale Stats.csv,Central South Seattle,2469197,Sold,2624049092,"5151 S Frontenac St, Seattle WA 98118",98118,2026-01-15,,2026-01-15,2026-01-15,1400000,1400000,1400000,0,0,1,,0,,,4,3.75,3017,2016,13 - Tri-Level,Seward Park,false,missing_pending_date,https://www.zillow.com/homes/5151-s-frontenac-st-seattle-wa-98118_rb/,https://blue.kingcounty.com/Assessor/eRealProperty/Dashboard.aspx?ParcelNbr=2624049092
NE Seattle Sale Stats.csv,NE Seattle,2458009,Sold,8823900285,"5268 18th Ave NE, Seattle WA 98105",98105,2025-11-28,2025-12-16,2026-01-15,2026-01-15,1200000,1200000,1145000,-55000,-0.04583333333333333,0.9541666666666667,18,18,18,30,8,3.5,,1920,12 - 2 Story,University District,true,,https://www.zillow.com/homes/5268-18th-ave-ne-seattle-wa-98105_rb/,https://blue.kingcounty.com/Assessor/eRealProperty/Dashboard.aspx?ParcelNbr=8823900285
NW Seattle Sale Stats.csv,NW Seattle,2426902,Sold,3856902105,"5803 Latona Ave NE, Seattle WA 98105",98105,2025-08-29,2025-12-31,2026-01-15,2026-01-15,949800,949800,850000,-99800,-0.10507475257949042,0.8949252474205096,124,173,124,15,3,2,2540,1926,12 - 2 Story,Green Lake,true,,https://www.zillow.com/homes/5803-latona-ave-ne-seattle-wa-98105_rb/,https://blue.kingcounty.com/Assessor/eRealProperty/Dashboard.aspx?ParcelNbr=3856902105
Central_South Seattle Sale Stats.csv,Central South Seattle,2476166,Sold,9412400146,"7511 Seward Park Ave S, Seattle WA 98118",98118,2026-01-15,,2026-01-15,2026-01-15,1500000,1500000,1500000,0,0,1,,0,,,5,1.75,3120,1923,18 - 2 Stories w/Bsmnt,Seward Park,false,missing_pending_date,https://www.zillow.com/homes/7511-seward-park-ave-s-seattle-wa-98118_rb/,https://blue.kingcounty.com/Assessor/eRealProperty/Dashboard.aspx?ParcelNbr=9412400146
Central_South Seattle Sale Stats.csv,Central South Seattle,2451941,Sold,7960100265,"829 27th Ave, Seattle WA 98122",98122,2025-12-05,2026-01-12,2026-01-15,2026-01-15,1395000,1449997,1425000,30000,0.021505376344086023,1.021505376344086,28,28,38,3,4,3.5,2560,1903,18 - 2 Stories w/Bsmnt,Central Area,true,,https://www.zillow.com/homes/829-27th-ave-seattle-wa-98122_rb/,https://blue.kingcounty.com/Assessor/eRealProperty/Dashboard.aspx?ParcelNbr=7960100265
Central_South Seattle Sale Stats.csv,Central South Seattle,2436974,Sold,7129301125,"9804 63rd Ave S, Seattle WA 98118",98118,2025-09-30,2025-12-15,2026-01-15,2026-01-15,969000,995000,975000,6000,0.006191950464396285,1.0061919504643964,76,76,76,31,3,1.75,2332,1949,16 - 1 Story w/Bsmnt.,Upper Rainier Beach,true,,https://www.zillow.com/homes/9804-63rd-ave-s-seattle-wa-98118_rb/,https://blue.kingcounty.com/Assessor/eRealProperty/Dashboard.aspx?ParcelNbr=7129301125
NE Seattle Sale Stats.csv,NE Seattle,2452633,Sold,8820902350,"11737 Lakeside Ave NE, Seattle WA 98125",98125,2025-11-05,2025-12-11,2026-01-14,2026-01-14,1550000,1595000,1470000,-80000,-0.05161290322580645,0.9483870967741935,31,65,36,34,4,3.25,,1979,18 - 2 Stories w/Bsmnt,Matthews Beach,true,,https://www.zillow.com/homes/11737-lakeside-ave-ne-seattle-wa-98125_rb/,https://blue.kingcounty.com/Assessor/eRealProperty/Dashboard.aspx?ParcelNbr=8820902350
Central_South Seattle Sale Stats.csv,Central South Seattle,2439182,Sold,6852700298,"527 11th Ave E A, Seattle WA 98102",98102,2025-10-02,2025-12-20,2026-01-14,2026-01-14,850000,970000,850000,0,0,1,79,79,79,25,2,2.5,1490,2005,32 - Townhouse,Capitol Hill,true,,https://www.zillow.com/homes/527-11th-ave-e-a-seattle-wa-98102_rb/,https://blue.kingcounty.com/Assessor/eRealProperty/Dashboard.aspx?ParcelNbr=6852700298
Central_South Seattle Sale Stats.csv,Central South Seattle,2423772,Sold,6003501080,"109 11th Ave E, Seattle WA 98102",98102,2025-08-29,2025-12-17,2026-01-13,2026-01-13,1595000,1649950,1500000,-95000,-0.05956112852664577,0.9404388714733543,110,110,110,27,4,2.25,2710,1904,18 - 2 Stories w/Bsmnt,Capitol Hill,true,,https://www.zillow.com/homes/109-11th-ave-e-seattle-wa-98102_rb/,https://blue.kingcounty.com/Assessor/eRealProperty/Dashboard.aspx?ParcelNbr=6003501080
Central_South Seattle Sale Stats.csv,Central South Seattle,2416483,Sold,,"1132 Yakima Ave S, Seattle WA 98144",98144,2025-08-07,2025-12-12,2026-01-13,2026-01-13,840000,880000,825000,-15000,-0.017857142857142856,0.9821428571428571,127,127,127,32,3,2.5,1639,2003,32 - Townhouse,Leschi,true,,https://www.zillow.com/homes/1132-yakima-ave-s-seattle-wa-98144_rb/,
NE Seattle Sale Stats.csv,NE Seattle,2402980,Sold,3448000761,"11811 33rd Ave NE, Seattle WA 98125",98125,2025-07-15,2025-12-20,2026-01-13,2026-01-13,885000,925000,860000,-25000,-0.02824858757062147,0.9717514124293786,158,158,158,24,4,1.75,,1959,16 - 1 Story w/Bsmnt.,Meadowbrook,true,,https://www.zillow.com/homes/11811-33rd-ave-ne-seattle-wa-98125_rb/,https://blue.kingcounty.com/Assessor/eRealProperty/Dashboard.aspx?ParcelNbr=3448000761
Central_South Seattle Sale Stats.csv,Central South Seattle,2430491,Sold,,"319 21st Ave, Seattle WA 98122",98122,2025-09-11,2025-12-06,2026-01-13,2026-01-13,850000,915000,850000,0,0,1,86,86,86,38,3,2.25,1600,2013,12 - 2 Story,Central Area,true,,https://www.zillow.com/homes/319-21st-ave-seattle-wa-98122_rb/,
NE Seattle Sale Stats.csv,NE Seattle,2432678,Sold,6335000055,"10522 41st Place NE, Seattle WA 98125",98125,2025-09-11,2025-10-04,2026-01-12,2026-01-12,875000,875000,800000,-75000,-0.08571428571428572,0.9142857142857143,23,23,23,100,2,1.5,,1951,16 - 1 Story w/Bsmnt.,Meadowbrook,true,,https://www.zillow.com/homes/10522-41st-place-ne-seattle-wa-98125_rb/,https://blue.kingcounty.com/Assessor/eRealProperty/Dashboard.aspx?ParcelNbr=6335000055
NW Seattle Sale Stats.csv,NW Seattle,2452309,Sold,2767604617,"1525 NW 58th St A, Seattle WA 98107",98107,2025-11-05,2025-12-15,2026-01-12,2026-01-12,839000,850000,818000,-21000,-0.025029797377830752,0.9749702026221693,40,40,40,28,3,2.5,1390,2014,32 - Townhouse,Ballard,true,,https://www.zillow.com/homes/1525-nw-58th-st-a-seattle-wa-98107_rb/,https://blue.kingcounty.com/Assessor/eRealProperty/Dashboard.aspx?ParcelNbr=2767604617
NE Seattle Sale Stats.csv,NE Seattle,2444509,Sold,,"7339 21st Ave NE, Seattle WA 98115",98115,2025-10-29,2025-12-20,2026-01-12,2026-01-12,814900,829000,800000,-14900,-0.018284452080009818,0.9817155479199902,3,3,52,23,2,1.75,,2025,12 - 2 Story,Ravenna,true,,https://www.zillow.com/homes/7339-21st-ave-ne-seattle-wa-98115_rb/,
Central_South Seattle Sale Stats.csv,Central South Seattle,2441264,Sold,7130300045,"10127 Waters Ave S, Seattle WA 98178",98178,2025-10-09,2025-12-09,2026-01-09,2026-01-09,825000,850000,810000,-15000,-0.01818181818181818,0.9818181818181818,61,61,61,31,3,2,1770,1948,16 - 1 Story w/Bsmnt.,Rainier Beach,true,,https://www.zillow.com/homes/10127-waters-ave-s-seattle-wa-98178_rb/,https://blue.kingcounty.com/Assessor/eRealProperty/Dashboard.aspx?ParcelNbr=7130300045
NW Seattle Sale Stats.csv,NW Seattle,2467573,Sold,8911000295,"10719 Phinney Ave N, Seattle WA 98133",98133,2026-01-09,,2026-01-09,2026-01-09,1000000,1000000,1000000,0,0,1,,0,,,2,1,940,1920,10 - 1 Story,Greenwood,false,missing_pending_date,https://www.zillow.com/homes/10719-phinney-ave-n-seattle-wa-98133_rb/,https://blue.kingcounty.com/Assessor/eRealProperty/Dashboard.aspx?ParcelNbr=8911000295
Central_South Seattle Sale Stats.csv,Central South Seattle,2456195,Sold,6851700328,"1206 E Republican St, Seattle WA 98102",98102,2025-11-19,2025-12-14,2026-01-09,2026-01-09,1139950,1139950,1110000,-29950,-0.026273082152725998,0.973726917847274,25,67,25,26,3,2.5,1820,2002,32 - Townhouse,Capitol Hill,true,,https://www.zillow.com/homes/1206-e-republican-st-seattle-wa-98102_rb/,https://blue.kingcounty.com/Assessor/eRealProperty/Dashboard.aspx?ParcelNbr=6851700328
NE Seattle Sale Stats.csv,NE Seattle,2459516,Sold,6414100711,"12725 Roosevelt Wy NE, Seattle WA 98125",98125,2025-12-10,2025-12-17,2026-01-09,2026-01-09,1025000,1025000,1010000,-15000,-0.014634146341463415,0.9853658536585366,7,7,7,23,5,3,,1992,14 - Split Entry,Pinehurst,true,,https://www.zillow.com/homes/12725-roosevelt-wy-ne-seattle-wa-98125_rb/,https://blue.kingcounty.com/Assessor/eRealProperty/Dashboard.aspx?ParcelNbr=6414100711
NW Seattle Sale Stats.csv,NW Seattle,2458107,Sold,2067100035,"13112 3rd Ave NW, Seattle WA 98177",98177,2025-12-03,2025-12-14,2026-01-09,2026-01-09,939999,939999,939999,0,0,1,11,38,11,26,3,2,1817,1948,13 - Tri-Level,Broadview,true,,https://www.zillow.com/homes/13112-3rd-ave-nw-seattle-wa-98177_rb/,https://blue.kingcounty.com/Assessor/eRealProperty/Dashboard.aspx?ParcelNbr=2067100035
NW Seattle Sale Stats.csv,NW Seattle,2456207,Sold,,"1514 NW 63rd St B, Seattle WA 98107",98107,2025-11-19,2025-12-24,2026-01-09,2026-01-09,995950,995950,980000,-15950,-0.016014860183744165,0.9839851398162558,34,34,35,16,4,2.5,1790,2025,32 - Townhouse,Ballard,true,,https://www.zillow.com/homes/1514-nw-63rd-st-b-seattle-wa-98107_rb/,
Central_South Seattle Sale Stats.csv,Central South Seattle,2446062,Sold,3320000643,"1826 S Lane St, Seattle WA 98144",98144,2025-10-17,2025-12-26,2026-01-09,2026-01-09,1490000,1550000,1400000,-90000,-0.06040268456375839,0.9395973154362416,70,70,70,14,3,3.5,2642,2019,13 - Tri-Level,Seattle,true,,https://www.zillow.com/homes/1826-s-lane-st-seattle-wa-98144_rb/,https://blue.kingcounty.com/Assessor/eRealProperty/Dashboard.aspx?ParcelNbr=3320000643
Central_South Seattle Sale Stats.csv,Central South Seattle,2440620,Sold,2902201291,"2236 Fairview Ave E B, Seattle WA 98102",98102,2025-10-02,2025-12-14,2026-01-09,2026-01-09,1195000,1229950,1190000,-5000,-0.0041841004184100415,0.99581589958159,73,73,73,26,3,3,1559,2024,32 - Townhouse,Eastlake,true,,https://www.zillow.com/homes/2236-fairview-ave-e-b-seattle-wa-98102_rb/,https://blue.kingcounty.com/Assessor/eRealProperty/Dashboard.aspx?ParcelNbr=2902201291
Central_South Seattle Sale Stats.csv,Central South Seattle,2449110,Sold,4278900055,"3202 E Terrace St, Seattle WA 98122",98122,2025-10-30,2025-12-31,2026-01-09,2026-01-09,1060000,1125000,1010000,-50000,-0.04716981132075472,0.9528301886792453,62,62,62,9,4,2.25,1550,1917,16 - 1 Story w/Bsmnt.,Leschi,true,,https://www.zillow.com/homes/3202-e-terrace-st-seattle-wa-98122_rb/,https://blue.kingcounty.com/Assessor/eRealProperty/Dashboard.aspx?ParcelNbr=4278900055
Central_South Seattle Sale Stats.csv,Central South Seattle,2468505,Sold,3333002412,"3322 S Holly, Seattle WA 98118",98118,2026-01-09,,2026-01-09,2026-01-09,1020000,1020000,1020000,0,0,1,,0,,,5,4.5,3260,2005,18 - 2 Stories w/Bsmnt,Brighton,false,missing_pending_date,https://www.zillow.com/homes/3322-s-holly-seattle-wa-98118_rb/,https://blue.kingcounty.com/Assessor/eRealProperty/Dashboard.aspx?ParcelNbr=3333002412
Central_South Seattle Sale Stats.csv,Central South Seattle,2444965,Sold,1231000415,"5117 S Pearl St, Seattle WA 98118",98118,2025-10-15,2025-12-15,2026-01-09,2026-01-09,1270000,1300000,1270000,0,0,1,61,97,61,25,4,3,2940,2000,15 - Multi Level,Seward Park,true,,https://www.zillow.com/homes/5117-s-pearl-st-seattle-wa-98118_rb/,https://blue.kingcounty.com/Assessor/eRealProperty/Dashboard.aspx?ParcelNbr=1231000415
NW Seattle Sale Stats.csv,NW Seattle,2467449,Sold,2769601770,"6209 6th Ave NW, Seattle WA 98107",98107,2026-01-09,,2026-01-09,2026-01-09,1050000,1050000,1050000,0,0,1,,0,,,3,1.75,1440,1998,12 - 2 Story,Phinney Ridge,false,missing_pending_date,https://www.zillow.com/homes/6209-6th-ave-nw-seattle-wa-98107_rb/,https://blue.kingcounty.com/Assessor/eRealProperty/Dashboard.aspx?ParcelNbr=2769601770
NW Seattle Sale Stats.csv,NW Seattle,2460533,Sold,9203000015,"7821 Meridian Ave N, Seattle WA 98103",98103,2025-12-18,2025-12-21,2026-01-09,2026-01-09,745000,745000,860400,115400,0.1548993288590604,1.1548993288590603,3,3,3,19,2,1,1700,1951,16 - 1 Story w/Bsmnt.,Green Lake,true,,https://www.zillow.com/homes/7821-meridian-ave-n-seattle-wa-98103_rb/,https://blue.kingcounty.com/Assessor/eRealProperty/Dashboard.aspx?ParcelNbr=9203000015
NW Seattle Sale Stats.csv,NW Seattle,2459133,Sold,1862400026,"9233 Mary Ave NW, Seattle WA 98117",98117,2025-12-04,2025-12-06,2026-01-09,2026-01-09,1050000,1050000,1050000,0,0,1,2,2,2,34,4,1.75,2140,1954,16 - 1 Story w/Bsmnt.,Crown Hill,true,,https://www.zillow.com/homes/9233-mary-ave-nw-seattle-wa-98117_rb/,https://blue.kingcounty.com/Assessor/eRealProperty/Dashboard.aspx?ParcelNbr=1862400026
NE Seattle Sale Stats.csv,NE Seattle,2421213,Sold,8024201195,"1244 NE 96th St, Seattle WA 98115",98115,2025-08-22,2025-12-11,2026-01-08,2026-01-08,1000000,1000000,967500,-32500,-0.0325,0.9675,111,111,111,28,4,2,,1935,18 - 2 Stories w/Bsmnt,Maple Leaf,true,,https://www.zillow.com/homes/1244-ne-96th-st-seattle-wa-98115_rb/,https://blue.kingcounty.com/Assessor/eRealProperty/Dashboard.aspx?ParcelNbr=8024201195
NE Seattle Sale Stats.csv,NE Seattle,2431052,Sold,,"3633 NE 120th St, Seattle WA 98125",98125,2025-09-08,2025-11-24,2026-01-08,2026-01-08,1395000,1495000,1300000,-95000,-0.06810035842293907,0.931899641577061,77,269,77,45,6,3.25,,2024,15 - Multi Level,Meadowbrook,true,,https://www.zillow.com/homes/3633-ne-120th-st-seattle-wa-98125_rb/,
QA_Magnolia Sale Stats.csv,QA Magnolia,2445590,Sold,2225039006,"3949 W Barrett Lane, Seattle WA 98199",98199,2025-10-16,2025-11-20,2026-01-08,2026-01-08,1149500,1195000,1149500,0,0,1,35,35,35,49,3,2,1581,2025,15 - Multi Level,Magnolia,true,,https://www.zillow.com/homes/3949-w-barrett-lane-seattle-wa-98199_rb/,https://blue.kingcounty.com/Assessor/eRealProperty/Dashboard.aspx?ParcelNbr=2225039006
NE Seattle Sale Stats.csv,NE Seattle,2445984,Sold,4074300035,"9728 45th Ave NE, Seattle WA 98115",98115,2025-10-17,2025-12-14,2026-01-08,2026-01-08,839950,839950,810000,-29950,-0.03565688433835347,0.9643431156616465,48,48,58,25,3,1,,1943,10 - 1 Story,Matthews Beach,true,,https://www.zillow.com/homes/9728-45th-ave-ne-seattle-wa-98115_rb/,https://blue.kingcounty.com/Assessor/eRealProperty/Dashboard.aspx?ParcelNbr=4074300035
NW Seattle Sale Stats.csv,NW Seattle,2456771,Sold,6399690020,"13752 3rd Ave NW, Seattle WA 98177",98177,2025-11-20,2025-11-23,2026-01-07,2026-01-07,815000,815000,815000,0,0,1,3,3,3,45,3,2.25,1078,2025,12 - 2 Story,Broadview,true,,https://www.zillow.com/homes/13752-3rd-ave-nw-seattle-wa-98177_rb/,https://blue.kingcounty.com/Assessor/eRealProperty/Dashboard.aspx?ParcelNbr=6399690020
NW Seattle Sale Stats.csv,NW Seattle,2454237,Sold,4083800501,"1613 N 50th St, Seattle WA 98103",98103,2025-11-12,2025-12-09,2026-01-07,2026-01-07,945950,945950,945950,0,0,1,27,89,27,29,3,2.25,1660,2025,32 - Townhouse,Wallingford,true,,https://www.zillow.com/homes/1613-n-50th-st-seattle-wa-98103_rb/,https://blue.kingcounty.com/Assessor/eRealProperty/Dashboard.aspx?ParcelNbr=4083800501
NW Seattle Sale Stats.csv,NW Seattle,2434946,Sold,8818400490,"4747 Thackeray Place NE, Seattle WA 98105",98105,2025-10-22,2025-12-07,2026-01-07,2026-01-07,1235000,1250000,1235000,0,0,1,26,26,46,31,3,2.25,2031,1921,16 - 1 Story w/Bsmnt.,Wallingford,true,,https://www.zillow.com/homes/4747-thackeray-place-ne-seattle-wa-98105_rb/,https://blue.kingcounty.com/Assessor/eRealProperty/Dashboard.aspx?ParcelNbr=8818400490
NW Seattle Sale Stats.csv,NW Seattle,2459481,Sold,6430500254,"516 N 83rd St, Seattle WA 98103",98103,2025-12-05,2025-12-22,2026-01-07,2026-01-07,1499950,1499950,1499500,-450,-0.00030001000033334443,0.9996999899996667,8,8,17,16,4,3.25,2978,1926,17 - 1 1/2 Stry w/Bsmt,Greenwood,true,,https://www.zillow.com/homes/516-n-83rd-st-seattle-wa-98103_rb/,https://blue.kingcounty.com/Assessor/eRealProperty/Dashboard.aspx?ParcelNbr=6430500254
NE Seattle Sale Stats.csv,NE Seattle,2458555,Sold,1125049089,"5503 NE 58th St, Seattle WA 98105",98105,2025-12-03,2025-12-07,2026-01-07,2026-01-07,1499950,1499950,1499950,0,0,1,4,4,4,31,3,2.25,,1953,17 - 1 1/2 Stry w/Bsmt,Belvedere Terrace,true,,https://www.zillow.com/homes/5503-ne-58th-st-seattle-wa-98105_rb/,https://blue.kingcounty.com/Assessor/eRealProperty/Dashboard.aspx?ParcelNbr=1125049089
NW Seattle Sale Stats.csv,NW Seattle,2444925,Sold,3491300086,"7717 Mary Ave NW C, Seattle WA 98117",98117,2025-10-15,2025-12-05,2026-01-07,2026-01-07,820000,820000,811000,-9000,-0.01097560975609756,0.9890243902439024,51,51,51,33,3,2.5,1533,2021,32 - Townhouse,Whittier,true,,https://www.zillow.com/homes/7717-mary-ave-nw-c-seattle-wa-98117_rb/,https://blue.kingcounty.com/Assessor/eRealProperty/Dashboard.aspx?ParcelNbr=3491300086
NW Seattle Sale Stats.csv,NW Seattle,2456875,Sold,,"13746 Stone Ave N, Seattle WA 98133",98133,2025-11-21,2025-11-25,2026-01-06,2026-01-06,975000,975000,975000,0,0,1,4,4,4,42,3,2.25,2191,2025,12 - 2 Story,Haller Lake,true,,https://www.zillow.com/homes/13746-stone-ave-n-seattle-wa-98133_rb/,
NE Seattle Sale Stats.csv,NE Seattle,2460491,Sold,5101405049,"2051 NE 97th St, Seattle WA 98115",98115,2025-12-11,2025-12-14,2026-01-06,2026-01-06,959000,959000,969000,10000,0.010427528675703858,1.0104275286757038,3,3,3,23,4,2.5,,1961,14 - Split Entry,Maple Leaf,true,,https://www.zillow.com/homes/2051-ne-97th-st-seattle-wa-98115_rb/,https://blue.kingcounty.com/Assessor/eRealProperty/Dashboard.aspx?ParcelNbr=5101405049
NE Seattle Sale Stats.csv,NE Seattle,2433518,Sold,9822700205,"4317 37th Ave NE, Seattle WA 98105",98105,2025-09-25,2025-11-13,2026-01-06,2026-01-06,1450000,1550000,1400000,-50000,-0.034482758620689655,0.9655172413793104,49,49,49,54,4,2,,1941,16 - 1 Story w/Bsmnt.,Laurelhurst,true,,https://www.zillow.com/homes/4317-37th-ave-ne-seattle-wa-98105_rb/,https://blue.kingcounty.com/Assessor/eRealProperty/Dashboard.aspx?ParcelNbr=9822700205
NW Seattle Sale Stats.csv,NW Seattle,2447651,Sold,2922701860,"819 NW 80th St, Seattle WA 98117",98117,2025-10-23,2025-12-08,2026-01-06,2026-01-06,995000,995000,960000,-35000,-0.035175879396984924,0.964824120603015,46,46,46,29,3,1.5,2480,1938,16 - 1 Story w/Bsmnt.,Whittier,true,,https://www.zillow.com/homes/819-nw-80th-st-seattle-wa-98117_rb/,https://blue.kingcounty.com/Assessor/eRealProperty/Dashboard.aspx?ParcelNbr=2922701860
NE Seattle Sale Stats.csv,NE Seattle,2451819,Sold,3179100235,"4927 Purdue Ave NE, Seattle WA 98105",98105,2025-11-20,2025-11-23,2026-01-05,2026-01-05,1750000,1750000,1750000,0,0,1,3,3,3,43,6,2.75,,1964,16 - 1 Story w/Bsmnt.,Hawthorne Hills,true,,https://www.zillow.com/homes/4927-purdue-ave-ne-seattle-wa-98105_rb/,https://blue.kingcounty.com/Assessor/eRealProperty/Dashboard.aspx?ParcelNbr=3179100235
NE Seattle Sale Stats.csv,NE Seattle,2434781,Sold,3176600112,"6214 52nd Ave NE, Seattle WA 98115",98115,2025-10-10,2025-12-18,2026-01-05,2026-01-05,1800000,1800000,1747000,-53000,-0.029444444444444443,0.9705555555555555,69,84,69,18,4,2.25,,1973,18 - 2 Stories w/Bsmnt,Hawthorne Hills,true,,https://www.zillow.com/homes/6214-52nd-ave-ne-seattle-wa-98115_rb/,https://blue.kingcounty.com/Assessor/eRealProperty/Dashboard.aspx?ParcelNbr=3176600112
Central_South Seattle Sale Stats.csv,Central South Seattle,2465246,Sold,8722100815,"1921 E Blaine, Seattle WA 98112",98112,2026-01-02,,2026-01-02,2026-01-02,1695000,1695000,1695000,0,0,1,,0,,,3,2.75,2515,1926,17 - 1 1/2 Stry w/Bsmt,Montlake,false,missing_pending_date,https://www.zillow.com/homes/1921-e-blaine-seattle-wa-98112_rb/,https://blue.kingcounty.com/Assessor/eRealProperty/Dashboard.aspx?ParcelNbr=8722100815
QA_Magnolia Sale Stats.csv,QA Magnolia,2430380,Sold,2721600190,"2520 Warren Ave N, Seattle WA 98109",98109,2025-09-19,2025-12-02,2026-01-02,2026-01-02,1490000,160000,1437500,-52500,-0.03523489932885906,0.964765100671141,70,70,74,31,3,1.75,2390,1925,18 - 2 Stories w/Bsmnt,Queen Anne,true,,https://www.zillow.com/homes/2520-warren-ave-n-seattle-wa-98109_rb/,https://blue.kingcounty.com/Assessor/eRealProperty/Dashboard.aspx?ParcelNbr=2721600190
Central_South Seattle Sale Stats.csv,Central South Seattle,2456777,Sold,,"2523 31st Ave S, Seattle WA 98144",98144,2025-11-21,2025-11-25,2026-01-02,2026-01-02,1045000,1045000,1037000,-8000,-0.007655502392344498,0.9923444976076555,4,4,4,38,4,2,2505,1950,16 - 1 Story w/Bsmnt.,Mt Baker,true,,https://www.zillow.com/homes/2523-31st-ave-s-seattle-wa-98144_rb/,
Central_South Seattle Sale Stats.csv,Central South Seattle,2455248,Sold,1959701447,"2817 Franklin Ave E A, Seattle WA 98102",98102,2025-11-14,2025-12-19,2026-01-02,2026-01-02,889950,889950,885000,-4950,-0.005562110230911849,0.9944378897690882,35,211,35,14,2,2.25,1292,2025,32 - Townhouse,Eastlake,true,,https://www.zillow.com/homes/2817-franklin-ave-e-a-seattle-wa-98102_rb/,https://blue.kingcounty.com/Assessor/eRealProperty/Dashboard.aspx?ParcelNbr=1959701447
NE Seattle Sale Stats.csv,NE Seattle,2422500,Sold,6338000320,"4008 NE 57th St, Seattle WA 98105",98105,2025-08-22,2025-09-12,2026-01-02,2026-01-02,954000,954000,954000,0,0,1,21,21,21,112,5,3,,1997,12 - 2 Story,Bryant,true,,https://www.zillow.com/homes/4008-ne-57th-st-seattle-wa-98105_rb/,https://blue.kingcounty.com/Assessor/eRealProperty/Dashboard.aspx?ParcelNbr=6338000320
