fetchedAt,queryLabel,soldDate,redfinPropertyId,redfinListingId,mlsListingNumber,mlsStatus,address,unitNumber,city,state,zip,neighborhood,propertyType,uiPropertyType,yearBuilt,beds,baths,fullBaths,sqft,lotSize,stories,soldPrice,pricePerSqFt,hoaMonthly,domDays,timeOnRedfinMs,listingAgentName,listingBrokerName,sellingBrokerName,lat,lon,redfinUrl
2026-09-19T20:39:35.232Z,Beacon Hill,2026-09-18,101611660,222082396,2562944,Closed,1753 18th Ave S,,Seattle,WA,98144,Beacon Hill,Townhouse,3,2015,3,2,2,1580,1336,1.5,765000,484,,,,Alessandro Albi,"Windermere RE/Capitol Hill,Inc",Homes & Equity Real Estate Grp,47.5874531,-122.3099321,https://www.redfin.com/WA/Seattle/1753-18th-Ave-S-98144/home/101611660
2026-09-19T20:39:35.232Z,Ballard (specific),2026-09-18,109413891,222897785,2573582,Closed,2220 B NW 62nd St,,Seattle,WA,98107,Ballard,Townhouse,3,2026,4,2.5,2,1611,1249,1.5,885000,549,0,,,Jen Hunter,COMPASS,Real Broker LLC,47.6740103,-122.3856182,https://www.redfin.com/WA/Seattle/2220-NW-62nd-St-98107/home/109413891
2026-09-19T20:39:35.232Z,Central Seattle,2026-09-18,12319134,213162788,2491514,Closed,2814 E Spring St,,Seattle,WA,98122,Madrona,Townhouse,3,2007,2,2.5,2,1425,965,1.5,700000,491,,,,David Palmer,Redfin,Real Broker LLC,47.6120219,-122.2955451,https://www.redfin.com/WA/Seattle/2814-E-Spring-St-98122/home/12319134
2026-09-19T20:39:35.232Z,West Seattle,2026-09-18,153573,214090172,2506010,Closed,4319 SW Mills St,,Seattle,WA,98136,Gatewood,Single Family,1,1913,2,1,1,1720,5100,1,525000,305,,,,Tamara Paul,RE/MAX Northwest,RSVP Brokers ERA,47.541276,-122.388229,https://www.redfin.com/WA/Seattle/4319-SW-Mills-St-98136/home/153573
2026-09-19T20:39:35.232Z,Northgate,2026-09-18,191489416,213658624,2502137,Closed,13718 N Midvale Ave Unit C,Unit C,Seattle,WA,98133,Seattle,Townhouse,3,2007,3,2.5,2,1510,1262,1.5,510000,338,,,,Sai Kit Lam,Specialty Real Estate Group,Realty ONE Group Orca Gold,47.7293616,-122.3434466,https://www.redfin.com/WA/Seattle/13718-Midvale-Ave-N-98133/unit-C/home/191489416
2026-09-19T20:39:35.232Z,NW Seattle,2026-09-18,288225,223120409,2576188,Closed,10561 15th Ave NW,,Seattle,WA,98177,Blue Ridge,Single Family,1,1940,4,3,3,2870,8393,2,1550000,540,161,,,,Coldwell Banker Bain,Redfin,47.7068832,-122.3770387,https://www.redfin.com/WA/Seattle/10561-15th-Ave-NW-98177/home/288225
2026-09-19T20:39:35.232Z,Wallingford,2026-09-18,305027,221191265,2558942,Closed,311 NE 59th St,,Seattle,WA,98105,Green Lake,Single Family,1,2024,4,3.5,3,2691,2652,3,1850000,687,10,,,Michael Carnovale,Alchemy Real Estate,"Skyline Properties, Inc.",47.6713544,-122.3250065,https://www.redfin.com/WA/Seattle/311-NE-59th-St-98105/home/305027
2026-09-19T20:39:35.232Z,Green Lake,2026-09-18,305342,216571584,2522704,Closed,2112 N 64th St,,Seattle,WA,98103,Green Lake,Single Family,1,1997,4,3.5,3,3110,3000,2,2200000,707,,,,Stephen Macdonald,COMPASS,Lake & Company,47.675385,-122.332691,https://www.redfin.com/WA/Seattle/2112-N-64th-St-98103/home/305342
2026-09-19T20:39:35.232Z,West Seattle,2026-09-18,328722,222912561,2561929,Closed,2916 Walnut Ave SW,,Seattle,WA,98116,Admiral,Single Family,1,1918,2,1,1,1760,5750,1,885000,503,,,,Jacob Matalon,Windermere Real Estate Co.,Windermere Real Estate Co.,47.577732,-122.3830437,https://www.redfin.com/WA/Seattle/2916-Walnut-Ave-SW-98116/home/328722
2026-09-19T20:39:35.232Z,NW Seattle,2026-09-18,496475,221957652,2564319,Closed,310 NW 75th St,,Seattle,WA,98117,Phinney Ridge,Single Family,1,1941,2,2,2,1920,5150,1,910000,474,,,,Darrin Stumpf,Real Broker LLC,KW Greater Seattle,47.6834708,-122.3611808,https://www.redfin.com/WA/Seattle/310-NW-75th-St-98117/home/496475
2026-09-19T20:39:35.232Z,Central Seattle,2026-09-18,74901522,222940375,2574220,Closed,906 13th Ave Unit B,Unit B,Seattle,WA,98122,Capitol Hill,Townhouse,3,2015,2,2,2,1422,525,1.5,700000,492,,,,Karishma Kiri,Windermere Real Estate/East,Cornerstone Assoc Real Estate,47.6106886,-122.3150792,https://www.redfin.com/WA/Seattle/906-13th-Ave-98122/unit-B/home/74901522
2026-09-19T20:39:35.232Z,NE Seattle,2026-09-17,121499,223122936,2577536,Closed,3023 E Laurelhurst Dr NE,,Seattle,WA,98105,Laurelhurst,Single Family,1,1950,4,3.5,3,4370,10260,2,2760000,632,,,,Shannon Campbell,COMPASS,Windermere Real Estate Co.,47.6494026,-122.2763631,https://www.redfin.com/WA/Seattle/3023-E-Laurelhurst-Dr-NE-98105/home/121499
2026-09-19T20:39:35.232Z,West Seattle,2026-09-17,159990,222693363,2571694,Closed,6327 34th Ave SW,,Seattle,WA,98126,West Seattle,Single Family,1,1929,4,3,3,2760,3331,2,915000,332,,,,Lisa Fisher,Real Broker LLC,Keller Williams Eastside,47.5457913,-122.375381,https://www.redfin.com/WA/Seattle/6327-34th-Ave-SW-98126/home/159990
2026-09-19T20:39:35.232Z,Ballard (specific),2026-09-17,162895,222316508,2566961,Closed,5605 30th Ave NW,,Seattle,WA,98107,Ballard,Townhouse,3,2005,3,3.5,3,2270,2613,1.5,1160000,511,,,,Gigi Yin,AgencyOne,Real Broker LLC,47.6696782,-122.3958465,https://www.redfin.com/WA/Seattle/5605-30th-Ave-NW-98107/home/162895
2026-09-19T20:39:35.232Z,Wallingford,2026-09-17,18661279,220939715,2555631,Closed,3609 Interlake Ave N Unit A,Unit A,Seattle,WA,98103,Wallingford,Townhouse,3,2008,3,2.5,2,1720,1079,1.5,960000,558,,,,Ashley Heerman,Real Broker LLC,Lake & Company,47.6508825,-122.3416176,https://www.redfin.com/WA/Seattle/3609-Interlake-Ave-N-98103/unit-A/home/18661279
2026-09-19T20:39:35.232Z,Wallingford,2026-09-17,204433469,222128743,2566529,Closed,1413 A N 48th St,,Seattle,WA,98103,Wallingford,Townhouse,3,2026,3,2.5,2,1640,1112,1.5,989000,603,,,,Deborah Song,Windermere Real Estate/East,Designed Realty,47.66329,-122.340015,https://www.redfin.com/WA/Seattle/1413-A-N-48th-St-98103/home/204433469
2026-09-19T20:39:35.232Z,West Seattle,2026-09-17,204622662,222499772,2570347,Closed,2646 41st Ave SW Unit D,Unit D,Seattle,WA,98116,Admiral,Single Family,1,2026,3,3,2,1526,1393,1.5,1000000,655,100,,,Bill Reid,Windermere West Metro,Windermere West Metro,47.5801596,-122.3837022,https://www.redfin.com/WA/Seattle/2646-41st-Ave-SW-98116/unit-D/home/204622662
2026-09-19T20:39:35.232Z,Maple Leaf,2026-09-17,205243089,222981833,2574063,Closed,817 NE 100th St,,Seattle,WA,98125,Maple Leaf,Single Family,1,2026,4,2.5,2,1946,3040,2,1010000,519,1,,,Jenny Bouffiou,"Real Property Associates, Inc.",COMPASS,47.7011171,-122.3194356,https://www.redfin.com/WA/Seattle/817-NE-100th-St-98125/home/205243089
2026-09-19T20:39:35.232Z,NE Seattle,2026-09-17,320925,222415100,2568350,Closed,7333 46th Ave NE,,Seattle,WA,98115,View Ridge,Single Family,1,1953,4,2,2,2680,5723,1,1500000,560,,,,TC Wu,"WPI Real Estate Services, Inc.",Real Broker LLC,47.682552,-122.2790566,https://www.redfin.com/WA/Seattle/7333-46th-Ave-NE-98115/home/320925
2026-09-19T20:39:35.232Z,West Seattle,2026-09-17,468924,222984085,2575625,Closed,6757 38th Ave SW,,Seattle,WA,98126,Gatewood,Single Family,1,1953,2,1.5,1,2380,6343,1,1070000,450,,,,Roy Willanger,Berkshire Hathaway HS NW,Coldwell Banker Bain,47.5413489,-122.3808735,https://www.redfin.com/WA/Seattle/6757-38th-Ave-SW-98126/home/468924
2026-09-19T20:39:35.232Z,West Seattle,2026-09-17,469611,218293537,2546846,Closed,3706 SW Trenton St,,Seattle,WA,98126,Fauntleroy,Single Family,1,1943,2,1,1,1120,4692,1,485000,433,,,,Nyssa Baugher,Coldwell Banker Danforth,Every Door Real Estate,47.5248748,-122.3797602,https://www.redfin.com/WA/Seattle/3706-SW-Trenton-St-98126/home/469611
2026-09-19T20:39:35.232Z,West Seattle,2026-09-17,471985,222335944,2568384,Closed,7919 34th Ave SW,,Seattle,WA,98126,West Seattle,Single Family,1,1940,4,2,2,1630,6000,1,875000,537,,,,Francisco Dictado,KW Lake Washington So,Designed Realty,47.5312911,-122.3756302,https://www.redfin.com/WA/Seattle/7919-34th-Ave-SW-98126/home/471985
2026-09-19T20:39:35.232Z,NE Seattle,2026-09-16,108279,223077789,2576277,Closed,847 NE 85th St,,Seattle,WA,98115,Maple Leaf,Single Family,1,1941,4,3,3,2600,4080,1,1300000,500,,,,Javila Creer,Windermere Real Estate Midtown,Windermere Real Estate Midtown,47.6901623,-122.3182687,https://www.redfin.com/WA/Seattle/847-NE-85th-St-98115/home/108279
2026-09-19T20:39:35.232Z,Queen Anne,2026-09-16,133467,222591291,2565389,Closed,1532 5th Ave W,,Seattle,WA,98119,Queen Anne,Single Family,1,1914,5,3,3,4180,7200,2,1700000,407,,,,Leah Hill,Windermere Real Estate Co.,Windermere Real Estate Co.,47.6333302,-122.3633698,https://www.redfin.com/WA/Seattle/1532-5th-Ave-W-98119/home/133467
2026-09-19T20:39:35.232Z,Central Seattle,2026-09-16,140828,222296123,2550557,Closed,3701 E Alder St,,Seattle,WA,98122,Leschi,Single Family,1,1976,3,2,2,1750,7200,2,1750000,1000,,,,Ted Alton,Windermere Real Estate Co.,Marketplace Sotheby's Intl Rty,47.6036694,-122.2862221,https://www.redfin.com/WA/Seattle/3701-E-Alder-St-98122/home/140828
2026-09-19T20:39:35.232Z,West Seattle,2026-09-16,156561,220984731,2554321,Closed,10835 35th Ave SW,,Seattle,WA,98146,Arbor Heights,Single Family,1,1946,3,2,2,1678,8746,1,869000,518,,,,Sarah Georger-Clark,COMPASS,COMPASS,47.5053635,-122.376483,https://www.redfin.com/WA/Seattle/10835-35th-Ave-SW-98146/home/156561
2026-09-19T20:39:35.232Z,West Seattle,2026-09-16,159592,222112133,2557363,Closed,2612 SW Nevada St Unit B,Unit B,Seattle,WA,98126,Delridge,Townhouse,3,2021,2,2,2,1518,860,1.5,649000,428,,,,James Campbell,Coldwell Banker Bain,Windermere R.E. Shoreline,47.5656119,-122.3661118,https://www.redfin.com/WA/Seattle/2612-SW-Nevada-St-98126/unit-B/home/159592
2026-09-19T20:39:35.232Z,West Seattle,2026-09-16,159626,213640092,2501138,Closed,6352 24th Ave SW,,Seattle,WA,98106,West Seattle,Single Family,1,1996,5,3,3,1800,5000,1.5,715000,397,,,,Michelle Wallace,Keller Williams Realty PS,John L Scott RE West Seattle,47.5451244,-122.3637125,https://www.redfin.com/WA/Seattle/6352-24th-Ave-SW-98106/home/159626
2026-09-19T20:39:35.232Z,Ballard (specific),2026-09-16,162080,222976321,2575325,Closed,3020 NW 60th St,,Seattle,WA,98107,Sunset Hill,Single Family,1,1948,4,2,2,3280,7900,1,1550000,473,,,,,Home Realty,Redfin,47.6724489,-122.3966419,https://www.redfin.com/WA/Seattle/3020-NW-60th-St-98107/home/162080
2026-09-19T20:39:35.232Z,Ballard (specific),2026-09-16,166628,222996813,2575900,Closed,8319 25th Ave NW,,Seattle,WA,98117,Loyal Heights,Single Family,1,2026,2,2,2,1092,1252,2,710000,650,38,,,Randy Kanda,RE/MAX Northwest,Realogics Sotheby's Int'l Rlty,47.6895923,-122.3890249,https://www.redfin.com/WA/Seattle/8319-25th-Ave-NW-98117/home/166628
2026-09-19T20:39:35.232Z,Central Seattle,2026-09-16,2084630,221571033,2558359,Closed,1513 23rd Ave S,,Seattle,WA,98144,Judkins,Townhouse,3,2005,3,2.5,2,1660,1969,1.5,799950,482,,,,Chris Seubert,"Pellego, Inc.",Keller Williams Realty Bothell,47.5890563,-122.3028878,https://www.redfin.com/WA/Seattle/1513-23rd-Ave-S-98144/home/2084630
2026-09-19T20:39:35.232Z,Queen Anne,2026-09-16,21884000,222327966,2560143,Closed,315 W Galer St #107,#107,Seattle,WA,98119,Queen Anne,Townhouse,3,2013,2,2,2,1680,1107,1.5,1399000,833,600,,,Chris Cross,Keller Williams Rlty Bellevue,COMPASS,47.6322096,-122.3611186,https://www.redfin.com/WA/Seattle/315-W-Galer-St-98119/unit-107/home/21884000
2026-09-19T20:39:35.232Z,Wallingford,2026-09-16,303891,222348245,2568170,Closed,113 NE 60th St,,Seattle,WA,98115,Green Lake,Single Family,1,1919,2,1,1,1150,3000,1,679950,591,,,,Jason Hull,KW Greater Seattle,Marketplace Sotheby's Intl Rty,47.6721065,-122.3275516,https://www.redfin.com/WA/Seattle/113-NE-60th-St-98115/home/303891
2026-09-19T20:39:35.232Z,West Seattle,2026-09-16,328872,223055823,2576481,Closed,2650 Walnut Ave SW,,Seattle,WA,98116,Admiral,Single Family,1,1905,2,2,2,1907,4200,1.5,982500,515,,,,Mick Walls,Windermere RE Greenwood,John L Scott RE West Seattle,47.5796919,-122.3829983,https://www.redfin.com/WA/Seattle/2650-Walnut-Ave-SW-98116/home/328872
2026-09-19T20:39:35.232Z,West Seattle,2026-09-16,470107,220683231,2552955,Closed,3947 SW Portland St,,Seattle,WA,98136,Fauntleroy,Single Family,1,1951,2,1.5,1,1720,5100,1,775000,451,,,,Brit Kuhnke,Windermere Real Estate/East,COMPASS,47.5327265,-122.384062,https://www.redfin.com/WA/Seattle/3947-SW-Portland-St-98136/home/470107
2026-09-19T20:39:35.232Z,West Seattle,2026-09-16,473975,221560033,2560327,Closed,8837 34th Ave SW,,Seattle,WA,98126,Westwood,Single Family,1,1977,4,3,3,1850,7320,1.5,1215000,657,,,,Javier Fosado,Windermere West Metro,Real Residential,47.5235223,-122.3756294,https://www.redfin.com/WA/Seattle/8837-34th-Ave-SW-98126/home/473975
2026-09-19T20:39:35.232Z,West Seattle,2026-09-16,476435,222412350,2559994,Closed,8121 11th Ave SW,,Seattle,WA,98106,Highland Park,Single Family,1,1930,3,2.5,2,2400,7620,1,870000,363,,,,James Campbell,Coldwell Banker Bain,Windermere West Metro,47.5294854,-122.3496395,https://www.redfin.com/WA/Seattle/8121-11th-Ave-SW-98106/home/476435
2026-09-19T20:39:35.232Z,Ballard (specific),2026-09-16,495910,222687279,2570140,Closed,8021 9th Ave NW,,Seattle,WA,98117,Whittier,Single Family,1,1999,4,2.5,2,2390,2262,2,1298000,543,,,,April Geneva,Windermere Real Estate Midtown,HomeSmart Real Estate Assoc,47.6875964,-122.3686456,https://www.redfin.com/WA/Seattle/8021-9th-Ave-NW-98117/home/495910
2026-09-19T20:39:35.232Z,Ballard (specific),2026-09-16,496971,222933069,2574259,Closed,6741 9th Ave NW,,Seattle,WA,98117,Whittier,Single Family,1,1918,2,2,2,1830,5350,1,1113000,608,,,,Josh Bolton,Windermere Real Estate Co.,COMPASS,47.6790426,-122.3690431,https://www.redfin.com/WA/Seattle/6741-9th-Ave-NW-98117/home/496971
2026-09-19T20:39:35.232Z,Queen Anne,2026-09-16,72973,216279591,2518315,Closed,2770 Westlake Ave N #6,#6,Seattle,WA,98109,Westlake,Single Family,1,1930,2,2,2,1151,1151,1,1450000,1260,350,,,Kristin Ellis,Windermere Real Estate Midtown,Seattle Afloat LLC,47.6455578,-122.3469085,https://www.redfin.com/WA/Seattle/2770-Westlake-Ave-N-98109/unit-6/home/72973
2026-09-19T20:39:35.232Z,NW Seattle,2026-09-16,96323,222411253,2568156,Closed,10022 11th Ave NW,,Seattle,WA,98177,Crown Hill,Single Family,1,1952,4,2,2,2480,6700,1,1351000,545,,,,Carlene Sandstrom,Windermere Real Estate/East,Keller Williams Realty PS,47.7022225,-122.3697822,https://www.redfin.com/WA/Seattle/10022-11th-Ave-NW-98177/home/96323
2026-09-19T20:39:35.232Z,NW Seattle,2026-09-16,99227,220931349,2554795,Closed,745 N 97th St,,Seattle,WA,98103,Greenwood,Single Family,1,1962,4,3,3,2060,7453,1.5,960000,466,,,,Bruce Ainslie,Windermere RE Greenwood,eXp Realty,47.6994283,-122.3480535,https://www.redfin.com/WA/Seattle/745-N-97th-St-98103/home/99227
2026-09-19T20:39:35.232Z,NW Seattle,2026-09-16,99924,222899397,2573528,Closed,9035 11th Ave NW,,Seattle,WA,98117,Crown Hill,Single Family,1,1930,2,1,1,1660,7399,1,850000,512,,,,Matt Snell,RE/MAX Northwest,KW Greater Seattle,47.6952478,-122.370391,https://www.redfin.com/WA/Seattle/9035-11th-Ave-NW-98117/home/99924
2026-09-19T20:39:35.232Z,Northgate,2026-09-15,102962,217280897,2545209,Closed,125 NE 135th St,,Seattle,WA,98125,Haller Lake,Single Family,1,1947,2,3,3,2940,11070,1,805000,274,,,,Beth Bylund,Windermere Real Estate Midtown,"John L. Scott, Inc.",47.7266163,-122.3277164,https://www.redfin.com/WA/Seattle/125-NE-135th-St-98125/home/102962
2026-09-19T20:39:35.232Z,NE Seattle,2026-09-15,120840,223635795,2584615,Closed,6115 NE Keswick Dr,,Seattle,WA,98105,Windermere,Single Family,1,1948,4,3,3,3910,20000,1,3500000,895,,,,Tom Maider,Windermere Real Estate Midtown,Real Residential,47.6687274,-122.2607421,https://www.redfin.com/WA/Seattle/6115-NE-Keswick-Dr-98105/home/120840
2026-09-19T20:39:35.232Z,Eastlake,2026-09-15,131884,222973922,2573863,Closed,2358 Fairview Ave E,,Seattle,WA,98102,Eastlake,Townhouse,3,1999,3,3,3,2264,2108,1.5,1625000,718,,,,Monica Wilkinson,Windermere Real Estate Midtown,COMPASS,47.6413224,-122.3291418,https://www.redfin.com/WA/Seattle/2358-Fairview-Ave-E-98102/home/131884
2026-09-19T20:39:35.232Z,Central Seattle,2026-09-15,140263,222310595,2567712,Closed,620 Lake Washington Blvd E,,Seattle,WA,98112,Washington Park,Townhouse,3,1997,2,2.5,2,1420,2057,1.5,820000,577,,,,Ryan Lile,Ensemble,KW Greater Seattle,47.6254346,-122.2916893,https://www.redfin.com/WA/Seattle/620-Lake-Washington-Blvd-E-98112/home/140263
2026-09-19T20:39:35.232Z,Central Seattle,2026-09-15,140871,222300103,2567809,Closed,1522 34th Ave,,Seattle,WA,98122,Madrona,Single Family,1,1921,4,2.5,2,2270,3300,2,1535000,676,,,,Nancy Wallace,Coldwell Banker Bain,Ensemble,47.6147605,-122.2889579,https://www.redfin.com/WA/Seattle/1522-34th-Ave-98122/home/140871
2026-09-19T20:39:35.232Z,Central Seattle,2026-09-15,140873,222620730,2570007,Closed,1516 34th Ave,,Seattle,WA,98122,Madrona,Single Family,1,1911,4,2.5,2,2600,3300,2,1445000,556,,,,Kelley Meister,COMPASS,COMPASS,47.6145932,-122.2889734,https://www.redfin.com/WA/Seattle/1516-34th-Ave-98122/home/140873
2026-09-19T20:39:35.232Z,NW Seattle,2026-09-15,145709250,220560802,2549580,Closed,1810 NW 85th St,,Seattle,WA,98117,Ballard,Townhouse,3,2018,2,2,2,925,458,1.5,475000,514,,,,Junior Torres,Windermere RE Greenwood,Portico Real Estate,47.690738,-122.380361,https://www.redfin.com/WA/Seattle/1810-NW-85th-St-98117/home/145709250
2026-09-19T20:39:35.232Z,West Seattle,2026-09-15,154272,221561908,2562374,Closed,5064 Beach Dr SW,,Seattle,WA,98136,Beach Drive,Single Family,1,1999,3,2.5,2,1920,7317,1.5,1510000,786,,,,Robert Kelly,West Seattle Realty,Windermere Real Estate/East,47.5560109,-122.3996619,https://www.redfin.com/WA/Seattle/5064-Beach-Dr-SW-98136/home/154272
2026-09-19T20:39:35.232Z,West Seattle,2026-09-15,155192,222560564,2570059,Closed,3811 SW 105th St,,Seattle,WA,98146,Arbor Heights,Single Family,1,1952,3,1.5,1,1250,9044,1,780000,624,,,,Kelli Leese,John L. Scott Mukilteo,KW Greater Seattle,47.5089223,-122.3802296,https://www.redfin.com/WA/Seattle/3811-SW-105th-St-98146/home/155192
2026-09-19T20:39:35.232Z,Ballard (specific),2026-09-15,164493,222660504,2571352,Closed,2833 NW 69th St,,Seattle,WA,98117,Sunset Hill,Single Family,1,1910,3,2,2,1810,5000,1,1311000,724,,,,Paul Simpson,Windermere Real Estate Co.,COMPASS,47.6785506,-122.3944376,https://www.redfin.com/WA/Seattle/2833-NW-69th-St-98117/home/164493
2026-09-19T20:39:35.232Z,West Seattle,2026-09-15,171917206,221695760,2560067,Closed,4300 SW Willow St Unit E,Unit E,Seattle,WA,98136,Gatewood,Townhouse,3,2019,3,1.5,1,1120,795,1.5,640000,571,,,,Varun Jain,Inspire Realty,Windermere Real Estate Co.,47.5424225,-122.3875463,https://www.redfin.com/WA/Seattle/4300-SW-Willow-St-98136/unit-E/home/171917206
2026-09-19T20:39:35.232Z,West Seattle,2026-09-15,18904,223660295,2584948,Closed,6920 California Ave SW #35,#35,Seattle,WA,98136,Morgan Junction,Single Family,1,1987,3,2,2,1543,,1,625000,405,674,,,Posey Gruener,Windermere Real Estate/Summit,NWMLS-NonOffice,47.5415569,-122.3868567,https://www.redfin.com/WA/Seattle/6920-California-Ave-SW-98136/unit-35/home/18904
2026-09-19T20:39:35.232Z,Fremont,2026-09-15,192269697,215335177,2523521,Closed,724 N 36th St,,Seattle,WA,98103,Fremont,Townhouse,3,2026,3,3,3,1279,552,1.5,699950,547,,,,Grecia Thomas,"Real Property Associates, Inc.",KW Greater Seattle,47.6513247,-122.3487811,https://www.redfin.com/WA/Seattle/724-N-36th-St-98103/home/192269697
2026-09-19T20:39:35.232Z,Wallingford,2026-09-15,194156015,223098257,2577086,Closed,4406 1st Ave NE,,Seattle,WA,98105,Wallingford,Townhouse,3,2026,4,3.5,3,2661,2478,1.5,1725000,648,16,,,John Cowan,Windermere Real Estate Co.,Real Broker LLC,47.660488,-122.328006,https://www.redfin.com/WA/Seattle/4406-1st-Ave-NE-98105/home/194156015
2026-09-19T20:39:35.232Z,Wallingford,2026-09-15,203250965,222005356,2565042,Closed,4308 Wallingford Ave N Unit C,Unit C,Seattle,WA,98103,Wallingford,Townhouse,3,2023,2,2,2,1070,720,1.5,775000,724,,,,Alysan Long,Lake & Company,Bentley Properties,47.6594078,-122.3358222,https://www.redfin.com/WA/Seattle/4308-Wallingford-Ave-N-98103/unit-C/home/203250965
2026-09-19T20:39:35.232Z,West Seattle,2026-09-15,204579648,222373894,2566948,Closed,2648 41st Ave SW,,Seattle,WA,98116,Admiral,Single Family,1,2026,3,3,2,1526,1386,1.5,999000,655,100,,,Bill Reid,Windermere West Metro,Windermere West Metro,47.5801268,-122.3837033,https://www.redfin.com/WA/Seattle/2648-41st-Ave-SW-98116/home/204579648
2026-09-19T20:39:35.232Z,Wallingford,2026-09-15,304580,222727857,2565815,Closed,5509 Kensington Pl N,,Seattle,WA,98103,Green Lake,Single Family,1,1909,3,1,1,1740,4560,2,850000,489,,,,Charles Carosella,"Wilson Realty Exchange, Inc.","Skyline Properties, Inc.",47.6689572,-122.330581,https://www.redfin.com/WA/Seattle/5509-Kensington-Pl-N-98103/home/304580
2026-09-19T20:39:35.232Z,NE Seattle,2026-09-15,313910,223647540,2584760,Closed,6026 43rd Ave NE,,Seattle,WA,98115,View Ridge,Single Family,1,1949,2,1,1,1560,6750,1,1050000,673,,,,Leslie Reed,Windermere Real Estate Co.,NWMLS-NonOffice,47.6729954,-122.2819151,https://www.redfin.com/WA/Seattle/6026-43rd-Ave-NE-98115/home/313910
2026-09-19T20:39:35.232Z,NE Seattle,2026-09-15,317077,221287462,2560323,Closed,8623 30th Ave NE,,Seattle,WA,98115,Wedgwood,Single Family,1,1951,3,2,2,1260,5470,1,970000,770,,,,Edward Krigsman,Windermere Real Estate Co.,COMPASS,47.6916429,-122.2963717,https://www.redfin.com/WA/Seattle/8623-30th-Ave-NE-98115/home/317077
2026-09-19T20:39:35.232Z,West Seattle,2026-09-15,40279819,222335134,2568692,Closed,2775 59th Ave SW,,Seattle,WA,98116,Alki,Townhouse,3,2011,3,2.5,2,1800,2175,1.5,1100000,611,,,,Cyrus Fiene,Coldwell Banker Bain,Coldwell Banker Bain,47.5778508,-122.4083847,https://www.redfin.com/WA/Seattle/2775-59th-Ave-SW-98116/home/40279819
2026-09-19T20:39:35.232Z,West Seattle,2026-09-15,469746,222937397,2575012,Closed,6516 41st Ave SW,,Seattle,WA,98136,Morgan Junction,Single Family,1,1920,3,2,2,1010,6250,1,755000,748,,,,Trevor Russell,COMPASS,R1 Washington,47.5442555,-122.3841711,https://www.redfin.com/WA/Seattle/6516-41st-Ave-SW-98136/home/469746
2026-09-19T20:39:35.232Z,West Seattle,2026-09-15,475890,222939703,2574584,Closed,8148 16th Ave SW,,Seattle,WA,98106,Highland Park,Single Family,1,1977,3,2,2,1230,4000,1,723000,588,,,,Scott Monroe,Windermere West Metro,Real Broker LLC,47.528631,-122.354759,https://www.redfin.com/WA/Seattle/8148-16th-Ave-SW-98106/home/475890
2026-09-19T20:39:35.232Z,Ballard (specific),2026-09-15,494397,221940941,2563698,Closed,5821 3rd Ave NW,,Seattle,WA,98107,Ballard,Single Family,1,1906,5,2,2,2000,3610,2,750000,375,,,,Nicole Dankworth,Real Broker LLC,Real Broker LLC,47.6715366,-122.3611194,https://www.redfin.com/WA/Seattle/5821-3rd-Ave-NW-98107/home/494397
2026-09-19T20:39:35.232Z,Phinney Ridge,2026-09-15,496150,222690306,2567114,Closed,347 NW 74th St,,Seattle,WA,98117,Phinney Ridge,Single Family,1,1913,3,2,2,1850,6000,1,1195000,646,,,,Georgia Stevens,COMPASS,Lake & Company,47.6823398,-122.3627278,https://www.redfin.com/WA/Seattle/347-NW-74th-St-98117/home/496150
2026-09-19T20:39:35.232Z,NW Seattle,2026-09-15,497022,222891224,2574245,Closed,8311 3rd Ave NW,,Seattle,WA,98117,Greenwood,Single Family,1,1926,2,1,1,1300,2300,1,580000,446,,,,,COMPASS,Redfin,47.6895534,-122.360884,https://www.redfin.com/WA/Seattle/8311-3rd-Ave-NW-98117/home/497022
2026-09-19T20:39:35.232Z,Northgate,2026-09-14,105943,221201866,2559279,Closed,11516 8th Ave NE,,Seattle,WA,98125,Pinehurst,Single Family,1,1949,3,2,2,2150,7200,1.5,899000,418,,,,Jon Woo,Mezzanine Properties Inc,KW Greater Seattle,47.7127136,-122.320367,https://www.redfin.com/WA/Seattle/11516-8th-Ave-NE-98125/home/105943
2026-09-19T20:39:35.232Z,Wallingford,2026-09-14,119948,221183624,2556636,Closed,1812 N 39th,,Seattle,WA,98103,Wallingford,Single Family,1,1921,2,2,2,1650,2040,1.5,1000000,606,,,,Erica Dorland,Lake & Company,Real Broker LLC,47.6545206,-122.3356293,https://www.redfin.com/WA/Seattle/1812-N-39th-St-98103/home/119948
2026-09-19T20:39:35.232Z,NW Seattle,2026-09-14,12091639,222645281,2571814,Closed,11711 Greenwood Ave N Unit B,Unit B,Seattle,WA,98133,Greenwood,Townhouse,3,2006,3,2.5,2,1600,1320,1.5,650000,406,,,,Alex Zeiady,Coldwell Banker Danforth,"John L. Scott, Inc",47.7147142,-122.3561513,https://www.redfin.com/WA/Seattle/11711-Greenwood-Ave-N-98133/unit-B/home/12091639
2026-09-19T20:39:35.232Z,Magnolia,2026-09-14,128670,221949534,2563785,Closed,3657 W Viewmont Way W,,Seattle,WA,98199,Magnolia,Single Family,1,1954,4,3,3,3440,6000,1,2000000,581,,,,Annie Martini,Windermere RE Magnolia,COMPASS,47.6536085,-122.4113642,https://www.redfin.com/WA/Seattle/3657-W-Viewmont-Way-W-98199/home/128670
2026-09-19T20:39:35.232Z,Queen Anne,2026-09-14,132314,222905952,2571110,Closed,1721 3rd Ave N,,Seattle,WA,98109,Queen Anne,Single Family,1,1907,4,3,3,2120,2805,1,1498000,707,,,,Kelly Byrne,Blue Pacific Real Estate,Keller Williams Seattle Metro,47.634642,-122.3522303,https://www.redfin.com/WA/Seattle/1721-3rd-Ave-N-98109/home/132314
2026-09-19T20:39:35.232Z,West Seattle,2026-09-14,157940,220680296,2550664,Closed,3741 SW 106th St,,Seattle,WA,98146,Arbor Heights,Single Family,1,1948,3,2,2,1890,8246,1.5,715000,378,,,,Sarah Rudinoff,Windermere R E Mount Baker,Real Broker LLC,47.5080225,-122.3799873,https://www.redfin.com/WA/Seattle/3741-SW-106th-St-98146/home/157940
2026-09-19T20:39:35.232Z,West Seattle,2026-09-14,161032,222653356,2528990,Closed,6714 14th Ave SW,,Seattle,WA,98106,Puget Ridge,Single Family,1,1972,3,2.5,2,1640,7137,1.5,746000,455,,,,Michael Witt,"Windermere RE/Capitol Hill,Inc",Windermere Bellevue Commons,47.5423588,-122.3523872,https://www.redfin.com/WA/Seattle/6714-14th-Ave-SW-98106/home/161032
2026-09-19T20:39:35.232Z,Central Seattle,2026-09-14,18657817,222331469,2567333,Closed,1620 E Alder St,,Seattle,WA,98122,Central Area,Single Family,1,2008,3,3.5,3,2690,4800,2,1595000,593,,,,Cory Egan,Windermere Real Estate Co.,Coldwell Banker Evergreen,47.6045748,-122.3105106,https://www.redfin.com/WA/Seattle/1620-E-Alder-St-98122/home/18657817
2026-09-19T20:39:35.232Z,Ballard (specific),2026-09-14,18659301,221201080,2559354,Closed,821 NW 53rd St Unit A,Unit A,Seattle,WA,98107,Ballard,Townhouse,3,2007,3,3.5,3,1574,1455,1.5,767500,488,,,,Wanzhi Li,"Skyline Properties, Inc.",Columbia Partners Real Estate,47.667008,-122.367292,https://www.redfin.com/WA/Seattle/821-NW-53rd-St-98107/unit-A/home/18659301
2026-09-19T20:39:35.232Z,Green Lake,2026-09-14,195913099,212336653,2481924,Closed,221 NE 75th St,,Seattle,WA,98115,Green Lake,Townhouse,3,2026,2,2,2,1411,883,1.5,769000,545,4,,,Drew Smith,"Urban Commercial Partners, LLC",COMPASS,47.68306,-122.326406,https://www.redfin.com/WA/Seattle/221-NE-75th-St-98115/home/195913099
2026-09-19T20:39:35.232Z,Ballard (specific),2026-09-14,200618345,216973188,2541930,Closed,1208 A NW 83rd St,,Seattle,WA,98117,Ballard,Townhouse,3,2026,2,2.5,2,1022,699,1.5,603000,590,,,,Grecia Thomas,"Real Property Associates, Inc.",Keller Williams Realty PS,47.688856,-122.3719086,https://www.redfin.com/WA/Seattle/1208-A-NW-83rd-St-98117/home/200618345
2026-09-19T20:39:35.232Z,Central Seattle,2026-09-14,202219673,222553571,2570387,Closed,1970 25th Ave E,,Seattle,WA,98112,Montlake,Single Family,1,2026,3,3.5,3,1940,1633,3,1335000,688,130,,,Marc Mignogna,"RE/MAX Metro Realty, Inc.",Real Broker LLC,47.6376867,-122.3002907,https://www.redfin.com/WA/Seattle/1970-25th-Ave-E-98112/home/202219673
2026-09-19T20:39:35.232Z,Ballard (specific),2026-09-14,202656524,220494290,2549373,Closed,1512 NW 59th St,,Seattle,WA,98107,Ballard,Townhouse,3,2026,3,3,2,2135,1719,1.5,1169000,548,,,,Ziggy Samra,"John L. Scott, Inc.",ZNonMember-Office-MLS,47.671837,-122.376842,https://www.redfin.com/WA/Seattle/1512-NW-59th-St-98107/home/202656524
2026-09-19T20:39:35.232Z,Phinney Ridge,2026-09-14,299403,222348242,2564819,Closed,6408 Francis Ave N,,Seattle,WA,98103,Phinney Ridge,Single Family,1,1911,4,3,3,2600,3000,2,1699950,654,,,,Jason Gibbons,COMPASS,Windermere R.E. Shoreline,47.6756851,-122.353192,https://www.redfin.com/WA/Seattle/6408-Francis-Ave-N-98103/home/299403
2026-09-19T20:39:35.232Z,Phinney Ridge,2026-09-14,300739,222746531,2567119,Closed,6542 Greenwood Ave N,,Seattle,WA,98103,Phinney Ridge,Single Family,1,1918,2,1,1,1060,2450,1,654000,617,,,,Paul Rice,COMPASS,Windermere RE Greenwood,47.6772093,-122.3550631,https://www.redfin.com/WA/Seattle/6542-Greenwood-Ave-N-98103/home/300739
2026-09-19T20:39:35.232Z,NE Seattle,2026-09-14,316753,222727611,2572123,Closed,2502 NE 68th St,,Seattle,WA,98115,Ravenna,Single Family,1,1953,3,3,3,1940,5092,1,1187000,612,,,,Monica Church,Real Broker LLC,Rain Town Realty + JPAR,47.6777921,-122.3003897,https://www.redfin.com/WA/Seattle/2502-NE-68th-St-98115/home/316753
2026-09-19T20:39:35.232Z,West Seattle,2026-09-14,470440,217019774,2535281,Closed,5632 42nd Ave SW,,Seattle,WA,98136,Seaview,Single Family,1,1946,5,3.5,3,3840,6250,2,1325000,345,,,,Jennifer Larson,John L Scott RE West Seattle,Ensemble,47.5511225,-122.3853014,https://www.redfin.com/WA/Seattle/5632-42nd-Ave-SW-98136/home/470440
2026-09-19T20:39:35.232Z,West Seattle,2026-09-14,474970,213676563,2501736,Closed,8117 17th Ave SW,,Seattle,WA,98106,Highland Park,Single Family,1,1930,2,1,1,820,3714,1,579000,706,30,,,Nicole Dankworth,Real Broker LLC,Real Broker LLC,47.529522,-122.356749,https://www.redfin.com/WA/Seattle/8117-17th-Ave-SW-98106/home/474970
2026-09-19T20:39:35.232Z,Phinney Ridge,2026-09-14,497300,222606508,2570363,Closed,325 NW 74th St,,Seattle,WA,98117,Phinney Ridge,Single Family,1,1912,3,3,3,2250,3000,2,1450000,644,,,,Thomas Emmo,Real Broker LLC,Coldwell Banker Danforth,47.6823326,-122.3618264,https://www.redfin.com/WA/Seattle/325-NW-74th-St-98117/home/497300
2026-09-19T20:39:35.232Z,West Seattle,2026-09-14,7557,222072281,2565770,Closed,8408 25th Ave SW Unit D,Unit D,Seattle,WA,98106,Westwood,Townhouse,3,1979,2,1.5,1,1014,,1.5,445000,439,580,,,Candice Oftebro,Coldwell Banker Danforth,COMPASS,47.5280071,-122.3642692,https://www.redfin.com/WA/Seattle/8408-25th-Ave-SW-98106/unit-D/home/7557
2026-09-19T20:39:35.232Z,NE Seattle,2026-09-11,122221,214573619,2515993,Closed,4103 43rd Ave NE,,Seattle,WA,98105,Laurelhurst,Single Family,1,2025,4,3.5,3,4738,7200,2,4600000,971,,,,Bentley Pugh,Keller Williams North Seattle,Realogics Sotheby's Int'l Rlty,47.6586271,-122.2818986,https://www.redfin.com/WA/Seattle/4103-43rd-Ave-NE-98105/home/122221
2026-09-19T20:39:35.232Z,Central Seattle,2026-09-11,136166,217276498,2545928,Closed,1000 15th Ave E,,Seattle,WA,98112,Capitol Hill,Single Family,1,1907,5,3.5,3,4369,5220,,2250000,515,,,,Michael Doyle,Windermere Real Estate Midtown,Windermere Real Estate Co.,47.6277126,-122.3122252,https://www.redfin.com/WA/Seattle/1000-15th-Ave-E-98112/home/136166
2026-09-19T20:39:35.232Z,Central Seattle,2026-09-11,144329,221192747,2558886,Closed,429 13th Ave E,,Seattle,WA,98102,Capitol Hill,Townhouse,3,2007,2,2.5,2,1590,1504,1.5,975000,613,45,,,Renee McGahan,COMPASS,Columbia Partners Real Estate,47.6228232,-122.3159214,https://www.redfin.com/WA/Seattle/429-13th-Ave-E-98102/home/144329
2026-09-19T20:39:35.232Z,West Seattle,2026-09-11,156268,223476555,2582585,Closed,4000 SW concord St,,Seattle,WA,98136,Fauntleroy,Single Family,1,1954,2,1.5,1,1960,7198,1,700000,357,,,,Bill Reid,Windermere West Metro,NWMLS-NonOffice,47.5238087,-122.383336,https://www.redfin.com/WA/Seattle/4000-SW-Concord-St-98136/home/156268
2026-09-19T20:39:35.232Z,Central Seattle,2026-09-11,185466451,217215254,2545834,Closed,1802 38th Ave,,Seattle,WA,98122,Madrona,Townhouse,3,2023,2,2.5,2,1182,1,1.5,805000,681,70,,,Jay Kipp,Realogics Sotheby's Int'l Rlty,"Windermere RE/Capitol Hill,Inc",47.6176766,-122.2854196,https://www.redfin.com/WA/Seattle/1802-38th-Ave-98122/home/185466451
2026-09-19T20:39:35.232Z,NE Seattle,2026-09-11,197179174,221501990,2560900,Closed,4231 53rd Ave NE,,Seattle,WA,98105,Laurelhurst,Single Family,1,2026,5,5,4,3566,5009,2,3595000,1008,,,,John Cowan,Windermere Real Estate Co.,KW Mountains to Sound Realty,47.659153,-122.271349,https://www.redfin.com/WA/Seattle/4231-53rd-Ave-NE-98105/home/197179174
2026-09-19T20:39:35.232Z,Queen Anne,2026-09-11,199613038,209856414,2458245,Closed,809 W Armour St,,Seattle,WA,98119,Queen Anne,Single Family,1,2025,3,2.5,2,1167,2747,2,900000,771,5,,,Ryan Gillis,Gillis Real Estate LLC,Real Broker LLC,47.6448133,-122.3680435,https://www.redfin.com/WA/Seattle/809-W-Armour-St-98119/home/199613038
2026-09-19T20:39:35.232Z,Phinney Ridge,2026-09-11,201652118,222128696,2566309,Closed,7064 Cleopatra Pl NW,,Seattle,WA,98117,Phinney Ridge,Single Family,1,2026,2,2,2,1094,6160,2,824900,754,29,,,Andy Sather,"John L. Scott, Inc.",Every Door Real Estate,47.681407,-122.3652231,https://www.redfin.com/WA/Seattle/7064-Cleopatra-Pl-NW-98117/home/201652118
2026-09-19T20:39:35.232Z,NE Seattle,2026-09-11,204551742,222278087,2567795,Closed,2726 NE Blakeley St,,Seattle,WA,98105,Ravenna,Single Family,1,2026,3,3.5,3,1797,2375,1.5,1250000,696,5,,,Kelly Byrne,Blue Pacific Real Estate,Coldwell Banker Bain,47.6664789,-122.2973908,https://www.redfin.com/WA/Seattle/2726-NE-Blakeley-St-98105/home/204551742
2026-09-19T20:39:35.232Z,West Seattle,2026-09-11,2079162,217226134,2543306,Closed,7114 California Ave SW Unit A,Unit A,Seattle,WA,98136,Gatewood,Townhouse,3,2006,2,2,2,1030,1106,1.5,530000,515,,,,Julie Granahan,Redfin,"Windermere RE/Capitol Hill,Inc",47.5396467,-122.3866424,https://www.redfin.com/WA/Seattle/7114-California-Ave-SW-98136/unit-A/home/2079162
2026-09-19T20:39:35.232Z,West Seattle,2026-09-11,328654,222333524,2568508,Closed,4153 39th Ave SW,,Seattle,WA,98116,Admiral,Single Family,1,1954,2,1.5,1,1640,5750,1,799950,488,,,,Jerome Slobojan,COMPASS,Coldwell Banker Bain,47.5649709,-122.3818654,https://www.redfin.com/WA/Seattle/4153-39th-Ave-SW-98116/home/328654
2026-09-19T20:39:35.232Z,West Seattle,2026-09-11,331143,222091906,2562832,Closed,4540 51st Ave SW,,Seattle,WA,98116,Genesee,Single Family,1,1979,3,3,3,1620,5750,1,995000,614,,,,,Designed Realty,Redfin,47.5617631,-122.3972424,https://www.redfin.com/WA/Seattle/4540-51st-Ave-SW-98116/home/331143
2026-09-19T20:39:35.232Z,West Seattle,2026-09-11,471707,215595819,2525808,Closed,5457 35th Ave SW,,Seattle,WA,98126,Fairmount,Single Family,1,1946,4,2,2,2240,6240,1,901000,402,,,,Karen Lavallee,Windermere West Metro,Windermere West Metro,47.5521329,-122.3767269,https://www.redfin.com/WA/Seattle/5457-35th-Ave-SW-98126/home/471707
2026-09-19T20:39:35.232Z,Beacon Hill,2026-09-11,481562,222367767,2546882,Closed,2131 S Bennett St,,Seattle,WA,98108,Beacon Hill,Single Family,1,1941,5,2,2,1650,7130,2,685000,415,,,,CL Tang,eXp Realty,"Skyline Properties, Inc.",47.5546694,-122.3048256,https://www.redfin.com/WA/Seattle/2131-S-Bennett-St-98108/home/481562
2026-09-19T20:39:35.232Z,Maple Leaf,2026-09-10,106850,222434958,2567743,Closed,10303 15th Ave NE,,Seattle,WA,98125,Maple Leaf,Single Family,1,1946,3,2,2,1560,6216,1,885000,567,,,,Paige Norris,Realogics Sotheby's Int'l Rlty,Windermere Real Estate Co.,47.7032363,-122.3126429,https://www.redfin.com/WA/Seattle/10303-15th-Ave-NE-98125/home/106850
2026-09-19T20:39:35.232Z,Beacon Hill,2026-09-10,109661185,221997213,2564484,Closed,1754 Valentine Pl S,,Seattle,WA,98144,Beacon Hill,Single Family,1,2014,4,2.5,2,1650,1675,1.5,799950,485,25,,,Terry McMahan,Coldwell Banker Bain,Coldwell Banker Bain,47.587465,-122.3071092,https://www.redfin.com/WA/Seattle/1754-Valentine-Pl-S-98144/home/109661185
2026-09-19T20:39:35.232Z,NE Seattle,2026-09-10,11895876,221732441,2559299,Closed,5807 B 55th Ave NE,,Seattle,WA,98105,Windermere,Townhouse,3,2006,3,3.5,3,1510,1700,1.5,788000,522,612,,,Amie Stewart,COMPASS,Every Door Real Estate,47.670721,-122.269549,https://www.redfin.com/WA/Seattle/5807-55th-Ave-NE-98105/home/11895876
2026-09-19T20:39:35.232Z,NE Seattle,2026-09-10,121961,222310231,2566791,Closed,3844 Surber Dr NE,,Seattle,WA,98105,Laurelhurst,Single Family,1,1956,3,2,2,1690,6042,1,1811700,1072,,,,Mel Parsons,Real Broker LLC,VerraTerra,47.6578533,-122.2863803,https://www.redfin.com/WA/Seattle/3844-Surber-Dr-NE-98105/home/121961
2026-09-19T20:39:35.232Z,Queen Anne,2026-09-10,129453,217269006,2541826,Closed,15 Fulton St,,Seattle,WA,98109,Queen Anne,Single Family,1,1920,2,1,1,1720,4000,1,865000,503,,,,Steve Laevastu,Windermere RE Greenwood,Windermere R.E. Port Townsend,47.6455732,-122.3560856,https://www.redfin.com/WA/Seattle/15-Fulton-St-98109/home/129453
2026-09-19T20:39:35.232Z,Queen Anne,2026-09-10,134992,220610474,2550165,Closed,2217 4th Ave N,,Seattle,WA,98109,Queen Anne,Single Family,1,1906,4,2,2,2272,4000,1,1355000,596,,,,Matt Warmack,KW Greater Seattle,Every Door Real Estate,47.6388186,-122.3497937,https://www.redfin.com/WA/Seattle/2217-4th-Ave-N-98109/home/134992
2026-09-19T20:39:35.232Z,Central Seattle,2026-09-10,139307,214570926,2512560,Closed,1419 McGilvra Blvd E,,Seattle,WA,98112,Washington Park,Single Family,1,1927,3,3,3,3430,3600,2,1900000,554,,,,Spafford Robbins,COMPASS,Realogics Sotheby's Int'l Rlty,47.6316094,-122.2817651,https://www.redfin.com/WA/Seattle/1419-McGilvra-Blvd-E-98112/home/139307
2026-09-19T20:39:35.232Z,Central Seattle,2026-09-10,141827,216139465,2529075,Closed,502 32nd Ave,,Seattle,WA,98122,Madrona,Single Family,1,1902,3,2,2,1340,5000,1.5,952000,710,,,,Don Kenney,Windermere Real Estate Co.,"Skyline Properties, Inc.",47.6059968,-122.2912142,https://www.redfin.com/WA/Seattle/502-32nd-Ave-98122/home/141827
2026-09-19T20:39:35.232Z,Central Seattle,2026-09-10,142601,217210282,2544751,Closed,1606 22nd Ave,,Seattle,WA,98122,Central Area,Single Family,1,1901,3,1.5,1,1140,2322,1.5,780000,684,,,,Angela Crea,Every Door Real Estate,COMPASS,47.6155278,-122.3032964,https://www.redfin.com/WA/Seattle/1606-22nd-Ave-98122/home/142601
2026-09-19T20:39:35.232Z,Ballard (specific),2026-09-10,146012932,222105171,2565444,Closed,7009 Alonzo Ave NW,,Seattle,WA,98117,Ballard,Townhouse,3,1949,2,1.5,1,1032,1167,1.5,600000,581,,,,Tom Skepetaris,Realogics Sotheby's Int'l Rlty,"John L. Scott, Inc.",47.6798711,-122.3749285,https://www.redfin.com/WA/Seattle/7009-Alonzo-Ave-NW-98117/home/146012932
2026-09-19T20:39:35.232Z,West Seattle,2026-09-10,152082,220901051,2554341,Closed,4048 56th Ave SW,,Seattle,WA,98116,Genesee,Single Family,1,1995,3,2.5,2,2520,3750,2,1720000,683,,,,Tammy Miller,Windermere Real Estate/East,Windermere Real Estate Midtown,47.5671348,-122.4035831,https://www.redfin.com/WA/Seattle/4048-56th-Ave-SW-98116/home/152082
2026-09-19T20:39:35.232Z,West Seattle,2026-09-10,152932,222360261,2569156,Closed,4909 SW Canada Dr,,Seattle,WA,98136,Seaview,Single Family,1,2026,2,1.5,1,989,1254,2,725000,733,25,,,Eric Chen Yu,"Pellego, Inc.",Columbia Partners Real Estate,47.554116,-122.3954657,https://www.redfin.com/WA/Seattle/4909-SW-Canada-Dr-98136/home/152932
2026-09-19T20:39:35.232Z,West Seattle,2026-09-10,159558,223611813,2584417,Closed,6343 SW Delridge Way,,Seattle,WA,98106,Delridge,Single Family,1,1950,4,2,2,1640,5164,1,535000,326,,,,Melinda Dammel,Seattle Works Real Estate,Seattle Works Real Estate,47.5453402,-122.3622995,https://www.redfin.com/WA/Seattle/6343-Delridge-Way-SW-98106/home/159558
2026-09-19T20:39:35.232Z,Ballard (specific),2026-09-10,182420632,220913346,2545020,Closed,2853 B NW 63rd St,,Seattle,WA,98107,Sunset Hill,Single Family,1,2022,2,2.5,2,950,1748,2,719000,757,266,,,Kelly Byrne,Blue Pacific Real Estate,Windermere West Metro,47.6742551,-122.3952587,https://www.redfin.com/WA/Seattle/2853-NW-63rd-St-98107/unit-B/home/182420632
2026-09-19T20:39:35.232Z,Eastlake,2026-09-10,200697759,221142460,2557159,Closed,2012 Fairview Ave E Unit B,Unit B,Seattle,WA,98102,Eastlake,Townhouse,3,2026,1,1.5,1,830,786,1.5,689950,831,68,,,Tom Skepetaris,Realogics Sotheby's Int'l Rlty,COMPASS,47.6371999,-122.3293769,https://www.redfin.com/WA/Seattle/2012-Fairview-Ave-E-98102/unit-B/home/200697759
2026-09-19T20:39:35.232Z,West Seattle,2026-09-10,204579635,222373837,2566943,Closed,2645 Walnut Ave SW,,Seattle,WA,98116,Admiral,Single Family,1,2026,4,3.5,3,2277,1930,1.5,1519000,667,100,,,Bill Reid,Windermere West Metro,Windermere West Metro,47.579879,-122.3835655,https://www.redfin.com/WA/Seattle/2645-Walnut-Ave-SW-98116/home/204579635
2026-09-19T20:39:35.232Z,NW Seattle,2026-09-10,288491,221151940,2556930,Closed,900 NW 134th St,,Seattle,WA,98177,Broadview,Single Family,1,1913,2,2.5,2,1960,33014,1.5,1000000,510,,,,Steve Hill,Windermere RE Greenwood,Windermere West Metro,47.7267654,-122.3701019,https://www.redfin.com/WA/Seattle/900-NW-134th-St-98177/home/288491
2026-09-19T20:39:35.232Z,Fremont,2026-09-10,303878,222066240,2561106,Closed,4315 Linden Ave N Unit A,Unit A,Seattle,WA,98103,Fremont,Townhouse,3,2002,2,1.5,1,1260,1282,1.5,760000,603,,,,Cynthia Schoonmaker,Windermere Mercer Island,KW Greater Seattle,47.6598605,-122.3491848,https://www.redfin.com/WA/Seattle/4315-Linden-Ave-N-98103/unit-A/home/303878
2026-09-19T20:39:35.232Z,NE Seattle,2026-09-10,309243,222300985,2567676,Closed,7346 19th Ave NE,,Seattle,WA,98115,Ravenna,Single Family,1,1941,3,2.5,2,2450,5227,2,1447000,591,,,,Andy Sather,"John L. Scott, Inc.",Coldwell Banker Bain,47.6826449,-122.3075246,https://www.redfin.com/WA/Seattle/7346-19th-Ave-NE-98115/home/309243
2026-09-19T20:39:35.232Z,West Seattle,2026-09-10,471043,223365733,2581243,Closed,4027 SW Brandon St,,Seattle,WA,98136,Seaview,Single Family,1,1909,2,1,1,810,6250,1,740000,914,,,,,,COMPASS,47.5536759,-122.3838033,https://www.redfin.com/WA/Seattle/4027-SW-Brandon-St-98136/home/471043
2026-09-19T20:39:35.232Z,Beacon Hill,2026-09-10,480569,221125324,2549701,Closed,3540 S Kenyon St,,Seattle,WA,98118,Beacon Hill,Single Family,1,1911,5,2.5,2,2590,6952,1.5,750000,290,,,,Billy Wu,Kelly Right RE of Seattle LLC,Berkshire Hathaway HS NW,47.5317849,-122.2862028,https://www.redfin.com/WA/Seattle/3540-S-Kenyon-St-98118/home/480569
2026-09-19T20:39:35.232Z,NW Seattle,2026-09-10,99082,222307496,2567630,Closed,346 N 102nd St,,Seattle,WA,98133,Greenwood,Single Family,1,1940,2,1,1,790,3844,1,635000,804,,,,Macartney McQuery,Redfin,Windermere R.E. Port Townsend,47.7030891,-122.3532916,https://www.redfin.com/WA/Seattle/346-N-102nd-St-98133/home/99082
2026-09-19T20:39:35.232Z,NW Seattle,2026-09-09,101577,221573069,2560712,Closed,201 N 101st St,,Seattle,WA,98133,Greenwood,Single Family,1,1926,2,2,2,1150,5449,1.5,595000,517,,,,Ashley Abrams,Real Broker LLC,"Real Property Associates, Inc.",47.7019114,-122.3565238,https://www.redfin.com/WA/Seattle/201-N-101st-St-98133/home/101577
2026-09-19T20:39:35.232Z,Queen Anne,2026-09-09,108903026,221092144,2549779,Closed,1616 Taylor Ave N,,Seattle,WA,98109,Queen Anne,Single Family,1,2016,3,2,2,1850,2209,,1075000,581,,,,Paris Piersson,RSVP Brokers ERA,eXp Realty,47.6337075,-122.3457464,https://www.redfin.com/WA/Seattle/1616-Taylor-Ave-N-98109/home/108903026
2026-09-19T20:39:35.232Z,Central Seattle,2026-09-09,12449155,216918619,2537836,Closed,1808 11th Ave Unit B,Unit B,Seattle,WA,98122,Capitol Hill,Townhouse,3,2007,2,2.5,2,1600,1178,1.5,785000,491,625,,,,Providential Real Estate LLC,Redfin,47.6179328,-122.3178203,https://www.redfin.com/WA/Seattle/1808-11th-Ave-98122/unit-B/home/12449155
2026-09-19T20:39:35.232Z,Magnolia,2026-09-09,125335,222330627,2562249,Closed,2667 44th Ave W,,Seattle,WA,98199,Magnolia,Single Family,1,1986,4,3.5,3,3280,7577,1.5,2700000,823,,,,Colleen McCann,Windermere RE Magnolia,Every Door Real Estate,47.6447249,-122.4124722,https://www.redfin.com/WA/Seattle/2667-44th-Ave-W-98199/home/125335
2026-09-19T20:39:35.232Z,Queen Anne,2026-09-09,129830,222083042,2564390,Closed,2541 10th Ave W,,Seattle,WA,98119,Queen Anne,Single Family,1,1913,5,3,3,2580,2800,2,1280000,496,,,,Sam Konswa,Queen Anne Real Estate,Windermere Abode,47.6419197,-122.3703908,https://www.redfin.com/WA/Seattle/2541-10th-Ave-W-98119/home/129830
2026-09-19T20:39:35.232Z,Central Seattle,2026-09-09,135716,222258911,2567606,Closed,939 13th Ave E,,Seattle,WA,98102,North Capitol Hill,Single Family,1,1906,4,2.5,2,2813,3587,2,2150000,764,,,,Deirdre Doyle,Windermere Real Estate Midtown,Realogics Sotheby's Int'l Rlty,47.6276429,-122.3161343,https://www.redfin.com/WA/Seattle/939-13th-Ave-E-98102/home/135716
2026-09-19T20:39:35.232Z,Central Seattle,2026-09-09,139808,222664458,2569155,Closed,1502 39th Ave E,,Seattle,WA,98112,Washington Park,Single Family,1,1925,4,2,2,2839,3600,2,2150000,757,,,,Trey Danna,COMPASS,"Windermere RE/Capitol Hill,Inc",47.6323201,-122.2824198,https://www.redfin.com/WA/Seattle/1502-39th-Ave-E-98112/home/139808
2026-09-19T20:39:35.232Z,Central Seattle,2026-09-09,148859,214589093,2515598,Closed,927 29th Ave S,,Seattle,WA,98144,Judkins,Single Family,1,1906,2,1,1,1390,3090,1,815000,586,,,,Diana Patterson,Windermere Real Estate/PSR Inc,"Windermere RE/Capitol Hill,Inc",47.5937112,-122.2957236,https://www.redfin.com/WA/Seattle/927-29th-Ave-S-98144/home/148859
2026-09-19T20:39:35.232Z,West Seattle,2026-09-09,158447,220988583,2556468,Closed,11213 Arroyo Beach Pl SW,,Seattle,WA,98146,Arroyo,Single Family,1,1960,3,4,4,3170,19516,2,3775000,1191,,,,Wendy Klahr,Kelly Right RE of Seattle LLC,Real Broker LLC,47.5019449,-122.3846458,https://www.redfin.com/WA/Seattle/11213-Arroyo-Beach-Pl-SW-98146/home/158447
2026-09-19T20:39:35.232Z,Beacon Hill,2026-09-09,169093,222115191,2566034,Closed,3029 21st Ave S,,Seattle,WA,98144,N Beacon Hill,Single Family,1,1911,4,1,1,1080,7320,1.5,695000,644,,,,Darcel Fogerty,eXp Realty,"Windermere RE/Capitol Hill,Inc",47.5760988,-122.3057509,https://www.redfin.com/WA/Seattle/3029-21st-Ave-S-98144/home/169093
2026-09-19T20:39:35.232Z,NW Seattle,2026-09-09,288388,222804370,2573053,Closed,10504 12th Ave NW,,Seattle,WA,98177,Crown Hill,Single Family,1,1967,3,2,2,2900,6715,1.5,850000,293,,,,Beau Minnick,Latham Realty Unlimited Inc,Keller Williams Rlty Bellevue,47.7053883,-122.3711639,https://www.redfin.com/WA/Seattle/10504-12th-Ave-NW-98177/home/288388
2026-09-19T20:39:35.232Z,NW Seattle,2026-09-09,290068,222718773,2541844,Closed,9114 31st Ave NW,,Seattle,WA,98117,North Beach,Single Family,1,1973,5,3,3,2720,7250,1,1495000,550,,,,Kathryn Lerner,Windermere Mercer Island,Windermere Real Estate Midtown,47.6955287,-122.3966556,https://www.redfin.com/WA/Seattle/9114-31st-Ave-NW-98117/home/290068
2026-09-19T20:39:35.232Z,Ballard (specific),2026-09-09,302286,221977550,2564192,Closed,349 NW 49th St,,Seattle,WA,98107,Ballard,Single Family,1,1944,4,2,2,1860,4850,1,1070000,575,,,,Arron Renfrew,AUM Real Estate LLC,COMPASS,47.6641961,-122.3630184,https://www.redfin.com/WA/Seattle/349-NW-49th-St-98107/home/302286
2026-09-19T20:39:35.232Z,Green Lake,2026-09-09,307208,222072353,2564468,Closed,1717 N 82nd St,,Seattle,WA,98103,Green Lake,Single Family,1,1941,4,2,2,1767,3960,1,1125000,637,,,,Sally Tafft,Windermere Real Estate Co.,RE/MAX Northwest,47.6885353,-122.3368389,https://www.redfin.com/WA/Seattle/1717-N-82nd-St-98103/home/307208
2026-09-19T20:39:35.232Z,NE Seattle,2026-09-09,313342,222129849,2564275,Closed,6016 34th Ave NE,,Seattle,WA,98115,Bryant,Single Family,1,1927,3,1.5,1,1670,4000,1.5,910000,545,,,,Julie Seaborn,Coldwell Banker Danforth,Coldwell Banker Danforth,47.6727331,-122.2908748,https://www.redfin.com/WA/Seattle/6016-34th-Ave-NE-98115/home/313342
2026-09-19T20:39:35.232Z,West Seattle,2026-09-09,330442,220619123,2548782,Closed,4456 46th Ave SW,,Seattle,WA,98116,Genesee,Single Family,1,1924,3,2,2,1730,5850,2,1015000,587,,,,Luan Nguyen-Tran,COMPASS,Keller Williams Seattle Metro,47.5631274,-122.3905107,https://www.redfin.com/WA/Seattle/4456-46th-Ave-SW-98116/home/330442
2026-09-19T20:39:35.232Z,Beacon Hill,2026-09-09,481715,222312444,2563088,Closed,2001 S Lucile St,,Seattle,WA,98108,Beacon Hill,Single Family,1,1909,4,2,2,1620,4600,2,960000,593,,,,Karen Sanford,"John L. Scott, Inc",Windermere R E Mount Baker,47.5532551,-122.3071483,https://www.redfin.com/WA/Seattle/2001-S-Lucile-St-98108/home/481715
2026-09-19T20:39:35.232Z,Phinney Ridge,2026-09-09,495582,221134571,2558069,Closed,7418 8th Ave NW,,Seattle,WA,98117,Whittier,Single Family,1,1910,2,1,1,1570,3600,1,908775,579,,,,Barbara Nelson,Lake & Company,Lake & Company,47.6831262,-122.3657741,https://www.redfin.com/WA/Seattle/7418-8th-Ave-NW-98117/home/495582
2026-09-19T20:39:35.232Z,Ballard (specific),2026-09-09,497085,222344322,2535619,Closed,7336 11th Ave NW,,Seattle,WA,98117,Ballard,Single Family,1,1944,4,2,2,1730,5000,1.5,1050000,607,,,,Mark Komac,Coldwell Banker Bain,Windermere Real Estate/East,47.6825468,-122.3702115,https://www.redfin.com/WA/Seattle/7336-11th-Ave-NW-98117/home/497085
2026-09-19T20:39:35.232Z,Ballard (specific),2026-09-09,498153,222055220,2564792,Closed,1307 NW 80th St,,Seattle,WA,98117,Whittier,Single Family,1,1940,3,2,2,1920,4180,1,965000,503,,,,Natalie English,Windermere West Metro,Every Door Real Estate,47.6867126,-122.3731756,https://www.redfin.com/WA/Seattle/1307-NW-80th-St-98117/home/498153
2026-09-19T20:39:35.232Z,NW Seattle,2026-09-09,97580,220670180,2545136,Closed,11720 Evanston Ave N,,Seattle,WA,98133,Broadview,Single Family,1,2001,3,2.5,2,1545,7860,2,895000,579,,,,Susan Convery,Windermere Real Estate Co.,Lake & Company,47.714843,-122.3511083,https://www.redfin.com/WA/Seattle/11720-Evanston-Ave-N-98133/home/97580
2026-09-19T20:39:35.232Z,Wallingford,2026-09-08,117891,220400951,2548732,Closed,4017 Corliss Ave N,,Seattle,WA,98103,Wallingford,Single Family,1,1908,2,1,1,2160,5700,1,1025000,475,,,,Matthew Bingham,eXp Realty,Windermere Real Estate Co.,47.6561369,-122.331751,https://www.redfin.com/WA/Seattle/4017-Corliss-Ave-N-98103/home/117891
2026-09-19T20:39:35.232Z,NE Seattle,2026-09-08,122413,220567049,2550157,Closed,4720 NE 47th St,,Seattle,WA,98105,Laurelhurst,Single Family,1,1940,5,3,3,2990,4860,1.5,1830000,612,,,,Renee Menti-Ruhl,Windermere Real Estate Midtown,Windermere Real Estate Co.,47.6633238,-122.2763079,https://www.redfin.com/WA/Seattle/4720-NE-47th-St-98105/home/122413
2026-09-19T20:39:35.232Z,West Seattle,2026-09-08,149833,217191723,2544711,Closed,2115 Bonair Dr SW,,Seattle,WA,98116,Alki,Single Family,1,1923,3,2,2,1920,3080,2,950000,495,,,,Chris Conroy,Ensemble,Windermere West Metro,47.5851845,-122.3979788,https://www.redfin.com/WA/Seattle/2115-Bonair-Dr-SW-98116/home/149833
2026-09-19T20:39:35.232Z,West Seattle,2026-09-08,153955,222590001,2570105,Closed,5636 49th Ave SW,,Seattle,WA,98136,Seaview,Single Family,1,1948,2,2,2,1540,7290,2,880000,571,,,,Kip White,Coldwell Banker Bain,Real Broker LLC,47.5510148,-122.3947919,https://www.redfin.com/WA/Seattle/5636-49th-Ave-SW-98136/home/153955
2026-09-19T20:39:35.232Z,Ballard (specific),2026-09-08,162363,218292166,2547705,Closed,2647 A NW 63rd St,,Seattle,WA,98107,Ballard,Townhouse,3,2026,3,2,2,1735,1371,1.5,899900,519,,,,Ray York,"Windermere RE/Capitol Hill,Inc",KW Greater Seattle,47.6742944,-122.3921041,https://www.redfin.com/WA/Seattle/2647-NW-63rd-St-98107/home/162363
2026-09-19T20:39:35.232Z,Ballard (specific),2026-09-08,165332,222651857,2571521,Closed,7537 18th Ave NW,,Seattle,WA,98117,Loyal Heights,Single Family,1,1946,3,2,2,1660,3840,1.5,1113000,670,,,,Nancy Carroll,Engel & Voelkers Seattle DT,Windermere Real Estate Co.,47.6843559,-122.3802973,https://www.redfin.com/WA/Seattle/7537-18th-Ave-NW-98117/home/165332
2026-09-19T20:39:35.232Z,Beacon Hill,2026-09-08,168080,222247081,2565625,Closed,1918 S Waite St,,Seattle,WA,98144,N Beacon Hill,Single Family,1,1903,3,2,2,1400,4000,1,800000,571,,,,Louisa Cranston,COMPASS,Windermere Real Estate Midtown,47.5804299,-122.3078827,https://www.redfin.com/WA/Seattle/1918-S-Waite-St-98144/home/168080
2026-09-19T20:39:35.232Z,Central Seattle,2026-09-08,199482238,217148380,2544367,Closed,3402 E Spring St,,Seattle,WA,98122,Madrona,Townhouse,3,2025,3,1.5,1,1416,506,1.5,699950,494,1,,,Xi Peng,"Windermere RE/Capitol Hill,Inc",COMPASS,47.6118004,-122.289005,https://www.redfin.com/WA/Seattle/3402-E-Spring-St-98122/home/199482238
2026-09-19T20:39:35.232Z,West Seattle,2026-09-08,201239867,213827298,2503370,Closed,8109 34th Ave SW Unit B,Unit B,Seattle,WA,98126,Westwood,Single Family,1,2026,3,2.5,2,1090,,2,685000,628,,,,Tim Mangold,"Pellego, Inc.",Windermere R E Mount Baker,47.5297373,-122.3756252,https://www.redfin.com/WA/Seattle/8109-34th-Ave-SW-98126/unit-B/home/201239867
2026-09-19T20:39:35.232Z,NW Seattle,2026-09-08,202379030,217243463,2498277,Closed,11229 Greenwood Ave N Unit C,Unit C,Seattle,WA,98133,Greenwood,Townhouse,3,2025,4,3,3,1857,799,1.5,699900,377,24,,,Bentley Pugh,Keller Williams North Seattle,Best Choice Realty,47.711531,-122.3559196,https://www.redfin.com/WA/Seattle/11229-Greenwood-Ave-N-98133/unit-C/home/202379030
2026-09-19T20:39:35.232Z,Ballard (specific),2026-09-08,203199514,216771535,2538853,Closed,1760 A NW 60th St,,Seattle,WA,98107,Ballard,Townhouse,3,2026,4,2.5,2,1760,950,1.5,975000,554,,,,Michael Espada,Array Real Estate,"Skyline Properties, Inc.",47.6725518,-122.381543,https://www.redfin.com/WA/Seattle/1760-NW-60th-St-98107/home/203199514
2026-09-19T20:39:35.232Z,West Seattle,2026-09-08,22694758,216923575,2541038,Closed,7748 Delridge Way SW,,Seattle,WA,98106,Delridge,Townhouse,3,2014,2,2,2,1100,2756,1.5,460000,418,,,,Jane Kim,Coldwell Banker Danforth,eXp Realty,47.5322511,-122.360219,https://www.redfin.com/WA/Seattle/7748-Delridge-Way-SW-98106/home/22694758
2026-09-19T20:39:35.232Z,NE Seattle,2026-09-08,317314,221277959,2559103,Closed,2327 NE 92nd St,,Seattle,WA,98115,Wedgwood,Single Family,1,1952,3,1,1,1230,6380,1,639000,520,,,,TC Wu,"WPI Real Estate Services, Inc.",KW Greater Seattle,47.6954642,-122.302856,https://www.redfin.com/WA/Seattle/2327-NE-92nd-St-98115/home/317314
2026-09-19T20:39:35.232Z,West Seattle,2026-09-08,327902,222440934,2569733,Closed,4016 38th Ave SW,,Seattle,WA,98126,Belvidere,Single Family,1,1927,4,3,3,2420,5750,1.5,1400000,579,,,,Chariti McElroy,COMPASS,Every Door Real Estate,47.567817,-122.3797756,https://www.redfin.com/WA/Seattle/4016-38th-Ave-SW-98126/home/327902
2026-09-19T20:39:35.232Z,West Seattle,2026-09-08,469040,222265116,2567731,Closed,4259 SW Othello St,,Seattle,WA,98136,Gatewood,Single Family,1,1914,2,2,2,1660,6300,1,710000,428,,,,Melisa Wight,Real Broker LLC,RE/MAX Northwest,47.5378535,-122.3868785,https://www.redfin.com/WA/Seattle/4259-SW-Othello-St-98136/home/469040
2026-09-19T20:39:35.232Z,Phinney Ridge,2026-09-08,498669,222737406,2567885,Closed,6745 1st Ave NW,,Seattle,WA,98117,Phinney Ridge,Single Family,1,1924,4,1.5,1,3000,5400,1.5,1045000,348,,,,Matthew Koenig,COMPASS,"Windermere RE/Capitol Hill,Inc",47.6790638,-122.357708,https://www.redfin.com/WA/Seattle/6745-1st-Ave-NW-98117/home/498669
2026-09-19T20:39:35.232Z,Northgate,2026-09-04,102665,221488114,2551088,Closed,14337 Burke Ave N,,Seattle,WA,98133,Seattle,Single Family,1,1936,2,1,1,830,5250,1,550000,663,,,,Heidi Gilbert,Coldwell Banker Danforth,RE/MAX Exclusive,47.733418,-122.3361673,https://www.redfin.com/WA/Seattle/14337-Burke-Ave-N-98133/home/102665
2026-09-19T20:39:35.232Z,Magnolia,2026-09-04,125674,222343303,2565746,Closed,4003 W Armour St,,Seattle,WA,98199,Magnolia,Single Family,1,1942,4,3,3,3060,9202,1,2215000,724,,,,Annie Martini,Windermere RE Magnolia,COMPASS,47.6447834,-122.4087823,https://www.redfin.com/WA/Seattle/4003-W-Armour-St-98199/home/125674
2026-09-19T20:39:35.232Z,Eastlake,2026-09-04,132205,222330546,2567971,Closed,2038 Franklin Ave E,,Seattle,WA,98102,Eastlake,Townhouse,3,1999,3,2.5,2,1467,1360,1.5,850000,579,,,,Nicole McCormick,COMPASS,Lake & Company,47.6377827,-122.3244115,https://www.redfin.com/WA/Seattle/2038-Franklin-Ave-E-98102/home/132205
2026-09-19T20:39:35.232Z,Central Seattle,2026-09-04,141192,221487483,2559313,Closed,1515 37th Ave,,Seattle,WA,98122,Madrona,Single Family,1,1949,4,4,4,3910,8000,2,2400000,614,,,,Anne Willoughby Nelson,COMPASS,COMPASS,47.6145576,-122.2862688,https://www.redfin.com/WA/Seattle/1515-37th-Ave-98122/home/141192
2026-09-19T20:39:35.232Z,Queen Anne,2026-09-04,144151121,214292832,2511035,Closed,2466 Westlake Ave N #8,#8,Seattle,WA,98109,Lake Union,Single Family,1,1993,4,2,2,1878,1,1,3000000,1597,550,,,Danny Varona,Realogics Sotheby's Int'l Rlty,Realogics Sotheby's Int'l Rlty,47.6412134,-122.3417984,https://www.redfin.com/WA/Seattle/2466-Westlake-Ave-N-98109/unit-8/home/144151121
2026-09-19T20:39:35.232Z,West Seattle,2026-09-04,150305,220770597,2553488,Closed,2763 59th Ave SW,,Seattle,WA,98116,Alki,Single Family,1,1925,4,3,3,3010,4440,2,1275000,424,,,,Felix Rodriguez,Quorum Real Estate Prop. Mgmt.,Windermere Real Estate Co.,47.5781594,-122.408447,https://www.redfin.com/WA/Seattle/2763-59th-Ave-SW-98116/home/150305
2026-09-19T20:39:35.232Z,West Seattle,2026-09-04,157451,221162996,2542748,Closed,4432 SW 102nd St,,Seattle,WA,98146,Marine View,Single Family,1,1940,5,2.5,2,2620,7752,2,1015000,387,,,,Janine Duncan,Windermere Real Estate Midtown,Real Broker LLC,47.5122964,-122.3900158,https://www.redfin.com/WA/Seattle/4432-SW-102nd-St-98146/home/157451
2026-09-19T20:39:35.232Z,West Seattle,2026-09-04,161633,217035385,2542216,Closed,6745 18th Ave SW,,Seattle,WA,98106,Delridge,Single Family,1,1940,3,2,2,1600,20898,1,660000,413,,,,Henry Shim,Windermere Real Estate Midtown,WA Move Real Estate LLC,47.5415084,-122.3574875,https://www.redfin.com/WA/Seattle/6745-18th-Ave-SW-98106/home/161633
2026-09-19T20:39:35.232Z,Beacon Hill,2026-09-04,170489,221179878,2558385,Closed,1217 S Charlestown St,,Seattle,WA,98108,N Beacon Hill,Single Family,1,1948,4,2,2,2140,4800,1.5,850000,397,,,,Brad Davis,KW Greater Seattle,COMPASS,47.5696751,-122.3164684,https://www.redfin.com/WA/Seattle/1217-S-Charlestown-St-98108/home/170489
2026-09-19T20:39:35.232Z,Wallingford,2026-09-04,193674647,221088015,2557241,Closed,503 NE 42nd St,,Seattle,WA,98105,Wallingford,Single Family,1,2024,2,1.5,1,1018,,2,545000,535,21,,,Tom Skepetaris,Realogics Sotheby's Int'l Rlty,eXp Realty,47.6576865,-122.3234687,https://www.redfin.com/WA/Seattle/503-NE-42nd-St-98105/home/193674647
2026-09-19T20:39:35.232Z,Northgate,2026-09-04,201650021,223503376,2582875,Closed,10742 Interlake Ave N,,Seattle,WA,98133,Northgate,Townhouse,3,2025,2,2,2,1091,945,1.5,509000,467,97,,,Michael Espada,Array Real Estate,WRE Brokerage,47.7082238,-122.3403326,https://www.redfin.com/WA/Seattle/10742-Interlake-Ave-N-98133/home/201650021
2026-09-19T20:39:35.232Z,NE Seattle,2026-09-04,202242149,216142299,2531554,Closed,6832 47th Ave NE Unit B,Unit B,Seattle,WA,98115,View Ridge,Townhouse,3,2026,2,2,2,1113,1262,1.5,745000,669,111,,,Katie Chinn,"Windermere R.E. Northeast, Inc",COMPASS,47.6785487,-122.2777427,https://www.redfin.com/WA/Seattle/6832-47th-Ave-NE-98115/unit-B/home/202242149
2026-09-19T20:39:35.232Z,Central Seattle,2026-09-04,22234952,217091315,2543439,Closed,1124 Lake Washington Blvd S,,Seattle,WA,98144,Leschi,Single Family,1,2012,4,3,3,3400,5985,1.5,2275000,669,,,,Mark Potvin,COMPASS,Windermere Real Estate Midtown,47.5926362,-122.2887758,https://www.redfin.com/WA/Seattle/1124-Lake-Washington-Blvd-S-98144/home/22234952
2026-09-19T20:39:35.232Z,Wallingford,2026-09-04,305159,222053355,2564260,Closed,127 NE 58th St,,Seattle,WA,98105,Seattle,Single Family,1,1916,5,2,2,2080,6000,1,1350000,649,,,,Stacie Whitfield,"List4FlatFee.com, LLC",Lamb Real Estate,47.6706532,-122.3270155,https://www.redfin.com/WA/Seattle/127-NE-58th-St-98105/home/305159
2026-09-19T20:39:35.232Z,West Seattle,2026-09-04,330022,222322693,2565755,Closed,3226 48th Ave SW,,Seattle,WA,98116,Admiral,Single Family,1,1917,3,2,2,1500,5450,1,1020000,680,,,,Emily Austin,COMPASS,Windermere Real Estate Co.,47.5749191,-122.3930937,https://www.redfin.com/WA/Seattle/3226-48th-Ave-SW-98116/home/330022
2026-09-19T20:39:35.232Z,Ballard (specific),2026-09-04,495394,221571237,2562292,Closed,8036 9th Ave NW,,Seattle,WA,98117,Whittier,Single Family,1,1930,3,3,3,1950,3530,1.5,1149000,589,,,,Kelly Souder,Windermere Real Estate Co.,Reeves Realty,47.6880627,-122.3680432,https://www.redfin.com/WA/Seattle/8036-9th-Ave-NW-98117/home/495394
2026-09-19T20:39:35.232Z,NW Seattle,2026-09-04,98439,221333374,2560743,Closed,9723 Evanston Ave N,,Seattle,WA,98103,Greenwood,Single Family,1,1946,2,1,1,780,2783,1,549000,704,22,,,Ranjani Ravi,eXp Realty,The Agency Seattle,47.7003387,-122.3515689,https://www.redfin.com/WA/Seattle/9723-Evanston-Ave-N-98103/home/98439
2026-09-19T20:39:35.232Z,Maple Leaf,2026-09-03,106763,220991764,2556640,Closed,8526 17th Ave NE,,Seattle,WA,98115,Maple Leaf,Single Family,1,1941,4,2,2,1800,5410,1,905000,503,,,,Shelly Baker,KW Greater Seattle,RE/MAX Northwest,47.6910987,-122.309279,https://www.redfin.com/WA/Seattle/8526-17th-Ave-NE-98115/home/106763
2026-09-19T20:39:35.232Z,Magnolia,2026-09-03,123756,216998679,2537456,Closed,3033 27th Ave W,,Seattle,WA,98199,Magnolia,Single Family,1,1908,3,2.5,2,3000,6613,2,2400000,800,,,,Scott Shutes,Windermere RE Greenwood,Windermere RE Greenwood,47.6478346,-122.3919119,https://www.redfin.com/WA/Seattle/3033-27th-Ave-W-98199/home/123756
2026-09-19T20:39:35.232Z,Queen Anne,2026-09-03,134220,222196627,2553772,Closed,370 Highland Dr,,Seattle,WA,98109,Queen Anne,Single Family,1,1923,3,2.5,2,3410,4886,2,2450000,718,,,,Doreen Alhadeff,Windermere Real Estate Midtown,Windermere Real Estate Co.,47.6300201,-122.3491162,https://www.redfin.com/WA/Seattle/370-Highland-Dr-98109/home/134220
2026-09-19T20:39:35.232Z,Central Seattle,2026-09-03,135563,222411167,2569101,Closed,929 13th Ave E,,Seattle,WA,98102,Capitol Hill,Single Family,1,1905,3,2,2,1680,2350,2,900000,536,,,,Cary Porter,The Cascade Team,"John L. Scott, Inc.",47.6273684,-122.3162157,https://www.redfin.com/WA/Seattle/929-13th-Ave-E-98102/home/135563
2026-09-19T20:39:35.232Z,Central Seattle,2026-09-03,147656,216523200,2532357,Closed,1600 27th Ave,,Seattle,WA,98122,Madison Valley,Single Family,1,1929,3,2,2,2760,3150,2,900000,326,,,,,Best Choice Realty,Redfin,47.615461,-122.2971901,https://www.redfin.com/WA/Seattle/1600-27th-Ave-98122/home/147656
2026-09-19T20:39:35.232Z,West Seattle,2026-09-03,152873,220624191,2551077,Closed,5025 48th Ave SW,,Seattle,WA,98136,Seaview,Single Family,1,1968,3,2,2,1250,5120,1,985000,788,,,,Loomis Hamilton,Real Broker LLC,John L Scott RE West Seattle,47.5568066,-122.3940476,https://www.redfin.com/WA/Seattle/5025-48th-Ave-SW-98136/home/152873
2026-09-19T20:39:35.232Z,West Seattle,2026-09-03,155854,221302613,2552673,Closed,9823 41st Ave SW,,Seattle,WA,98136,Arbor Heights,Single Family,1,1956,3,2,2,1980,6165,1,895000,452,,,,,RE/MAX Northwest,Redfin,47.5149854,-122.3849822,https://www.redfin.com/WA/Seattle/9823-41st-Ave-SW-98136/home/155854
2026-09-19T20:39:35.232Z,Ballard (specific),2026-09-03,162954,217270979,2546461,Closed,2606 NW 57th St Unit B,Unit B,Seattle,WA,98107,Ballard,Townhouse,3,2001,2,1.5,1,1120,1194,1.5,685000,612,,,,,Windermere Mercer Island,Redfin,47.6703619,-122.3905451,https://www.redfin.com/WA/Seattle/2606-NW-57th-St-98107/unit-B/home/162954
2026-09-19T20:39:35.232Z,Beacon Hill,2026-09-03,176877219,216147446,2528822,Closed,7120 B Beacon Ave S #2,#2,Seattle,WA,98108,Beacon Hill,Townhouse,3,2021,3,2,2,1236,,1.5,510000,413,348,,,Gani Konapala,Kelly Right RE of Seattle LLC,Keller Williams Rty Tacoma,47.5384497,-122.2949815,https://www.redfin.com/WA/Seattle/7120-Beacon-Ave-S-98108/unit-2/home/176877219
2026-09-19T20:39:35.232Z,West Seattle,2026-09-03,18662020,216464965,2533440,Closed,6523 31st Ave SW,,Seattle,WA,98126,High Point,Townhouse,3,2018,4,3.5,3,2160,2831,1.5,740000,343,293,,,Miao Sui,"Windermere Real Estate/M2, LLC",Real Broker LLC,47.5438804,-122.3728766,https://www.redfin.com/WA/Seattle/6523-31st-Ave-SW-98126/home/18662020
2026-09-19T20:39:35.232Z,Wallingford,2026-09-03,193317581,220548407,2550775,Closed,454 NE 40th St,,Seattle,WA,98105,Wallingford,Townhouse,3,2024,4,4,3,2924,,1.5,1995000,682,134,,,Moira Holley,Realogics Sotheby's Int'l Rlty,Real Broker LLC,47.6560008,-122.3238298,https://www.redfin.com/WA/Seattle/454-NE-40th-St-98105/home/193317581
2026-09-19T20:39:35.232Z,West Seattle,2026-09-03,201383485,215341942,2523931,Closed,4586 22nd Ave SW,,Seattle,WA,98106,Delridge,Townhouse,3,2026,2,2,2,998,1267,1.5,636000,637,68,,,,Realogics Sotheby's Int'l Rlty,Redfin,47.561021,-122.3612348,https://www.redfin.com/WA/Seattle/4586-22nd-Ave-SW-98106/home/201383485
2026-09-19T20:39:35.232Z,NE Seattle,2026-09-03,202242237,221127530,2558541,Closed,5720 NE 65th St,,Seattle,WA,98115,View Ridge,Townhouse,3,2026,5,3.5,3,2524,2102,1.5,1695000,672,25,,,Stella Zhao,Specialty Real Estate Group,Windermere Real Estate Co.,47.6758925,-122.2675575,https://www.redfin.com/WA/Seattle/5720-NE-65th-St-98115/home/202242237
2026-09-19T20:39:35.232Z,Ballard (specific),2026-09-03,2117733,213383036,2497485,Closed,1118 NW 56th St Unit A,Unit A,Seattle,WA,98107,Ballard,Townhouse,3,2006,3,3.5,3,1620,1457,1.5,825000,509,,,,Rachel Hartwich,Lake & Company,KW Greater Seattle,47.6697077,-122.3716207,https://www.redfin.com/WA/Seattle/1118-NW-56th-St-98107/unit-A/home/2117733
2026-09-19T20:39:35.232Z,Green Lake,2026-09-03,306655,222292141,2557819,Closed,8106 Stone Ave N,,Seattle,WA,98103,Green Lake,Single Family,1,1940,4,2,2,1780,5535,1,1135000,638,,,,Osama Khalaf,Redfin,Windermere Real Estate Co.,47.6879505,-122.3415582,https://www.redfin.com/WA/Seattle/8106-Stone-Ave-N-98103/home/306655
2026-09-19T20:39:35.232Z,Ballard (specific),2026-09-03,8189962,221175449,2559193,Closed,1740 NW 59th Unit A,Unit A,Seattle,WA,98107,Ballard,Townhouse,3,2006,3,2,2,1320,1308,1.5,735000,557,,,,Yang Song,MY REALTY GROUP LLC,KW Greater Seattle,47.6719117,-122.3807168,https://www.redfin.com/WA/Seattle/1740-NW-59th-St-98107/unit-A/home/8189962
2026-09-19T20:39:35.232Z,NW Seattle,2026-09-03,95786,222117443,2561913,Closed,10317 11th Ave NW,,Seattle,WA,98177,Crown Hill,Single Family,1,1947,3,2,2,2000,7102,1,1125000,563,,,,Francis Quedado,Redfin,Terrafin,47.7039091,-122.3703755,https://www.redfin.com/WA/Seattle/10317-11th-Ave-NW-98177/home/95786
2026-09-19T20:39:35.232Z,Magnolia,2026-09-02,128715,217225137,2543655,Closed,3124 W Raye St,,Seattle,WA,98199,Magnolia,Single Family,1,1945,4,2,2,1754,6853,1,1244000,709,,,,Heidi Grimsley,John L. Scott Vashon,Windermere Real Estate Midtown,47.6434015,-122.3980659,https://www.redfin.com/WA/Seattle/3124-W-Raye-St-98199/home/128715
2026-09-19T20:39:35.232Z,Queen Anne,2026-09-02,131328,221712623,2562407,Closed,2815 8th Ave W,,Seattle,WA,98119,Queen Anne,Single Family,1,1905,4,2.5,2,2405,3741,2,1300000,541,,,,Holley Ring,Windermere Real Estate Midtown,Windermere Real Estate Midtown,47.6454965,-122.3678681,https://www.redfin.com/WA/Seattle/2815-8th-Ave-W-98119/home/131328
2026-09-19T20:39:35.232Z,West Seattle,2026-09-02,154721,222139524,2566395,Closed,5407 SW Beach Drive Ter,,Seattle,WA,98116,Beach Drive,Single Family,1,1958,4,3,3,2220,6825,1,1385000,624,,,,Cara Mohammadian,Windermere West Metro,COMPASS,47.5583765,-122.4007183,https://www.redfin.com/WA/Seattle/5407-SW-Beach-Drive-Ter-98116/home/154721
2026-09-19T20:39:35.232Z,Beacon Hill,2026-09-02,201675534,222034353,2564237,Closed,5114 15th Ave S,,Seattle,WA,98108,Beacon Hill,Single Family,1,2026,4,3.5,3,2200,2317,2,1000000,455,92,,,Patrik Warneke,KW Greater Seattle,ShopProp Inc.,47.5562387,-122.313194,https://www.redfin.com/WA/Seattle/5114-15th-Ave-S-98108/home/201675534
2026-09-19T20:39:35.232Z,Central Seattle,2026-09-02,202219675,216788590,2538172,Closed,1972 25th Ave E,,Seattle,WA,98112,Montlake,Townhouse,3,2026,2,2,2,1134,1048,1.5,825000,728,130,,,Jerry Allensworth,"RE/MAX Metro Realty, Inc.",ZNonMember-Office-MLS,47.6376986,-122.3002905,https://www.redfin.com/WA/Seattle/1972-25th-Ave-E-98112/home/202219675
2026-09-19T20:39:35.232Z,Central Seattle,2026-09-02,205354722,223112876,2577573,Closed,734 22nd Ave E,,Seattle,WA,98112,Capitol Hill,Single Family,1,2026,4,3.5,3,4050,5000,2,3975000,981,,,,Junior Torres,Windermere RE Greenwood,Ensemble,47.6261462,-122.3033254,https://www.redfin.com/WA/Seattle/734-22nd-Ave-E-98112/home/205354722
2026-09-19T20:39:35.232Z,NW Seattle,2026-09-02,289046,222035041,2552499,Closed,2131 NW 96th St,,Seattle,WA,98117,North Beach,Single Family,1,1945,6,3.5,3,3880,7500,1.5,2330000,601,,,,Mariah O'Keefe,Redfin,Real Broker LLC,47.6987417,-122.3844412,https://www.redfin.com/WA/Seattle/2131-NW-96th-St-98117/home/289046
2026-09-19T20:39:35.232Z,Fremont,2026-09-02,303227,221989968,2562110,Closed,4403 4th Ave NW,,Seattle,WA,98107,Fremont,Single Family,1,1904,2,3,3,2340,4800,1.5,1300000,556,,,,Julie Beall,Windermere Real Estate Midtown,"John L. Scott, Inc.",47.6606617,-122.3624444,https://www.redfin.com/WA/Seattle/4403-4th-Ave-NW-98107/home/303227
2026-09-19T20:39:35.232Z,NE Seattle,2026-09-02,311909,217121876,2543552,Closed,5330 9th Ave NE,,Seattle,WA,98105,University District,Single Family,1,1923,4,2,2,1690,4000,1,830000,491,,,,Carol Cole McElroy,Windermere Real Estate Co.,Windermere R E Mount Baker,47.6679987,-122.3181799,https://www.redfin.com/WA/Seattle/5330-9th-Ave-NE-98105/home/311909
2026-09-19T20:39:35.232Z,NE Seattle,2026-09-02,320444,222084260,2563249,Closed,4806 Purdue Ave NE,,Seattle,WA,98105,Hawthorne Hills,Single Family,1,1940,4,2,2,2940,7482,1,1150000,391,,,,,Windermere Bellevue Commons,Redfin,47.6700584,-122.2759993,https://www.redfin.com/WA/Seattle/4806-Purdue-Ave-NE-98105/home/320444
2026-09-19T20:39:35.232Z,West Seattle,2026-09-02,327684,222349989,2567669,Closed,3058 38th Ave SW,,Seattle,WA,98126,Belvidere,Single Family,1,1927,4,2.5,2,2530,4508,2,1300000,514,,,,Tony Marrese,Windermere Real Estate/East,Windermere Real Estate Co.,47.5757749,-122.3799869,https://www.redfin.com/WA/Seattle/3058-38th-Ave-SW-98126/home/327684
2026-09-19T20:39:35.232Z,Beacon Hill,2026-09-02,480242,207635805,2435578,Closed,9240 39th Ave S,,Seattle,WA,98118,Beacon Hill,Single Family,1,1922,4,4,4,2770,5600,2,740000,267,,,,We Yallup,"Skyline Properties, Inc.",Real Broker LLC,47.5203319,-122.2833743,https://www.redfin.com/WA/Seattle/9240-39th-Ave-S-98118/home/480242
2026-09-19T20:39:35.232Z,Beacon Hill,2026-09-02,480884,223112219,2577557,Closed,9063 S 37th Ave,,Seattle,WA,98118,Beacon Hill,Single Family,1,1922,2,1,1,1280,7844,1,410000,320,,,,Regan Antig,"John L. Scott, Inc.",NWMLS-NonOffice,47.5217281,-122.2862363,https://www.redfin.com/WA/Seattle/9063-37th-Ave-S-98118/home/480884
2026-09-19T20:39:35.232Z,NW Seattle,2026-09-02,99118,220946499,2537595,Closed,9118 Linden Ave N,,Seattle,WA,98103,Greenwood,Single Family,1,1944,2,2,2,1440,2926,1,590000,410,,,,Laurie Mestres,Coldwell Banker Bain,Real Broker LLC,47.6955117,-122.3470374,https://www.redfin.com/WA/Seattle/9118-Linden-Ave-N-98103/home/99118
2026-09-19T20:39:35.232Z,Northgate,2026-09-01,115142,221724319,2563089,Closed,1228 NE Brockman Pl,,Seattle,WA,98125,Olympic Hills,Single Family,1,1988,3,2.5,2,1740,8234,2,790000,454,,,,,MY REALTY GROUP LLC,Redfin,47.7238908,-122.3145129,https://www.redfin.com/WA/Seattle/1228-NE-Brockman-Pl-98125/home/115142
2026-09-19T20:39:35.232Z,Magnolia,2026-09-01,125953,223106314,2577362,Closed,3203 43rd Ave W,,Seattle,WA,98199,Magnolia,Single Family,1,2005,4,3.5,3,4630,5001,2,2725000,589,,,,Maggie Grimm,"Windermere RE/Capitol Hill,Inc",Windermere RE Magnolia,47.6488347,-122.4122389,https://www.redfin.com/WA/Seattle/3203-43rd-Ave-W-98199/home/125953
2026-09-19T20:39:35.232Z,Queen Anne,2026-09-01,134325,223061423,2576676,Closed,407 Smith St,,Seattle,WA,98109,Queen Anne,Single Family,1,1921,3,1,1,2310,5250,1.5,1067500,462,,,,Holley Ring,Windermere Real Estate Midtown,Coldwell Banker Bain,47.6412907,-122.3491645,https://www.redfin.com/WA/Seattle/407-Smith-St-98109/home/134325
2026-09-19T20:39:35.232Z,West Seattle,2026-09-01,150611,221473139,2561116,Closed,2414 Belvidere Ave SW,,Seattle,WA,98126,North Admiral,Single Family,1,1923,4,1.5,1,2824,8000,2,1450000,513,,,,Jake Neuman,The Agency Seattle,eXp Realty,47.58205,-122.3789586,https://www.redfin.com/WA/Seattle/2414-Belvidere-Ave-SW-98126/home/150611
2026-09-19T20:39:35.232Z,Ballard (specific),2026-09-01,166280,221266710,2559896,Closed,3026 NW 71st St,,Seattle,WA,98117,Sunset Hill,Single Family,1,1910,3,2,2,2330,5000,2,1250000,536,,,,Lindsay Jackson,"Windermere Real Estate/M2, LLC",Keller Williams Seattle Metro,47.680451,-122.3969754,https://www.redfin.com/WA/Seattle/3026-NW-71st-St-98117/home/166280
2026-09-19T20:39:35.232Z,Beacon Hill,2026-09-01,168486,221131831,2557931,Closed,2314 S Forest St,,Seattle,WA,98144,Beacon Hill,Single Family,1,1954,3,2,2,2000,3518,2,1150000,575,107,,,,Coldwell Banker Bain,Redfin,47.5776878,-122.3026388,https://www.redfin.com/WA/Seattle/2314-S-Forest-St-98144/home/168486
2026-09-19T20:39:35.232Z,Phinney Ridge,2026-09-01,298607,223407340,2581825,Closed,111 NW 50th St,,Seattle,WA,98107,Phinney Ridge,Single Family,1,1912,2,1,1,1080,3000,1,730000,676,,,,Caroline Weil,Windermere Real Estate Midtown,Windermere Real Estate/Summit,47.6648357,-122.3577076,https://www.redfin.com/WA/Seattle/111-NW-50th-St-98107/home/298607
2026-09-19T20:39:35.232Z,Fremont,2026-09-01,298934,221041884,2557076,Closed,419 N 50th St Unit A,Unit A,Seattle,WA,98103,Woodland Park,Townhouse,3,2014,3,3.5,3,1599,1428,1.5,1025000,641,,,,Kelli Howison,Windermere Real Estate/East,Windermere Northlake,47.6647568,-122.3531179,https://www.redfin.com/WA/Seattle/419-N-50th-St-98103/unit-A/home/298934
2026-09-19T20:39:35.232Z,Phinney Ridge,2026-09-01,300303,221214050,2559028,Closed,318 N 71st St,,Seattle,WA,98103,Phinney Ridge,Single Family,1,1909,2,1,1,1120,3000,1.5,875000,781,,,,Will Aufhammer,COMPASS,KW Greater Seattle,47.6805791,-122.3543723,https://www.redfin.com/WA/Seattle/318-N-71st-St-98103/home/300303
2026-09-19T20:39:35.232Z,Fremont,2026-09-01,303066,221492562,2561915,Closed,239 NW 48th St,,Seattle,WA,98107,Phinney Ridge,Single Family,1,1929,3,2,2,2280,6767,1,1274000,559,,,,,"Real Property Associates, Inc.",Redfin,47.6633686,-122.3605417,https://www.redfin.com/WA/Seattle/239-NW-48th-St-98107/home/303066
2026-09-19T20:39:35.232Z,Wallingford,2026-09-01,305190,221275301,2560215,Closed,409 NE 60th St,,Seattle,WA,98115,Green Lake,Single Family,1,1911,4,3,3,2450,5000,2,1225000,500,,,,Julia Tsurusaki,The Saki Group LLC,Keller Williams North Seattle,47.6720709,-122.3240435,https://www.redfin.com/WA/Seattle/409-NE-60th-St-98115/home/305190
2026-09-19T20:39:35.232Z,NE Seattle,2026-09-01,310914,223200509,2578767,Closed,7540 21st Ave NE,,Seattle,WA,98115,Ravenna,Single Family,1,1948,2,1.5,1,2090,5119,1,835000,400,,,,Michelle Franz,RE/MAX Alliance,NWMLS-NonOffice,47.6842328,-122.3050841,https://www.redfin.com/WA/Seattle/7540-21st-Ave-NE-98115/home/310914
2026-09-19T20:39:35.232Z,West Seattle,2026-09-01,474454,223130373,2577745,Closed,8145 5th Ave SW,,Seattle,WA,98106,Highland Park,Single Family,1,1997,5,3.5,3,4560,7650,2,1350000,296,,,,Desiree Loughlin,Windermere West Metro,Northwest Investment Partners,47.5287522,-122.3419763,https://www.redfin.com/WA/Seattle/8145-5th-Ave-SW-98106/home/474454
2026-09-19T20:39:35.232Z,Beacon Hill,2026-09-01,481953,215912010,2528453,Closed,7529 Beacon Ave S,,Seattle,WA,98118,Beacon Hill,Single Family,1,1956,2,2,2,1690,9041,1,600000,355,,,,Christy Bach,"Skyline Properties, Inc.",Columbia Partners Real Estate,47.5346036,-122.2905067,https://www.redfin.com/WA/Seattle/7529-Beacon-Ave-S-98118/home/481953
2026-09-19T20:39:35.232Z,Northgate,2026-08-31,106188,220624622,2550547,Closed,11326 14th Ave NE,,Seattle,WA,98125,Northgate,Single Family,1,1943,2,2,2,1084,6900,1,790000,729,,,,Alan Bach,Better Properties Kent LLC,Windermere RE Greenwood,47.7111942,-122.3134905,https://www.redfin.com/WA/Seattle/11326-14th-Ave-NE-98125/home/106188
2026-09-19T20:39:35.232Z,Magnolia,2026-08-31,126128,214742386,2517618,Closed,3920 W Barrett St,,Seattle,WA,98199,Magnolia,Single Family,1,1949,4,2.5,2,3620,8553,1,2125000,587,,,,Kayse Gundram,Windermere Real Estate Co.,The Agency Seattle,47.6474854,-122.4078911,https://www.redfin.com/WA/Seattle/3920-W-Barrett-St-98199/home/126128
2026-09-19T20:39:35.232Z,Magnolia,2026-08-31,128651,222043086,2565440,Closed,2524 30th Ave W,,Seattle,WA,98199,Magnolia,Single Family,1,1991,4,2.5,2,3700,8400,2,2900000,784,,,,,COMPASS,Redfin,47.6419524,-122.3952798,https://www.redfin.com/WA/Seattle/2524-30th-Ave-W-98199/home/128651
2026-09-19T20:39:35.232Z,Magnolia,2026-08-31,128990,222117536,2561329,Closed,3241 32nd Ave W,,Seattle,WA,98199,Magnolia,Single Family,1,1994,4,4,4,3080,6000,2,2050000,666,,,,Jennifer Sandmeyer,Windermere RE Magnolia,Windermere Real Estate Midtown,47.649858,-122.3985695,https://www.redfin.com/WA/Seattle/3241-32nd-Ave-W-98199/home/128990
2026-09-19T20:39:35.232Z,Central Seattle,2026-08-31,135801,222092488,2565503,Closed,734 10th Ave E,,Seattle,WA,98102,Capitol Hill,Single Family,1,1924,4,3.5,3,3300,4000,2,2130000,645,,,,Mitchell Greenblatt,"Skyline Properties, Inc.",Lake & Company,47.626352,-122.3199192,https://www.redfin.com/WA/Seattle/734-10th-Ave-E-98102/home/135801
2026-09-19T20:39:35.232Z,Central Seattle,2026-08-31,144398,222106083,2555291,Closed,403 18th Ave E,,Seattle,WA,98112,Capitol Hill,Single Family,1,1904,5,3.5,3,3850,5400,,3880000,1008,,,,Rob Ottosen,Windermere Real Estate/East,Windermere Real Estate Midtown,47.6222303,-122.3090411,https://www.redfin.com/WA/Seattle/403-18th-Ave-E-98112/home/144398
2026-09-19T20:39:35.232Z,Central Seattle,2026-08-31,148541,222067814,2565180,Closed,507 31st Ave,,Seattle,WA,98122,Leschi,Single Family,1,1986,4,3,3,1910,5000,1.5,1155000,605,,,,Ali Moulin,Windermere RE Greenwood,Windermere Real Estate Midtown,47.6064557,-122.2929361,https://www.redfin.com/WA/Seattle/507-31st-Ave-98122/home/148541
2026-09-19T20:39:35.232Z,West Seattle,2026-08-31,151009,220673223,2552713,Closed,4055 SW Holgate St,,Seattle,WA,98116,North Admiral,Single Family,1,1915,4,3,3,2980,6120,2,1510000,507,,,,Scott Monroe,Windermere West Metro,Coldwell Banker Danforth,47.5865293,-122.3826698,https://www.redfin.com/WA/Seattle/4055-SW-Holgate-St-98116/home/151009
2026-09-19T20:39:35.232Z,West Seattle,2026-08-31,156702,213433465,2483246,Closed,4019 SW Henderson St,,Seattle,WA,98136,Fauntleroy,Single Family,1,1951,4,2,2,2660,6240,1,1345000,506,,,,Christopher John,Keller Williams Realty PS,Windermere Real Estate/East,47.5224141,-122.3838957,https://www.redfin.com/WA/Seattle/4019-SW-Henderson-St-98136/home/156702
2026-09-19T20:39:35.232Z,West Seattle,2026-08-31,159155,221122734,2554975,Closed,5442 30th Ave SW,,Seattle,WA,98126,Delridge,Single Family,1,1978,3,1.5,1,1190,5750,1,850000,714,,,,Kelly Malloy,Windermere West Metro,Windermere R E Mount Baker,47.5525047,-122.3705843,https://www.redfin.com/WA/Seattle/5442-30th-Ave-SW-98126/home/159155
2026-09-19T20:39:35.232Z,West Seattle,2026-08-31,159471,220660178,2552273,Closed,5921 32nd Ave SW,,Seattle,WA,98126,West Seattle,Single Family,1,2026,4,3.5,3,2244,4839,,1007000,449,112,,,Ramiro Olmos Munoz,COMPASS,KW Lake Washington So,47.5494402,-122.3740754,https://www.redfin.com/WA/Seattle/5921-32nd-Ave-SW-98126/home/159471
2026-09-19T20:39:35.232Z,NW Seattle,2026-08-31,163544,222255469,2567859,Closed,8809 Earl Ave NW,,Seattle,WA,98117,North Beach,Single Family,1,1998,5,3,3,2530,11420,2,1575000,623,,,,Alysha Noggle,John L. Scott Everett,Windermere Real Estate/East,47.6930834,-122.3920794,https://www.redfin.com/WA/Seattle/8809-Earl-Ave-NW-98117/home/163544
2026-09-19T20:39:35.232Z,Beacon Hill,2026-08-31,169195,221920965,2562030,Closed,1754 S Horton St,,Seattle,WA,98144,N Beacon Hill,Single Family,1,1924,3,1,1,2350,2200,1.5,825000,351,,,,Andrea Clibborn,SASH Realty,SASH Realty,47.574196,-122.3084491,https://www.redfin.com/WA/Seattle/1754-S-Horton-St-98144/home/169195
2026-09-19T20:39:35.232Z,West Seattle,2026-08-31,185896669,223110288,2577492,Closed,6014 California Ave SW Unit C,Unit C,Seattle,WA,98136,Seaview,Townhouse,3,2023,3,2,2,1242,1020,1.5,731000,589,,,,,SCOUT,Redfin,47.547922,-122.3868925,https://www.redfin.com/WA/Seattle/6014-California-Ave-SW-98136/unit-C/home/185896669
2026-09-19T20:39:35.232Z,Central Seattle,2026-08-31,199736940,211132046,2471580,Closed,1111 B 26th Ave,,Seattle,WA,98122,Central Area,Townhouse,3,2026,2,2,2,1120,917,1.5,710000,634,121,,,Ray York,"Windermere RE/Capitol Hill,Inc",KW Greater Seattle,47.6119682,-122.299219,https://www.redfin.com/WA/Seattle/1111-26th-Ave-98122/home/199736940
2026-09-19T20:39:35.232Z,NE Seattle,2026-08-31,201807548,221479520,2561716,Closed,6223 9th Ave NE,,Seattle,WA,98115,Roosevelt,Townhouse,3,2026,3,2.5,2,1259,1392,1.5,730000,580,,,,Adrian Chu,Specialty Real Estate Group,Specialty Real Estate Group,47.6739033,-122.3190007,https://www.redfin.com/WA/Seattle/6223-9th-Ave-NE-98115/home/201807548
2026-09-19T20:39:35.232Z,Northgate,2026-08-31,201862027,216680746,2537371,Closed,9223 B Densmore Ave N,,Seattle,WA,98103,Licton Springs,Townhouse,3,2026,2,1,1,685,865,1.5,449900,657,70,,,Ray York,"Windermere RE/Capitol Hill,Inc",Realogics Sotheby's Int'l Rlty,47.6965431,-122.3379412,https://www.redfin.com/WA/Seattle/9223B-Densmore-Ave-N-98103/home/201862027
2026-09-19T20:39:35.232Z,Northgate,2026-08-31,203523612,221572602,2562489,Closed,10328 Ashworth Ave N,,Seattle,WA,98133,Northgate,Single Family,1,1950,2,1,1,718,3802,1,499950,696,14,,,Michael Espada,Array Real Estate,eXp Realty,47.7040982,-122.3390095,https://www.redfin.com/WA/Seattle/10328-Ashworth-Ave-N-98133/home/203523612
2026-09-19T20:39:35.232Z,NW Seattle,2026-08-31,288428,222085400,2566048,Closed,1542 NW 100th St,,Seattle,WA,98177,Blue Ridge,Single Family,1,1948,3,2,2,2560,9405,1,1307000,511,165,,,Kyle Moore,MacPherson's Real Estate Serv.,COMPASS,47.7017542,-122.3786168,https://www.redfin.com/WA/Seattle/1542-NW-100th-St-98177/home/288428
2026-09-19T20:39:35.232Z,Ballard (specific),2026-08-31,290335,221736752,2559831,Closed,3515 NW 71st St,,Seattle,WA,98117,Ballard,Single Family,1,1926,3,2,2,1490,7200,1,1575000,1057,,,,Dominic Wood,Weisbarth & Associates,Quorum Real Estate/Madison Inc,47.6799081,-122.4028092,https://www.redfin.com/WA/Seattle/3515-NW-71st-St-98117/home/290335
2026-09-19T20:39:35.232Z,Phinney Ridge,2026-08-31,300705,222411618,2567526,Closed,523 N 70th St,,Seattle,WA,98103,Phinney Ridge,Single Family,1,1924,4,2,2,2190,5720,1,1350000,616,,,,Tara Eintracht,Windermere RE Magnolia,Windermere RE Greenwood,47.6794198,-122.351519,https://www.redfin.com/WA/Seattle/523-N-70th-St-98103/home/300705
2026-09-19T20:39:35.232Z,Phinney Ridge,2026-08-31,301116,223051960,2576560,Closed,727 N 68th St,,Seattle,WA,98103,Green Lake,Single Family,1,1915,3,1,1,1630,5208,1.5,850000,521,,,,,,Windermere Real Estate Co.,47.6784978,-122.3487609,https://www.redfin.com/WA/Seattle/727-N-68th-St-98103/home/301116
2026-09-19T20:39:35.232Z,Fremont,2026-08-31,302028,222326681,2561531,Closed,102 N 41st St,,Seattle,WA,98103,Fremont,Single Family,1,1926,2,2,2,2010,3330,2,850000,423,,,,Robert Johnson,Windermere Real Estate Co.,"Heaton Dainard, LLC",47.6565657,-122.3574101,https://www.redfin.com/WA/Seattle/102-N-41st-St-98103/home/302028
2026-09-19T20:39:35.232Z,NE Seattle,2026-08-31,317882,221563247,2561070,Closed,3229 NE 87th St,,Seattle,WA,98115,Seattle,Single Family,1,1952,4,3,3,2230,6596,2,1075000,482,,,,Jackie Vail,FIRST AND MAIN,Lake & Company,47.6914169,-122.292039,https://www.redfin.com/WA/Seattle/3229-NE-87th-St-98115/home/317882
2026-09-19T20:39:35.232Z,West Seattle,2026-08-31,330494,222254814,2567224,Closed,3638 50th Ave,,Seattle,WA,98116,North Admiral,Single Family,1,1952,4,2,2,1680,6720,1,1100000,655,,,,Michael Green,"Real Property Associates, Inc.",Windermere Real Estate Midtown,47.5709574,-122.3958885,https://www.redfin.com/WA/Seattle/3638-50th-Ave-SW-98116/home/330494
2026-09-19T20:39:35.232Z,Fremont,2026-08-31,4806,222337206,2567439,Closed,3648 Francis Ave N Unit B,Unit B,Seattle,WA,98103,Fremont,Townhouse,3,1999,2,1.5,1,1381,5000,1.5,690000,500,600,,,Maksim Petrov,"Eklund Real Estate, Inc.",Windermere Real Estate/East,47.6534467,-122.3531073,https://www.redfin.com/WA/Seattle/3648-Francis-Ave-N-98103/unit-B/home/4806
2026-09-19T20:39:35.232Z,Ballard (specific),2026-08-31,493392,215375181,2522460,Closed,1533 NW 51st St,,Seattle,WA,98107,Ballard,Townhouse,3,2001,3,2.5,2,1460,1473,1.5,735000,503,,,,Teresa Fahringer,John L. Scott Everett,Keller Williams Seattle Metro,47.6655003,-122.3778035,https://www.redfin.com/WA/Seattle/1533-NW-51st-St-98107/home/493392
2026-09-19T20:39:35.232Z,NW Seattle,2026-08-28,100790,222969359,2575514,Closed,9256 7th Ave NW,,Seattle,WA,98117,Crown Hill,Single Family,1,1946,2,1,1,1510,6300,1.5,525000,348,,,,Jenn Penn,Windermere Real Estate/East,Windermere R E Mount Baker,47.6977163,-122.3644303,https://www.redfin.com/WA/Seattle/9256-7th-Ave-NW-98117/home/100790
2026-09-19T20:39:35.232Z,NE Seattle,2026-08-28,108609,221290742,2560359,Closed,505 NE 78th St,,Seattle,WA,98115,Maple Leaf,Single Family,1,1981,4,2.5,2,2360,5835,2,1201375,509,,,,Veronica Morss,eXp Realty,Realogics Sotheby's Int'l Rlty,47.6851127,-122.3225792,https://www.redfin.com/WA/Seattle/505-NE-78th-St-98115/home/108609
2026-09-19T20:39:35.232Z,Maple Leaf,2026-08-28,109460,221137313,2558422,Closed,8548 1st Ave NE,,Seattle,WA,98115,Maple Leaf,Single Family,1,1987,3,2,2,1640,6408,1,760000,463,,,,Shelly Hu,Globenex Realty,"Windermere RE/Capitol Hill,Inc",47.6918672,-122.3280346,https://www.redfin.com/WA/Seattle/8548-1st-Ave-NE-98115/home/109460
2026-09-19T20:39:35.232Z,Central Seattle,2026-08-28,142096,217191469,2545426,Closed,902 22nd Ave,,Seattle,WA,98122,Central Area,Single Family,1,1923,3,2,2,2380,2760,1.5,902000,379,,,,Chris Bierrum,Real Broker LLC,Reger Homes LLC,47.6101722,-122.3034814,https://www.redfin.com/WA/Seattle/902-22nd-Ave-98122/home/142096
2026-09-19T20:39:35.232Z,West Seattle,2026-08-28,154786,222121399,2565447,Closed,5431 49th Ave SW,,Seattle,WA,98136,Seaview,Single Family,1,1926,3,3.5,3,2920,18065,2,2435000,834,,,,Jonn McYnturff,John L Scott RE West Seattle,COMPASS,47.5530555,-122.3954324,https://www.redfin.com/WA/Seattle/5431-49th-Ave-SW-98136/home/154786
2026-09-19T20:39:35.232Z,West Seattle,2026-08-28,156397,222294063,2566787,Closed,10634 32nd Ave SW,,Seattle,WA,98146,Arbor Heights,Single Family,1,1962,4,2.5,2,1820,8385,1.5,755000,415,,,,Rebecca Bomann,SASH Realty,Windermere West Metro,47.507118,-122.3731628,https://www.redfin.com/WA/Seattle/10634-32nd-Ave-SW-98146/home/156397
2026-09-19T20:39:35.232Z,West Seattle,2026-08-28,159730,221969416,2564228,Closed,5900 34th Ave SW,,Seattle,WA,98126,High Point,Single Family,1,1953,2,1,1,1700,5324,1,565000,332,,,,Sarah North,Windermere Real Estate Co.,"Heaton Dainard, LLC",47.5499846,-122.3747096,https://www.redfin.com/WA/Seattle/5900-34th-Ave-SW-98126/home/159730
2026-09-19T20:39:35.232Z,Ballard (specific),2026-08-28,164848,220691337,2534296,Closed,7305 Earl Ave NW,,Seattle,WA,98117,Loyal Heights,Single Family,1,1955,4,2,2,2160,3880,1,940000,435,,,,Peter Warren,Windermere RE West Campus Inc,Windermere Northlake,47.6815495,-122.3922053,https://www.redfin.com/WA/Seattle/7305-Earl-Ave-NW-98117/home/164848
2026-09-19T20:39:35.232Z,West Seattle,2026-08-28,191294451,220620595,2549163,Closed,8824 32nd Ave SW,,Seattle,WA,98126,West Seattle,Single Family,1,2024,3,2.5,2,1089,3062,2,674000,619,21,,,Tristan Hoyle,eXp Realty,Realogics Sotheby's Int'l Rlty,47.5238984,-122.3736863,https://www.redfin.com/WA/Seattle/8824-32nd-Ave-SW-98126/home/191294451
2026-09-19T20:39:35.232Z,Central Seattle,2026-08-28,191523666,221142456,2558577,Closed,1623 14th Ave Unit E,Unit E,Seattle,WA,98122,Capitol Hill,Townhouse,3,2015,2,2,2,1461,630,1.5,890000,609,,,,Michael Mallagh,Windermere West Metro,Urban Living,47.616026,-122.314649,https://www.redfin.com/WA/Seattle/1623-14th-Ave-98122/unit-E/home/191523666
2026-09-19T20:39:35.232Z,NE Seattle,2026-08-28,194816448,220427463,2549149,Closed,6546 32nd Ave NE Unit A,Unit A,Seattle,WA,98115,Bryant,Townhouse,3,2017,4,3.5,3,1940,,1.5,975000,503,575,,,Joey Keeler,COMPASS,"John L. Scott, Inc.",47.6766749,-122.2925287,https://www.redfin.com/WA/Seattle/6546-32nd-Ave-NE-98115/unit-A/home/194816448
2026-09-19T20:39:35.232Z,Phinney Ridge,2026-08-28,199625219,220676005,2552565,Closed,713 B N 70th St,,Seattle,WA,98103,Green Lake,Townhouse,3,2025,2,2,2,1043,534,1.5,631500,605,111,,,Dan Wilcynski,Windermere Real Estate Midtown,Windermere Real Estate Midtown,47.679482,-122.349554,https://www.redfin.com/WA/Seattle/713-B-N-70th-St-98103/home/199625219
2026-09-19T20:39:35.232Z,Maple Leaf,2026-08-28,202066458,216196886,2531292,Closed,809 NE 90th St,,Seattle,WA,98115,Maple Leaf,Single Family,1,2026,3,2,2,1129,1482,2,878950,779,34,,,Bonnie Upham,KW Greater Seattle,COMPASS,47.6938353,-122.3199836,https://www.redfin.com/WA/Seattle/809-NE-90th-St-98115/home/202066458
2026-09-19T20:39:35.232Z,West Seattle,2026-08-28,203567137,221705633,2562959,Closed,6318 41st Ave SW Unit B,Unit B,Seattle,WA,98136,Fauntleroy,Townhouse,3,2026,3,3,3,1444,1,1.5,715000,495,,,,Mark Caldwell,Columbia Partners Real Estate,COMPASS,47.546058,-122.3841834,https://www.redfin.com/WA/Seattle/6318-41st-Ave-SW-98136/unit-B/home/203567137
2026-09-19T20:39:35.232Z,NW Seattle,2026-08-28,2068680,222062396,2564866,Closed,721 N 79th St,,Seattle,WA,98103,Green Lake,Single Family,1,2005,3,3.5,3,2920,3000,1.5,1500000,514,,,,Sarah Odegaard,RE/MAX Northwest,Windermere Real Estate Co.,47.6860119,-122.3490121,https://www.redfin.com/WA/Seattle/721-N-79th-St-98103/home/2068680
2026-09-19T20:39:35.232Z,NW Seattle,2026-08-28,2072469,212988681,2491566,Closed,726 N 94th St Unit B,Unit B,Seattle,WA,98103,Greenwood,Townhouse,3,1994,2,2.5,2,1590,1090,1.5,635000,399,,,,Kevin Ma,Keller Williams Eastside,Real Broker LLC,47.697104,-122.348705,https://www.redfin.com/WA/Seattle/726-N-94th-St-98103/unit-B/home/2072469
2026-09-19T20:39:35.232Z,Northgate,2026-08-28,22401312,214163976,2509350,Closed,12317 10th Pl NE Unit B,Unit B,Seattle,WA,98125,Pinehurst,Townhouse,3,2006,3,2,2,1160,856,1.5,560000,483,,,,Tina Walters,Windermere Bellevue Commons,Keller Williams Rlty Bellevue,47.7182687,-122.3170428,https://www.redfin.com/WA/Seattle/12317-10th-Pl-NE-98125/unit-B/home/22401312
2026-09-19T20:39:35.232Z,NW Seattle,2026-08-28,288599,217270226,2545766,Closed,1205 NW Woodbine Way,,Seattle,WA,98177,Blue Ridge,Single Family,1,1950,4,2,2,2920,11178,1,1235000,423,161,,,Kelly Souder,Windermere Real Estate Co.,Windermere RE Magnolia,47.7064045,-122.3718649,https://www.redfin.com/WA/Seattle/1205-NW-Woodbine-Way-98177/home/288599
2026-09-19T20:39:35.232Z,NE Seattle,2026-08-28,315900,220410346,2530329,Closed,3536 NE 94th St,,Seattle,WA,98115,Wedgwood,Single Family,1,1955,5,2,2,2670,6120,1,920000,345,,,,Jonathan Stein,"John L. Scott, Inc","Heaton Dainard, LLC",47.6969309,-122.2888458,https://www.redfin.com/WA/Seattle/3536-NE-94th-St-98115/home/315900
2026-09-19T20:39:35.232Z,NE Seattle,2026-08-28,318370,215492425,2525584,Closed,3034 NE 89th St,,Seattle,WA,98115,Wedgwood,Single Family,1,2017,4,3.5,3,2960,8423,2,1800000,608,,,,John Manning,RE/MAX Gateway,The Preview Group,47.6933682,-122.2945381,https://www.redfin.com/WA/Seattle/3034-NE-89th-St-98115/home/318370
2026-09-19T20:39:35.232Z,West Seattle,2026-08-28,328017,221567590,2560093,Closed,4030 38th Ave SW,,Seattle,WA,98126,Belvidere,Single Family,1,1915,3,2,2,1950,5750,1,1152000,591,,,,Montana Morris,Real Broker LLC,COMPASS,47.5674635,-122.3797495,https://www.redfin.com/WA/Seattle/4030-38th-Ave-SW-98126/home/328017
2026-09-19T20:39:35.232Z,West Seattle,2026-08-28,328954,220667399,2551063,Closed,3715 40th Ave SW,,Seattle,WA,98116,Belvidere,Single Family,1,1927,3,1,1,2220,3750,1.5,675000,304,,,,Jen Shaughnessy,John L Scott RE West Seattle,COMPASS,47.5707187,-122.38286,https://www.redfin.com/WA/Seattle/3715-40th-Ave-SW-98116/home/328954
2026-09-19T20:39:35.232Z,Green Lake,2026-08-28,37676,216501560,2533853,Closed,6318 5th Ave NE Unit C,Unit C,Seattle,WA,98115,Green Lake,Single Family,1,2001,2,1.5,1,838,,2,672500,803,625,,,Sarah Rollinger,Lake & Company,Coldwell Banker Bain,47.674884,-122.3231,https://www.redfin.com/WA/Seattle/6318-5th-Ave-NE-98115/unit-C/home/37676
2026-09-19T20:39:35.232Z,Northgate,2026-08-28,45464355,221477996,2560817,Closed,13752 Wayne Pl N,,Seattle,WA,98133,Haller Lake,Single Family,1,2014,4,2.5,2,2751,4217,2,1325000,482,85,,,,SPIRE ONE Realty,Redfin,47.7296962,-122.3348589,https://www.redfin.com/WA/Seattle/13752-Wayne-Pl-N-98133/home/45464355
2026-09-19T20:39:35.232Z,West Seattle,2026-08-28,469369,217261039,2546433,Closed,6533 38th Ave SW,,Seattle,WA,98126,Gatewood,Single Family,1,1960,4,3,3,3280,11600,1,1565000,477,,,,Lucas Roth,"Pellego, Inc.",Paramount Real Estate Group,47.5437942,-122.3808502,https://www.redfin.com/WA/Seattle/6533-38th-Ave-SW-98126/home/469369
2026-09-19T20:39:35.232Z,West Seattle,2026-08-28,471097,216514113,2534845,Closed,5028 41st Ave SW,,Seattle,WA,98136,Alaska Junction,Single Family,1,1951,2,1,1,870,6250,1,675000,776,,,,Scott Monroe,Windermere West Metro,Windermere West Metro,47.55664,-122.3839181,https://www.redfin.com/WA/Seattle/5028-41st-Ave-SW-98136/home/471097
2026-09-19T20:39:35.232Z,West Seattle,2026-08-28,471172,221183627,2558834,Closed,6340 40th Ave SW,,Seattle,WA,98136,Gatewood,Single Family,1,1912,5,2,2,2460,4800,2,1065000,433,,,,Sarah Georger-Clark,COMPASS,COMPASS,47.5453955,-122.3827826,https://www.redfin.com/WA/Seattle/6340-40th-Ave-SW-98136/home/471172
2026-09-19T20:39:35.232Z,West Seattle,2026-08-28,475410,216429163,2534003,Closed,7729 12th Ave SW,,Seattle,WA,98106,Highland Park,Single Family,1,1918,3,1,1,1100,4040,1.5,620000,564,,,,Therese Bianchi,Windermere West Metro,Lake & Company,47.533149,-122.3508604,https://www.redfin.com/WA/Seattle/7729-12th-Ave-SW-98106/home/475410
2026-09-19T20:39:35.232Z,Beacon Hill,2026-08-28,477944,222000902,2559323,Closed,3009 S Findlay St,,Seattle,WA,98108,Beacon Hill,Single Family,1,1959,3,1.5,1,1820,8618,1,665000,365,,,,Eric Uyeji,"John L. Scott, Inc",Windermere R E Mount Baker,47.5511962,-122.2937064,https://www.redfin.com/WA/Seattle/3009-S-Findlay-St-98108/home/477944
2026-09-19T20:39:35.232Z,NW Seattle,2026-08-28,96528,222080301,2562703,Closed,13230 2nd Ave NW,,Seattle,WA,98177,Broadview,Single Family,1,1937,5,2,2,2020,9715,1.5,1200000,594,,,,Ben Stigler,Windermere RE Greenwood,Windermere Real Estate Midtown,47.7259983,-122.3592857,https://www.redfin.com/WA/Seattle/13230-2nd-Ave-NW-98177/home/96528
2026-09-19T20:39:35.232Z,Maple Leaf,2026-08-27,109798,222978328,2575640,Closed,1239 NE 98th St,,Seattle,WA,98115,Seattle,Single Family,1,1941,3,1,1,1877,5111,1,690000,368,,,,Beth Ellis,KW Greater Seattle,COMPASS,47.7001552,-122.3132339,https://www.redfin.com/WA/Seattle/1239-NE-98th-St-98115/home/109798
2026-09-19T20:39:35.232Z,Wallingford,2026-08-27,117141,221165794,2556228,Closed,2202 N 41st St,,Seattle,WA,98103,Wallingford,Single Family,1,1910,4,2.5,2,3320,3950,2,1860000,560,,,,Joyce Juntunen,Ensemble,"Skyline Properties, Inc.",47.6569409,-122.3324093,https://www.redfin.com/WA/Seattle/2202-N-41st-St-98103/home/117141
2026-09-19T20:39:35.232Z,NE Seattle,2026-08-27,120811,208248625,2441142,Closed,5632 NE 55th St,,Seattle,WA,98105,Windermere,Single Family,1,2019,5,5.5,5,6755,11050,2,5150000,762,,,,Aaron Fredrickson,Windermere Real Estate Co.,"John L. Scott, Inc.",47.6687089,-122.2647196,https://www.redfin.com/WA/Seattle/5632-NE-55th-St-98105/home/120811
2026-09-19T20:39:35.232Z,West Seattle,2026-08-27,12090557,221186110,2553012,Closed,2755 SW Sylvan Heights Dr,,Seattle,WA,98106,West Seattle,Townhouse,3,2007,3,2.5,2,1550,2398,1.5,587500,379,378,,,Samantha Lamping,Coldwell Banker Bain,Windermere Real Estate/East,47.540186,-122.369411,https://www.redfin.com/WA/Seattle/2755-SW-Sylvan-Heights-Dr-98106/home/12090557
2026-09-19T20:39:35.232Z,Magnolia,2026-08-27,127243,215354002,2524292,Closed,3444 34th Ave W,,Seattle,WA,98199,Magnolia,Single Family,1,1943,4,2,2,1780,2341,1.5,815000,458,,,,Brittany Hughes,HomeSmart Real Estate Assoc,Windermere Real Estate/East,47.6517785,-122.4005675,https://www.redfin.com/WA/Seattle/3444-34th-Ave-W-98199/home/127243
2026-09-19T20:39:35.232Z,Magnolia,2026-08-27,128465,221487480,2560895,Closed,3647 33rd Ave W,,Seattle,WA,98199,Magnolia,Single Family,1,2017,5,3,3,3400,6000,2,2250000,662,,,,Ashley Rodriguez,John L Scott Madrona Group,Windermere RE Greenwood,47.6536721,-122.3998815,https://www.redfin.com/WA/Seattle/3647-33rd-Ave-W-98199/home/128465
2026-09-19T20:39:35.232Z,Central Seattle,2026-08-27,140213,214325679,2512059,Closed,3814 E John St,,Seattle,WA,98112,Denny Blaine,Single Family,1,2001,4,4,3,8034,16284,2,7880000,981,,,,Betsy Terry,"Ewing & Clark, Inc.",Windermere Real Estate/East,47.6193715,-122.282971,https://www.redfin.com/WA/Seattle/3814-E-John-St-98112/home/140213
2026-09-19T20:39:35.232Z,Central Seattle,2026-08-27,147601965,217279473,2546407,Closed,2228 10th Ave E Unit A,Unit A,Seattle,WA,98102,North Capitol Hill,Townhouse,3,2018,2,2,2,1180,804,1.5,688000,583,,,,Anna Morgan,"John L. Scott, Inc.",Windermere RE Magnolia,47.639282,-122.3198606,https://www.redfin.com/WA/Seattle/2228-10th-Ave-E-98102/unit-A/home/147601965
2026-09-19T20:39:35.232Z,West Seattle,2026-08-27,167090794,221183746,2559243,Closed,2768 SW Holden St,,Seattle,WA,98126,West Seattle,Single Family,1,2019,3,3,3,1940,2503,1.5,900000,464,,,,David Hogan,Windermere Real Estate/East,Windermere Bellevue Commons,47.5339167,-122.3679306,https://www.redfin.com/WA/Seattle/2768-SW-Holden-St-98126/home/167090794
2026-09-19T20:39:35.232Z,NW Seattle,2026-08-27,17383341,215341938,2520632,Closed,725 N 95th St Unit B,Unit B,Seattle,WA,98103,Greenwood,Townhouse,3,2008,2,1.5,1,910,930,1.5,499000,548,,,,Christie Elliott,"Real Property Associates, Inc.",Windermere Real Estate Co.,47.6975502,-122.3489031,https://www.redfin.com/WA/Seattle/725-N-95th-St-98103/unit-B/home/17383341
2026-09-19T20:39:35.232Z,West Seattle,2026-08-27,195913489,221789735,2563401,Closed,1912 A Ferry Ave SW,,Seattle,WA,98116,Alki,Townhouse,3,2026,4,2.5,2,2227,1283,1.5,1349950,606,,,,Ray York,"Windermere RE/Capitol Hill,Inc",Realogics Sotheby's Int'l Rlty,47.586265,-122.385525,https://www.redfin.com/WA/Seattle/1912-Ferry-Ave-SW-98116/unit-A/home/195913489
2026-09-19T20:39:35.232Z,West Seattle,2026-08-27,202092107,216287048,2531401,Closed,4709 SW Hinds St,,Seattle,WA,98116,Admiral,Single Family,1,2026,4,3,3,1365,1068,,849999,623,127,,,Eric Chen Yu,"Pellego, Inc.",Coldwell Banker Danforth,47.573681,-122.3924624,https://www.redfin.com/WA/Seattle/4709-SW-Hinds-St-98116/home/202092107
2026-09-19T20:39:35.232Z,NW Seattle,2026-08-27,203579710,214834610,2519072,Closed,738 D N 95th,,Seattle,WA,98103,Greenwood,Townhouse,3,2018,3,2,2,1610,1166,1.5,660000,410,,,,Russ Katz,Windermere RE Magnolia,Bellmark Real Estate,47.698085,-122.348161,https://www.redfin.com/WA/Seattle/738-D-N-95th-St-98103/home/203579710
2026-09-19T20:39:35.232Z,Central Seattle,2026-08-27,21696342,220824507,2552063,Closed,3110 Portage Bay Pl E Unit B,Unit B,Seattle,WA,98102,Portage Bay,Single Family,1,1987,2,2,2,1000,1,1,1360000,1360,200,,,Molly Cartwright,Windermere Real Estate Midtown,Windermere R E Mount Baker,47.649212871,-122.3179491,https://www.redfin.com/WA/Seattle/3110-Portage-Bay-Pl-E-98102/unit-B/home/21696342
2026-09-19T20:39:35.232Z,NW Seattle,2026-08-27,300680,220653859,2547774,Closed,706 N 78th St,,Seattle,WA,98103,Green Lake,Single Family,1,1905,3,1,1,1750,4000,1,790000,451,,,,Charles Carosella,"Wilson Realty Exchange, Inc.",Coldwell Banker Bain,47.6856863,-122.3495464,https://www.redfin.com/WA/Seattle/706-N-78th-St-98103/home/300680
2026-09-19T20:39:35.232Z,Green Lake,2026-08-27,307785,217143291,2543922,Closed,7516 E Green Lake Dr N,,Seattle,WA,98103,Green Lake,Single Family,1,2021,3,4.5,4,3020,4056,,3250000,1076,,,,Deirdre Doyle,Windermere Real Estate Midtown,ZNonMember-Office-MLS,47.6828553,-122.3312071,https://www.redfin.com/WA/Seattle/7516-E-Green-Lake-Dr-N-98103/home/307785
2026-09-19T20:39:35.232Z,NE Seattle,2026-08-27,310060,215353640,2523798,Closed,6525 23rd Ave NE,,Seattle,WA,98115,Ravenna,Single Family,1,1925,2,1,1,1480,4080,1,893000,603,,,,Jenn Flynn,"Quorum-Laurelhurst, Inc",KW Greater Seattle,47.6765751,-122.3030558,https://www.redfin.com/WA/Seattle/6525-23rd-Ave-NE-98115/home/310060
2026-09-19T20:39:35.232Z,NE Seattle,2026-08-27,314844,222981098,2575692,Closed,7040 38th Ave NE,,Seattle,WA,98115,Wedgwood,Single Family,1,1951,4,1,1,1230,5243,1.5,875000,711,,,,Joshua Pemberton,Keller Williams Realty Bothell,Engel & Voelkers Seattle DT,47.6805649,-122.2868915,https://www.redfin.com/WA/Seattle/7040-38th-Ave-NE-98115/home/314844
2026-09-19T20:39:35.232Z,NE Seattle,2026-08-27,314865,221175882,2555930,Closed,7051 34th Ave NE,,Seattle,WA,98115,Bryant,Single Family,1,2015,5,3.5,3,3490,3800,2,2315000,663,,,,Tammy Heldridge,Windermere Real Estate Co.,Windermere RE Greenwood,47.6809299,-122.291813,https://www.redfin.com/WA/Seattle/7051-34th-Ave-NE-98115/home/314865
2026-09-19T20:39:35.232Z,West Seattle,2026-08-27,469993,222129064,2566258,Closed,8451 40th Ave SW,,Seattle,WA,98136,Gatewood,Single Family,1,1960,3,2,2,1920,3200,1,975000,508,,,,Pamela Jensen,Windermere Real Estate Co.,Urban Living,47.5269463,-122.3831797,https://www.redfin.com/WA/Seattle/8451-40th-Ave-SW-98136/home/469993
2026-09-19T20:39:35.232Z,Magnolia,2026-08-26,125507,221992185,2563687,Closed,3235 W Viewmont Way W,,Seattle,WA,98199,Magnolia,Single Family,1,1941,4,2,2,1760,5800,1,1417500,805,,,,Devon Kruse,Windermere Real Estate Co.,Ensemble,47.6496901,-122.4098316,https://www.redfin.com/WA/Seattle/3235-W-Viewmont-Way-W-98199/home/125507
2026-09-19T20:39:35.232Z,Queen Anne,2026-08-26,134494,220695621,2546052,Closed,2204 3rd Ave W,,Seattle,WA,98119,Queen Anne,Single Family,1,1909,4,1.5,1,1820,2700,1,985000,541,,,,Wendy Carrington,"John L. Scott, Inc.",KW North Sound,47.6386697,-122.3607062,https://www.redfin.com/WA/Seattle/2204-3rd-Ave-W-98119/home/134494
2026-09-19T20:39:35.232Z,Central Seattle,2026-08-26,139434,220824047,2554210,Closed,1533 38th Ave E,,Seattle,WA,98112,Madison Park,Single Family,1,2011,5,4.5,4,5870,7200,1.5,4000000,681,,,,Tom Skepetaris,Realogics Sotheby's Int'l Rlty,COMPASS,47.633194,-122.284463,https://www.redfin.com/WA/Seattle/1533-38th-Ave-E-98112/home/139434
2026-09-19T20:39:35.232Z,Central Seattle,2026-08-26,144647,214890613,2516440,Closed,351 17th Ave E,,Seattle,WA,98112,Capitol Hill,Single Family,1,1905,4,3,3,1920,2500,2,1390000,724,,,,James De Maria,"Windermere RE/Capitol Hill,Inc",Windermere Real Estate Co.,47.6219502,-122.3103782,https://www.redfin.com/WA/Seattle/351-17th-Ave-E-98112/home/144647
2026-09-19T20:39:35.232Z,West Seattle,2026-08-26,154254,220697450,2551873,Closed,5414 SW Beach Drive Ter,,Seattle,WA,98116,Seaview,Single Family,1,1958,3,2,2,2016,6000,1,1235000,613,,,,Rachel Schindler,Realogics Sotheby's Int'l Rlty,The Agency Seattle,47.5586552,-122.400912,https://www.redfin.com/WA/Seattle/5414-SW-Beach-Drive-Ter-98116/home/154254
2026-09-19T20:39:35.232Z,West Seattle,2026-08-26,160910,221176661,2556506,Closed,7015 12th Ave SW,,Seattle,WA,98106,Highland Park,Single Family,1,1930,4,2,2,1870,6270,1.5,589000,315,,,,Sherie Crha,Berkshire Hathaway HS NW,Windermere Real Estate Midtown,47.5405555,-122.3506996,https://www.redfin.com/WA/Seattle/7015-12th-Ave-SW-98106/home/160910
2026-09-19T20:39:35.232Z,Beacon Hill,2026-08-26,169118,221718292,2559634,Closed,3216 20th Ave S,,Seattle,WA,98144,Beacon Hill,Single Family,1,1966,3,2,2,1940,3244,1,705000,363,,,,Roel Borja,"John L. Scott, Inc","John L. Scott, Inc",47.5745083,-122.3058744,https://www.redfin.com/WA/Seattle/3216-20th-Ave-S-98144/home/169118
2026-09-19T20:39:35.232Z,Beacon Hill,2026-08-26,169465,216730306,2538280,Closed,1911 12th Ave S,,Seattle,WA,98144,N Beacon Hill,Single Family,1,1929,3,2,2,1660,6000,1,794000,478,,,,David Palmer,Redfin,Real Broker LLC,47.5859797,-122.317515,https://www.redfin.com/WA/Seattle/1911-12th-Ave-S-98144/home/169465
2026-09-19T20:39:35.232Z,West Seattle,2026-08-26,191428870,209900356,2461032,Closed,7144 47th Ave SW,,Seattle,WA,98136,Lincoln Park,Townhouse,3,2025,3,2.5,2,1540,762,1.5,675000,438,,,,,Inspire Realty,Redfin,47.5383489,-122.3927582,https://www.redfin.com/WA/Seattle/7144-47th-Ave-SW-98136/home/191428870
2026-09-19T20:39:35.232Z,Central Seattle,2026-08-26,201737956,214870517,2520407,Closed,1453 22nd Ave,,Seattle,WA,98122,Central Area,Townhouse,3,2026,2,2.5,2,1008,894,1.5,696000,690,24,,,John Cowan,Windermere Real Estate Co.,Every Door Real Estate,47.6145343,-122.3039551,https://www.redfin.com/WA/Seattle/1453-22nd-Ave-98122/home/201737956
2026-09-19T20:39:35.232Z,Magnolia,2026-08-26,205351731,223109033,2577456,Closed,2839 Perkins Ln,,Seattle,WA,98199,Magnolia,Single Family,1,1941,5,4.5,4,4220,18764,2,2800000,664,,,,Kimo Hunter,Windermere RE Magnolia,Windermere Real Estate Co.,47.6461564,-122.4166128,https://www.redfin.com/WA/Seattle/2839-Perkins-Ln-W-98199/home/205351731
2026-09-19T20:39:35.232Z,Phinney Ridge,2026-08-26,300547,222108994,2555869,Closed,6505 Dayton Ave N,,Seattle,WA,98103,Phinney Ridge,Single Family,1,1926,2,1,1,1510,2584,1,650000,430,,,,Jill Sjolin,Windermere Real Estate/HLC,Windermere Real Estate Midtown,47.6762419,-122.352906,https://www.redfin.com/WA/Seattle/6505-Dayton-Ave-N-98103/home/300547
2026-09-19T20:39:35.232Z,NW Seattle,2026-08-26,301717,217133045,2543380,Closed,511 N 76th St,,Seattle,WA,98103,Phinney Ridge,Single Family,1,1926,3,1,1,1800,3399,1,825000,458,,,,Aaron Kahn,Windermere Real Estate Midtown,Lake & Company,47.6838359,-122.3518404,https://www.redfin.com/WA/Seattle/511-N-76th-St-98103/home/301717
2026-09-19T20:39:35.232Z,Central Seattle,2026-08-26,40264435,221585055,2562224,Closed,1915 25th Ave S Unit D,Unit D,Seattle,WA,98144,Seattle,Townhouse,3,2011,2,2,2,1392,614,1.5,549000,394,,,,,COMPASS,Redfin,47.5858778,-122.3008584,https://www.redfin.com/WA/Seattle/1915-25th-Ave-S-98144/unit-D/home/40264435
2026-09-19T20:39:35.232Z,West Seattle,2026-08-26,471949,221568166,2560021,Closed,8820 24th Ave SW,,Seattle,WA,98106,Delridge,Single Family,1,1928,3,2,2,1512,7440,1.5,780000,516,,,,Angela Cramer,Redfin,COMPASS,47.5240091,-122.3628188,https://www.redfin.com/WA/Seattle/8820-24th-Ave-SW-98106/home/471949
2026-09-19T20:39:35.232Z,Maple Leaf,2026-08-25,110640,221577842,2561551,Closed,1047 NE 98th St,,Seattle,WA,98115,Maple Leaf,Single Family,1,1930,3,2,2,2330,5747,2,965000,414,,,,Blake McBride,Designed Realty,Lake & Company,47.7001778,-122.3156796,https://www.redfin.com/WA/Seattle/1047-NE-98th-St-98115/home/110640
2026-09-19T20:39:35.232Z,NW Seattle,2026-08-25,12306430,221792487,2563422,Closed,9519 8th Ave NW Unit B,Unit B,Seattle,WA,98117,Crown Hill,Townhouse,3,2007,3,1.5,1,1000,844,1.5,513000,513,,,,Xia Cutter,DBW Private Brokerage LLC,Windermere West Metro,47.6983136,-122.3666151,https://www.redfin.com/WA/Seattle/9519-8th-Ave-NW-98117/unit-B/home/12306430
2026-09-19T20:39:35.232Z,Queen Anne,2026-08-25,129975,221202318,2559162,Closed,2714 10th Ave W,,Seattle,WA,98119,Queen Anne,Single Family,1,1928,4,2,2,2230,3400,1,1450000,650,,,,Marcel Kluetz,COMPASS,Windermere Real Estate Midtown,47.6448156,-122.3698816,https://www.redfin.com/WA/Seattle/2714-10th-Ave-W-98119/home/129975
2026-09-19T20:39:35.232Z,Central Seattle,2026-08-25,137905,221184298,2558119,Closed,2459 24th Ave E,,Seattle,WA,98112,Montlake,Single Family,1,1934,3,2,2,1960,3600,1,1080000,551,,,,Annie Powers,"Windermere RE/Capitol Hill,Inc","Skyline Properties, Inc.",47.6413627,-122.3023483,https://www.redfin.com/WA/Seattle/2459-24th-Ave-E-98112/home/137905
2026-09-19T20:39:35.232Z,NW Seattle,2026-08-25,165473,220397186,2548716,Closed,8529 29th Ave NW,,Seattle,WA,98117,North Beach,Single Family,1,1929,4,2,2,2200,13590,1,1275000,580,,,,Nazar Pekhotin,Best Choice Realty,Coldwell Banker Bain,47.6914146,-122.3944485,https://www.redfin.com/WA/Seattle/8529-29th-Ave-NW-98117/home/165473
2026-09-19T20:39:35.232Z,Ballard (specific),2026-08-25,166410,221474050,2561077,Closed,7531 25th Ave NW,,Seattle,WA,98117,Crown Hill,Single Family,1,1915,4,2.5,2,2390,3880,2,1340000,561,,,,,KW Greater Seattle,Redfin,47.6840558,-122.3890423,https://www.redfin.com/WA/Seattle/7531-25th-Ave-NW-98117/home/166410
2026-09-19T20:39:35.232Z,Beacon Hill,2026-08-25,169355,216627613,2536296,Closed,2916 18th Ave S,,Seattle,WA,98144,N Beacon Hill,Single Family,1,1923,3,1,1,2620,6144,1,775000,296,,,,Diane Ginthner,"Windermere RE/Capitol Hill,Inc",Lake & Company,47.5772782,-122.3090484,https://www.redfin.com/WA/Seattle/2916-18th-Ave-S-98144/home/169355
2026-09-19T20:39:35.232Z,West Seattle,2026-08-25,196624787,222887886,2574296,Closed,9247 20th Ave SW,,Seattle,WA,98106,Delridge,Single Family,1,2023,3,2,2,1225,,2,660000,539,,,,Beth Grotelueschen,Keller Williams Seattle Metro,Windermere Real Estate/East,47.519593,-122.359559,https://www.redfin.com/WA/Seattle/9247-20th-Ave-SW-98106/home/196624787
2026-09-19T20:39:35.232Z,Ballard (specific),2026-08-25,201709794,216949601,2541118,Closed,8328 24th Ave NW,,Seattle,WA,98117,Loyal Heights,Townhouse,3,2026,3,2.5,2,1793,1240,1.5,880000,491,126,,,Lee Whalen,Windermere Real Estate Co.,Madison Partners Real Estate,47.6895985,-122.3872933,https://www.redfin.com/WA/Seattle/8328-24th-Ave-NW-98117/home/201709794
2026-09-19T20:39:35.232Z,Wallingford,2026-08-25,202054931,218305963,2533324,Closed,4122 Burke Ave N,,Seattle,WA,98103,Wallingford,Townhouse,3,2026,3,2.5,2,1745,1396,1.5,1129000,647,101,,,Tom Cowan,Windermere Real Estate Co.,Windermere Real Estate/East,47.657517,-122.3347529,https://www.redfin.com/WA/Seattle/4122-Burke-Ave-N-98103/home/202054931
2026-09-19T20:39:35.232Z,West Seattle,2026-08-25,205212396,217238030,2546233,Closed,7912 34th Ave SW,,Seattle,WA,98126,Gatewood,Single Family,1,2026,4,3.5,3,2040,1,3,832500,408,15,,,Bill Reid,Windermere West Metro,Keller Williams North Seattle,47.5314449,-122.3749584,https://www.redfin.com/WA/Seattle/7912-34th-Ave-SW-98126/home/205212396
2026-09-19T20:39:35.232Z,NW Seattle,2026-08-25,289841,220943366,2552988,Closed,9001 28th Ave NW,,Seattle,WA,98117,North Beach,Single Family,1,1947,4,2.5,2,2545,5100,1,1510000,593,,,,Mindy Perque,Windermere Real Estate Co.,Realogics Sotheby's Int'l Rlty,47.6943095,-122.3932105,https://www.redfin.com/WA/Seattle/9001-28th-Ave-NW-98117/home/289841
2026-09-19T20:39:35.232Z,West Seattle,2026-08-25,470254,216780162,2535233,Closed,4000 SW Myrtle St,,Seattle,WA,98136,Gatewood,Single Family,1,1962,4,3,3,3260,10391,1.5,1455000,446,,,,Mara Haveson,COMPASS,Every Door Real Estate,47.5394334,-122.3828296,https://www.redfin.com/WA/Seattle/4000-SW-Myrtle-St-98136/home/470254
2026-09-19T20:39:35.232Z,Maple Leaf,2026-08-24,110170,220676944,2552789,Closed,317 NE 91st St,,Seattle,WA,98115,Maple Leaf,Single Family,1,1993,5,3,3,2250,5000,2,1200000,533,,,,Cary Porter,The Cascade Team,RE/MAX Northwest,47.6947782,-122.3250802,https://www.redfin.com/WA/Seattle/317-NE-91st-St-98115/home/110170
2026-09-19T20:39:35.232Z,Ballard (specific),2026-08-24,112863644,215584262,2513308,Closed,2234 NW 62nd St,,Seattle,WA,98107,Ballard,Single Family,1,2017,3,2.5,2,1923,1699,1.5,1030000,536,,,,Li Ning,WeLakeside,Realogics Sotheby's Int'l Rlty,47.6741497,-122.3862269,https://www.redfin.com/WA/Seattle/2234-NW-62nd-St-98107/home/112863644
2026-09-19T20:39:35.232Z,Magnolia,2026-08-24,125789,222860455,2573878,Closed,3201 Magnolia Blvd W,,Seattle,WA,98199,Magnolia,Single Family,1,1959,3,3,3,3280,5850,1,2425000,739,,,,Scott Shutes,Windermere RE Greenwood,NWMLS-NonOffice,47.6488677,-122.414648,https://www.redfin.com/WA/Seattle/3201-Magnolia-Blvd-W-98199/home/125789
2026-09-19T20:39:35.232Z,Queen Anne,2026-08-24,129531,221130988,2557893,Closed,164 McGraw St,,Seattle,WA,98109,Queen Anne,Single Family,1,1918,5,4,4,2910,5000,2,2500000,859,,,,Kyle Moss,COMPASS,Realogics Sotheby's Int'l Rlty,47.6401298,-122.3537588,https://www.redfin.com/WA/Seattle/164-McGraw-St-98109/home/129531
2026-09-19T20:39:35.232Z,Central Seattle,2026-08-24,146163,221007972,2553523,Closed,314 25th Ave E,,Seattle,WA,98112,Madison Valley,Single Family,1,1994,3,2.5,2,1740,2495,1.5,865000,497,,,,Miao Sui,"Windermere Real Estate/M2, LLC",Mal & Seitz,47.6218389,-122.2996087,https://www.redfin.com/WA/Seattle/314-25th-Ave-E-98112/home/146163
2026-09-19T20:39:35.232Z,Wallingford,2026-08-24,171935482,214814335,2519366,Closed,908 N 46th St Unit F,Unit F,Seattle,WA,98103,Wallingford,Townhouse,3,2019,3,2,2,1665,600,1.5,735000,441,,,,Javila Creer,Windermere Real Estate Midtown,Rain Town Realty + JPAR,47.662327,-122.346908,https://www.redfin.com/WA/Seattle/908-N-46th-St-98103/unit-F/home/171935482
2026-09-19T20:39:35.232Z,NW Seattle,2026-08-24,202264811,216897358,2540679,Closed,9744 B Holman Rd NW,,Seattle,WA,98117,Greenwood,Townhouse,3,2026,3,2,2,1550,550,1.5,515000,332,47,,,Ray York,"Windermere RE/Capitol Hill,Inc",ZNonMember-Office-MLS,47.7003768,-122.364156,https://www.redfin.com/WA/Seattle/9744-B-Holman-Rd-NW-98117/home/202264811
2026-09-19T20:39:35.232Z,West Seattle,2026-08-24,202295115,216972645,2537916,Closed,2714 58th Ave SW,,Seattle,WA,98116,Alki,Single Family,1,2026,3,2.5,2,1322,1653,3,889000,672,69,,,,Berkshire Hathaway HS NW,Redfin,47.5789108,-122.4064062,https://www.redfin.com/WA/Seattle/2714-58th-Ave-SW-98116/home/202295115
2026-09-19T20:39:35.232Z,Central Seattle,2026-08-24,202682844,220576333,2551291,Closed,825 A 17th Ave,,Seattle,WA,98144,Capitol Hill,Townhouse,3,2026,3,2,2,1782,1598,1.5,1099950,617,,,,,"Windermere RE/Capitol Hill,Inc",Redfin,47.6099579,-122.3105709,https://www.redfin.com/WA/Seattle/825-17th-Ave-98122/home/202682844
2026-09-19T20:39:35.232Z,NE Seattle,2026-08-24,203173742,220985972,2555292,Closed,2109 NE 83rd St,,Seattle,WA,98115,Ravenna,Single Family,1,2022,2,2,2,1088,1652,2,694950,639,4,,,Mandy Lind,Sound Point Real Estate LLC,Windermere RE Greenwood,47.6896713,-122.305204,https://www.redfin.com/WA/Seattle/2109-NE-83rd-St-98115/home/203173742
2026-09-19T20:39:35.232Z,NW Seattle,2026-08-24,28681580,216171591,2531574,Closed,11026 Evanston Ave N,,Seattle,WA,98133,Broadview,Single Family,1,1940,3,2,2,1400,2606,1,775000,554,23,,,Caitlin Sullivan,COMPASS,KW Greater Seattle,47.7095144,-122.3512492,https://www.redfin.com/WA/Seattle/11026-Evanston-Ave-N-98133/home/28681580
2026-09-19T20:39:35.232Z,Beacon Hill,2026-08-24,479500,214690226,2517546,Closed,4916 24th Pl S,,Seattle,WA,98108,Beacon Hill,Single Family,1,1954,3,2,2,2500,6427,1,850000,340,,,,Bradley Lee,"Skyline Properties, Inc.",Windermere Real Estate Co.,47.5580073,-122.3012541,https://www.redfin.com/WA/Seattle/4916-24th-Pl-S-98108/home/479500
2026-09-19T20:39:35.232Z,Ballard (specific),2026-08-24,498381,221448066,2561572,Closed,7515 Mary Ave NW,,Seattle,WA,98117,Whittier,Single Family,1,1929,2,2,2,1860,5418,1.5,1150101,618,,,,Danny Adamson,Lake & Company,Coldwell Banker Bain,47.6837461,-122.3757459,https://www.redfin.com/WA/Seattle/7515-Mary-Ave-NW-98117/home/498381
2026-09-19T20:39:35.232Z,NW Seattle,2026-08-21,100969,221260296,2559901,Closed,312 NW 88th St,,Seattle,WA,98117,Greenwood,Single Family,1,1916,3,2,2,1400,4800,1,749900,536,,,,Junior Torres,Windermere RE Greenwood,Keller Williams Rlty Bellevue,47.692979,-122.3612977,https://www.redfin.com/WA/Seattle/312-NW-88th-St-98117/home/100969
2026-09-19T20:39:35.232Z,Northgate,2026-08-21,101941,212939291,2490690,Closed,13722 Interlake Ave N,,Seattle,WA,98133,Bitter Lake,Single Family,1,1947,2,2,2,1050,7583,1,585000,557,,,,Brad Harper,CENTURY 21 North Homes Realty,Windermere Real Estate Midtown,47.7293327,-122.3404952,https://www.redfin.com/WA/Seattle/13722-Interlake-Ave-N-98133/home/101941
2026-09-19T20:39:35.232Z,Northgate,2026-08-21,104351,220693389,2552927,Closed,1621 N 103rd St,,Seattle,WA,98133,Northgate,Single Family,1,1952,3,3,3,1750,5979,1,950000,543,,,,Renee Donovan,"Heaton Dainard, LLC","Skyline Properties, Inc.",47.7030595,-122.338251,https://www.redfin.com/WA/Seattle/1621-N-103rd-St-98133/home/104351
2026-09-19T20:39:35.232Z,Northgate,2026-08-21,104850,216876822,2538769,Closed,10327 Stone Ave N,,Seattle,WA,98133,Licton Springs,Single Family,1,1926,3,2,2,1800,5047,1,800000,444,,,,Erick Hazelton,"Windermere RE/Capitol Hill,Inc",Windermere Real Estate GH LLC,47.704036,-122.3423878,https://www.redfin.com/WA/Seattle/10327-Stone-Ave-N-98133/home/104850
2026-09-19T20:39:35.232Z,Ballard (specific),2026-08-21,109660301,217212000,2545249,Closed,8358 19th Ave NW Unit B,Unit B,Seattle,WA,98117,Ballard,Townhouse,3,2016,3,2,2,1460,1203,1.5,625000,428,,,,Codi Nelson,Windermere Mercer Island,Best Choice Realty,47.6903496,-122.3807637,https://www.redfin.com/WA/Seattle/8358-19th-Ave-NW-98117/unit-B/home/109660301
2026-09-19T20:39:35.232Z,Wallingford,2026-08-21,117846,220828679,2550900,Closed,4527 Corliss Ave N,,Seattle,WA,98103,Wallingford,Single Family,1,2026,3,2.5,2,1597,1022,3,1150000,720,,,,John Cowan,Windermere Real Estate Co.,Windermere Real Estate Midtown,47.6622962,-122.3316753,https://www.redfin.com/WA/Seattle/4527-Corliss-Ave-N-98103/home/117846
2026-09-19T20:39:35.232Z,Wallingford,2026-08-21,118248,216917532,2539640,Closed,4055 Latona Ave NE,,Seattle,WA,98105,Wallingford,Single Family,1,1921,3,1.5,1,1920,4000,1,745000,388,,,,Patrick Beringer,Redfin,Bushwick,47.6571299,-122.3260487,https://www.redfin.com/WA/Seattle/4055-Latona-Ave-NE-98105/home/118248
2026-09-19T20:39:35.232Z,Queen Anne,2026-08-21,130304,209964471,2460321,Closed,3448 14th Ave W,,Seattle,WA,98119,Queen Anne,Single Family,1,1921,4,3,3,1800,6000,1,1075000,597,,,,Charles Holmes,Providencia,Armada Homes Real Estate LLC,47.6517392,-122.3745974,https://www.redfin.com/WA/Seattle/3448-14th-Ave-W-98119/home/130304
2026-09-19T20:39:35.232Z,Queen Anne,2026-08-21,134006,221596831,2562449,Closed,1911 9th Ave W,,Seattle,WA,98119,Queen Anne,Single Family,1,1907,4,2,2,2160,2008,2,999999,463,,,,Garrett Thomsen,SCOUT,Lake & Company,47.6363152,-122.3693398,https://www.redfin.com/WA/Seattle/1911-9th-Ave-W-98119/home/134006
2026-09-19T20:39:35.232Z,Central Seattle,2026-08-21,136169,220934486,2554490,Closed,2034 Federal Ave E,,Seattle,WA,98102,North Capitol Hill,Single Family,1,1906,3,2.5,2,2390,4000,2,1500000,628,,,,Matt Stanford,COMPASS,Realogics Sotheby's Int'l Rlty,47.6382718,-122.318746,https://www.redfin.com/WA/Seattle/2034-Federal-Ave-E-98102/home/136169
2026-09-19T20:39:35.232Z,Central Seattle,2026-08-21,139201,220915012,2554647,Closed,2057 McGilvra Blvd E,,Seattle,WA,98112,Madison Park,Single Family,1,1941,3,2.5,2,1820,4000,1,2190000,1203,,,,Phoebe Day,Windermere Real Estate Co.,Coldwell Banker Bain,47.6386496,-122.2811434,https://www.redfin.com/WA/Seattle/2057-McGilvra-Blvd-E-98112/home/139201
2026-09-19T20:39:35.232Z,Central Seattle,2026-08-21,139328,214600756,2500257,Closed,2258 40th Ave E,,Seattle,WA,98112,Madison Park,Single Family,1,1965,3,2,2,1976,7000,1,2025000,1025,,,,Michael Ko,Coldwell Banker Bain,Coldwell Banker Bain,47.6397319,-122.2816187,https://www.redfin.com/WA/Seattle/2258-40th-Ave-E-98112/home/139328
2026-09-19T20:39:35.232Z,West Seattle,2026-08-21,149353,212615456,2478959,Closed,3028 63rd Ave SW,,Seattle,WA,98116,Alki,Townhouse,3,2018,3,2.5,2,2370,2093,1.5,1325000,559,,,,Corinne Smith,Keller Williams Rlty Bellevue,Real Broker LLC,47.5775374,-122.4128708,https://www.redfin.com/WA/Seattle/3028-63rd-Ave-SW-98116/home/149353
2026-09-19T20:39:35.232Z,West Seattle,2026-08-21,149573,220928713,2554149,Closed,2313 47th Ave SW,,Seattle,WA,98116,North Admiral,Single Family,1,1941,2,2,2,1900,4005,1.5,940000,495,,,,Cara Mohammadian,Windermere West Metro,The Agency Seattle/Eastside,47.5829437,-122.3921471,https://www.redfin.com/WA/Seattle/2313-47th-Ave-SW-98116/home/149573
2026-09-19T20:39:35.232Z,West Seattle,2026-08-21,150605,221275784,2558747,Closed,4011 SW Massachusetts St,,Seattle,WA,98116,North Admiral,Single Family,1,2009,3,3.5,3,1881,6966,,1550000,824,,,,Kelly Malloy,Windermere West Metro,John L Scott RE West Seattle,47.5878392,-122.3822346,https://www.redfin.com/WA/Seattle/4011-SW-Massachusetts-St-98116/home/150605
2026-09-19T20:39:35.232Z,West Seattle,2026-08-21,151325,222120758,2565326,Closed,4037 52nd Ave SW,,Seattle,WA,98116,Genesee,Single Family,1,1916,3,2,2,1650,5750,1,1075000,652,,,,Mara Haveson,COMPASS,Every Door Real Estate,47.5674777,-122.3991787,https://www.redfin.com/WA/Seattle/4037-52nd-Ave-SW-98116/home/151325
2026-09-19T20:39:35.232Z,West Seattle,2026-08-21,152968,215312851,2522636,Closed,5309 47th Ave SW,,Seattle,WA,98136,Seaview,Single Family,1,1954,4,2,2,2280,6075,1,964800,423,,,,John Traweek,Berkshire Hathaway HS NW,Providencia,47.5545014,-122.3926582,https://www.redfin.com/WA/Seattle/5309-47th-Ave-SW-98136/home/152968
2026-09-19T20:39:35.232Z,West Seattle,2026-08-21,155037,220585506,2551395,Closed,10235 33rd Ave SW,,Seattle,WA,98146,Arbor Heights,Single Family,1,1950,2,1,1,1600,6758,1,615000,384,,,,Robert Murray,"John L. Scott, Inc.",Columbia Partners Real Estate,47.5108157,-122.3741152,https://www.redfin.com/WA/Seattle/10235-33rd-Ave-SW-98146/home/155037
2026-09-19T20:39:35.232Z,West Seattle,2026-08-21,155553,222054089,2564311,Closed,9831 33rd Ave SW,,Seattle,WA,98126,Arbor Heights,Single Family,1,1942,2,1,1,710,6300,1,479950,676,,,,,Century 21 Blue Chip,Redfin,47.5147058,-122.3745984,https://www.redfin.com/WA/Seattle/9831-33rd-Ave-SW-98126/home/155553
2026-09-19T20:39:35.232Z,Green Lake,2026-08-21,171935525,214121076,2508883,Closed,437 NE 73rd St Unit A,Unit A,Seattle,WA,98115,Green Lake,Townhouse,3,2019,2,2,2,1112,800,1.5,765000,688,,,,Liana Li,WeLakeside,KW Greater Seattle,47.6813069,-122.3235122,https://www.redfin.com/WA/Seattle/437-NE-73rd-St-98115/unit-A/home/171935525
2026-09-19T20:39:35.232Z,West Seattle,2026-08-21,195906640,221050119,2557379,Closed,5946 18th Ave SW #1,#1,Seattle,WA,98106,West Seattle,Single Family,1,1942,3,2,2,1180,4503,1,650000,551,4,,,Yafate Yemuru,Specialty Real Estate Group,COMPASS,47.5488228,-122.3568118,https://www.redfin.com/WA/Seattle/5946-18th-Ave-SW-98106/unit-1/home/195906640
2026-09-19T20:39:35.232Z,NW Seattle,2026-08-21,198827254,214117003,2508838,Closed,11231 Greenwood Ave N Unit A,Unit A,Seattle,WA,98133,Greenwood,Townhouse,3,2025,3,3,3,1961,799,1.5,777500,396,24,,,Bentley Pugh,Keller Williams North Seattle,KW Everett,47.7115539,-122.3559387,https://www.redfin.com/WA/Seattle/11231-Greenwood-Ave-N-98133/unit-A/home/198827254
2026-09-19T20:39:35.232Z,Ballard (specific),2026-08-21,202354611,217140189,2543970,Closed,6226 7th Ave NW,,Seattle,WA,98107,Ballard,Single Family,1,2023,3,2,2,1109,2000,2,820000,739,16,,,Kara Mumma,The Agency Seattle,Real Broker LLC,47.674959,-122.364618,https://www.redfin.com/WA/Seattle/6226-7th-Ave-NE-98105/home/202354611
2026-09-19T20:39:35.232Z,Eastlake,2026-08-21,21706553,217006323,2540712,Closed,2031 Fairview Ave E Unit I,Unit I,Seattle,WA,98102,Eastlake,Single Family,1,1977,2,2,2,1033,965,1,1980000,1917,955,,,Matt Goyer,Urban Living,Capstone Commercial,47.637845,-122.330751,https://www.redfin.com/WA/Seattle/2031-Fairview-Ave-E-98102/unit-I/home/21706553
2026-09-19T20:39:35.232Z,Central Seattle,2026-08-21,22466440,221804806,2563405,Closed,1120 26th Ave S,,Seattle,WA,98144,Judkins,Townhouse,3,2011,3,2.5,2,1440,1190,1.5,749500,520,,,,Cait Greeley,Ensemble,Realogics Sotheby's Int'l Rlty,47.5923722,-122.2987782,https://www.redfin.com/WA/Seattle/1120-26th-Ave-S-98144/home/22466440
2026-09-19T20:39:35.232Z,Queen Anne,2026-08-21,2741,222791227,2573007,Closed,100 W Highland Dr #210,#210,Seattle,WA,98115,Queen Anne,Single Family,1,1921,2,2,2,1485,,1,1250000,842,1345,,,Ashlyn Pawlak,Windermere Real Estate Midtown,Windermere Real Estate Co.,47.630011,-122.358569,https://www.redfin.com/WA/Seattle/100-W-Highland-Dr-98119/unit-210/home/2741
2026-09-19T20:39:35.232Z,NE Seattle,2026-08-21,28582384,216774883,2538823,Closed,3010 NE 55th St,,Seattle,WA,98105,Bryant,Townhouse,3,2010,3,2.5,2,1770,1600,1.5,825000,466,,,,Catherine Ferrera,COMPASS,Windermere Real Estate Co.,47.6686831,-122.2945137,https://www.redfin.com/WA/Seattle/3010-NE-55th-St-98105/home/28582384
2026-09-19T20:39:35.232Z,NW Seattle,2026-08-21,291518,221707595,2561887,Closed,13026 6th Ave NW,,Seattle,WA,98177,Broadview,Single Family,1,1941,3,2,2,2542,8160,1.5,967000,380,,,,Nancy Carroll,Engel & Voelkers Seattle DT,"RE/MAX Metro Realty, Inc.",47.7240974,-122.3633607,https://www.redfin.com/WA/Seattle/13026-6th-Ave-NW-98177/home/291518
2026-09-19T20:39:35.232Z,Green Lake,2026-08-21,307340,221175883,2551554,Closed,1701 N 82nd St,,Seattle,WA,98103,Green Lake,Single Family,1,1941,3,2,2,2160,3995,1,1225000,567,,,,Tammy Heldridge,Windermere Real Estate Co.,COMPASS,47.6885321,-122.3375497,https://www.redfin.com/WA/Seattle/1701-N-82nd-St-98103/home/307340
2026-09-19T20:39:35.232Z,NE Seattle,2026-08-21,315442,216492773,2534809,Closed,6848 31st Ave NE,,Seattle,WA,98115,Bryant,Single Family,1,1926,3,2,2,2100,4000,2,925000,440,,,,Liz Suver,Windermere Real Estate Co.,Coldwell Banker Danforth,47.6790494,-122.2938518,https://www.redfin.com/WA/Seattle/6848-31st-Ave-NE-98115/home/315442
2026-09-19T20:39:35.232Z,West Seattle,2026-08-21,328000,216815307,2539285,Closed,3602 SW Lander St,,Seattle,WA,98126,Admiral,Single Family,1,1927,4,4,3,3580,5000,,2100000,587,,,,Hollie Johnson,Coldwell Banker Bain,Windermere Real Estate Midtown,47.5794455,-122.3773132,https://www.redfin.com/WA/Seattle/3602-SW-Lander-St-98126/home/328000
2026-09-19T20:39:35.232Z,West Seattle,2026-08-21,328515,222746114,2572734,Closed,3219 Walnut Ave SW,,Seattle,WA,98116,Admiral,Single Family,1,1910,1,1,1,960,4793,1,870000,906,,,,,,Windermere West Metro,47.5749972,-122.3838727,https://www.redfin.com/WA/Seattle/3219-Walnut-Ave-SW-98116/home/328515
2026-09-19T20:39:35.232Z,Ballard (specific),2026-08-21,35624909,220603018,2550273,Closed,6114 8th Ave NW,,Seattle,WA,98107,Ballard,Single Family,1,2013,3,3.5,3,1880,2193,,1045000,556,,,,Jeremy Burton,KW Greater Seattle,Kelly Right RE of Seattle LLC,47.6735806,-122.3657912,https://www.redfin.com/WA/Seattle/6114-8th-Ave-NW-98107/home/35624909
2026-09-19T20:39:35.232Z,Central Seattle,2026-08-21,4713,220647556,2550230,Closed,3146 Portage Bay Pl E Unit B,Unit B,Seattle,WA,98102,Portage Bay,Single Family,1,1940,0,1,1,600,1,1,799000,1332,470,,,Molly Cartwright,Windermere Real Estate Midtown,Windermere Real Estate/East,47.6501594,-122.3183745,https://www.redfin.com/WA/Seattle/3146-Portage-Bay-Pl-E-98102/unit-B/home/4713
2026-09-19T20:39:35.232Z,Phinney Ridge,2026-08-21,495405,220608823,2549709,Closed,6742 7th Ave NW,,Seattle,WA,98117,Ballard,Single Family,1,1929,3,2,2,1820,3180,1,950000,522,,,,Roselyn Reiter,TEC Real Estate Inc.,Coldwell Banker Bain,47.6790353,-122.3642938,https://www.redfin.com/WA/Seattle/6742-7th-Ave-NW-98117/home/495405
2026-09-19T20:39:35.232Z,NW Seattle,2026-08-21,95972,222062884,2565419,Closed,14053 2nd Ave NW,,Seattle,WA,98177,Broadview,Single Family,1,1945,3,2,2,1610,7442,1,1116000,693,,,,Peri Erickson-Brown,Windermere RE Greenwood,Windermere RE Greenwood,47.7320077,-122.3599633,https://www.redfin.com/WA/Seattle/14053-2nd-Ave-NW-98177/home/95972
2026-09-19T20:39:35.232Z,NW Seattle,2026-08-21,97339,221554734,2561352,Closed,9718 12th Ave NW,,Seattle,WA,98117,Crown Hill,Single Family,1,1929,4,2,2,2560,7425,2,950000,371,,,,Kari Scott,John L Scott RE West Seattle,WA Move Real Estate LLC,47.7007029,-122.371069,https://www.redfin.com/WA/Seattle/9718-12th-Ave-NW-98117/home/97339
2026-09-19T19:54:21.154Z,Maple Leaf,2026-08-20,107797,215353618,2523021,Closed,10801 12th Ave NE,,Seattle,WA,98125,Maple Leaf,Single Family,1,1953,4,2,2,2420,7560,1,990000,409,,,,,Windermere Real Estate Co.,Redfin,47.7073141,-122.3156055,https://www.redfin.com/WA/Seattle/10801-12th-Ave-NE-98125/home/107797
2026-09-19T19:54:21.154Z,Wallingford,2026-08-20,117796,220962483,2555724,Closed,4655 Eastern Ave N,,Seattle,WA,98103,Wallingford,Single Family,1,1915,4,2,2,2430,4000,1.5,1409000,580,,,,Barbara Nelson,Lake & Company,Windermere Real Estate/PSR Inc,47.6641978,-122.329407,https://www.redfin.com/WA/Seattle/4655-Eastern-Ave-N-98103/home/117796
2026-09-19T19:54:21.154Z,Queen Anne,2026-08-20,132540,220637312,2548969,Closed,310 W Garfield St,,Seattle,WA,98119,Queen Anne,Single Family,1,1900,4,3.5,3,3630,3600,2,2365000,652,,,,Sam Konswa,Queen Anne Real Estate,ZNonMember-Office-MLS,47.6337224,-122.3615396,https://www.redfin.com/WA/Seattle/310-W-Garfield-St-98119/home/132540
2026-09-19T19:54:21.154Z,Queen Anne,2026-08-20,134888,214739340,2517961,Closed,362 Ward St,,Seattle,WA,98109,Queen Anne,Single Family,1,2020,5,4.5,4,4420,4860,2,4950000,1120,,,,Mike Moghaddas,COMPASS,ShopProp Inc.,47.628238,-122.3496639,https://www.redfin.com/WA/Seattle/362-Ward-St-98109/home/134888
2026-09-19T19:54:21.154Z,Central Seattle,2026-08-20,140160,216728101,2537657,Closed,2015 42nd Ave E,,Seattle,WA,98112,Madison Park,Single Family,1,1911,3,2.5,2,2160,3723,2,2350000,1088,,,,Eric Premo,COMPASS,COMPASS,47.6374422,-122.2787663,https://www.redfin.com/WA/Seattle/2015-42nd-Ave-E-98112/home/140160
2026-09-19T19:54:21.154Z,Central Seattle,2026-08-20,142770,221054416,2557461,Closed,511 Martin Luther King Jr Way S,,Seattle,WA,98144,Central Area,Townhouse,3,2005,3,2.5,2,1322,1796,1.5,625000,473,,,,Matthew Miner,COMPASS,Windermere RE Greenwood,47.5976004,-122.297785,https://www.redfin.com/WA/Seattle/511-Martin-Luther-King-Jr-Way-S-98144/home/142770
2026-09-19T19:54:21.154Z,Central Seattle,2026-08-20,143308,221151002,2559142,Closed,1012 20th Ave S,,Seattle,WA,98144,Judkins,Single Family,1,1908,4,1.5,1,2140,6000,1,699000,327,,,,Ethan Austin,Coldwell Banker Danforth,Coldwell Banker Bain,47.5933774,-122.3059759,https://www.redfin.com/WA/Seattle/1012-20th-Ave-S-98144/home/143308
2026-09-19T19:54:21.154Z,Central Seattle,2026-08-20,144959,220914402,2555467,Closed,525 27th Ave,,Seattle,WA,98122,Leschi,Single Family,1,1912,6,4.5,4,3310,3500,2,1395000,421,,,,Josh Paulus,"Windermere RE/Capitol Hill,Inc",Windermere Real Estate/Summit,47.6069555,-122.298133,https://www.redfin.com/WA/Seattle/525-27th-Ave-98122/home/144959
2026-09-19T19:54:21.154Z,West Seattle,2026-08-20,153516,221711559,2562102,Closed,4837 46th Ave SW,,Seattle,WA,98116,Alaska Junction,Single Family,1,1954,3,2,2,1800,5499,1,1123000,624,,,,Scott Monroe,Windermere West Metro,Windermere Real Estate Midtown,47.5582483,-122.3912907,https://www.redfin.com/WA/Seattle/4837-46th-Ave-SW-98116/home/153516
2026-09-19T19:54:21.154Z,West Seattle,2026-08-20,161624,220567393,2550787,Closed,6359 18th Ave SW,,Seattle,WA,98106,Puget Ridge,Single Family,1,1957,5,2,2,2020,8636,1,825000,408,,,,Terry McMahan,Coldwell Banker Bain,KW Greater Seattle,47.5448436,-122.3574305,https://www.redfin.com/WA/Seattle/6359-18th-Ave-SW-98106/home/161624
2026-09-19T19:54:21.154Z,West Seattle,2026-08-20,18661534,215345397,2517761,Closed,6942 31st Ave SW,,Seattle,WA,98126,High Point,Townhouse,3,2017,3,3,3,1540,1259,1.5,665000,432,374,,,Brandon Brooke,COMPASS,Windermere Real Estate Central,47.5399804,-122.3715146,https://www.redfin.com/WA/Seattle/6942-31st-Ave-SW-98126/home/18661534
2026-09-19T19:54:21.154Z,Northgate,2026-08-20,195559897,220574293,2550654,Closed,215 NE 123rd St,,Seattle,WA,98125,Haller Lake,Single Family,1,2025,4,3.5,3,2466,1,1.5,939000,381,177,,,Andy Sather,"John L. Scott, Inc.",Windermere Real Estate Midtown,47.7175542,-122.3272965,https://www.redfin.com/WA/Seattle/215-NE-123rd-St-98125/home/195559897
2026-09-19T19:54:21.154Z,Eastlake,2026-08-20,201026035,217238210,2545801,Closed,2010 Fairview Ave E Unit B,Unit B,Seattle,WA,98102,Eastlake,Townhouse,3,2026,3,3,3,1783,956,1.5,1448750,813,116,,,Tom Skepetaris,Realogics Sotheby's Int'l Rlty,Lake & Company,47.6371963,-122.3290806,https://www.redfin.com/WA/Seattle/2010-Fairview-Ave-E-98102/unit-B/home/201026035
2026-09-19T19:54:21.154Z,NW Seattle,2026-08-20,201843392,221129739,2558704,Closed,9725 Evanston Ave N,,Seattle,WA,98103,Greenwood,Single Family,1,2026,4,3.5,3,2041,1457,3,1090000,534,124,,,Ranjani Ravi,eXp Realty,COMPASS,47.7003822,-122.3515499,https://www.redfin.com/WA/Seattle/9725-Evanston-Ave-N-98103/home/201843392
2026-09-19T19:54:21.154Z,Central Seattle,2026-08-20,202718893,220691774,2551437,Closed,2591 E Madison St #2567,#2567,Seattle,WA,98112,Madison Valley,Townhouse,3,1978,2,1.5,1,1540,,1.5,689999,448,517,,,Jamie Bobson,Sammamish Realty Inc.,Coldwell Banker Bain,47.6218779,-122.2981246,https://www.redfin.com/WA/Seattle/2591-E-Madison-St-98112/unit-2567/home/202718893
2026-09-19T19:54:21.154Z,Wallingford,2026-08-20,203228248,221194746,2559001,Closed,4415 2nd Ave NE Unit B,Unit B,Seattle,WA,98105,Wallingford,Townhouse,3,2026,3,2,2,1232,916,1.5,799000,649,78,,,John Cowan,Windermere Real Estate Co.,COMPASS,47.6607936,-122.3276503,https://www.redfin.com/WA/Seattle/4415-2nd-Ave-NE-98105/unit-B/home/203228248
2026-09-19T19:54:21.154Z,NW Seattle,2026-08-20,22440866,220862466,2553308,Closed,935 N 97th St Unit B,Unit B,Seattle,WA,98103,Greenwood,Townhouse,3,2009,3,2.5,2,1440,1102,1.5,535000,372,,,,Brad Hinckley,COMPASS,COMPASS,47.69944,-122.3456536,https://www.redfin.com/WA/Seattle/935-N-97th-St-98103/unit-B/home/22440866
2026-09-19T19:54:21.154Z,Central Seattle,2026-08-20,22632621,216925417,2480968,Closed,3431 E Superior St,,Seattle,WA,98122,Leschi,Single Family,1,1971,3,1.5,1,2210,5279,2,3590000,1624,,,,Adam Morrow,Sound Counsel Realty,"John L. Scott, Inc.",47.6025842,-122.2880943,https://www.redfin.com/WA/Seattle/3431-E-Superior-St-98122/home/22632621
2026-09-19T19:54:21.154Z,NW Seattle,2026-08-20,288728,214280123,2511339,Closed,10248 Richwood Ave NW,,Seattle,WA,98177,Blue Ridge,Single Family,1,1967,4,3,3,2580,7941,1,1885000,731,161,,,Rob McGarty,Bushwick,COMPASS,47.7031196,-122.3844015,https://www.redfin.com/WA/Seattle/10248-Richwood-Ave-NW-98177/home/288728
2026-09-19T19:54:21.154Z,NW Seattle,2026-08-20,289023,221198149,2559536,Closed,2127 NW 99th St,,Seattle,WA,98117,North Beach,Single Family,1,1958,4,3,3,2320,5408,1,1600000,690,,,,Lilly Berry,Windermere RE Greenwood,John L Scott Madrona Group,47.7010024,-122.3842756,https://www.redfin.com/WA/Seattle/2127-NW-99th-St-98117/home/289023
2026-09-19T19:54:21.154Z,NW Seattle,2026-08-20,290914,220971862,2547475,Closed,12011 6th Ave NW,,Seattle,WA,98177,Broadview,Single Family,1,1968,5,3,3,2620,7219,1,1450000,553,,,,Steve Hill,Windermere RE Greenwood,Windermere Real Estate Midtown,47.7168339,-122.3640151,https://www.redfin.com/WA/Seattle/12011-6th-Ave-NW-98177/home/290914
2026-09-19T19:54:21.154Z,NE Seattle,2026-08-20,310606,217208734,2538228,Closed,1902 NE 73rd St,,Seattle,WA,98115,Ravenna,Single Family,1,1920,4,2,2,3600,6200,2,1725000,479,,,,Kevin Cunningham,Windermere Real Estate Co.,Windermere Real Estate Co.,47.681489,-122.3075201,https://www.redfin.com/WA/Seattle/1902-NE-73rd-St-98115/home/310606
2026-09-19T19:54:21.154Z,NE Seattle,2026-08-20,313373,212711187,2482202,Closed,6222 37th Ave NE,,Seattle,WA,98115,Bryant,Single Family,1,1999,5,3,3,4170,4300,2,1657000,397,,,,Troy Lehman,Redfin,The Landmark Group,47.6746964,-122.2877298,https://www.redfin.com/WA/Seattle/6222-37th-Ave-NE-98115/home/313373
2026-09-19T19:54:21.154Z,Central Seattle,2026-08-20,45451616,221143520,2555935,Closed,728 Boylston Ave E Unit B,Unit B,Seattle,WA,98102,Broadway,Townhouse,3,2013,2,2.5,2,1930,1350,1.5,1435000,744,,,,Forrest Moody,Redfin,"Windermere RE/Capitol Hill,Inc",47.6259785,-122.3232813,https://www.redfin.com/WA/Seattle/728-Boylston-Ave-E-98102/unit-B/home/45451616
2026-09-19T19:54:21.154Z,West Seattle,2026-08-20,469608,221000556,2549757,Closed,3701 SW Henderson St,,Seattle,WA,98126,Fauntleroy,Single Family,1,1941,3,2,2,2370,6300,1,950000,401,,,,,Windermere Real Estate/East,Redfin,47.5226882,-122.3796623,https://www.redfin.com/WA/Seattle/3701-SW-Henderson-St-98126/home/469608
2026-09-19T19:54:21.154Z,West Seattle,2026-08-20,471889,216986329,2540239,Closed,9219 30th Ave SW,,Seattle,WA,98126,Westwood,Single Family,1,1951,3,2,2,1420,5500,1,665000,468,,,,Charli Rediker,"Windermere RE/Capitol Hill,Inc",Real Broker LLC,47.5204082,-122.3716276,https://www.redfin.com/WA/Seattle/9219-30th-Ave-SW-98126/home/471889
2026-09-19T19:54:21.154Z,West Seattle,2026-08-20,473963,221582482,2562244,Closed,9223 21st Ave SW,,Seattle,WA,98106,Westwood,Single Family,1,1941,2,1,1,780,4000,1,632000,810,,,,Rob McGarty,Bushwick,Windermere Real Estate Midtown,47.5203346,-122.3607913,https://www.redfin.com/WA/Seattle/9223-21st-Ave-SW-98106/home/473963
2026-09-19T19:54:21.154Z,Northgate,2026-08-19,103399,216119256,2530689,Closed,2122 N 128th St,,Seattle,WA,98133,Haller Lake,Single Family,1,1919,4,3,3,2028,9375,1.5,900000,444,,,,Troy Lehman,Redfin,"John L. Scott, Inc.",47.7221797,-122.3330406,https://www.redfin.com/WA/Seattle/2122-N-128th-St-98133/home/103399
2026-09-19T19:54:21.154Z,West Seattle,2026-08-19,12319367,214046977,2507381,Closed,9047 17th Ave SW Unit A,Unit A,Seattle,WA,98106,Highland Park,Townhouse,3,2007,3,2,2,1020,928,1.5,465000,456,,,,Jeffrey Costello,Tribeca NW Real Estate,Real Broker LLC,47.5213882,-122.3569638,https://www.redfin.com/WA/Seattle/9047-17th-Ave-SW-98106/unit-A/home/12319367
2026-09-19T19:54:21.154Z,Central Seattle,2026-08-19,136623,220849314,2554730,Closed,954 19th Ave E,,Seattle,WA,98112,North Capitol Hill,Single Family,1,1921,3,4,4,2290,4320,2,1500000,655,,,,Deirdre Doyle,Windermere Real Estate Midtown,Every Door Real Estate,47.6284169,-122.3069504,https://www.redfin.com/WA/Seattle/954-19th-Ave-E-98112/home/136623
2026-09-19T19:54:21.154Z,Central Seattle,2026-08-19,147216,221777294,2562714,Closed,2424 E Mercer St,,Seattle,WA,98112,Arboretum,Single Family,1,1951,3,2,2,1320,4500,1.5,817500,619,,,,Casey Holme,Windermere Real Estate Co.,COMPASS,47.6245508,-122.3003308,https://www.redfin.com/WA/Seattle/2424-E-Mercer-St-98112/home/147216
2026-09-19T19:54:21.154Z,Central Seattle,2026-08-19,149266,220958939,2554609,Closed,347 29th Ave,,Seattle,WA,98122,Leschi,Single Family,1,1926,5,4,4,2920,4550,2,1310000,449,,,,Anne Willoughby Nelson,COMPASS,Real Broker LLC,47.6056161,-122.2952103,https://www.redfin.com/WA/Seattle/347-29th-Ave-98122/home/149266
2026-09-19T19:54:21.154Z,Beacon Hill,2026-08-19,169127,221488265,2559820,Closed,3057 19th Ave S,,Seattle,WA,98144,N Beacon Hill,Single Family,1,1915,4,2,2,2970,3715,2,900000,303,,,,Jennifer Lee,"Skyline Properties, Inc.",Windermere R E Mount Baker,47.5753286,-122.3078494,https://www.redfin.com/WA/Seattle/3057-19th-Ave-S-98144/home/169127
2026-09-19T19:54:21.154Z,Central Seattle,2026-08-19,199462841,211290588,2472272,Closed,1123 A 10th Ave E,,Seattle,WA,98102,Capitol Hill,Townhouse,3,2026,3,2.5,2,1722,1014,4,1169000,679,3,,,Ray York,"Windermere RE/Capitol Hill,Inc","Skyline Properties, Inc.",47.629335,-122.320632,https://www.redfin.com/WA/Seattle/1123-10th-Ave-E-98102/unit-A/home/199462841
2026-09-19T19:54:21.154Z,NE Seattle,2026-08-19,202154751,221022086,2556995,Closed,5716 NE 65th St,,Seattle,WA,98115,View Ridge,Townhouse,3,2026,2,2.5,2,1342,2082,1.5,887750,662,25,,,Stella Zhao,Specialty Real Estate Group,Windermere Real Estate/East,47.6758927,-122.2676257,https://www.redfin.com/WA/Seattle/5716-NE-65th-St-98115/home/202154751
2026-09-19T19:54:21.154Z,West Seattle,2026-08-19,202302868,217006132,2533035,Closed,5921 32nd Ave SW Unit B,Unit B,Seattle,WA,98126,West Seattle,Single Family,1,2026,2,2.5,2,1213,1,1.5,615000,507,112,,,,COMPASS,Redfin,47.5494402,-122.3740754,https://www.redfin.com/WA/Seattle/5921-32nd-Ave-SW-98126/unit-B/home/202302868
2026-09-19T19:54:21.154Z,NW Seattle,2026-08-19,22227671,220537027,2550673,Closed,12119 12th Ave NW,,Seattle,WA,98177,Broadview,Single Family,1,2021,4,3.5,3,3880,11675,2,2245000,579,,,,,Windermere RE Greenwood,Redfin,47.7177896,-122.3720239,https://www.redfin.com/WA/Seattle/12119-12th-Ave-NW-98177/home/22227671
2026-09-19T19:54:21.154Z,Wallingford,2026-08-19,303967,217267344,2544661,Closed,5215 Latona Ave NE,,Seattle,WA,98105,Wallingford,Single Family,1,1920,4,1,1,2080,3638,2,930000,447,,,,Brennen Clouse,Real Broker LLC,Windermere R.E. Shoreline,47.6669449,-122.3259271,https://www.redfin.com/WA/Seattle/5215-Latona-Ave-NE-98105/home/303967
2026-09-19T19:54:21.154Z,Wallingford,2026-08-19,306151,216992370,2542004,Closed,346 NE 58th St,,Seattle,WA,98105,Green Lake,Single Family,1,1928,3,2,2,1920,3000,1.5,773000,403,,,,Nate Short,Coldwell Banker Bain,Windermere Real Estate Co.,47.6710105,-122.323518,https://www.redfin.com/WA/Seattle/346-NE-58th-St-98105/home/306151
2026-09-19T19:54:21.154Z,West Seattle,2026-08-19,476242,221613278,2562816,Closed,9420 7th Ave SW,,Seattle,WA,98106,White Center,Single Family,1,1986,4,3,3,1920,7620,1.5,740000,385,,,,Ricky Nguyen,Whisper Real Estate,HomeSmart Real Estate Assoc,47.5184685,-122.3438481,https://www.redfin.com/WA/Seattle/9420-7th-Ave-SW-98106/home/476242
2026-09-19T19:54:21.154Z,NW Seattle,2026-08-19,95780,221005537,2556089,Closed,10038 13th Ave NW,,Seattle,WA,98177,Crown Hill,Single Family,1,1946,3,2,2,1600,7669,1,1070000,669,,,,Jacquelyn Phillips,Keller Williams Seattle Metro,Windermere Real Estate Midtown,47.7027064,-122.3724974,https://www.redfin.com/WA/Seattle/10038-13th-Ave-NW-98177/home/95780
2026-09-19T19:54:21.154Z,NE Seattle,2026-08-18,122325,216781907,2538326,Closed,3824 48th Ave NE,,Seattle,WA,98105,Laurelhurst,Single Family,1,1926,3,3,3,3160,5000,1,2295000,726,,,,Joie Gowan,Windermere Real Estate Co.,Real Broker LLC,47.6562997,-122.2755729,https://www.redfin.com/WA/Seattle/3824-48th-Ave-NE-98105/home/122325
2026-09-19T19:54:21.154Z,Central Seattle,2026-08-18,135660,221119402,2558038,Closed,910 11th Ave E,,Seattle,WA,98102,Capitol Hill,Single Family,1,1925,3,2.5,2,2820,6050,2,1265000,449,,,,Tonya Spivey,Keller Williams Downtown Sea,John L Scott RE West Seattle,47.6272435,-122.3176684,https://www.redfin.com/WA/Seattle/910-11th-Ave-E-98102/home/135660
2026-09-19T19:54:21.154Z,Central Seattle,2026-08-18,135825,220568582,2532996,Closed,3021 Fuhrman Ave E,,Seattle,WA,98102,Portage Bay,Single Family,1,1923,4,1,1,2680,3981,2,850000,317,,,,Bud Laird,Windermere Real Estate JS,Real Broker LLC,47.6483732,-122.3187469,https://www.redfin.com/WA/Seattle/3021-Fuhrman-Ave-E-98102/home/135825
2026-09-19T19:54:21.154Z,Central Seattle,2026-08-18,140782,221487192,2558517,Closed,3411 E Terrace St,,Seattle,WA,98122,Leschi,Single Family,1,1967,5,3.5,3,3820,10237,1.5,2485000,651,,,,Allie Howard,COMPASS,COMPASS,47.6051587,-122.2888037,https://www.redfin.com/WA/Seattle/3411-E-Terrace-St-98122/home/140782
2026-09-19T19:54:21.154Z,Central Seattle,2026-08-18,146371,221483332,2560219,Closed,425 26th Ave E,,Seattle,WA,98112,Arboretum,Single Family,1,1968,4,2,2,1925,5000,2,1295000,673,,,,Shawna Ader,Windermere Real Estate Midtown,Lake & Company,47.6234066,-122.299062,https://www.redfin.com/WA/Seattle/425-26th-Ave-E-98112/home/146371
2026-09-19T19:54:21.154Z,West Seattle,2026-08-18,155732,221002699,2549148,Closed,3514 SW 98th St,,Seattle,WA,98126,Arbor Heights,Single Family,1,1928,3,1,1,1150,8520,1,535000,465,,,,Nicole Bennett,COMPASS,Picket Fence Real Estate,47.5157892,-122.3774113,https://www.redfin.com/WA/Seattle/3514-SW-98th-St-98126/home/155732
2026-09-19T19:54:21.154Z,Central Seattle,2026-08-18,170521,213920361,2505533,Closed,1728 26th Ave S,,Seattle,WA,98144,Mt Baker,Single Family,1,1998,3,1.5,1,1310,2997,2,775000,592,25,,,Scott Monroe,Windermere West Metro,Coldwell Banker Bain,47.5874393,-122.298892,https://www.redfin.com/WA/Seattle/1728-26th-Ave-S-98144/home/170521
2026-09-19T19:54:21.154Z,Central Seattle,2026-08-18,181291284,214919608,2520069,Closed,1645 22nd Ave,,Seattle,WA,98122,Central Area,Townhouse,3,2023,3,2.5,2,1561,980,1.5,820000,525,,,,Eva Xia,"Pellego, Inc.",COMPASS,47.6164904,-122.3037948,https://www.redfin.com/WA/Seattle/1645-22nd-Ave-98122/home/181291284
2026-09-19T19:54:21.154Z,Wallingford,2026-08-18,202757359,220772202,2553403,Closed,2401 N Northlake Way Unit E9,Unit E9,Seattle,WA,98103,Lake Union,Single Family,1,1994,1,1,1,502,607,1,325000,647,,,,Susan Robinet,Coldwell Banker Danforth,Engel & Voelkers Seattle DT,47.6510157,-122.3298189,https://www.redfin.com/WA/Seattle/2401-N-Northlake-Way-98103/unit-E9/home/202757359
2026-09-19T19:54:21.154Z,West Seattle,2026-08-18,22441374,220589677,2550256,Closed,9054 17th Ave SW Unit A,Unit A,Seattle,WA,98106,West Seattle,Townhouse,3,2008,2,1.5,1,840,1047,1.5,415000,494,,,,Tamara Jankovic,eXp Realty,Real Broker LLC,47.5213191,-122.3559335,https://www.redfin.com/WA/Seattle/9054-17th-Ave-SW-98106/unit-A/home/22441374
2026-09-19T19:54:21.154Z,NW Seattle,2026-08-18,289346,221126886,2557994,Closed,9518 18th Ave NW,,Seattle,WA,98117,North Beach,Single Family,1,1949,3,2,2,1880,7840,1,1380000,734,,,,Rainbow Manier,Windermere R E Mount Baker,Easley Real Estate,47.6987943,-122.3788256,https://www.redfin.com/WA/Seattle/9518-18th-Ave-NW-98117/home/289346
2026-09-19T19:54:21.154Z,Ballard (specific),2026-08-18,290360,221191983,2558764,Closed,7551 33rd Ave NW,,Seattle,WA,98117,Sunset Hill,Single Family,1,1949,3,1.5,1,1640,3563,1,1163000,709,,,,Lauri Carter,RE/MAX Northwest,Windermere RE Greenwood,47.6845988,-122.3996715,https://www.redfin.com/WA/Seattle/7551-33rd-Ave-NW-98117/home/290360
2026-09-19T19:54:21.154Z,NW Seattle,2026-08-18,301344,221141494,2558727,Closed,731 N 80th St,,Seattle,WA,98103,Green Lake,Single Family,1,1927,3,2,2,1600,2970,1,767000,479,,,,Jamie Reece,Keller Williams North Seattle,RE/MAX Northwest,47.6867695,-122.3485235,https://www.redfin.com/WA/Seattle/731-N-80th-St-98103/home/301344
2026-09-19T19:54:21.154Z,Phinney Ridge,2026-08-18,301696,221486004,2545291,Closed,6823 Phinney Ave N,,Seattle,WA,98103,Seattle,Single Family,1,1925,3,1,1,1600,2800,1,734000,459,,,,Ken Breda,"Wilson Realty Exchange, Inc.",COMPASS,47.6794639,-122.3546494,https://www.redfin.com/WA/Seattle/6823-Phinney-Ave-N-98103/home/301696
2026-09-19T19:54:21.154Z,Fremont,2026-08-18,303835,216118807,2529064,Closed,515 N 41st St,,Seattle,WA,98103,Fremont,Single Family,1,1915,3,2,2,1658,4800,2,907000,547,,,,Zach Entwistle,Keller Williams Rty Tacoma,Ensemble,47.6564748,-122.3518852,https://www.redfin.com/WA/Seattle/515-N-41st-St-98103/home/303835
2026-09-19T19:54:21.154Z,Wallingford,2026-08-18,304499,221120998,2557064,Closed,1636 N 54th St,,Seattle,WA,98103,Green Lake,Single Family,1,1907,4,2,2,2420,5350,1,1450000,599,,,,Claudine Fleury,Lake & Company,COMPASS,47.6681451,-122.336833,https://www.redfin.com/WA/Seattle/1636-N-54th-St-98103/home/304499
2026-09-19T19:54:21.154Z,Wallingford,2026-08-18,304741,221182586,2557980,Closed,127 NE 56th St,,Seattle,WA,98105,Green Lake,Single Family,1,1906,5,3,3,4610,6120,1.5,1630000,354,,,,Mark Ashmun,Coldwell Banker Bain,Windermere Real Estate Central,47.6691382,-122.3270543,https://www.redfin.com/WA/Seattle/127-NE-56th-St-98105/home/304741
2026-09-19T19:54:21.154Z,Maple Leaf,2026-08-18,39904591,221312445,2557000,Closed,9615 Roosevelt Way NE Unit A,Unit A,Seattle,WA,98115,Maple Leaf,Townhouse,3,2010,3,2,1,1469,1332,1.5,675000,459,,,,Shelly Baker,KW Greater Seattle,Windermere Mercer Island,47.6990923,-122.3180514,https://www.redfin.com/WA/Seattle/9615-Roosevelt-Way-NE-98115/unit-A/home/39904591
2026-09-19T19:54:21.154Z,Beacon Hill,2026-08-18,482058,220991861,2555201,Closed,2315 S Bateman St,,Seattle,WA,98108,Beacon Hill,Single Family,1,1951,4,2.5,2,1560,4000,1,760000,487,,,,Shannon Hill,Windermere RE Greenwood,"John L. Scott, Inc.",47.5470381,-122.3037775,https://www.redfin.com/WA/Seattle/2315-S-Bateman-St-98108/home/482058
2026-09-19T19:54:21.154Z,NW Seattle,2026-08-18,99765,220932714,2551242,Closed,9501 Dayton Ave N,,Seattle,WA,98103,Greenwood,Single Family,1,1922,3,2,2,2280,6379,2,1110000,487,,,,Robert Johnson,Windermere Real Estate Co.,WeLakeside,47.6980114,-122.3529957,https://www.redfin.com/WA/Seattle/9501-Dayton-Ave-N-98103/home/99765
2026-09-19T19:54:21.154Z,Northgate,2026-08-17,103477,216995369,2541564,Closed,1918 N 115th St,,Seattle,WA,98133,Haller Lake,Single Family,1,1920,3,1.5,1,1930,7215,1.5,500000,259,,,,Ben Snyder,Coldwell Banker Danforth,"Skyline Properties, Inc.",47.7125259,-122.3346194,https://www.redfin.com/WA/Seattle/1918-N-115th-St-98133/home/103477
2026-09-19T19:54:21.154Z,Central Seattle,2026-08-17,136794,220630620,2549045,Closed,1506 17th Ave E,,Seattle,WA,98112,North Capitol Hill,Single Family,1,1904,4,3.5,3,3075,4280,2,1830000,595,,,,Rachel Bradley,Coldwell Banker Bain,Real Broker LLC,47.6326386,-122.3096343,https://www.redfin.com/WA/Seattle/1506-17th-Ave-E-98112/home/136794
2026-09-19T19:54:21.154Z,Central Seattle,2026-08-17,141619,216957136,2531465,Closed,628 36th Ave,,Seattle,WA,98122,Madrona,Single Family,1,1927,4,3.5,3,3560,4500,2,3525000,990,,,,Brent Fosso,John L Scott RE West Seattle,COMPASS,47.6076619,-122.2869515,https://www.redfin.com/WA/Seattle/628-36th-Ave-98122/home/141619
2026-09-19T19:54:21.154Z,West Seattle,2026-08-17,159467,223564840,2583817,Closed,5947 32nd Ave SW,,Seattle,WA,98126,High Point,Single Family,1,1949,4,2,2,2040,9680,1,884920,434,,,,Sol Villarreal,Windermere Real Estate Co.,"RE/MAX Metro Realty, Inc.",47.5487461,-122.3740266,https://www.redfin.com/WA/Seattle/5947-32nd-Ave-SW-98126/home/159467
2026-09-19T19:54:21.154Z,West Seattle,2026-08-17,179779622,220616885,2550968,Closed,4851 A Delridge Way SW,,Seattle,WA,98106,Delridge,Townhouse,3,2006,2,2.5,2,1180,1300,1.5,520000,441,,,,Lisa Lam,COMPASS,Keller Williams Seattle Metro,47.5578161,-122.3632311,https://www.redfin.com/WA/Seattle/4851-Delridge-Way-SW-98106/home/179779622
2026-09-19T19:54:21.154Z,Phinney Ridge,2026-08-17,300441,220915200,2555101,Closed,738 N 73rd St,,Seattle,WA,98103,Phinney Ridge,Single Family,1,1914,4,3,3,2270,3090,2,1624000,715,,,,Steve Snider,Real Residential,Windermere Mercer Island,47.6820222,-122.348141,https://www.redfin.com/WA/Seattle/738-N-73rd-St-98103/home/300441
2026-09-19T19:54:21.154Z,Wallingford,2026-08-17,304057,221585897,2561620,Closed,110 NE 59th St,,Seattle,WA,98105,Green Lake,Single Family,1,1912,6,3,3,3266,4000,2,1900000,582,,,,David Angiulo,Coldwell Banker Bain,Lake & Company,47.6717544,-122.3276914,https://www.redfin.com/WA/Seattle/110-NE-59th-St-98105/home/304057
2026-09-19T19:54:21.154Z,Green Lake,2026-08-17,307608,221021043,2556946,Closed,7411 4th Ave NE Unit A,Unit A,Seattle,WA,98115,Green Lake,Townhouse,3,2008,3,3.5,3,1460,951,1.5,955000,654,,,,Brett Frosaker,Columbia Real Estate Group,KW Greater Seattle,47.6821186,-122.3256799,https://www.redfin.com/WA/Seattle/7411-4th-Ave-NE-98115/unit-A/home/307608
2026-09-19T19:54:21.154Z,NE Seattle,2026-08-17,314364,216567186,2536022,Closed,6203 39th Ave NE,,Seattle,WA,98115,Bryant,Single Family,1,1946,4,2,2,2200,4107,1.5,1050000,477,,,,John Blacksmith,Lake & Company,Real Broker LLC,47.6741548,-122.2861037,https://www.redfin.com/WA/Seattle/6203-39th-Ave-NE-98115/home/314364
2026-09-19T19:54:21.154Z,West Seattle,2026-08-17,330692,221261326,2558324,Closed,4317 SW Charlestown St,,Seattle,WA,98116,Genesee,Single Family,1,1924,4,1,1,1920,4080,2,600000,313,,,,Loomis Hamilton,Real Broker LLC,WA Move Real Estate LLC,47.5700208,-122.3876152,https://www.redfin.com/WA/Seattle/4317-SW-Charlestown-St-98116/home/330692
2026-09-19T19:54:21.154Z,West Seattle,2026-08-17,473677,221004985,2556700,Closed,7512 31st Ave SW,,Seattle,WA,98126,Westwood,Single Family,1,1941,2,1,1,670,4920,1,320000,478,,,,Jim Marsh,John L. Scott Vashon,Best Choice Realty,47.5350988,-122.3722873,https://www.redfin.com/WA/Seattle/7512-31st-Ave-SW-98126/home/473677
2026-09-19T19:54:21.154Z,West Seattle,2026-08-17,475160,220916158,2553245,Closed,8109 15th Ave SW,,Seattle,WA,98106,Highland Park,Single Family,1,1941,3,2.5,2,2500,6000,1.5,855000,342,,,,Sarah Spring,COMPASS,RE/MAX Elite,47.5297043,-122.3542922,https://www.redfin.com/WA/Seattle/8109-15th-Ave-SW-98106/home/475160
2026-09-19T19:54:21.154Z,Ballard (specific),2026-08-17,59703176,217058378,2542912,Closed,1741 NW 60th St Unit B,Unit B,Seattle,WA,98107,Ballard,Townhouse,3,2014,3,2.5,2,1430,1249,1.5,776100,543,,,,Tara Townsend,Lake & Company,COMPASS,47.6722161,-122.3807079,https://www.redfin.com/WA/Seattle/1741-NW-60th-St-98107/unit-B/home/59703176
2026-09-19T19:54:21.154Z,Ballard (specific),2026-08-17,59703349,215356312,2523867,Closed,2615 NW 65th St,,Seattle,WA,98117,Ballard,Townhouse,3,2015,3,2.5,2,1427,1427,1.5,799950,561,,,,,Real Broker LLC,Redfin,47.6756791,-122.3907161,https://www.redfin.com/WA/Seattle/2615-NW-65th-St-98117/home/59703349
2026-09-19T19:54:21.154Z,Beacon Hill,2026-08-14,106725826,220936697,2554759,Closed,5507 20th Ave S,,Seattle,WA,98108,Beacon Hill,Single Family,1,2017,4,2.5,2,2559,5359,2,1250000,488,,,,Stephanie Harpole,Redfin,Lynnmac Commercial LLC,47.5531546,-122.3076498,https://www.redfin.com/WA/Seattle/5507-20th-Ave-S-98108/home/106725826
2026-09-19T19:54:21.154Z,Maple Leaf,2026-08-14,110127,221496997,2561337,Closed,8527 Latona Ave NE,,Seattle,WA,98115,Maple Leaf,Single Family,1,2018,5,3,3,3250,8798,2,2600000,800,,,,Javila Creer,Windermere Real Estate Midtown,"RE/MAX Metro Realty, Inc.",47.691249,-122.3260374,https://www.redfin.com/WA/Seattle/8527-Latona-Ave-NE-98115/home/110127
2026-09-19T19:54:21.154Z,Northgate,2026-08-14,112927783,214361360,2512525,Closed,13217 15th Ave NE Unit A8,Unit A8,Seattle,WA,98125,Northgate,Single Family,1,1970,2,2,2,1415,,1,383000,271,1118,,,Jin Lee,eXp Realty,Windermere Real Estate Midtown,47.7248156,-122.3127998,https://www.redfin.com/WA/Seattle/13217-15th-Ave-NE-98125/unit-A-8/home/112927783
2026-09-19T19:54:21.154Z,NE Seattle,2026-08-14,121403,220824854,2550640,Closed,4717 NE 50th St,,Seattle,WA,98105,Laurelhurst,Single Family,1,2006,4,2.5,2,2800,4958,2,2249000,803,,,,Martina Austin,Windermere Real Estate Co.,Every Door Real Estate,47.6646946,-122.2765373,https://www.redfin.com/WA/Seattle/4717-NE-50th-St-98105/home/121403
2026-09-19T19:54:21.154Z,NE Seattle,2026-08-14,121990,216422048,2532958,Closed,4007 48th Ave NE,,Seattle,WA,98105,Laurelhurst,Single Family,1,1930,4,4,4,3980,3600,1.5,1900000,477,,,,,Windermere Real Estate Midtown,Redfin,47.6579698,-122.2770044,https://www.redfin.com/WA/Seattle/4007-48th-Ave-NE-98105/home/121990
2026-09-19T19:54:21.154Z,NE Seattle,2026-08-14,122731,220863746,2530485,Closed,4839 NE 43rd St,,Seattle,WA,98105,Laurelhurst,Single Family,1,1940,5,3.5,3,3050,4000,2,2350000,770,,,,Brad Cahill,Real Residential,Sound Real Estate Services LLC,47.6596559,-122.2750089,https://www.redfin.com/WA/Seattle/4839-NE-43rd-St-98105/home/122731
2026-09-19T19:54:21.154Z,Magnolia,2026-08-14,122878,220957836,2554949,Closed,3760 W Lawton St,,Seattle,WA,98199,Magnolia,Single Family,1,2021,5,4.5,4,4230,5500,2,2750000,650,,,,Macartney McQuery,Redfin,Real Broker LLC,47.6652382,-122.4083017,https://www.redfin.com/WA/Seattle/3760-W-Lawton-St-98199/home/122878
2026-09-19T19:54:21.154Z,Queen Anne,2026-08-14,129302,222855810,2573808,Closed,2717 4th Ave W,,Seattle,WA,98119,Queen Anne,Single Family,1,1922,5,3,3,2675,4445,1.5,1222300,457,,,,,,Designed Realty,47.644622,-122.3625531,https://www.redfin.com/WA/Seattle/2717-4th-Ave-W-98119/home/129302
2026-09-19T19:54:21.154Z,Queen Anne,2026-08-14,130614,214096451,2502062,Closed,3258 14th Ave W,,Seattle,WA,98119,Queen Anne,Single Family,1,1915,4,3,3,2490,2053,,1325000,532,,,,ChuChun Wu,Better Properties Eastside,Real Broker LLC,47.6501992,-122.3745965,https://www.redfin.com/WA/Seattle/3258-14th-Ave-W-98119/home/130614
2026-09-19T19:54:21.154Z,Queen Anne,2026-08-14,131330,217189813,2526688,Closed,2511 2nd Ave W,,Seattle,WA,98119,Queen Anne,Single Family,1,1908,4,4,4,3248,4800,1.5,2368000,729,,,,Harold Berry,Windermere Real Estate Midtown,Realogics Sotheby's Int'l Rlty,47.6418014,-122.3598877,https://www.redfin.com/WA/Seattle/2511-2nd-Ave-W-98119/home/131330
2026-09-19T19:54:21.154Z,Queen Anne,2026-08-14,134114,221256961,2559363,Closed,2416 2nd Ave N,,Seattle,WA,98109,Queen Anne,Single Family,1,1917,4,3.5,3,2640,3600,2,2350000,890,,,,Mary Lee,Windermere Real Estate Midtown,"Windermere RE/Capitol Hill,Inc",47.64046,-122.35314,https://www.redfin.com/WA/Seattle/2416-2nd-Ave-N-98109/home/134114
2026-09-19T19:54:21.154Z,Central Seattle,2026-08-14,141327,221120997,2557811,Closed,3751 E Columbia St,,Seattle,WA,98122,Madrona,Single Family,1,1919,4,3,3,3620,3250,1.5,2000000,552,,,,Brad Hinckley,COMPASS,eXp Realty,47.6089932,-122.2852329,https://www.redfin.com/WA/Seattle/3751-E-Columbia-St-98122/home/141327
2026-09-19T19:54:21.154Z,Central Seattle,2026-08-14,145111,216749188,2537638,Closed,831 19th Ave S,,Seattle,WA,98144,Judkins,Townhouse,3,1999,4,3,3,1970,2601,1.5,760000,386,,,,Lisa Jones,Coldwell Banker Danforth,Allode,47.5949173,-122.3076086,https://www.redfin.com/WA/Seattle/831-19th-Ave-S-98144/home/145111
2026-09-19T19:54:21.154Z,Central Seattle,2026-08-14,149259,220901776,2527126,Closed,319 29th Ave,,Seattle,WA,98122,Central Area,Single Family,1,1925,6,2,2,2320,4550,2,900000,388,,,,Carrie Haymond,Coldwell Banker Bain,Windermere Real Estate Co.,47.6047925,-122.2952023,https://www.redfin.com/WA/Seattle/319-29th-Ave-98122/home/149259
2026-09-19T19:54:21.154Z,West Seattle,2026-08-14,149804,214853163,2519509,Closed,1311 Palm Ave SW,,Seattle,WA,98116,North Admiral,Single Family,1,2015,4,4.5,4,3610,5880,1.5,2480000,687,,,,April Cao,eXp Realty,Windermere Real Estate/East,47.5920379,-122.3854563,https://www.redfin.com/WA/Seattle/1311-Palm-Ave-SW-98116/home/149804
2026-09-19T19:54:21.154Z,West Seattle,2026-08-14,150083,221276154,2560111,Closed,3026 62nd Ave SW,,Seattle,WA,98116,Alki,Single Family,1,1915,2,2,2,1910,3600,1,1029000,539,,,,Kim Dales,Windermere Real Estate Co.,Windermere West Metro,47.5769147,-122.4117229,https://www.redfin.com/WA/Seattle/3026-62nd-Ave-SW-98116/home/150083
2026-09-19T19:54:21.154Z,West Seattle,2026-08-14,151466,221710985,2557310,Closed,3209 63rd Ave SW,,Seattle,WA,98116,Alki,Single Family,1,1911,2,1,1,940,4800,1,785000,835,,,,Andrew Schein,"Real Property Associates, Inc.",Windermere RE West Sound Inc,47.5756078,-122.4136915,https://www.redfin.com/WA/Seattle/3209-63rd-Ave-SW-98116/home/151466
2026-09-19T19:54:21.154Z,West Seattle,2026-08-14,157712,220901765,2549420,Closed,11202 Marine View Dr SW,,Seattle,WA,98146,Arbor Heights,Single Family,1,1939,3,2,2,2160,10260,1,1150000,532,,,,Kyle Moss,COMPASS,COMPASS,47.5026652,-122.3805784,https://www.redfin.com/WA/Seattle/11202-Marine-View-Dr-SW-98146/home/157712
2026-09-19T19:54:21.154Z,Ballard (specific),2026-08-14,162531,221262403,2542532,Closed,2856 NW 62nd St,,Seattle,WA,98107,Sunset Hill,Single Family,1,1911,3,2,1,2270,5000,2,1220000,537,,,,Jeffrey Menday,RE/MAX Northwest,COMPASS,47.6738832,-122.3954302,https://www.redfin.com/WA/Seattle/2856-NW-62nd-St-98107/home/162531
2026-09-19T19:54:21.154Z,Ballard (specific),2026-08-14,164632,220569273,2550073,Closed,8018 31st Ave NW,,Seattle,WA,98117,Sunset Hill,Single Family,1,2008,4,3.5,3,3740,4721,2,1950000,521,,,,Laura Hanson,Windermere Real Estate Co.,Coldwell Banker Bain,47.6874536,-122.3967119,https://www.redfin.com/WA/Seattle/8018-31st-Ave-NW-98117/home/164632
2026-09-19T19:54:21.154Z,Beacon Hill,2026-08-14,169368,221183522,2558675,Closed,3422 21st Ave S,,Seattle,WA,98144,N Beacon Hill,Single Family,1,1910,6,3,3,2630,4635,2,1218000,463,,,,Brian Lavery,RE/MAX Northwest,"Windermere RE/Capitol Hill,Inc",47.5723951,-122.3042664,https://www.redfin.com/WA/Seattle/3422-21st-Ave-S-98144/home/169368
2026-09-19T19:54:21.154Z,Ballard (specific),2026-08-14,181290396,214841472,2518100,Closed,814 NW 54th St Unit A,Unit A,Seattle,WA,98107,Ballard,Townhouse,3,2021,2,2,2,1046,665,1.5,599950,574,,,,Christy Phillips,RE/MAX Realty South,Rain Town Realty + JPAR,47.668134,-122.367084,https://www.redfin.com/WA/Seattle/814-NW-54th-St-98107/unit-A/home/181290396
2026-09-19T19:54:21.154Z,Eastlake,2026-08-14,191518512,220574986,2547786,Closed,2239 Minor Ave E Unit C,Unit C,Seattle,WA,98102,Eastlake,Townhouse,3,2021,3,2,2,1360,926,1.5,985000,724,101,,,Jen Cameron,The Agency Seattle/Eastside,Real Broker LLC,47.6394315,-122.3285741,https://www.redfin.com/WA/Seattle/2239-Minor-Ave-E-98102/unit-C/home/191518512
2026-09-19T19:54:21.154Z,NW Seattle,2026-08-14,204650958,222617807,2571589,Closed,11229 Greenwood Ave N Unit D,Unit D,Seattle,WA,98133,Greenwood,Townhouse,3,2025,3,2.5,2,1989,1118,1.5,780000,392,24,,,Bentley Pugh,Keller Williams North Seattle,Every Door Real Estate,47.711531,-122.3559196,https://www.redfin.com/WA/Seattle/11229-Greenwood-Ave-N-98133/unit-D/home/204650958
2026-09-19T19:54:21.154Z,Phinney Ridge,2026-08-14,300374,221141169,2558428,Closed,747 N 73rd St,,Seattle,WA,98103,Green Lake,Single Family,1,1908,2,1,1,2100,2700,2,705000,336,,,,Beau Breda,"Wilson Realty Exchange, Inc.",Coldwell Banker Bain,47.6816204,-122.3478703,https://www.redfin.com/WA/Seattle/747-N-73rd-St-98103/home/300374
2026-09-19T19:54:21.154Z,Wallingford,2026-08-14,304142,220947968,2554249,Closed,327 NE 55th St,,Seattle,WA,98105,Green Lake,Single Family,1,1919,5,3,3,2580,4160,1.5,1150000,446,,,,Rocky Flowers,Coldwell Banker Bain,Coldwell Banker Bain,47.6684293,-122.3243479,https://www.redfin.com/WA/Seattle/327-NE-55th-St-98105/home/304142
2026-09-19T19:54:21.154Z,Green Lake,2026-08-14,307797,221105494,2555754,Closed,1318 N 76th St,,Seattle,WA,98103,Green Lake,Single Family,1,1928,5,3,3,3450,3854,2,1626000,471,,,,Janie Duckett,Coldwell Banker Danforth,"John L. Scott, Inc.",47.6839095,-122.3408011,https://www.redfin.com/WA/Seattle/1318-N-76th-St-98103/home/307797
2026-09-19T19:54:21.154Z,NE Seattle,2026-08-14,308917,221117773,2557908,Closed,6302 15th Ave NE,,Seattle,WA,98115,Ravenna,Single Family,1,1908,4,3.5,3,2370,3960,1.5,1550000,654,,,,Adam Hestad,COMPASS,Real Broker LLC,47.6748659,-122.3116541,https://www.redfin.com/WA/Seattle/6302-15th-Ave-NE-98115/home/308917
2026-09-19T19:54:21.154Z,NE Seattle,2026-08-14,321545,221588091,2561101,Closed,4804 NE 65th St,,Seattle,WA,98115,View Ridge,Single Family,1,1944,3,2.5,2,2610,7150,1.5,1300000,498,,,,Christian Nossum,"Wilson Realty Exchange, Inc.",Windermere Real Estate Co.,47.6759975,-122.2766293,https://www.redfin.com/WA/Seattle/4804-NE-65th-St-98115/home/321545
2026-09-19T19:54:21.154Z,NE Seattle,2026-08-14,321681,220624388,2551338,Closed,6626 57th Ave NE,,Seattle,WA,98115,View Ridge,Single Family,1,1940,4,2,2,2630,8750,1,1600000,608,,,,Christine Andreasen,eXp Realty,Windermere Mercer Island,47.6775435,-122.2672426,https://www.redfin.com/WA/Seattle/6626-57th-Ave-NE-98115/home/321681
2026-09-19T19:54:21.154Z,Beacon Hill,2026-08-14,478329,221129495,2555231,Closed,6100 28th Ave S,,Seattle,WA,98108,Beacon Hill,Single Family,1,1968,5,3,3,2440,5000,1.5,800000,328,,,,Chris Leong,RSVP Brokers ERA,"John L. Scott, Inc.",47.5475476,-122.2966146,https://www.redfin.com/WA/Seattle/6100-28th-Ave-S-98108/home/478329
2026-09-19T19:54:21.154Z,Beacon Hill,2026-08-14,480005,216734802,2537733,Closed,3511 S Thistle St,,Seattle,WA,98118,Beacon Hill,Single Family,1,1959,4,2,2,2760,9815,1,870000,315,,,,Steven Gorecki,Windermere R E Mount Baker,Windermere Real Estate Midtown,47.5274506,-122.2868984,https://www.redfin.com/WA/Seattle/3511-S-Thistle-St-98118/home/480005
2026-09-19T19:54:21.154Z,Ballard (specific),2026-08-14,493795,222619545,2571609,Closed,933 NW 56th St,,Seattle,WA,98108,Ballard,Single Family,1,1917,2,3,3,2010,5000,1,1010000,502,,,,Rosemary Pham,Windermere R E Mount Baker,Windermere Real Estate Co.,47.6692546,-122.3701184,https://www.redfin.com/WA/Seattle/933-NW-56th-St-98107/home/493795
2026-09-19T19:54:21.154Z,Queen Anne,2026-08-14,68638,220396191,2547183,Closed,2134 Waverly Pl N #103,#103,Seattle,WA,98109,Westlake,Single Family,1,1981,1,1,1,698,10003,1.5,409000,586,639,,,Alice Xu,Kelly Right RE of Seattle LLC,Vashon Isl. Sotheby's Int'l RE,47.6388518,-122.3427305,https://www.redfin.com/WA/Seattle/2134-Waverly-Pl-N-98109/unit-103/home/68638
2026-09-19T19:54:21.154Z,NW Seattle,2026-08-14,96097,221028005,2557072,Closed,13758 3rd Ave NW,,Seattle,WA,98177,Seattle,Single Family,1,1945,2,2,2,1030,6750,1,800000,777,,,,Bill Johnson,William E. Johnson,KW Greater Seattle,47.73037,-122.3606924,https://www.redfin.com/WA/Seattle/13758-3rd-Ave-NW-98177/home/96097
2026-09-19T19:54:21.154Z,Northgate,2026-08-13,104581,221147004,2556868,Closed,8545 Densmore Ave N,,Seattle,WA,98103,Green Lake,Single Family,1,2005,4,2.5,2,2510,5387,2,1760000,701,,,,Tonya Spivey,Keller Williams Downtown Sea,Real Broker LLC,47.6918489,-122.3383903,https://www.redfin.com/WA/Seattle/8545-Densmore-Ave-N-98103/home/104581
2026-09-19T19:54:21.154Z,Magnolia,2026-08-13,126800,222405465,2569354,Closed,3020 W Garfield St,,Seattle,WA,98199,Magnolia,Single Family,1,1950,2,2,2,2200,5000,1,1400000,636,,,,,,HomeSmart Real Estate Assoc,47.6339624,-122.3967827,https://www.redfin.com/WA/Seattle/3020-W-Garfield-St-98199/home/126800
2026-09-19T19:54:21.154Z,Central Seattle,2026-08-13,139085,216928270,2539587,Closed,1871 40th Ave E,,Seattle,WA,98112,Madison Park,Single Family,1,1951,3,2,2,2280,5500,1,1875000,822,,,,John Madrid,Realogics Sotheby's Int'l Rlty,Ensemble,47.6366502,-122.2823291,https://www.redfin.com/WA/Seattle/1871-40th-Ave-E-98112/home/139085
2026-09-19T19:54:21.154Z,NW Seattle,2026-08-13,147126187,216317335,2532719,Closed,10717 Phinney Ave N,,Seattle,WA,98133,Broadview,Single Family,1,1935,2,1,1,970,3814,1,625000,644,,,,Aaron Wilder,eXp Realty,eXp Realty,47.7074373,-122.3546728,https://www.redfin.com/WA/Seattle/10717-Phinney-Ave-N-98133/home/147126187
2026-09-19T19:54:21.154Z,West Seattle,2026-08-13,151702,220932345,2536847,Closed,3445 60th Ave SW,,Seattle,WA,98116,Alki,Single Family,1,1948,3,2,2,2280,4800,3,1600000,702,,,,Heather O'Malley,Windermere R E Mount Baker,"John L. Scott, Inc.",47.5727524,-122.4099075,https://www.redfin.com/WA/Seattle/3445-60th-Ave-SW-98116/home/151702
2026-09-19T19:54:21.154Z,West Seattle,2026-08-13,154327,220797895,2551806,Closed,4849 48th Ave SW,,Seattle,WA,98116,Genesee,Single Family,1,1922,3,2,2,1460,5120,2,812500,557,,,,Andrew Knutzen,"Real Property Associates, Inc.",eXp Realty,47.5579119,-122.3938996,https://www.redfin.com/WA/Seattle/4849-48th-Ave-SW-98116/home/154327
2026-09-19T19:54:21.154Z,Ballard (specific),2026-08-13,165413,220145131,2548185,Closed,7342 20th Ave NW,,Seattle,WA,98117,Loyal Heights,Single Family,1,2026,5,3.5,3,3552,3570,1.5,1950000,549,,,,Irma Suntay,Windermere Real Estate Co.,Windermere Real Estate Co.,47.6825701,-122.3819137,https://www.redfin.com/WA/Seattle/7342-20th-Ave-NW-98117/home/165413
2026-09-19T19:54:21.154Z,Phinney Ridge,2026-08-13,17381905,220916862,2555212,Closed,916 N 73rd St Unit A,Unit A,Seattle,WA,98103,Green Lake,Townhouse,3,2008,3,2.5,2,1416,1022,1.5,638000,451,,,,Michele Schuler,Real Residential,Windermere RE Greenwood,47.6820738,-122.3454796,https://www.redfin.com/WA/Seattle/916-N-73rd-St-98103/unit-A/home/17381905
2026-09-19T19:54:21.154Z,West Seattle,2026-08-13,188103641,221047577,2557295,Closed,3015 61st Ave SW Unit B,Unit B,Seattle,WA,98116,Alki,Townhouse,3,2023,3,2,2,1077,3597,1.5,765000,710,65,,,Erica Topel,Windermere Real Estate Co.,"John L. Scott, Inc",47.5772259,-122.4110089,https://www.redfin.com/WA/Seattle/3015-61st-Ave-SW-98116/unit-B/home/188103641
2026-09-19T19:54:21.154Z,Beacon Hill,2026-08-13,191516647,214385419,2512958,Closed,1913 15th Ave S Unit C,Unit C,Seattle,WA,98144,N Beacon Hill,Townhouse,3,2020,2,2,2,1080,625,1.5,545000,505,,,,,Windermere Real Estate Co.,Redfin,47.5859613,-122.3138159,https://www.redfin.com/WA/Seattle/1913-15th-Ave-S-98144/unit-C/home/191516647
2026-09-19T19:54:21.154Z,Central Seattle,2026-08-13,195209727,214627970,2516682,Closed,1411 26th Ave,,Seattle,WA,98122,Central Area,Single Family,1,2024,2,1,1,650,1920,1,475000,731,20,,,,Windermere Real Estate Co.,Redfin,47.6134152,-122.2991067,https://www.redfin.com/WA/Seattle/1411-26th-Ave-98122/home/195209727
2026-09-19T19:54:21.154Z,Northgate,2026-08-13,197023970,220584064,2549011,Closed,10750 Interlake Ave N,,Seattle,WA,98133,Northgate,Townhouse,3,2025,2,2,2,1048,582,1.5,509000,486,88,,,Michael Espada,Array Real Estate,eXp Realty,47.7083244,-122.340333,https://www.redfin.com/WA/Seattle/10750-Interlake-Ave-N-98133/home/197023970
2026-09-19T19:54:21.154Z,NW Seattle,2026-08-13,289533,221165882,2558160,Closed,9602 26th Ave NW,,Seattle,WA,98117,North Beach,Single Family,1,1949,4,2,2,1900,5000,1,1182500,622,,,,Anne Sullivan,Windermere Real Estate/Summit,KW Greater Seattle,47.6986495,-122.3888104,https://www.redfin.com/WA/Seattle/9602-26th-Ave-NW-98117/home/289533
2026-09-19T19:54:21.154Z,Phinney Ridge,2026-08-13,298611,217225576,2545540,Closed,5006 Greenwood Ave N,,Seattle,WA,98103,Phinney Ridge,Single Family,1,1928,3,2,2,2460,3400,2,1200000,488,,,,Matthew Skeel,Windermere RE Greenwood,Windermere RE Greenwood,47.6652394,-122.3551135,https://www.redfin.com/WA/Seattle/5006-Greenwood-Ave-N-98103/home/298611
2026-09-19T19:54:21.154Z,NE Seattle,2026-08-13,310171,214951122,2521097,Closed,2113 NE 81st Pl,,Seattle,WA,98115,Ravenna,Single Family,1,1942,3,1,1,1260,6110,1.5,899000,713,,,,Greg Sciborski,HomeSmart Real Estate Assoc,Windermere Real Estate Co.,47.687567,-122.3049523,https://www.redfin.com/WA/Seattle/2113-NE-81st-Pl-98115/home/310171
2026-09-19T19:54:21.154Z,NE Seattle,2026-08-13,314248,220935127,2548520,Closed,6246 39th Ave NE,,Seattle,WA,98115,Bryant,Single Family,1,1953,4,2,2,1820,4284,1,1100000,604,,,,Joe Horgan,Pointe3 Real Estate,Windermere West Metro,47.6752907,-122.2856022,https://www.redfin.com/WA/Seattle/6246-39th-Ave-NE-98115/home/314248
2026-09-19T19:54:21.154Z,West Seattle,2026-08-13,328328,217245925,2545525,Closed,3715 Walnut Ave SW,,Seattle,WA,98116,Belvidere,Single Family,1,1909,3,1,1,1690,4800,1.5,875000,518,,,,,Coldwell Banker Danforth,Redfin,47.5707594,-122.3838807,https://www.redfin.com/WA/Seattle/3715-Walnut-Ave-SW-98116/home/328328
2026-09-19T19:54:21.154Z,Phinney Ridge,2026-08-13,495237,221008212,2556474,Closed,6702 5th Ave NW,,Seattle,WA,98117,Phinney Ridge,Single Family,1,1911,4,3,3,3210,5000,2,1350000,421,,,,Kerri Adams,COMPASS,"Wilson Realty Exchange, Inc.",47.6779251,-122.3622151,https://www.redfin.com/WA/Seattle/6702-5th-Ave-NW-98117/home/495237
2026-09-19T19:54:21.154Z,Northgate,2026-08-12,102550,220406852,2548891,Closed,14052 Midvale Ave N,,Seattle,WA,98133,Haller Lake,Single Family,1,1951,2,1,1,840,3289,1,496000,590,,,,Laura Massey,Real Broker LLC,"John L. Scott, Inc",47.7320095,-122.343772,https://www.redfin.com/WA/Seattle/14052-Midvale-Ave-N-98133/home/102550
2026-09-19T19:54:21.154Z,Wallingford,2026-08-12,118768,220573083,2551376,Closed,4754 4th Ave NE,,Seattle,WA,98105,Wallingford,Single Family,1,1911,4,1,1,1770,4880,1,832500,470,,,,Steve Laevastu,Windermere RE Greenwood,Bushwick,47.6647274,-122.3237045,https://www.redfin.com/WA/Seattle/4754-4th-Ave-NE-98105/home/118768
2026-09-19T19:54:21.154Z,Queen Anne,2026-08-12,132587,217235524,2540154,Closed,2501 Nob Hill Pl N,,Seattle,WA,98109,Queen Anne,Single Family,1,1929,3,2.5,2,2170,5000,1.5,1595000,735,,,,Doreen Alhadeff,Windermere Real Estate Midtown,COMPASS,47.6415011,-122.3514825,https://www.redfin.com/WA/Seattle/2501-Nob-Hill-Pl-N-98109/home/132587
2026-09-19T19:54:21.154Z,Central Seattle,2026-08-12,142991,214597560,2515800,Closed,2108 E James St Unit A,Unit A,Seattle,WA,98122,Central Area,Townhouse,3,2020,2,1.5,1,1070,809,1.5,549000,513,,,,Chris Medawar,Medawar Real Estate,Kelly Right RE of Seattle LLC,47.6073439,-122.3045197,https://www.redfin.com/WA/Seattle/2108-E-James-St-98122/unit-A/home/142991
2026-09-19T19:54:21.154Z,Central Seattle,2026-08-12,148399,220847268,2554644,Closed,337 25th Ave E,,Seattle,WA,98112,Madison Valley,Single Family,1,1998,4,2.5,2,2540,6400,1.5,1430000,563,,,,Colin Dalrymple,Windermere Real Estate/East,Windermere Real Estate Co.,47.6224794,-122.3004119,https://www.redfin.com/WA/Seattle/337-25th-Ave-E-98112/home/148399
2026-09-19T19:54:21.154Z,Ballard (specific),2026-08-12,163066,220555533,2536893,Closed,2801 NW 85th St,,Seattle,WA,98117,Loyal Heights,Townhouse,3,1997,3,2,2,1460,1030,1.5,615000,421,,,,Linda Boyle,RE/MAX Northwest,eXp Realty,47.6904461,-122.3933297,https://www.redfin.com/WA/Seattle/2801-NW-85th-St-98117/home/163066
2026-09-19T19:54:21.154Z,Ballard (specific),2026-08-12,166251,221094750,2557632,Closed,7754 Jones Ave NW,,Seattle,WA,98117,Loyal Heights,Single Family,1,1930,3,2,2,2200,4100,1.5,1115000,507,,,,Chandra Gordon,Redfin,Real Broker LLC,47.686582,-122.3862067,https://www.redfin.com/WA/Seattle/7754-Jones-Ave-NW-98117/home/166251
2026-09-19T19:54:21.154Z,Magnolia,2026-08-12,167385657,217019559,2541367,Closed,3011 30th Ave W Unit A,Unit A,Seattle,WA,98199,Magnolia,Townhouse,3,2021,4,3,3,1818,1552,1.5,970000,534,,,,,Windermere Real Estate/East,Redfin,47.6472961,-122.3960827,https://www.redfin.com/WA/Seattle/3011-30th-Ave-W-98199/unit-A/home/167385657
2026-09-19T19:54:21.154Z,Beacon Hill,2026-08-12,167666,217170398,2545067,Closed,3443 16th Ave S,,Seattle,WA,98144,Jefferson Park,Single Family,1,1928,4,2,2,1920,3021,1.5,710000,370,,,,Camelia Duanmu,Real Broker LLC,Real Broker LLC,47.5718131,-122.3127414,https://www.redfin.com/WA/Seattle/3443-16th-Ave-S-98144/home/167666
2026-09-19T19:54:21.154Z,Central Seattle,2026-08-12,201759761,214882110,2520104,Closed,909 32nd Ave S Unit B,Unit B,Seattle,WA,98144,Leschi,Townhouse,3,2026,2,2,2,1300,758,1.5,825000,635,86,,,,Realogics Sotheby's Int'l Rlty,Redfin,47.5941222,-122.2918381,https://www.redfin.com/WA/Seattle/909-32nd-Ave-S-98144/unit-B/home/201759761
2026-09-19T19:54:21.154Z,Queen Anne,2026-08-12,21884035,220807103,2531848,Closed,316 W Barrett St Unit B,Unit B,Seattle,WA,98119,Queen Anne,Townhouse,3,2008,2,2.5,2,1400,1500,1.5,840000,600,,,,Jamie O'Neill,COMPASS,Coldwell Banker Bain,47.6469786,-122.3616578,https://www.redfin.com/WA/Seattle/316-W-Barrett-St-98119/unit-B/home/21884035
2026-09-19T19:54:21.154Z,NE Seattle,2026-08-12,310611,217333711,2547537,Closed,8045 19th Ave NE,,Seattle,WA,98115,Roosevelt,Single Family,1,1924,3,2,2,937,2335,2,666450,711,5,,,,"Real Property Associates, Inc.",Redfin,47.6880234,-122.3081728,https://www.redfin.com/WA/Seattle/8045-19th-Ave-NE-98115/home/310611
2026-09-19T19:54:21.154Z,NE Seattle,2026-08-12,314949,221181124,2559255,Closed,8233 40th Ave NE,,Seattle,WA,98115,Wedgwood,Single Family,1,1948,4,3,3,2120,5858,1,1500000,708,,,,Ben Buckley,Windermere Real Estate Co.,Windermere Real Estate Co.,47.6893918,-122.2856488,https://www.redfin.com/WA/Seattle/8233-40th-Ave-NE-98115/home/314949
2026-09-19T19:54:21.154Z,NE Seattle,2026-08-12,320617,220527969,2513980,Closed,4934 Purdue Ave NE,,Seattle,WA,98105,Hawthorne Hills,Single Family,1,1950,4,3,3,2700,6283,1,1750000,648,,,,Brad Cahill,Real Residential,Real Residential,47.6708582,-122.2738915,https://www.redfin.com/WA/Seattle/4934-Purdue-Ave-NE-98105/home/320617
2026-09-19T19:54:21.154Z,Ballard (specific),2026-08-12,494529,221495787,2560451,Closed,1403 NW 59th St,,Seattle,WA,98107,Ballard,Single Family,1,1940,2,2,2,1240,2500,1,625000,504,,,,Laurie Way,Coldwell Banker Bain,Real Broker LLC,47.671466,-122.3738927,https://www.redfin.com/WA/Seattle/1403-NW-59th-St-98107/home/494529
2026-09-19T19:54:21.154Z,Central Seattle,2026-08-12,55111938,216498650,2534946,Closed,2114 E James St,,Seattle,WA,98122,Capitol Hill,Townhouse,3,2014,3,2.5,2,1790,1132,1.5,849000,474,,,,Nicole Bosko,Windermere Real Estate/HLC,Windermere Real Estate/HLC,47.6072835,-122.304142,https://www.redfin.com/WA/Seattle/2114-E-James-St-98122/home/55111938
2026-09-19T19:54:21.154Z,Maple Leaf,2026-08-11,108126,220651784,2552504,Closed,1722 NE 97th St,,Seattle,WA,98115,Maple Leaf,Single Family,1,1984,3,2.5,2,2770,5340,2,749995,271,,,,Greg Nelson,COMPASS,Best Choice Network,47.6996794,-122.3084578,https://www.redfin.com/WA/Seattle/1722-NE-97th-St-98115/home/108126
2026-09-19T19:54:21.154Z,Queen Anne,2026-08-11,130606,222344486,2568961,Closed,2425 1st Ave W,,Seattle,WA,98119,Queen Anne,Single Family,1,1909,3,2.5,2,2810,4725,1.5,1700000,605,,,,Kimberly Johnson,Windermere Real Estate Midtown,Ensemble,47.6403633,-122.3585876,https://www.redfin.com/WA/Seattle/2425-1st-Ave-W-98119/home/130606
2026-09-19T19:54:21.154Z,Central Seattle,2026-08-11,141740,216297372,2532847,Closed,707 Lake Washington Blvd S,,Seattle,WA,98144,Leschi,Single Family,1,1924,2,2,2,2200,6300,1,1475000,670,,,,Deirdre Doyle,Windermere Real Estate Midtown,Coldwell Banker Bain,47.5962781,-122.2894229,https://www.redfin.com/WA/Seattle/707-Lake-Washington-Blvd-S-98144/home/141740
2026-09-19T19:54:21.154Z,West Seattle,2026-08-11,157850,220648769,2550982,Closed,10825 Marine View Dr SW,,Seattle,WA,98146,Marine View,Single Family,1,1939,4,2.5,2,2620,12112,1,1550000,592,,,,,Realogics Sotheby's Int'l Rlty,Redfin,47.5054003,-122.3813235,https://www.redfin.com/WA/Seattle/10825-Marine-View-Dr-SW-98146/home/157850
2026-09-19T19:54:21.154Z,Fremont,2026-08-11,182037456,217159047,2544962,Closed,966 N Allen Pl,,Seattle,WA,98103,Fremont,Townhouse,3,2022,2,2,2,1010,856,1.5,664000,657,,,,Eli Fox,"Pellego, Inc.",Windermere R E Mount Baker,47.660709,-122.3460572,https://www.redfin.com/WA/Seattle/966-N-Allen-Pl-98103/home/182037456
2026-09-19T19:54:21.154Z,Ballard (specific),2026-08-11,496873,221559725,2560955,Closed,7524 12th Ave NW,,Seattle,WA,98117,Ballard,Single Family,1,1914,2,1.5,1,1890,5000,1,950000,503,,,,Kayla Preston,Every Door Real Estate,Real Broker LLC,47.6839601,-122.3711244,https://www.redfin.com/WA/Seattle/7524-12th-Ave-NW-98117/home/496873
2026-09-19T19:54:21.154Z,Fremont,2026-08-11,63664,220949236,2555870,Closed,321 NW 45th St #3,#3,Seattle,WA,98107,Fremont,Townhouse,3,1980,3,2.5,2,1389,9295,1.5,825000,594,445,,,Peri Erickson-Brown,Windermere RE Greenwood,Windermere Real Estate/East,47.6613013,-122.3617822,https://www.redfin.com/WA/Seattle/321-NW-45th-St-98107/unit-3/home/63664
2026-09-19T19:54:21.154Z,Northgate,2026-08-10,102535,220541981,2550785,Closed,14032 Stone Ave N,,Seattle,WA,98133,Haller Lake,Single Family,1,1952,3,1,1,1520,5250,1,697000,459,,,,Bonnie Martin,Harris Realty,"Windermere RE/Capitol Hill,Inc",47.7314251,-122.3421085,https://www.redfin.com/WA/Seattle/14032-Stone-Ave-N-98133/home/102535
2026-09-19T19:54:21.154Z,Wallingford,2026-08-10,118398,217139112,2531259,Closed,4010 Ashworth Ave N,,Seattle,WA,98103,Wallingford,Single Family,1,1911,2,2,2,1950,4520,1,1175000,603,,,,Will Wilcox,Windermere Real Estate/East,KW Greater Seattle,47.6560463,-122.3395144,https://www.redfin.com/WA/Seattle/4010-Ashworth-Ave-N-98103/home/118398
2026-09-19T19:54:21.154Z,Magnolia,2026-08-10,125773,222210797,2567435,Closed,2652 37th Ave W,,Seattle,WA,98199,Magnolia,Single Family,1,1951,4,3,3,3400,8244,1,2050000,603,,,,Karen Paulsen,Windermere RE Magnolia,Windermere Real Estate Midtown,47.644638,-122.4049137,https://www.redfin.com/WA/Seattle/2652-37th-Ave-W-98199/home/125773
2026-09-19T19:54:21.154Z,Magnolia,2026-08-10,125802,215458980,2524834,Closed,4701 W Ruffner St,,Seattle,WA,98199,Magnolia,Single Family,1,1929,4,4,3,7230,66017,2,6500000,899,,,,Tere Foster,COMPASS,WeLakeside,47.6518041,-122.4178038,https://www.redfin.com/WA/Seattle/4701-W-Ruffner-St-98199/home/125802
2026-09-19T19:54:21.154Z,Magnolia,2026-08-10,127489,220932244,2553655,Closed,3848 29th Ave W,,Seattle,WA,98199,Magnolia,Single Family,1,1947,4,2,2,2140,5400,1,1348000,630,,,,Kristen Eichelberger,Windermere RE Magnolia,COMPASS,47.655539,-122.3942811,https://www.redfin.com/WA/Seattle/3848-29th-Ave-W-98199/home/127489
2026-09-19T19:54:21.154Z,NW Seattle,2026-08-10,163452,221182440,2557141,Closed,8552 31st Ave NW,,Seattle,WA,98117,North Beach,Single Family,1,1938,2,1,1,1420,7455,1,680000,479,,,,Rob Faw,Windermere Real Estate Co.,Windermere RE Greenwood,47.6922142,-122.3967375,https://www.redfin.com/WA/Seattle/8552-31st-Ave-NW-98117/home/163452
2026-09-19T19:54:21.154Z,Ballard (specific),2026-08-10,166343,215405164,2524913,Closed,7727 27th Ave NW,,Seattle,WA,98117,Loyal Heights,Single Family,1,1969,4,2,2,2200,3880,1.5,950000,432,,,,Lisa Dankers,L. Dankers Real Estate Group,Terrafin,47.6857561,-122.3911623,https://www.redfin.com/WA/Seattle/7727-27th-Ave-NW-98117/home/166343
2026-09-19T19:54:21.154Z,Beacon Hill,2026-08-10,168892,221055971,2556034,Closed,2710 18th Ave S,,Seattle,WA,98144,N Beacon Hill,Single Family,1,1914,4,2.5,2,2460,4160,1.5,900000,366,,,,Mary Granen,COMPASS,Windermere Real Estate Co.,47.579243,-122.3090444,https://www.redfin.com/WA/Seattle/2710-18th-Ave-S-98144/home/168892
2026-09-19T19:54:21.154Z,NW Seattle,2026-08-10,177719998,212988440,2488109,Closed,11242 A Fremont Ave N,,Seattle,WA,98133,Seattle,Single Family,1,1969,4,3,3,1760,6000,1.5,780000,443,,,,Paul Sundberg,Windermere Northlake,Coldwell Banker Bain,47.7116962,-122.3493745,https://www.redfin.com/WA/Seattle/11242A-Fremont-Ave-N-98133/home/177719998
2026-09-19T19:54:21.154Z,Central Seattle,2026-08-10,2071463,217215253,2545829,Closed,746 Boylston Ave E Unit A,Unit A,Seattle,WA,98102,North Capitol Hill,Townhouse,3,2005,3,2.5,2,1900,1299,1.5,940000,495,,,,Jay Kipp,Realogics Sotheby's Int'l Rlty,Windermere Real Estate Midtown,47.6264185,-122.3231007,https://www.redfin.com/WA/Seattle/746-Boylston-Ave-E-98102/unit-A/home/2071463
2026-09-19T19:54:21.154Z,Green Lake,2026-08-10,307206,217218602,2543625,Closed,1705 N 82nd St,,Seattle,WA,98103,Green Lake,Single Family,1,1941,4,2,2,2065,3960,1.5,1250000,605,,,,Conor MacEvilly,KW Greater Seattle,Windermere Real Estate Midtown,47.6885342,-122.3373704,https://www.redfin.com/WA/Seattle/1705-N-82nd-St-98103/home/307206
2026-09-19T19:54:21.154Z,West Seattle,2026-08-10,471057,220838126,2544860,Closed,5942 37th Ave SW,,Seattle,WA,98126,Fairmount,Single Family,1,1944,2,1,1,1580,6400,1,650000,411,,,,Tracy Hepler,RSVP Brokers ERA,Real Broker LLC,47.5489389,-122.3787917,https://www.redfin.com/WA/Seattle/5942-37th-Ave-SW-98126/home/471057
2026-09-19T19:54:21.154Z,Magnolia,2026-08-08,202378064,217266113,2546568,Closed,2815 W Bertona St,,Seattle,WA,98199,Queen Anne,Single Family,1,2026,2,2,2,1092,1623,2,880000,806,35,,,Heidi Braund,Windermere Real Estate Central,KW Greater Seattle,47.650277,-122.3934828,https://www.redfin.com/WA/Seattle/2815-W-Bertona-St-98199/home/202378064
2026-09-19T19:54:21.154Z,West Seattle,2026-08-07,101611482,220656261,2552029,Closed,5957 17th Ave SW,,Seattle,WA,98106,Puget Ridge,Single Family,1,2017,4,2.5,2,2490,5002,2,1110000,446,,,,Therese Bianchi,Windermere West Metro,Coldwell Banker Bain,47.548603503,-122.3560888,https://www.redfin.com/WA/Seattle/5957-17th-Ave-SW-98106/home/101611482
2026-09-19T19:54:21.154Z,Eastlake,2026-08-07,101800624,217186831,2543937,Closed,2233 Minor Ave Unit C,Unit C,Seattle,WA,98102,Eastlake,Townhouse,3,2016,2,2,2,1408,901,1.5,805000,572,,,,Maureen Rammell,Coldwell Banker Bain,COMPASS,47.6393021,-122.328625,https://www.redfin.com/WA/Seattle/2233-Minor-Ave-E-98102/unit-C/home/101800624
2026-09-19T19:54:21.154Z,Northgate,2026-08-07,104394,220583229,2551471,Closed,10723 Densmore Ave N,,Seattle,WA,98133,Northgate,Single Family,1,1941,4,2,2,2550,7200,1,1017000,399,,,,Eva Wu,Best Choice Network,Designed Realty,47.707601,-122.3378707,https://www.redfin.com/WA/Seattle/10723-Densmore-Ave-N-98133/home/104394
2026-09-19T19:54:21.154Z,Northgate,2026-08-07,106589,212773414,2486663,Closed,12046 12th Ave NE,,Seattle,WA,98125,Pinehurst,Single Family,1,1947,5,3,3,2320,8280,2,953000,411,,,,Mila Vladi,Coldwell Banker Danforth,Designed Realty,47.7171357,-122.314985,https://www.redfin.com/WA/Seattle/12046-12th-Ave-NE-98125/home/106589
2026-09-19T19:54:21.154Z,Magnolia,2026-08-07,127156,222492995,2570224,Closed,2557 28th Ave W,,Seattle,WA,98199,Magnolia,Single Family,1,1925,2,2,2,1410,5568,1,1000000,709,,,,Russ Katz,Windermere RE Magnolia,North By Northwest Realty,47.6425439,-122.3933213,https://www.redfin.com/WA/Seattle/2557-28th-Ave-W-98199/home/127156
2026-09-19T19:54:21.154Z,Magnolia,2026-08-07,129100,214399262,2510416,Closed,3844 30th Ave W,,Seattle,WA,98199,Magnolia,Single Family,1,1942,3,2,2,1640,4500,1,1130000,689,,,,,Keller Williams Rlty Bellevue,Redfin,47.6554386,-122.3953653,https://www.redfin.com/WA/Seattle/3844-30th-Ave-W-98199/home/129100
2026-09-19T19:54:21.154Z,Queen Anne,2026-08-07,129426,222203971,2567357,Closed,2534 13th Ave W,,Seattle,WA,98119,Queen Anne,Single Family,1,1903,3,1,1,1040,4000,1.5,965000,928,,,,Lisa Novak,Windermere Real Estate/East,Windermere Real Estate/East,47.6417299,-122.3734154,https://www.redfin.com/WA/Seattle/2534-13th-Ave-W-98119/home/129426
2026-09-19T19:54:21.154Z,Eastlake,2026-08-07,132008,220573624,2550747,Closed,2315 B Franklin Ave E Unit B,Unit B,Seattle,WA,98102,Eastlake,Single Family,1,1949,3,2,2,1560,1569,3,875000,561,,,,Tricia Ebert,Windermere Real Estate/East,Real Broker LLC,47.6401679,-122.3249401,https://www.redfin.com/WA/Seattle/2315-Franklin-Ave-E-98102/unit-B/home/132008
2026-09-19T19:54:21.154Z,Queen Anne,2026-08-07,133151,221179539,2557134,Closed,1917 8th Ave W Unit B,Unit B,Seattle,WA,98119,Queen Anne,Townhouse,3,2003,2,2.5,2,1150,979,1.5,830000,722,,,,Mary Lee,Windermere Real Estate Midtown,Queen Anne Real Estate,47.6364446,-122.3682058,https://www.redfin.com/WA/Seattle/1917-8th-Ave-W-98119/unit-B/home/133151
2026-09-19T19:54:21.154Z,Ballard (specific),2026-08-07,145709372,214633411,2516588,Closed,2605 NW 64th St,,Seattle,WA,98107,Ballard,Townhouse,3,2018,3,2.5,2,1730,870,1.5,854000,494,,,,Kimberly Shaeffer,"John L. Scott, Inc.",Windermere Real Estate Co.,47.6750811,-122.3903832,https://www.redfin.com/WA/Seattle/2605-NW-64th-St-98107/home/145709372
2026-09-19T19:54:21.154Z,Central Seattle,2026-08-07,146513,215313147,2522076,Closed,1513 27th Ave,,Seattle,WA,98122,Central Area,Single Family,1,1907,3,2.5,2,1920,4200,2,1057000,551,,,,Carmen Gayton,Windermere Real Estate Co.,Windermere Real Estate Co.,47.6145704,-122.2978202,https://www.redfin.com/WA/Seattle/1513-27th-Ave-98122/home/146513
2026-09-19T19:54:21.154Z,Central Seattle,2026-08-07,147708,220959163,2555452,Closed,807 27th Ave,,Seattle,WA,98122,Central Area,Single Family,1,1907,3,2,2,980,3600,1,837000,854,,,,Jessica Tolbert,Redfin,Windermere Real Estate Co.,47.6093176,-122.297838,https://www.redfin.com/WA/Seattle/807-27th-Ave-98122/home/147708
2026-09-19T19:54:21.154Z,West Seattle,2026-08-07,151429,221199033,2559244,Closed,4024 55th Ave SW,,Seattle,WA,98116,Genesee,Single Family,1,1945,4,3,3,2520,5500,1.5,1300000,516,,,,Russ Katz,Windermere RE Magnolia,John L Scott RE West Seattle,47.5678376,-122.402551,https://www.redfin.com/WA/Seattle/4024-55th-Ave-SW-98116/home/151429
2026-09-19T19:54:21.154Z,West Seattle,2026-08-07,153220,220932241,2554735,Closed,4318 SW Willow St,,Seattle,WA,98136,Morgan Junction,Single Family,1,2001,5,2.5,2,2930,4480,2,1400000,478,,,,Jodi Hill,Keller Williams Seattle Metro,Keller Williams Realty PS,47.5424401,-122.3881472,https://www.redfin.com/WA/Seattle/4318-SW-Willow-St-98136/home/153220
2026-09-19T19:54:21.154Z,West Seattle,2026-08-07,155391,222745122,2572718,Closed,3634 SW 106th St,,Seattle,WA,98146,Arbor Heights,Single Family,1,1947,4,1,1,2120,10944,1.5,725000,342,,,,,,Keller Williams Seattle Metro,47.5084503,-122.3784372,https://www.redfin.com/WA/Seattle/3634-SW-106th-St-98146/home/155391
2026-09-19T19:54:21.154Z,Ballard (specific),2026-08-07,165033,220591465,2551551,Closed,6717 26th Ave NW,,Seattle,WA,98117,Ballard,Single Family,1,1909,3,2.5,2,2460,5100,1.5,1145000,465,,,,Jeffrey Stegelman,COMPASS,Lake & Company,47.678255,-122.3900409,https://www.redfin.com/WA/Seattle/6717-26th-Ave-NW-98117/home/165033
2026-09-19T19:54:21.154Z,Ballard (specific),2026-08-07,165422,220787553,2551874,Closed,7047 27th Ave NW,,Seattle,WA,98117,Loyal Heights,Single Family,1,1925,4,2,2,2540,5100,1.5,1432000,564,,,,Leslie Manchester,Windermere RE Greenwood,COMPASS,47.6809013,-122.3911227,https://www.redfin.com/WA/Seattle/7047-27th-Ave-NW-98117/home/165422
2026-09-19T19:54:21.154Z,Beacon Hill,2026-08-07,168705,220665025,2549055,Closed,2302 S Spokane St,,Seattle,WA,98144,Beacon Hill,Single Family,1,1953,3,3,3,2160,5445,1,950000,440,,,,Rachel Bradley,Coldwell Banker Bain,Tribeca NW Real Estate,47.5721365,-122.3032061,https://www.redfin.com/WA/Seattle/2302-S-Spokane-St-98144/home/168705
2026-09-19T19:54:21.154Z,Central Seattle,2026-08-07,175990173,213929188,2505698,Closed,1915 E Spruce St Unit B,Unit B,Seattle,WA,98122,Central Area,Townhouse,3,1983,2,1.5,1,870,8405,1.5,424000,487,,,,,Inspire Realty,Redfin,47.6032592,-122.3068907,https://www.redfin.com/WA/Seattle/1915-E-Spruce-St-98122/unit-B/home/175990173
2026-09-19T19:54:21.154Z,Wallingford,2026-08-07,201746472,214868341,2520199,Closed,1416 A N 47th St,,Seattle,WA,98103,Wallingford,Townhouse,3,2026,3,2.5,2,1702,1404,1.5,1110000,652,,,,Deborah Song,Windermere Real Estate/East,KW Greater Seattle,47.663016,-122.339816,https://www.redfin.com/WA/Seattle/1416-A-N-47th-St-98103/home/201746472
2026-09-19T19:54:21.154Z,Ballard (specific),2026-08-07,202155044,216567704,2535972,Closed,1141 NW 57th St,,Seattle,WA,98107,Ballard,Townhouse,3,2026,3,3.5,3,1721,1238,1.5,1100000,639,0,,,Dan Wilcynski,Windermere Real Estate Midtown,Windermere Mercer Island,47.669955,-122.3725919,https://www.redfin.com/WA/Seattle/1141-NW-57th-St-98107/home/202155044
2026-09-19T19:54:21.154Z,Northgate,2026-08-07,202376451,217226132,2545126,Closed,14338 Bagley Ave N,,Seattle,WA,98133,Seattle,Single Family,1,2026,3,2.5,2,1388,2126,2,825000,594,32,,,Shepard Fei,"John L. Scott, Inc.",COMPASS,47.7334439,-122.3326473,https://www.redfin.com/WA/Seattle/14338-Bagley-Ave-N-98133/home/202376451
2026-09-19T19:54:21.154Z,West Seattle,2026-08-07,22513032,220629283,2551899,Closed,5022 Puget Blvd SW,,Seattle,WA,98106,Puget Ridge,Single Family,1,2016,4,3.5,3,3544,5000,2,1425000,402,,,,Scott Monroe,Windermere West Metro,COMPASS,47.5566591,-122.3614024,https://www.redfin.com/WA/Seattle/5022-Puget-Blvd-SW-98106/home/22513032
2026-09-19T19:54:21.154Z,Wallingford,2026-08-07,304720,213885851,2504999,Closed,324 NE 54th St,,Seattle,WA,98105,Green Lake,Single Family,1,1918,3,2,2,1260,4160,1,857500,681,,,,David Angiulo,Coldwell Banker Bain,Windermere Real Estate Midtown,47.6680698,-122.3245186,https://www.redfin.com/WA/Seattle/324-NE-54th-St-98105/home/304720
2026-09-19T19:54:21.154Z,NE Seattle,2026-08-07,311595,222198627,2567292,Closed,705 NE 50th St,,Seattle,WA,98105,University District,Single Family,1,1918,4,2,2,2710,4300,1.5,725000,268,,,,CeNedra Van Why,Alchemy Real Estate,NWMLS-NonOffice,47.6647998,-122.320411,https://www.redfin.com/WA/Seattle/705-NE-50th-St-98105/home/311595
2026-09-19T19:54:21.154Z,NE Seattle,2026-08-07,317622,220621744,2550659,Closed,2360 NE 90th St,,Seattle,WA,98115,Wedgwood,Single Family,1,1954,3,2,2,1680,8700,1,900000,536,,,,Chris Fiamengo,John L Scott Madrona Group,Agency One NS,47.6940956,-122.3029969,https://www.redfin.com/WA/Seattle/2360-NE-90th-St-98115/home/317622
2026-09-19T19:54:21.154Z,West Seattle,2026-08-07,469873,220834115,2553078,Closed,6531 37th Ave SW,,Seattle,WA,98126,Gatewood,Single Family,1,1966,3,3,3,2560,6550,1.5,1075000,420,,,,Shari Kruse,Windermere West Metro,John L Scott RE West Seattle,47.5437789,-122.3795154,https://www.redfin.com/WA/Seattle/6531-37th-Ave-SW-98126/home/469873
2026-09-19T19:54:21.154Z,Beacon Hill,2026-08-07,480865,207814564,2437363,Closed,3501 S Webster St,,Seattle,WA,98118,Beacon Hill,Single Family,1,1962,4,2,2,1820,6710,1,690000,379,,,,Qi Na Zhao,Best Choice Realty,Kelly Right RE of Seattle LLC,47.5349924,-122.2879219,https://www.redfin.com/WA/Seattle/3501-S-Webster-St-98118/home/480865
2026-09-19T19:54:21.154Z,NW Seattle,2026-08-07,498046,214666840,2516976,Closed,324 NW 80th St,,Seattle,WA,98117,Greenwood,Single Family,1,2026,3,2.5,2,1345,,2,765000,569,10,,,Adrian Chu,Specialty Real Estate Group,Best Choice Network LLC,47.6871976,-122.3618359,https://www.redfin.com/WA/Seattle/324-NW-80th-St-98117/home/498046
2026-09-19T19:54:21.154Z,Ballard (specific),2026-08-07,52428323,216825691,2539117,Closed,2640 NW 57th St Unit A,Unit A,Seattle,WA,98107,Ballard,Townhouse,3,2013,2,2.5,2,1460,1527,1.5,735000,503,,,,Kevin Jeffries,Windermere RE Magnolia,Keller Williams North Seattle,47.6704357,-122.3919845,https://www.redfin.com/WA/Seattle/2640-NW-57th-St-98107/unit-A/home/52428323
2026-09-19T19:54:21.154Z,Beacon Hill,2026-08-07,59703359,220578089,2550224,Closed,2602 S Ferdinand St,,Seattle,WA,98108,Beacon Hill,Single Family,1,2015,4,3,3,2681,5002,2,1325000,494,,,,Luke Bartlett,Windermere Mercer Island,"John L. Scott, Inc",47.5590401,-122.299142,https://www.redfin.com/WA/Seattle/2602-S-Ferdinand-St-98108/home/59703359
2026-09-19T19:54:21.154Z,NW Seattle,2026-08-07,95988,220847056,2551065,Closed,11540 Palatine Ave N,,Seattle,WA,98133,Broadview,Single Family,1,1988,4,2.5,2,2620,6300,2,1200000,458,,,,Rick Nimmer,Windermere Real Estate Co.,COMPASS,47.7134842,-122.356562,https://www.redfin.com/WA/Seattle/11540-Palatine-Ave-N-98133/home/95988
2026-09-19T19:54:21.154Z,NW Seattle,2026-08-07,96887,222131436,2566643,Closed,11217 2nd Ave NW,,Seattle,WA,98177,Broadview,Single Family,1,1923,3,2,1,1700,11852,1.5,925000,544,,,,Mark Bensadon,Keller Williams North Seattle,ZNonMember-Office-MLS,47.7111044,-122.3589685,https://www.redfin.com/WA/Seattle/11217-2nd-Ave-NW-98177/home/96887
2026-09-19T19:54:21.154Z,NW Seattle,2026-08-07,97844,220664769,2546998,Closed,11034 Phinney Ave N,,Seattle,WA,98133,Broadview,Single Family,1,2006,5,3.5,3,3600,8036,2,1675000,465,,,,Steve Hill,Windermere RE Greenwood,Real Broker LLC,47.7097095,-122.3538035,https://www.redfin.com/WA/Seattle/11034-Phinney-Ave-N-98133/home/97844
2026-09-19T19:54:21.154Z,NW Seattle,2026-08-06,102164,218310421,2547534,Closed,13810 Greenwood Ave N Unit D,Unit D,Seattle,WA,98133,Greenwood,Townhouse,3,2007,3,2.5,2,1390,1151,1.5,599950,432,,,,,KW Lake Washington So,Redfin,47.7300147,-122.3552579,https://www.redfin.com/WA/Seattle/13810-Greenwood-Ave-N-98133/unit-D/home/102164
2026-09-19T19:54:21.154Z,Maple Leaf,2026-08-06,106691,216763476,2535956,Closed,1108 NE 106th St,,Seattle,WA,98125,Victory Heights,Single Family,1,1957,4,3,3,3020,7800,1,1050000,348,,,,Jim Pettigrew,RE/MAX Northwest,Windermere Real Estate Co.,47.7060926,-122.3155437,https://www.redfin.com/WA/Seattle/1108-NE-106th-St-98125/home/106691
2026-09-19T19:54:21.154Z,NE Seattle,2026-08-06,12302198,220903554,2543733,Closed,2322 NE 92nd St,,Seattle,WA,98115,Wedgwood,Single Family,1,2004,5,3.5,3,3010,6328,2,1650000,548,,,,Merritt Hess,Windermere Real Estate Co.,Windermere Real Estate Co.,47.6959766,-122.3032157,https://www.redfin.com/WA/Seattle/2322-NE-92nd-St-98115/home/12302198
2026-09-19T19:54:21.154Z,Queen Anne,2026-08-06,132193,217063464,2540185,Closed,2132 Dexter Ave N,,Seattle,WA,98109,Westlake,Single Family,1,1926,3,2,2,1760,3192,1,775000,440,,,,Junior Torres,Windermere RE Greenwood,COMPASS,47.6386108,-122.3435474,https://www.redfin.com/WA/Seattle/2132-Dexter-Ave-N-98109/home/132193
2026-09-19T19:54:21.154Z,Central Seattle,2026-08-06,140103,214840324,2517906,Closed,453 McGilvra Blvd E,,Seattle,WA,98112,Washington Park,Single Family,1,1947,4,5.5,5,4940,6990,2,3150000,638,,,,Sabina Telenska,COMPASS,COMPASS,47.6239906,-122.2847827,https://www.redfin.com/WA/Seattle/453-McGilvra-Blvd-E-98112/home/140103
2026-09-19T19:54:21.154Z,Central Seattle,2026-08-06,143879,220977638,2555988,Closed,400 21st Ave E,,Seattle,WA,98112,Capitol Hill,Single Family,1,1906,3,2,2,1540,3885,1.5,1200000,779,,,,Stephanie Stanford,COMPASS,COMPASS,47.6223561,-122.3043935,https://www.redfin.com/WA/Seattle/400-21st-Ave-E-98112/home/143879
2026-09-19T19:54:21.154Z,Ballard (specific),2026-08-06,162525,218299987,2545096,Closed,2859 NW 57th St,,Seattle,WA,98107,Ballard,Single Family,1,1901,4,3.5,3,3540,4850,2,1725000,487,,,,Gwen Kellett,Windermere Real Estate Midtown,Windermere Real Estate Midtown,47.6699584,-122.3954293,https://www.redfin.com/WA/Seattle/2859-NW-57th-St-98107/home/162525
2026-09-19T19:54:21.154Z,Northgate,2026-08-06,199483452,220413410,2548533,Closed,10324 Ashworth Ave N,,Seattle,WA,98133,Northgate,Single Family,1,2026,3,2.5,2,1296,,2,760000,586,14,,,Michael Espada,Array Real Estate,CENTURY 21 Real Estate Center,47.7040719,-122.3386569,https://www.redfin.com/WA/Seattle/10324-Ashworth-Ave-N-98133/home/199483452
2026-09-19T19:54:21.154Z,Central Seattle,2026-08-06,202154750,216565387,2534785,Closed,1405 29th Ave,,Seattle,WA,98122,Madrona,Townhouse,3,2026,4,3.5,3,1916,1,1.5,1150000,600,1,,,Tom Skepetaris,Realogics Sotheby's Int'l Rlty,COMPASS,47.6132327,-122.2949049,https://www.redfin.com/WA/Seattle/1405-29th-Ave-98122/home/202154750
2026-09-19T19:54:21.154Z,West Seattle,2026-08-06,329334,220612489,2547626,Closed,3435 Walnut Ave SW,,Seattle,WA,98116,North Admiral,Single Family,1,1910,4,3.5,3,2825,6750,2,1475000,522,,,,Jake Neuman,The Agency Seattle,Realogics Sotheby's Int'l Rlty,47.5721718,-122.3840485,https://www.redfin.com/WA/Seattle/3435-Walnut-Ave-SW-98116/home/329334
2026-09-19T19:54:21.154Z,Central Seattle,2026-08-06,39708,222174390,2567012,Closed,720 Lakeside Ave S #208,#208,Seattle,WA,98144,Leschi,Single Family,1,1957,2,1,1,842,,1,800000,950,1103,,,Warren Farmer,Windermere R E Mount Baker,NWMLS-NonOffice,47.5959535,-122.2872089,https://www.redfin.com/WA/Seattle/720-Lakeside-Ave-S-98144/unit-208/home/39708
2026-09-19T19:54:21.154Z,West Seattle,2026-08-06,473621,220621459,2551475,Closed,9261 31st Ave SW,,Seattle,WA,98126,Westwood,Single Family,1,1951,2,1,1,740,4876,1,525000,709,,,,Nicole Bennett,COMPASS,Real Broker LLC,47.5196654,-122.3726505,https://www.redfin.com/WA/Seattle/9261-31st-Ave-SW-98126/home/473621
2026-09-19T19:54:21.154Z,Beacon Hill,2026-08-06,480916,220648485,2551174,Closed,1537 S Pearl St,,Seattle,WA,98108,Beacon Hill,Single Family,1,1938,4,2,2,2080,7221,1,884000,425,,,,David Angiulo,Coldwell Banker Bain,Windermere Real Estate/PSR Inc,47.5565305,-122.311784,https://www.redfin.com/WA/Seattle/1537-S-Pearl-St-98108/home/480916
2026-09-19T19:54:21.154Z,NW Seattle,2026-08-06,97671,217278231,2546721,Closed,11545 N Park Ave N,,Seattle,WA,98133,Bitter Lake,Single Family,1,1921,2,1,1,1660,7200,1,615000,370,,,,ANDY Liu,"John L. Scott, Inc",eXp Realty,47.7136912,-122.349462,https://www.redfin.com/WA/Seattle/11545-N-Park-Ave-N-98133/home/97671
2026-09-19T19:54:21.154Z,Northgate,2026-08-05,102386,217120019,2540894,Closed,2112 N 132nd St,,Seattle,WA,98133,Haller Lake,Single Family,1,1910,4,3,2,2670,7200,1.5,975000,365,,,,Lisa Steinbrueck,Lake & Company,Better Properties Solutions,47.7244898,-122.3335838,https://www.redfin.com/WA/Seattle/2112-N-132nd-St-98133/home/102386
2026-09-19T19:54:21.154Z,West Seattle,2026-08-05,104243455,216730622,2527265,Closed,4115 Delridge Way SW,,Seattle,WA,98106,West Seattle,Townhouse,3,2016,3,3.5,3,1814,2242,1.5,655000,361,,,,Bryant Lok,Best Choice Network,Windermere Bellevue Commons,47.5660088,-122.3636882,https://www.redfin.com/WA/Seattle/4115-Delridge-Way-SW-98106/home/104243455
2026-09-19T19:54:21.154Z,Central Seattle,2026-08-05,113995091,216519821,2534747,Closed,139 22nd Ave E Unit A,Unit A,Seattle,WA,98112,Capitol Hill,Townhouse,3,2017,3,2.5,2,1590,944,1.5,870000,547,,,,Leslie Ota,Windermere Real Estate Midtown,Every Door Real Estate,47.6194994,-122.3038759,https://www.redfin.com/WA/Seattle/139-22nd-Ave-E-98112/unit-A/home/113995091
2026-09-19T19:54:21.154Z,Magnolia,2026-08-05,123674,217265192,2546516,Closed,3300 Government Way Unit B,Unit B,Seattle,WA,98199,Magnolia,Townhouse,3,1954,3,2,2,1100,1306,1.5,650000,591,,,,Elsa Nunes-Ueno,COMPASS,"Skyline Properties, Inc.",47.6601292,-122.3998075,https://www.redfin.com/WA/Seattle/3300-W-Government-Way-98199/unit-B/home/123674
2026-09-19T19:54:21.154Z,Queen Anne,2026-08-05,131392,221149704,2512329,Closed,3451 10th Ave W,,Seattle,WA,98119,Queen Anne,Single Family,1,2010,4,3.5,3,3170,4800,2,2500000,789,,,,Ron Upshaw,Kelly Right RE of Seattle LLC,Windermere Real Estate Midtown,47.6519427,-122.3705062,https://www.redfin.com/WA/Seattle/3451-10th-Ave-W-98119/home/131392
2026-09-19T19:54:21.154Z,Central Seattle,2026-08-05,137402,220932715,2553017,Closed,1229 18th Ave E,,Seattle,WA,98112,North Capitol Hill,Single Family,1,1907,4,2,2,2570,4800,2,2035000,792,,,,Laurie Mestres,Coldwell Banker Bain,"Ewing & Clark, Inc.",47.6315419,-122.3089057,https://www.redfin.com/WA/Seattle/1229-18th-Ave-E-98112/home/137402
2026-09-19T19:54:21.154Z,Central Seattle,2026-08-05,137589,220607314,2551953,Closed,2315 26th Ave E,,Seattle,WA,98112,Montlake,Single Family,1,1976,2,2,2,1320,3000,2,1172000,888,,,,Pamela Jensen,Windermere Real Estate Co.,Windermere Real Estate Co.,47.6400866,-122.2988856,https://www.redfin.com/WA/Seattle/2315-26th-Ave-E-98112/home/137589
2026-09-19T19:54:21.154Z,Central Seattle,2026-08-05,138725,220667232,2540050,Closed,1250 Parkside Dr E,,Seattle,WA,98112,Broadmoor,Single Family,1,1935,4,3.5,3,4070,7865,2,3895000,957,253,,,Laura Halliday,Realogics Sotheby's Int'l Rlty,Windermere Real Estate Midtown,47.6313653,-122.2902525,https://www.redfin.com/WA/Seattle/1250-Parkside-Dr-E-98112/home/138725
2026-09-19T19:54:21.154Z,Central Seattle,2026-08-05,146697,217218567,2544650,Closed,223 29th Ave E,,Seattle,WA,98112,Madison Valley,Single Family,1,1914,4,2,2,2080,4800,1,1198000,576,,,,Sandi Tampa,Windermere Real Estate/East,COMPASS,47.6208759,-122.2950913,https://www.redfin.com/WA/Seattle/223-29th-Ave-E-98112/home/146697
2026-09-19T19:54:21.154Z,West Seattle,2026-08-05,154729,217183335,2544798,Closed,4854 47th Ave SW,,Seattle,WA,98116,Seaview,Single Family,1,1954,3,1,1,1090,5025,1,795000,729,,,,Ann Babb-Nordling,RE/MAX Northwest,"Windermere RE/Capitol Hill,Inc",47.5577502,-122.3919854,https://www.redfin.com/WA/Seattle/4854-47th-Ave-SW-98116/home/154729
2026-09-19T19:54:21.154Z,Wallingford,2026-08-05,171921448,220584391,2550766,Closed,3551 Wallingford Ave N,,Seattle,WA,98103,Wallingford,Townhouse,3,2018,2,2,2,1391,944,1.5,929000,668,,,,Colin Dalrymple,Windermere Real Estate/East,Keller Williams Rty Tacoma,47.6503771,-122.3365799,https://www.redfin.com/WA/Seattle/3551-Wallingford-Ave-N-98103/home/171921448
2026-09-19T19:54:21.154Z,NW Seattle,2026-08-05,185911925,222061427,2565608,Closed,942 N 89th St Unit A,Unit A,Seattle,WA,98103,Green Lake,Townhouse,3,2023,3,2.5,2,1250,634,1.5,539950,432,,,,Michael Brewer,Alchemy Real Estate,Lamb Real Estate,47.6937525,-122.3454812,https://www.redfin.com/WA/Seattle/942-N-89th-St-98103/unit-A/home/185911925
2026-09-19T19:54:21.154Z,Northgate,2026-08-05,198195447,207757013,2434480,Closed,9545 Wallingford Ave N,,Seattle,WA,98103,Seattle,Townhouse,3,2025,2,2,2,986,4978,1.5,450000,456,,,,James Hua,RADIUS PROPERTIES,ZNonMember-Office-MLS,47.6991564,-122.3368269,https://www.redfin.com/WA/Seattle/9545-Wallingford-Ave-N-98103/home/198195447
2026-09-19T19:54:21.154Z,Beacon Hill,2026-08-05,200827604,214120206,2508361,Closed,2006 B 19th Ave S,,Seattle,WA,98144,Beacon Hill,Single Family,1,2026,2,1.5,1,834,850,2,489000,586,7,,,Kelley Meister,COMPASS,"John L. Scott, Inc",47.5852531,-122.3076881,https://www.redfin.com/WA/Seattle/2006-B-19th-Ave-S-98144/home/200827604
2026-09-19T19:54:21.154Z,Wallingford,2026-08-05,202016766,216952595,2540948,Closed,4116 A Burke Ave N,,Seattle,WA,98103,Wallingford,Townhouse,3,2026,3,2.5,2,1745,1395,1.5,1129000,647,103,,,Tom Cowan,Windermere Real Estate Co.,"John L. Scott, Inc.",47.6574199,-122.3347553,https://www.redfin.com/WA/Seattle/4116A-Burke-Ave-N-98103/home/202016766
2026-09-19T19:54:21.154Z,Ballard (specific),2026-08-05,290571,220953339,2553498,Closed,7528 33rd Ave NW,,Seattle,WA,98117,Sunset Hill,Single Family,1,1919,3,3,3,1860,4750,2,925000,497,,,,Penney Shelly,Windermere Real Estate Co.,Windermere RE Magnolia,47.6839668,-122.3990855,https://www.redfin.com/WA/Seattle/7528-33rd-Ave-NW-98117/home/290571
2026-09-19T19:54:21.154Z,NE Seattle,2026-08-05,314506,221086350,2555518,Closed,5214 35th Ave NE,,Seattle,WA,98105,Bryant,Single Family,1,1925,5,2,2,1670,4000,1.5,825000,494,,,,Lin Shen,Sea to Sky Realty,Broadmoor Real Estate Group,47.6671617,-122.2899219,https://www.redfin.com/WA/Seattle/5214-35th-Ave-NE-98105/home/314506
2026-09-19T19:54:21.154Z,West Seattle,2026-08-05,468691,220824377,2548522,Closed,8447 35th Ave SW,,Seattle,WA,98126,Fauntleroy,Single Family,1,1942,2,1,1,830,6860,1,517500,623,,,,Joe Horgan,Pointe3 Real Estate,Windermere Real Estate/PSR Inc,47.5269279,-122.3770365,https://www.redfin.com/WA/Seattle/8447-35th-Ave-SW-98126/home/468691
2026-09-19T19:54:21.154Z,West Seattle,2026-08-05,469347,216770487,2537458,Closed,9056 37th Ave SW,,Seattle,WA,98126,Fauntleroy,Single Family,1,1919,4,2.5,2,2080,6375,1,899950,433,,,,Todd Williamson,John L Scott RE West Seattle,COMPASS,47.5212488,-122.3791389,https://www.redfin.com/WA/Seattle/9056-37th-Ave-SW-98126/home/469347
2026-09-19T19:54:21.154Z,Beacon Hill,2026-08-05,478375,220949320,2555439,Closed,4861 24th Ave S,,Seattle,WA,98108,Beacon Hill,Single Family,1,1957,4,2,2,2440,4800,1,962000,394,,,,Robert Macdonald,Lake & Company,COMPASS,47.5594086,-122.303316,https://www.redfin.com/WA/Seattle/4861-24th-Ave-S-98108/home/478375
2026-09-19T19:54:21.154Z,NW Seattle,2026-08-05,98334,215228596,2521929,Closed,743 N 86th St,,Seattle,WA,98103,Green Lake,Single Family,1,1944,1,1,1,650,5100,1,545000,838,,,,Chris Wang,Keller Williams Rlty Bellevue,HomeSmart One Realty,47.6910172,-122.3480916,https://www.redfin.com/WA/Seattle/743-N-86th-St-98103/home/98334
2026-09-19T19:54:21.154Z,NW Seattle,2026-08-05,99282,220926717,2552043,Closed,9225 Fremont Ave N,,Seattle,WA,98103,Greenwood,Single Family,1,1995,3,2,2,1370,2204,2,655000,478,,,,Jane Nipius,"WPI Real Estate Services, Inc.",Real Broker LLC,47.6967988,-122.3502746,https://www.redfin.com/WA/Seattle/9225-Fremont-Ave-N-98103/home/99282
2026-09-19T19:54:21.154Z,NE Seattle,2026-08-04,108405,220618267,2550470,Closed,521 NE 85th,,Seattle,WA,98115,Maple Leaf,Single Family,1,1929,4,4,4,2030,4080,2,1425000,702,,,,Ben Hoefer,"John L. Scott, Inc.",COMPASS,47.6902187,-122.3219981,https://www.redfin.com/WA/Seattle/521-NE-85th-St-98115/home/108405
2026-09-19T19:54:21.154Z,Maple Leaf,2026-08-04,110173,220637197,2552291,Closed,409 NE 95th St,,Seattle,WA,98115,Maple Leaf,Single Family,1,1920,3,1,1,2020,7638,1,735000,364,,,,Paul Stickney,Realty ONE Group Orca Gold,COMPASS,47.6974745,-122.3241771,https://www.redfin.com/WA/Seattle/409-NE-95th-St-98115/home/110173
2026-09-19T19:54:21.154Z,Beacon Hill,2026-08-04,12318094,217023368,2536950,Closed,5804 17th Ave S,,Seattle,WA,98108,Beacon Hill,Single Family,1,2007,3,2.5,2,1700,3360,2,768000,452,,,,Nina Thornsburg,Windermere R E Mount Baker,Windermere Real Estate Midtown,47.5510365,-122.3108397,https://www.redfin.com/WA/Seattle/5804-17th-Ave-S-98108/home/12318094
2026-09-19T19:54:21.154Z,Magnolia,2026-08-04,127171,217109672,2543588,Closed,3303 37th Ave W,,Seattle,WA,98199,Magnolia,Single Family,1,2018,5,3.5,3,3980,6149,2,2725000,685,,,,Scott Shutes,Windermere RE Greenwood,Realogics Sotheby's Int'l Rlty,47.649635,-122.4050324,https://www.redfin.com/WA/Seattle/3303-37th-Ave-W-98199/home/127171
2026-09-19T19:54:21.154Z,Central Seattle,2026-08-04,139703,222033921,2565265,Closed,2220 40th Ave E,,Seattle,WA,98112,Madison Park,Single Family,1,1970,3,3.5,3,2834,8455,2,3300000,1164,,,,Ian Rolfe,COMPASS,NWMLS-NonOffice,47.6386885,-122.281629,https://www.redfin.com/WA/Seattle/2220-40th-Ave-E-98112/home/139703
2026-09-19T19:54:21.154Z,West Seattle,2026-08-04,151458,220949527,2555194,Closed,5601 Bradford St,,Seattle,WA,98116,Alki,Single Family,1,1978,4,4,4,3530,7250,2,1900000,538,,,,Matthew Koenig,COMPASS,Windermere West Metro,47.5691563,-122.403917,https://www.redfin.com/WA/Seattle/5601-SW-Bradford-St-98116/home/151458
2026-09-19T19:54:21.154Z,Eastlake,2026-08-04,196284625,216791483,2538465,Closed,2921 Franklin Ave E Unit B,Unit B,Seattle,WA,98102,Eastlake,Townhouse,3,2025,3,3.5,3,1790,1003,1.5,885000,494,,,,Marianna Mikshanskiy,"John L. Scott, Inc.","Windermere RE/Capitol Hill,Inc",47.6476642,-122.3233329,https://www.redfin.com/WA/Seattle/2921-Franklin-Ave-E-98102/unit-B/home/196284625
2026-09-19T19:54:21.154Z,Green Lake,2026-08-04,202140156,217085866,2543599,Closed,2340 N 64th St Unit C,Unit C,Seattle,WA,98103,Green Lake,Townhouse,3,2026,2,2.5,2,1270,460,1.5,836000,658,107,,,John Cowan,Windermere Real Estate Co.,Red Carpet Realty Gallery Inc,47.6753996,-122.3292215,https://www.redfin.com/WA/Seattle/2340-N-64th-St-98103/unit-C/home/202140156
2026-09-19T19:54:21.154Z,West Seattle,2026-08-04,202375446,217218830,2545909,Closed,7914 34th Ave SW,,Seattle,WA,98126,Gatewood,Single Family,1,2026,2,2.5,2,1112,1,2,599000,539,15,,,Bill Reid,Windermere West Metro,Windermere R E Mount Baker,47.5313862,-122.3749685,https://www.redfin.com/WA/Seattle/7914-34th-Ave-SW-98126/home/202375446
2026-09-19T19:54:21.154Z,Beacon Hill,2026-08-04,2083615,215600232,2527333,Closed,3951 S Chicago St,,Seattle,WA,98118,Seattle,Single Family,1,2005,3,2.5,2,1550,3254,2,730000,471,121,,,Alex Nakamoto,KW Mountains to Sound Realty,ZNonMember-Office-MLS,47.5324429,-122.2828118,https://www.redfin.com/WA/Seattle/3951-S-Chicago-St-98118/home/2083615
2026-09-19T19:54:21.154Z,NW Seattle,2026-08-04,289384,220551533,2549706,Closed,9835 Triton Dr NW,,Seattle,WA,98117,North Beach,Single Family,1,1928,4,3,3,2640,4854,2,1720000,652,,,,Kamie Rasmussen,Windermere Real Estate Midtown,Real Broker LLC,47.7011079,-122.3911808,https://www.redfin.com/WA/Seattle/9835-Triton-Dr-NW-98117/home/289384
2026-09-19T19:54:21.154Z,Fremont,2026-08-04,302198,214342647,2512423,Closed,421 N 40th St,,Seattle,WA,98103,Fremont,Single Family,1,1921,5,3,3,2870,7200,2,1050000,366,,,,Ranny Ray,Designed Realty,"Pellego, Inc.",47.6552229,-122.3534621,https://www.redfin.com/WA/Seattle/421-N-40th-St-98103/home/302198
2026-09-19T19:54:21.154Z,West Seattle,2026-08-04,328022,216792198,2537434,Closed,3306 35th Ave SW,,Seattle,WA,98126,Belvidere,Single Family,1,1950,3,2,2,1610,3650,1,1005000,624,,,,Sandra Hines,The Agency Seattle,COMPASS,47.5734816,-122.3758163,https://www.redfin.com/WA/Seattle/3306-35th-Ave-SW-98126/home/328022
2026-09-19T19:54:21.154Z,NW Seattle,2026-08-04,496006,220852605,2554010,Closed,119 N 83rd St,,Seattle,WA,98103,Greenwood,Single Family,1,1916,2,2,2,1130,3840,1,770000,681,,,,Darin Cruzen,"RE/MAX Metro Realty, Inc.",Windermere Real Estate/Summit,47.6889188,-122.3571233,https://www.redfin.com/WA/Seattle/119-N-83rd-St-98103/home/496006
2026-09-19T19:54:21.154Z,NW Seattle,2026-08-04,95758,217273953,2544989,Closed,13203 2nd Ave NW,,Seattle,WA,98177,Broadview,Single Family,1,1940,3,1,1,1790,9520,1,899000,502,,,,Ashley Minnie,"RE/MAX Eastside Brokers, Inc.",Real Broker LLC,47.7252478,-122.3599487,https://www.redfin.com/WA/Seattle/13203-2nd-Ave-NW-98177/home/95758
2026-09-19T19:54:21.154Z,Northgate,2026-08-03,105067,217237384,2543917,Closed,8548 Midvale Ave N Unit B,Unit B,Seattle,WA,98103,Seattle,Townhouse,3,2004,3,3,3,1400,1383,1.5,640000,457,,,,Chris Fiamengo,John L Scott Madrona Group,Real Broker LLC,47.691919,-122.3420034,https://www.redfin.com/WA/Seattle/8548-Midvale-Ave-N-98103/unit-B/home/105067
2026-09-19T19:54:21.154Z,Magnolia,2026-08-03,124679,217004758,2537360,Closed,3637 22nd Ave W,,Seattle,WA,98199,Magnolia,Single Family,1,1944,3,1,1,920,2992,1,600000,652,,,,Doug Dailey,Coldwell Banker Bain,Prevu Real Estate LLC,47.6532626,-122.3849995,https://www.redfin.com/WA/Seattle/3637-22nd-Ave-W-98199/home/124679
2026-09-19T19:54:21.154Z,Magnolia,2026-08-03,125049,221005798,2556205,Closed,2626 W Boston St,,Seattle,WA,98199,Magnolia,Single Family,1,1941,3,2,2,2680,4000,2,1260000,470,,,,Nancy Williams,Windermere Real Estate Midtown,COMPASS,47.6386397,-122.3915848,https://www.redfin.com/WA/Seattle/2626-W-Boston-St-98199/home/125049
2026-09-19T19:54:21.154Z,Central Seattle,2026-08-03,138455,216943039,2539502,Closed,2218 E McGraw St,,Seattle,WA,98112,Montlake,Single Family,1,1925,5,4,4,2110,4000,2,1860000,882,,,,Danny Greco,KW Greater Seattle,Keller Williams Eastside,47.640476,-122.3028619,https://www.redfin.com/WA/Seattle/2218-E-McGraw-St-98112/home/138455
2026-09-19T19:54:21.154Z,Central Seattle,2026-08-03,145960,220935381,2555237,Closed,1607 34th St,,Seattle,WA,98122,Madrona,Single Family,1,1925,2,1,1,2040,5000,2,1098000,538,,,,Chris Koehler,COMPASS,COMPASS,47.6155398,-122.289554,https://www.redfin.com/WA/Seattle/1607-34th-Ave-98122/home/145960
2026-09-19T19:54:21.154Z,Central Seattle,2026-08-03,149285,216956221,2536700,Closed,123 31st Ave,,Seattle,WA,98122,Leschi,Single Family,1,1906,4,2,2,2000,6000,2,1225000,613,,,,Erin Elliott,Keller Williams Seattle Metro,Realogics Sotheby's Int'l Rlty,47.6023694,-122.2929486,https://www.redfin.com/WA/Seattle/123-31st-Ave-98122/home/149285
2026-09-19T19:54:21.154Z,Central Seattle,2026-08-03,170762,220651439,2548694,Closed,1715 26th Ave S,,Seattle,WA,98144,Judkins,Single Family,1,1920,4,2,2,1680,4000,1.5,867000,516,,,,Gordy Marks,RE/MAX Northwest,Kelly Right RE of Seattle LLC,47.5878251,-122.2993964,https://www.redfin.com/WA/Seattle/1715-26th-Ave-S-98144/home/170762
2026-09-19T19:54:21.154Z,Beacon Hill,2026-08-03,192260163,209933350,2461332,Closed,2108 15th Ave S Unit B,Unit B,Seattle,WA,98144,Beacon Hill,Townhouse,3,2024,2,2,2,996,598,1.5,542500,545,,,,Adrian Chu,Specialty Real Estate Group,Keller Williams Realty,47.5842988,-122.3131388,https://www.redfin.com/WA/Seattle/2108-15th-Ave-S-98144/unit-B/home/192260163
2026-09-19T19:54:21.154Z,Ballard (specific),2026-08-03,200163340,216187777,2532002,Closed,6315 9th Ave NW,,Seattle,WA,98107,Ballard,Single Family,1,2025,2,1.5,1,856,1056,2,607650,710,5,,,,Keller Williams North Seattle,Redfin,47.6746463,-122.3689671,https://www.redfin.com/WA/Seattle/6315-9th-Ave-NW-98107/home/200163340
2026-09-19T19:54:21.154Z,Central Seattle,2026-08-03,201752027,216548224,2535552,Closed,909 32nd Ave S Unit C,Unit C,Seattle,WA,98144,Leschi,Townhouse,3,2026,2,1.5,1,1125,1733,1.5,815000,724,79,,,Tom Skepetaris,Realogics Sotheby's Int'l Rlty,Windermere R E Mount Baker,47.5941222,-122.2918381,https://www.redfin.com/WA/Seattle/909-32nd-Ave-S-98144/unit-C/home/201752027
2026-09-19T19:54:21.154Z,Ballard (specific),2026-08-03,2066004,217282304,2546668,Closed,1502 NW 52nd St,,Seattle,WA,98107,Ballard,Townhouse,3,2006,2,2,2,1290,1935,1.5,710000,550,,,,Kevin Kirkaldie,Coldwell Banker Bain,Windermere Real Estate Midtown,47.666632,-122.3766834,https://www.redfin.com/WA/Seattle/1502-NW-52nd-St-98107/home/2066004
2026-09-19T19:54:21.154Z,Fremont,2026-08-03,302519,216959783,2537374,Closed,315 N 46th,,Seattle,WA,98103,Seattle,Single Family,1,1926,3,2,2,2666,3750,1.5,888000,333,,,,Margo Snow,Windermere Real Estate Midtown,Windermere Real Estate Co.,47.6619276,-122.3546579,https://www.redfin.com/WA/Seattle/315-N-46th-St-98103/home/302519
2026-09-19T19:54:21.154Z,NE Seattle,2026-08-03,311440,213404857,2497833,Closed,5611 Brooklyn Ave NE,,Seattle,WA,98105,University District,Single Family,1,1905,6,2,2,2240,3901,1,1070000,478,,,,,"Skyline Properties, Inc.",Redfin,47.6697378,-122.3144452,https://www.redfin.com/WA/Seattle/5611-Brooklyn-Ave-NE-98105/home/311440
2026-09-19T19:54:21.154Z,Beacon Hill,2026-08-03,478679,212347569,2481180,Closed,3032 S Dawson St,,Seattle,WA,98108,Columbia City,Single Family,1,1906,4,3,3,1660,6776,1,799900,482,,,,Nathan Bishop,"John L. Scott, Inc.","John L. Scott, Inc",47.5554941,-122.292796,https://www.redfin.com/WA/Seattle/3032-S-Dawson-St-98108/home/478679
2026-09-19T19:54:21.154Z,NW Seattle,2026-08-03,99898,206835291,2424438,Closed,917 N 100th St,,Seattle,WA,98133,Greenwood,Single Family,1,1981,3,2,2,1520,6079,1.5,825000,543,,,,,Heartland LLC,Redfin,47.7012021,-122.3465172,https://www.redfin.com/WA/Seattle/917-N-100th-St-98133/home/99898
2026-09-19T19:54:21.154Z,NE Seattle,2026-07-31,121924,222000246,2565019,Closed,3054 E Laurelhurst Dr NE,,Seattle,WA,98105,Laurelhurst,Single Family,1,1928,5,5.5,5,7683,40463,2,15000000,1952,,,,Terry Allen,Coldwell Banker Bain,Windermere Real Estate Midtown,47.6502684,-122.2761365,https://www.redfin.com/WA/Seattle/3054-E-Laurelhurst-Dr-NE-98105/home/121924
2026-09-19T19:54:21.154Z,Queen Anne,2026-07-31,133021,222541607,2570699,Closed,2423 Nob Hill Ave N,,Seattle,WA,98109,Queen Anne,Single Family,1,1923,1,1,1,1320,4800,1,1200000,909,,,,Guy Duvall,John L. Scott Lacey,Coldwell Banker Bain,47.6406676,-122.3511027,https://www.redfin.com/WA/Seattle/2423-Nob-Hill-Ave-N-98109/home/133021
2026-09-19T19:54:21.154Z,Queen Anne,2026-07-31,133210,220608970,2531630,Closed,2222 Warren Ave N,,Seattle,WA,98109,Queen Anne,Single Family,1,1910,4,4,3,2768,3500,3,2565000,927,,,,Mary Durkan,Windermere Real Estate Co.,Windermere Real Estate Midtown,47.6389423,-122.3540892,https://www.redfin.com/WA/Seattle/2222-Warren-Ave-N-98109/home/133210
2026-09-19T19:54:21.154Z,Queen Anne,2026-07-31,134328,220460885,2549577,Closed,426 Wheeler St,,Seattle,WA,98109,Queen Anne,Single Family,1,1949,5,5.5,5,4840,5250,2,3650000,754,,,,Bob Bennion,COMPASS,eXp Realty,47.6409509,-122.3483716,https://www.redfin.com/WA/Seattle/426-Wheeler-St-98109/home/134328
2026-09-19T19:54:21.154Z,Central Seattle,2026-07-31,143932,217313338,2547150,Closed,1715 E Mercer St,,Seattle,WA,98112,Capitol Hill,Single Family,1,1902,4,2,2,2600,3200,2,1535000,590,,,,Margie Zech,"Windermere RE/Capitol Hill,Inc",Windermere Real Estate Co.,47.6242663,-122.3092542,https://www.redfin.com/WA/Seattle/1715-E-Mercer-St-98112/home/143932
2026-09-19T19:54:21.154Z,Central Seattle,2026-07-31,144389,215352715,2522321,Closed,1106 18th Ave,,Seattle,WA,98122,Capitol Hill,Townhouse,3,1992,3,2.5,2,1380,1852,1.5,740000,536,,,,Spafford Robbins,COMPASS,COMPASS,47.6118341,-122.3086063,https://www.redfin.com/WA/Seattle/1106-18th-Ave-98122/home/144389
2026-09-19T19:54:21.154Z,Beacon Hill,2026-07-31,145927578,216993118,2540862,Closed,2336 C 23 Ave S,,Seattle,WA,98144,N Beacon Hill,Single Family,1,2026,4,3,3,2068,2105,2,895000,433,,,,BOB Lee,Better Properties - Metro,Coldwell Banker Danforth,47.5819718,-122.3027511,https://www.redfin.com/WA/Seattle/2336-23rd-Ave-S-98144/home/145927578
2026-09-19T19:54:21.154Z,West Seattle,2026-07-31,156158,221010173,2556184,Closed,10245 42nd Ave SW,,Seattle,WA,98146,Arbor Heights,Single Family,1,1991,4,2.5,2,1990,5332,1.5,550000,276,,,,Katherine Vincent,Windermere Real Estate/East,John L Scott RE West Seattle,47.5107516,-122.3861447,https://www.redfin.com/WA/Seattle/10245-42nd-Ave-SW-98146/home/156158
2026-09-19T19:54:21.154Z,Queen Anne,2026-07-31,178434672,215920360,2528424,Closed,1516 Bigelow Ave N,,Seattle,WA,98109,Queen Anne,Townhouse,3,2023,3,3.5,3,1688,1696,1.5,1445000,856,,,,,Coldwell Banker Bain,Redfin,47.6328522,-122.3481412,https://www.redfin.com/WA/Seattle/1516-Bigelow-Ave-N-98109/home/178434672
2026-09-19T19:54:21.154Z,Beacon Hill,2026-07-31,191475797,220903551,2554927,Closed,3331 A S Morgan St,,Seattle,WA,98118,Beacon Hill,Single Family,1,1968,3,2,2,1820,4700,1.5,568000,312,,,,Kurtis Sellers,Windermere RE Greenwood,"John L. Scott, Inc.",47.543699,-122.289069,https://www.redfin.com/WA/Seattle/3331-A-S-Morgan-St-98118/home/191475797
2026-09-19T19:54:21.154Z,Beacon Hill,2026-07-31,193931641,215280747,2522951,Closed,9025 38th Ave S,,Seattle,WA,98118,Beacon Hill,Townhouse,3,2024,2,3,3,1000,2322,1.5,525000,525,,,,Wei Yang,5 Corners Realty LLC,Real Broker LLC,47.5218402,-122.2851794,https://www.redfin.com/WA/Seattle/9025-38th-Ave-S-98118/home/193931641
2026-09-19T19:54:21.154Z,West Seattle,2026-07-31,198821256,217291409,2546208,Closed,4107 25th Ave SW,,Seattle,WA,98106,Delridge,Townhouse,3,2025,3,2,2,1419,5000,1.5,699998,493,,,,Francisco Dictado,KW Lake Washington So,Columbia Partners Real Estate,47.5662958,-122.3647008,https://www.redfin.com/WA/Seattle/4107-25th-Ave-SW-98106/home/198821256
2026-09-19T19:54:21.154Z,West Seattle,2026-07-31,201017192,220429613,2549088,Closed,2626 58th Ave SW Unit B,Unit B,Seattle,WA,98116,Alki,Single Family,1,2025,2,2,2,1407,939,,825000,586,21,,,Rachel Olson,COMPASS,Bushwick,47.580019,-122.4059437,https://www.redfin.com/WA/Seattle/2626-58th-Ave-SW-98116/unit-B/home/201017192
2026-09-19T19:54:21.154Z,West Seattle,2026-07-31,201656685,214600224,2515981,Closed,2122 Halleck Ave SW,,Seattle,WA,98116,Alki,Single Family,1,1969,2,2,2,1236,,2,1090000,882,426,,,Brian Hill,John L Scott RE West Seattle,Windermere Real Estate Midtown,47.5846888,-122.3978363,https://www.redfin.com/WA/Seattle/2122-Halleck-Ave-SW-98116/home/201656685
2026-09-19T19:54:21.154Z,Central Seattle,2026-07-31,201837047,216548223,2535549,Closed,909 32nd Ave S Unit A,Unit A,Seattle,WA,98144,Leschi,Townhouse,3,2026,4,3,3,2675,1247,1.5,1725000,645,141,,,Tom Skepetaris,Realogics Sotheby's Int'l Rlty,Berkshire Hathaway HS NW,47.5941222,-122.2918381,https://www.redfin.com/WA/Seattle/909-32nd-Ave-S-98144/unit-A/home/201837047
2026-09-19T19:54:21.154Z,NE Seattle,2026-07-31,202387028,217284201,2537296,Closed,6505 44th Ave NE,,Seattle,WA,98115,View Ridge,Single Family,1,2026,3,2.5,2,1422,1707,2,910000,640,4,,,Eric Nissen,"Real Property Associates, Inc.",Windermere Prof Partners,47.6761363,-122.281148,https://www.redfin.com/WA/Seattle/6505-44th-Ave-NE-98115/home/202387028
2026-09-19T19:54:21.154Z,Central Seattle,2026-07-31,2088091,217251279,2544964,Closed,227 24th Ave E Unit B,Unit B,Seattle,WA,98112,Madison Valley,Townhouse,3,2005,2,1.5,1,1090,1209,1.5,699000,641,,,,Wenwei Xu,Best Choice Realty,"Windermere Real Estate/M2, LLC",47.6210213,-122.3017285,https://www.redfin.com/WA/Seattle/227-24th-Ave-E-98112/unit-B/home/2088091
2026-09-19T19:54:21.154Z,NW Seattle,2026-07-31,288181,217151625,2534542,Closed,895 NW Elford Dr,,Seattle,WA,98177,Broadview,Single Family,1,1952,4,3,3,3440,16552,1,1688000,491,,,,Ned Hosford,COMPASS,Lake & Company,47.7287609,-122.3688867,https://www.redfin.com/WA/Seattle/895-NW-Elford-Dr-98177/home/288181
2026-09-19T19:54:21.154Z,NW Seattle,2026-07-31,288722,221916228,2563688,Closed,10233 Belgrove Ct NW,,Seattle,WA,98117,Blue Ridge,Single Family,1,1948,5,2,1,3881,7440,2,3100000,799,544,,,Jessica Dodge,Windermere Real Estate Co.,NWMLS-NonOffice,47.7033318,-122.3828374,https://www.redfin.com/WA/Seattle/10233-Belgrove-Ct-NW-98177/home/288722
2026-09-19T19:54:21.154Z,NW Seattle,2026-07-31,291520,205621938,2410959,Closed,12238 4th Ave NW,,Seattle,WA,98177,Ballard,Single Family,1,1940,3,2,2,1550,7680,1,900000,581,,,,Aline Binalangbang,Kelly Right RE of Seattle LLC,Realogics Sotheby's Int'l Rlty,47.718988,-122.3619963,https://www.redfin.com/WA/Seattle/12238-4th-Ave-NW-98177/home/291520
2026-09-19T19:54:21.154Z,Fremont,2026-07-31,302799,217172774,2540515,Closed,4317 Phinney Ave N,,Seattle,WA,98103,Fremont,Single Family,1,1904,5,2,2,2200,5000,1,1050000,477,,,,Marshall Longtin,Windermere Real Estate Co.,COMPASS,47.6595553,-122.3546932,https://www.redfin.com/WA/Seattle/4317-Phinney-Ave-N-98103/home/302799
2026-09-19T19:54:21.154Z,Ballard (specific),2026-07-31,302929,216095290,2528490,Closed,5216 9th Ave NW,,Seattle,WA,98107,Ballard,Single Family,1,1927,5,3,3,2910,4300,1.5,1498000,515,,,,Sharlane Chase,Windermere Real Estate Co.,Berkshire Hathaway HS NW,47.6669921,-122.3683404,https://www.redfin.com/WA/Seattle/5216-9th-Ave-NW-98107/home/302929
2026-09-19T19:54:21.154Z,NE Seattle,2026-07-31,310537,220958046,2554470,Closed,8042 18th Ave NE,,Seattle,WA,98115,Roosevelt,Single Family,1,1929,3,2.5,2,2470,3800,2,890000,360,,,,Richard Buchanan,KW Greater Seattle,"Heaton Dainard, LLC",47.6879116,-122.3086722,https://www.redfin.com/WA/Seattle/8042-18th-Ave-NE-98115/home/310537
2026-09-19T19:54:21.154Z,NE Seattle,2026-07-31,313077,220619211,2550797,Closed,6249 30th Ave NE,,Seattle,WA,98115,Bryant,Single Family,1,1928,3,2,2,2770,5000,1.5,997000,360,,,,Brad Knowles,Windermere Real Estate Midtown,eXp Realty,47.6754526,-122.2956783,https://www.redfin.com/WA/Seattle/6249-30th-Ave-NE-98115/home/313077
2026-09-19T19:54:21.154Z,West Seattle,2026-07-31,327616,220658949,2549046,Closed,3741 33rd Ave SW,,Seattle,WA,98126,West Seattle,Single Family,1,1950,3,2.5,2,2510,6000,1,900000,359,,,,Chris Archer,Keller Williams Realty PS,Aris360,47.5701856,-122.3742595,https://www.redfin.com/WA/Seattle/3741-33rd-Ave-SW-98126/home/327616
2026-09-19T19:54:21.154Z,West Seattle,2026-07-31,330423,221022960,2557015,Closed,4047 44th Ave SW,,Seattle,WA,98116,Alaska Junction,Single Family,1,2026,3,2.5,2,1273,1768,3,885000,695,88,,,Jacob Menashe,Berkshire Hathaway HS NW,Windermere Real Estate Midtown,47.5670301,-122.3884865,https://www.redfin.com/WA/Seattle/4047-44th-Ave-SW-98116/home/330423
2026-09-19T19:54:21.154Z,West Seattle,2026-07-31,469805,220610917,2550328,Closed,3927 SW Frontenac St,,Seattle,WA,98136,Gatewood,Single Family,1,1966,3,2.5,2,2771,4750,1,1325000,478,,,,Sarah Georger-Clark,COMPASS,Lake & Company,47.5399171,-122.3831759,https://www.redfin.com/WA/Seattle/3927-SW-Frontenac-St-98136/home/469805
2026-09-19T19:54:21.154Z,West Seattle,2026-07-31,470230,217008934,2541080,Closed,8459 40th Ave SW,,Seattle,WA,98136,Gatewood,Single Family,1,1949,4,2,2,2660,6400,1,1399950,526,,,,Steve Snider,Real Residential,Windermere Real Estate/East,47.5267859,-122.3831937,https://www.redfin.com/WA/Seattle/8459-40th-Ave-SW-98136/home/470230
2026-09-19T19:54:21.154Z,West Seattle,2026-07-31,471273,216090407,2528118,Closed,5216 40th Ave SW,,Seattle,WA,98136,West Seattle,Single Family,1,1918,4,3,3,1880,6000,1,1150000,612,,,,Marina Crews Lemelson,The Agency Seattle/Eastside,Berkshire Hathaway HS NW,47.5550958,-122.382603,https://www.redfin.com/WA/Seattle/5216-40th-Ave-SW-98136/home/471273
2026-09-19T19:54:21.154Z,West Seattle,2026-07-31,472428,214640902,2491333,Closed,9328 31st Ave SW,,Seattle,WA,98126,Westwood,Single Family,1,1951,2,1,1,740,5772,1,530000,716,,,,Anne Healey,Windermere West Metro,Coldwell Banker Bain,47.518268,-122.3721612,https://www.redfin.com/WA/Seattle/9328-31st-Ave-SW-98126/home/472428
2026-09-19T19:54:21.154Z,West Seattle,2026-07-31,472670,216994613,2541622,Closed,9348 32nd Ave SW,,Seattle,WA,98126,Westwood,Single Family,1,1950,3,1,1,900,5000,1,620000,689,,,,Nicole Bennett,COMPASS,COMPASS,47.5184225,-122.3741618,https://www.redfin.com/WA/Seattle/9348-32nd-Ave-SW-98126/home/472670
2026-09-19T19:54:21.154Z,West Seattle,2026-07-31,474222,220592112,2549875,Closed,1433 SW Donovan St,,Seattle,WA,98106,Highland Park,Single Family,1,1954,4,2,2,1400,8220,1,780000,557,,,,Jennifer Bryant,Inspire Realty,COMPASS,47.5254188,-122.3543194,https://www.redfin.com/WA/Seattle/1433-SW-Donovan-St-98106/home/474222
2026-09-19T19:54:21.154Z,West Seattle,2026-07-31,474295,216648605,2535717,Closed,7915 18th Ave SW,,Seattle,WA,98106,Highland Park,Single Family,1,1948,2,1,1,770,6063,1,599000,778,,,,Sitka Murray,North Pacific Properties,Windermere West Metro,47.5313289,-122.3581144,https://www.redfin.com/WA/Seattle/7915-18th-Ave-SW-98106/home/474295
2026-09-19T19:54:21.154Z,West Seattle,2026-07-31,474905,222080061,2565921,Closed,8426 10th Ave SW,,Seattle,WA,98106,Highland Park,Single Family,1,1952,3,1,1,1090,7620,1,249950,229,,,,Sarah Georger-Clark,COMPASS,"Pellego, Inc.",47.5274793,-122.347772,https://www.redfin.com/WA/Seattle/8426-10th-Ave-SW-98106/home/474905
2026-09-19T19:54:21.154Z,Ballard (specific),2026-07-31,493480,220550362,2551056,Closed,1749 NW 63rd St,,Seattle,WA,98107,Ballard,Single Family,1,1900,3,2.5,2,2300,2500,,1180000,513,,,,Mary Durkan,Windermere Real Estate Co.,Windermere R E Mount Baker,47.6743867,-122.3810119,https://www.redfin.com/WA/Seattle/1749-NW-63rd-St-98107/home/493480
2026-09-19T19:54:21.154Z,Ballard (specific),2026-07-31,496321,220626691,2552221,Closed,8014 12th Ave NW,,Seattle,WA,98117,Whittier,Single Family,1,2000,4,3.5,3,2770,3750,2,1729500,624,,,,Andy Sather,"John L. Scott, Inc.",Lake & Company,47.687401,-122.3711563,https://www.redfin.com/WA/Seattle/8014-12th-Ave-NW-98117/home/496321
2026-09-19T19:54:21.154Z,Central Seattle,2026-07-31,52428515,217178994,2544722,Closed,1917 E Alder St,,Seattle,WA,98122,Central Area,Single Family,1,2013,3,2.5,2,2280,3752,2,1480000,649,,,,Stephanie Hart,Unlock Seattle Real Estate LLC,RE/MAX Northwest,47.6041321,-122.3067301,https://www.redfin.com/WA/Seattle/1917-E-Alder-St-98122/home/52428515
2026-09-19T19:54:21.154Z,Central Seattle,2026-07-31,73803,215339629,2523914,Closed,1601 22nd Ave #2118,#2118,Seattle,WA,98122,Central Area,Single Family,1,1916,1,1,1,486,,1,508000,1045,618,,,Chris Randall,Lake & Company,Real Broker LLC,47.6154743,-122.3038272,https://www.redfin.com/WA/Seattle/1601-22nd-Ave-98122/unit-2118/home/73803
2026-09-19T19:54:21.154Z,Wallingford,2026-07-30,104216985,213895642,2505322,Closed,4418 Eastern Ave N,,Seattle,WA,98103,Wallingford,Townhouse,3,2002,3,2.5,2,1775,1,1.5,890000,501,635,,,TC Wu,"WPI Real Estate Services, Inc.",Windermere Real Estate Midtown,47.6608559,-122.3287051,https://www.redfin.com/WA/Seattle/4418-Eastern-Ave-N-98103/home/104216985
2026-09-19T19:54:21.154Z,Wallingford,2026-07-30,118092,218950935,2543535,Closed,4100 Densmore Ave N,,Seattle,WA,98103,Wallingford,Single Family,1,1924,5,4,4,3880,4560,2,2249000,580,,,,,Blue Pacific Real Estate,Redfin,47.6569872,-122.3371899,https://www.redfin.com/WA/Seattle/4100-Densmore-Ave-N-98103/home/118092
2026-09-19T19:54:21.154Z,Queen Anne,2026-07-30,129983,217017811,2542063,Closed,19 Dravus St,,Seattle,WA,98109,Queen Anne,Single Family,1,1928,2,2,2,1940,3600,1,800000,412,,,,Tara Farquhar,Lake & Company,Every Door Real Estate,47.6484375,-122.3567687,https://www.redfin.com/WA/Seattle/19-Dravus-St-98109/home/129983
2026-09-19T19:54:21.154Z,Queen Anne,2026-07-30,130422,220624194,2551925,Closed,2448 1st Ave W,,Seattle,WA,98119,Queen Anne,Single Family,1,1918,3,2,2,2040,4786,1.5,1315000,645,,,,Barbara Nelson,Lake & Company,Windermere Real Estate Co.,47.64106,-122.3579462,https://www.redfin.com/WA/Seattle/2448-1st-Ave-W-98119/home/130422
2026-09-19T19:54:21.154Z,Central Seattle,2026-07-30,144279,220648486,2548525,Closed,732 15th Ave,,Seattle,WA,98122,Central Area,Single Family,1,1900,4,3.5,3,3322,3000,,1305000,393,,,,Kristi Vellema,Windermere Real Estate/East,Windermere Real Estate Co.,47.6090738,-122.3125537,https://www.redfin.com/WA/Seattle/732-15th-Ave-98122/home/144279
2026-09-19T19:54:21.154Z,West Seattle,2026-07-30,150612,216763658,2538653,Closed,3722 SW Grayson St,,Seattle,WA,98126,North Admiral,Single Family,1,1919,3,2,2,2230,6500,1,1200000,538,,,,Natalie English,Windermere West Metro,Windermere Real Estate GH LLC,47.5819925,-122.3785816,https://www.redfin.com/WA/Seattle/3722-SW-Grayson-St-98126/home/150612
2026-09-19T19:54:21.154Z,West Seattle,2026-07-30,155734,214348154,2512522,Closed,3528 SW 98th St,,Seattle,WA,98126,Arbor Heights,Single Family,1,1928,3,2,2,1432,8520,1,820000,573,,,,Kevin Broveleit,West Seattle Realty,Keller Williams North Seattle,47.515831,-122.3779063,https://www.redfin.com/WA/Seattle/3528-SW-98th-St-98126/home/155734
2026-09-19T19:54:21.154Z,West Seattle,2026-07-30,161117,220567654,2538076,Closed,1206 SW Myrtle St,,Seattle,WA,98106,Highland Park,Single Family,1,1966,4,1.5,1,1770,7345,1.5,864000,488,,,,Nancy Gonzalez,KW Lake Washington So,Windermere Real Estate Co.,47.5392662,-122.350854,https://www.redfin.com/WA/Seattle/1206-SW-Myrtle-St-98106/home/161117
2026-09-19T19:54:21.154Z,Ballard (specific),2026-07-30,166230,216550877,2535814,Closed,3002 NW 70th St,,Seattle,WA,98117,Sunset Hill,Single Family,1,1949,6,3,3,3200,7500,2,1350000,422,,,,Jane Powers,"Ewing & Clark, Inc.","Heaton Dainard, LLC",47.6797252,-122.3959646,https://www.redfin.com/WA/Seattle/3002-NW-70th-St-98117/home/166230
2026-09-19T19:54:21.154Z,Ballard (specific),2026-07-30,167021,216837663,2539348,Closed,8045 26th Ave NW,,Seattle,WA,98117,Seattle,Single Family,1,1919,2,2,2,875,3880,2,818000,935,,,,Alexis Martz,"TRELORA Realty, Inc.",Windermere RE Greenwood,47.6881323,-122.3901327,https://www.redfin.com/WA/Seattle/8045-26th-Ave-NW-98117/home/167021
2026-09-19T19:54:21.154Z,Beacon Hill,2026-07-30,168697,213866693,2504462,Closed,1811 S Stevens St,,Seattle,WA,98144,N Beacon Hill,Single Family,1,1948,4,2.5,2,2100,4000,1,1055000,502,,,,Cameron Anderson,eXp Realty,Keller Williams Seattle Metro,47.5767976,-122.3086426,https://www.redfin.com/WA/Seattle/1811-S-Stevens-St-98144/home/168697
2026-09-19T19:54:21.154Z,Central Seattle,2026-07-30,168852695,216129936,2530188,Closed,800 23rd Ave S Unit A,Unit A,Seattle,WA,98144,Judkins,Townhouse,3,2023,2,1.5,1,1254,1194,1.5,627500,500,,,,Jacquelyn Phillips,Keller Williams Seattle Metro,The Agency Seattle,47.59542,-122.301857,https://www.redfin.com/WA/Seattle/800-23rd-Ave-S-98144/unit-A/home/168852695
2026-09-19T19:54:21.154Z,Fremont,2026-07-30,194153594,217257512,2544329,Closed,105 B 39th Ave NW,,Seattle,WA,98107,Fremont,Townhouse,3,2025,3,2,2,1284,775,1.5,674950,526,,,,Barrick Benson,Windermere Real Estate Co.,Windermere Real Estate/East,47.6540005,-122.3580182,https://www.redfin.com/WA/Seattle/105-NW-39th-St-98107/unit-B/home/194153594
2026-09-19T19:54:21.154Z,West Seattle,2026-07-30,201205271,213757657,2499606,Closed,8410 17th Ave SW #3,#3,Seattle,WA,98106,Highland Park,Townhouse,3,2023,3,2.5,2,2175,,1.5,745000,343,20,,,Jeffrey Costello,Tribeca NW Real Estate,AgencyOne,47.5278476,-122.3559456,https://www.redfin.com/WA/Seattle/8410-17th-Ave-SW-98106/unit-3/home/201205271
2026-09-19T19:54:21.154Z,West Seattle,2026-07-30,202375904,217222285,2544253,Closed,5039 41st Ave SW #2,#2,Seattle,WA,98136,Alaska Junction,Townhouse,3,2026,4,3.5,3,2078,,1.5,1249800,601,80,,,,"RE/MAX Metro Realty, Inc.",Redfin,47.5563293,-122.3844701,https://www.redfin.com/WA/Seattle/5039-41st-Ave-SW-98136/unit-2/home/202375904
2026-09-19T19:54:21.154Z,NW Seattle,2026-07-30,300367,216970770,2540610,Closed,531 N 84th St,,Seattle,WA,98103,Greenwood,Single Family,1,2014,4,3.5,3,3060,3825,2,1815000,593,,,,Michael Doyle,Windermere Real Estate Midtown,Kelly Right RE of Seattle LLC,47.6896212,-122.3511764,https://www.redfin.com/WA/Seattle/531-N-84th-St-98103/home/300367
2026-09-19T19:54:21.154Z,Green Lake,2026-07-30,307479,217266965,2544815,Closed,1146 N 78th St,,Seattle,WA,98103,Green Lake,Single Family,1,1929,5,1.5,1,2330,4343,1.5,1185000,509,,,,Steve Laevastu,Windermere RE Greenwood,eXp Realty,47.6857063,-122.3423838,https://www.redfin.com/WA/Seattle/1146-N-78th-St-98103/home/307479
2026-09-19T19:54:21.154Z,NE Seattle,2026-07-30,310455,217220563,2544951,Closed,907 NE 72nd St,,Seattle,WA,98115,Roosevelt,Single Family,1,1900,5,3,3,2266,6000,2,1480000,653,,,,Phillip Belenky,Ensemble,Ensemble,47.6806473,-122.3182638,https://www.redfin.com/WA/Seattle/907-NE-72nd-St-98115/home/310455
2026-09-19T19:54:21.154Z,NE Seattle,2026-07-30,316969,216749311,2537008,Closed,3535 NE 89th St,,Seattle,WA,98115,Wedgwood,Single Family,1,1986,3,2.5,2,1420,3060,2,920000,648,,,,Bryce Buri,Windermere Real Estate Co.,COMPASS,47.6928791,-122.2891335,https://www.redfin.com/WA/Seattle/3535-NE-89th-St-98115/home/316969
2026-09-19T19:54:21.154Z,West Seattle,2026-07-30,328984,217241923,2543832,Closed,3218 36th Ave SW,,Seattle,WA,98126,Belvidere,Single Family,1,1956,4,2.5,2,3376,6000,2,1775000,526,,,,Junior Torres,Windermere RE Greenwood,Windermere R E Mount Baker,47.5749817,-122.3767612,https://www.redfin.com/WA/Seattle/3218-36th-Ave-SW-98126/home/328984
2026-09-19T19:54:21.154Z,Wallingford,2026-07-30,38848,213895355,2505331,Closed,4414 Eastern Ave N #4418,#4418,Seattle,WA,98103,Wallingford,Townhouse,3,2002,3,2.5,2,1775,,1.5,890000,501,635,,,TC Wu,"WPI Real Estate Services, Inc.",Windermere Real Estate Midtown,47.6608661,-122.3286835,https://www.redfin.com/WA/Seattle/4414-Eastern-Ave-N-98103/unit-4418/home/38848
2026-09-19T19:54:21.154Z,West Seattle,2026-07-30,470162,220601062,2545690,Closed,8560 37th Ave SW,,Seattle,WA,98126,Fauntleroy,Single Family,1,1942,3,2,2,1700,4978,1,950000,559,,,,Kamila Kennedy,Windermere West Metro,Windermere West Metro,47.5265453,-122.3790641,https://www.redfin.com/WA/Seattle/8560-37th-Ave-SW-98126/home/470162
2026-09-19T19:54:21.154Z,West Seattle,2026-07-30,474554,217005151,2542472,Closed,8724 16th Ave SW,,Seattle,WA,98106,Highland Park,Single Family,1,1945,5,2,2,2380,7440,1,779000,327,,,,Gerald Overbeck,Keller Williams Eastside,"RE/MAX Eastside Brokers, Inc.",47.5248902,-122.3547958,https://www.redfin.com/WA/Seattle/8724-16th-Ave-SW-98106/home/474554
2026-09-19T19:54:21.154Z,NW Seattle,2026-07-30,96212,220390280,2548056,Closed,12238 1st Ave NW,,Seattle,WA,98177,Broadview,Single Family,1,1928,4,3.5,3,2340,6075,2,1288000,550,,,,Amy Laughter,Redfin,Coldwell Banker Bain,47.7189581,-122.3579414,https://www.redfin.com/WA/Seattle/12238-1st-Ave-NW-98177/home/96212
2026-09-19T19:54:21.154Z,Northgate,2026-07-29,104461,215912311,2520973,Closed,8509 A Interlake Ave N,,Seattle,WA,98103,Green Lake,Townhouse,3,2004,3,2.5,2,1520,1480,1.5,650000,428,,,,Ling Drost,WeLakeside,Real Broker LLC,47.6908483,-122.3404743,https://www.redfin.com/WA/Seattle/8509-Interlake-Ave-N-98103/unit-A/home/104461
2026-09-19T19:54:21.154Z,Magnolia,2026-07-29,128026,217257201,2546129,Closed,4006 32nd Ave W,,Seattle,WA,98199,Magnolia,Single Family,1,1948,3,2,2,1640,4800,1,1050000,640,,,,Paul Herbord,"RE/MAX Metro Realty, Inc.",RE/MAX Northwest,47.6561326,-122.3979507,https://www.redfin.com/WA/Seattle/4006-32nd-Ave-W-98199/home/128026
2026-09-19T19:54:21.154Z,Queen Anne,2026-07-29,131207,216994471,2541158,Closed,2556 1st Ave N,,Seattle,WA,98109,Queen Anne,Single Family,1,1926,4,3,3,3140,5298,2,2150000,685,,,,Ken Graff,Coldwell Banker Bain,KW Greater Seattle,47.6430616,-122.3552517,https://www.redfin.com/WA/Seattle/2556-1st-Ave-N-98109/home/131207
2026-09-19T19:54:21.154Z,Queen Anne,2026-07-29,132951,220637306,2550562,Closed,1914 3rd Ave N,,Seattle,WA,98109,Queen Anne,Single Family,1,1925,4,2,2,2280,3750,1,1630000,715,,,,Mary Lee,Windermere Real Estate Midtown,Lake & Company,47.6362007,-122.351697,https://www.redfin.com/WA/Seattle/1914-3rd-Ave-N-98109/home/132951
2026-09-19T19:54:21.154Z,Central Seattle,2026-07-29,136237,216140018,2528946,Closed,818 E Edgar St,,Seattle,WA,98102,Portage Bay,Single Family,1,1939,4,3.5,3,3800,5500,2,1825000,480,,,,Marella Alejandrino,Windermere Northlake,Windermere RE Magnolia,47.6446809,-122.3212228,https://www.redfin.com/WA/Seattle/818-E-Edgar-St-98102/home/136237
2026-09-19T19:54:21.154Z,Central Seattle,2026-07-29,137631,217234477,2546034,Closed,2301 Delmar Dr E,,Seattle,WA,98102,Montlake,Single Family,1,1937,2,2,2,1490,4000,1,900000,604,,,,Ashley Dolan,Berkshire Hathaway HS NW,Real Broker LLC,47.639632,-122.3138873,https://www.redfin.com/WA/Seattle/2301-Delmar-Dr-E-98102/home/137631
2026-09-19T19:54:21.154Z,Central Seattle,2026-07-29,146006,216088901,2530358,Closed,1530 25th Ave,,Seattle,WA,98122,Seattle,Townhouse,3,2026,3,2.5,2,1651,1198,1.5,999950,606,118,,,Steven Brown,The Dwelling Group LLC,Windermere Real Estate Co.,47.614991,-122.299723,https://www.redfin.com/WA/Seattle/1530-25th-Ave-98122/home/146006
2026-09-19T19:54:21.154Z,West Seattle,2026-07-29,149409,216426312,2530464,Closed,5336 SW Admiral Way,,Seattle,WA,98116,Alki,Single Family,1,1940,4,3,3,2480,5400,2,1625000,655,,,,Bliss Ong,Redfin,Windermere Real Estate Midtown,47.5784543,-122.4018551,https://www.redfin.com/WA/Seattle/5336-SW-Admiral-Way-98116/home/149409
2026-09-19T19:54:21.154Z,West Seattle,2026-07-29,155027,214592142,2509542,Closed,4014 SW 98th St,,Seattle,WA,98136,Arbor Heights,Single Family,1,1937,5,3,3,3600,8400,2,1340000,372,,,,Brent Fosso,John L Scott RE West Seattle,COMPASS,47.5158903,-122.3842896,https://www.redfin.com/WA/Seattle/4014-SW-98th-St-98136/home/155027
2026-09-19T19:54:21.154Z,West Seattle,2026-07-29,158363,220626086,2549796,Closed,8731 Fauntlee Crst SW,,Seattle,WA,98136,Fauntleroy,Single Family,1,1960,3,2,2,1750,7200,1,1610000,920,,,,Alex Eckardt,Coldwell Banker Danforth,Windermere R E Mount Baker,47.5245375,-122.3871432,https://www.redfin.com/WA/Seattle/8731-Fauntlee-Crst-SW-98136/home/158363
2026-09-19T19:54:21.154Z,West Seattle,2026-07-29,191428872,220484087,2549582,Closed,7148 47th Ave SW,,Seattle,WA,98136,Lincoln Park,Townhouse,3,2025,3,2.5,2,1540,1684,1.5,725000,471,,,,Robert Schoenmakers,Inspire Realty,"John L. Scott, Inc.",47.538336,-122.392651,https://www.redfin.com/WA/Seattle/7148-47th-Ave-SW-98136/home/191428872
2026-09-19T19:54:21.154Z,NE Seattle,2026-07-29,199286771,216786708,2539175,Closed,6221 9th Ave NE,,Seattle,WA,98115,Roosevelt,Townhouse,3,2026,3,2.5,2,1259,742,1.5,749950,596,,,,Adrian Chu,Specialty Real Estate Group,Windermere RE Greenwood,47.6737119,-122.319308,https://www.redfin.com/WA/Seattle/6221B-9th-Ave-NE-98115/home/199286771
2026-09-19T19:54:21.154Z,NW Seattle,2026-07-29,202236292,216818586,2539416,Closed,11052 2nd Ave NW,,Seattle,WA,98177,Broadview,Single Family,1,2026,3,2,2,1107,1556,2,745000,673,30,,,Jeff Zier,The Preview Group,Lake & Company,47.7102796,-122.3591838,https://www.redfin.com/WA/Seattle/11052-2nd-Ave-NW-98177/home/202236292
2026-09-19T19:54:21.154Z,Central Seattle,2026-07-29,2063877,217148872,2544156,Closed,925 Martin Luther King Jr Way,,Seattle,WA,98122,Central Area,Single Family,1,2006,4,3.5,3,2440,3996,2,1300000,533,,,,,Windermere Real Estate Midtown,Redfin,47.6107616,-122.2965498,https://www.redfin.com/WA/Seattle/925-Martin-Luther-King-Jr-Way-98122/home/2063877
2026-09-19T19:54:21.154Z,Green Lake,2026-07-29,306764,216335382,2526585,Closed,7843 Stroud Ave N,,Seattle,WA,98103,Green Lake,Single Family,1,1908,3,2,2,2310,5800,1.5,995000,431,,,,Joel Ramos,"Heaton Dainard, LLC","Real Property Associates, Inc.",47.686624,-122.3353084,https://www.redfin.com/WA/Seattle/7843-Stroud-Ave-N-98103/home/306764
2026-09-19T19:54:21.154Z,Green Lake,2026-07-29,307266,217266508,2546572,Closed,1117 N 84th St,,Seattle,WA,98103,Green Lake,Single Family,1,1915,2,1.5,1,976,4040,1,715000,733,,,,Justyna Kieko,Lake & Company,Keller Williams North Seattle,47.6896458,-122.3436552,https://www.redfin.com/WA/Seattle/1117-N-84th-St-98103/home/307266
2026-09-19T19:54:21.154Z,West Seattle,2026-07-29,329868,216990576,2526668,Closed,4117 45th Ave SW,,Seattle,WA,98116,Alaska Junction,Single Family,1,1918,2,1.5,1,1200,5800,1,1029000,858,,,,Michael Witt,"Windermere RE/Capitol Hill,Inc",RE/MAX All City,47.566039,-122.389795,https://www.redfin.com/WA/Seattle/4117-45th-Ave-SW-98116/home/329868
2026-09-19T19:54:21.154Z,NW Seattle,2026-07-29,97179,213668141,2502219,Closed,10044 12th Ave NW,,Seattle,WA,98177,Crown Hill,Single Family,1,1947,3,2,2,1260,9000,1,711000,564,,,,Mack McCoy,Lake & Company,Array Real Estate,47.7028673,-122.3710364,https://www.redfin.com/WA/Seattle/10044-12th-Ave-NW-98177/home/97179
2026-09-19T19:54:21.154Z,NW Seattle,2026-07-29,98596,217253714,2543749,Closed,9426 Linden Ave N,,Seattle,WA,98103,Greenwood,Townhouse,3,1999,3,2.5,2,1370,1377,1.5,589500,430,,,,Janine Duncan,Windermere Real Estate Midtown,RE/MAX Northwest,47.6974785,-122.3470487,https://www.redfin.com/WA/Seattle/9426-Linden-Ave-N-98103/home/98596
2026-09-19T19:54:21.154Z,Maple Leaf,2026-07-28,106963,220610783,2551509,Closed,1520 NE 89th St,,Seattle,WA,98115,Maple Leaf,Single Family,1,1984,3,3,3,1850,6380,1.5,1231000,665,,,,Stosh Jackson,Real Residential,Windermere RE Magnolia,47.6933727,-122.3112079,https://www.redfin.com/WA/Seattle/1520-NE-89th-St-98115/home/106963
2026-09-19T19:54:21.154Z,Maple Leaf,2026-07-28,107403,217016823,2541201,Closed,1542 NE 96th St,,Seattle,WA,98115,Maple Leaf,Single Family,1,1959,4,2,2,1700,6803,1.5,875000,515,,,,Suzanne Kohl,Windermere Real Estate Central,COMPASS,47.6987321,-122.3102198,https://www.redfin.com/WA/Seattle/1542-NE-96th-St-98115/home/107403
2026-09-19T19:54:21.154Z,Central Seattle,2026-07-28,12319297,216694299,2535479,Closed,1615 E Columbia St,,Seattle,WA,98122,Central Area,Single Family,1,2008,2,2.5,2,2030,2240,2,1120000,552,,,,Carissa Saffel,COMPASS,Windermere Real Estate/East,47.6090349,-122.3107724,https://www.redfin.com/WA/Seattle/1615-E-Columbia-St-98122/home/12319297
2026-09-19T19:54:21.154Z,Magnolia,2026-07-28,125267,217018910,2527108,Closed,2017 36th Ave W,,Seattle,WA,98199,Magnolia,Single Family,1,1937,4,3.5,3,3360,5850,2,2600000,774,,,,Mariah O'Keefe,Redfin,Windermere Real Estate Co.,47.6368327,-122.4040396,https://www.redfin.com/WA/Seattle/2017-36th-Ave-W-98199/home/125267
2026-09-19T19:54:21.154Z,Queen Anne,2026-07-28,134563,217190117,2544497,Closed,1313 4th Ave W,,Seattle,WA,98119,Queen Anne,Single Family,1,2013,4,4.5,4,3224,4500,3,2990000,927,,,,Carlee Thorrington,Horizon Real Estate,Realogics Sotheby's Int'l Rlty,47.6309064,-122.3621506,https://www.redfin.com/WA/Seattle/1313-4th-Ave-W-98119/home/134563
2026-09-19T19:54:21.154Z,Central Seattle,2026-07-28,146942331,214338886,2509089,Closed,1315 E Denny Way,,Seattle,WA,98122,Capitol Hill,Townhouse,3,2026,2,2.5,2,1429,1088,1.5,949900,665,,,,Ray York,"Windermere RE/Capitol Hill,Inc",COMPASS,47.6187602,-122.314769,https://www.redfin.com/WA/Seattle/1315-E-Denny-Way-98122/home/146942331
2026-09-19T19:54:21.154Z,West Seattle,2026-07-28,155790,216733441,2537902,Closed,4010 SW 106th St,,Seattle,WA,98146,Arbor Heights,Single Family,1,1940,3,2,2,1990,11562,1,560000,281,,,,Sarah Georger-Clark,COMPASS,Windermere R E Mount Baker,47.5084748,-122.3834117,https://www.redfin.com/WA/Seattle/4010-SW-106th-St-98146/home/155790
2026-09-19T19:54:21.154Z,West Seattle,2026-07-28,159828,216530387,2534637,Closed,5653 34th Ave SW,,Seattle,WA,98126,Fairmount,Single Family,1,1991,4,2.5,2,2150,4840,,949950,442,,,,Kari Scott,John L Scott RE West Seattle,Coldwell Banker Danforth,47.5503928,-122.375302,https://www.redfin.com/WA/Seattle/5653-34th-Ave-SW-98126/home/159828
2026-09-19T19:54:21.154Z,West Seattle,2026-07-28,161163,217200142,2534508,Closed,7528 14th Ave SW,,Seattle,WA,98106,Highland Park,Single Family,1,1918,2,1,1,1120,4000,1,600000,536,,,,Karin Swendsen,Windermere West Metro,Windermere Real Estate/Summit,47.5346004,-122.3525332,https://www.redfin.com/WA/Seattle/7528-14th-Ave-SW-98106/home/161163
2026-09-19T19:54:21.154Z,Ballard (specific),2026-07-28,165579,217240617,2537930,Closed,7520 Jones Ave NW,,Seattle,WA,98117,Ballard,Single Family,1,1941,3,2,2,2080,5500,1,1300000,625,,,,Chelsey Ryskalczyk,Pointe3 Real Estate,Pointe3 Real Estate,47.6838496,-122.3862265,https://www.redfin.com/WA/Seattle/7520-Jones-Ave-NW-98117/home/165579
2026-09-19T19:54:21.154Z,Northgate,2026-07-28,172698522,215519710,2519118,Closed,1723 N 128th St,,Seattle,WA,98133,Haller Lake,Single Family,1,2019,6,5,5,6050,24390,2,3300000,545,,,,,"Wilson Realty Exchange, Inc.",Redfin,47.7212026,-122.3358558,https://www.redfin.com/WA/Seattle/1723-N-128th-St-98133/home/172698522
2026-09-19T19:54:21.154Z,West Seattle,2026-07-28,2076263,213047598,2492394,Closed,9452 25th Ave SW,,Seattle,WA,98106,West Seattle,Single Family,1,2004,3,1,1,1080,2512,1,490000,454,,,,Nasser Alameddin,Premiere Real Estate Group,Tribeca NW Real Estate,47.5176566,-122.3643287,https://www.redfin.com/WA/Seattle/9452-25th-Ave-SW-98106/home/2076263
2026-09-19T19:54:21.154Z,Ballard (specific),2026-07-28,303850,216730299,2537165,Closed,347 NW 52nd St,,Seattle,WA,98107,Ballard,Single Family,1,1944,4,2.5,2,1960,5000,2,830000,423,,,,Emily Tachell,FIRST AND MAIN,Real Broker LLC,47.6662476,-122.3628656,https://www.redfin.com/WA/Seattle/347-NW-52nd-St-98107/home/303850
2026-09-19T19:54:21.154Z,West Seattle,2026-07-28,328004,220630055,2540859,Closed,4022 37th Ave SW,,Seattle,WA,98126,Belvidere,Single Family,1,1943,3,2,2,1560,5750,1,1107000,710,,,,Jimmy Stark,John L Scott RE West Seattle,Windermere West Metro,47.567668,-122.378431,https://www.redfin.com/WA/Seattle/4022-37th-Ave-SW-98126/home/328004
2026-09-19T19:54:21.154Z,Ballard (specific),2026-07-28,496441,217234903,2546158,Closed,1417 NW 83rd St,,Seattle,WA,98117,Whittier,Single Family,1,1946,4,2,2,1540,3740,2,830000,539,,,,Kate Scannell,Real Broker LLC,Lake & Company,47.688581,-122.3749891,https://www.redfin.com/WA/Seattle/1417-NW-83rd-St-98117/home/496441
2026-09-19T19:54:21.154Z,Central Seattle,2026-07-28,8190231,217220566,2545378,Closed,1420 18th Ave Unit A,Unit A,Seattle,WA,98122,Capitol Hill,Townhouse,3,2007,3,3.5,3,1450,1552,1.5,800000,552,,,,Chris Wang,Keller Williams Rlty Bellevue,Real Broker LLC,47.6136118,-122.3083467,https://www.redfin.com/WA/Seattle/1420-18th-Ave-98122/unit-A/home/8190231
2026-09-19T19:54:21.154Z,NW Seattle,2026-07-28,97216,220689994,2552701,Closed,10351 11th Ave NW,,Seattle,WA,98177,Crown Hill,Single Family,1,1951,3,1.5,1,1310,8550,1,1145000,874,,,,Scott McEwen,Champions Real Estate,Windermere Real Estate Co.,47.7049746,-122.3706357,https://www.redfin.com/WA/Seattle/10351-11th-Ave-NW-98177/home/97216
2026-09-19T19:54:21.154Z,NW Seattle,2026-07-28,99305,216554416,2533966,Closed,9553 Evanston Ave N,,Seattle,WA,98103,Greenwood,Single Family,1,1926,3,2.5,2,1680,2500,1,860000,512,15,,,Tristan Hoyle,eXp Realty,Real Broker LLC,47.6993693,-122.3515668,https://www.redfin.com/WA/Seattle/9553-Evanston-Ave-N-98103/home/99305
2026-09-19T19:54:21.154Z,Northgate,2026-07-27,102679,214854095,2519265,Closed,14339 Ashworth Ave N,,Seattle,WA,98133,Haller Lake,Single Family,1,1941,2,1,1,772,5250,1,569000,737,,,,EJ Gong,Windermere R E Mount Baker,RE/MAX Exclusive,47.7334434,-122.3399985,https://www.redfin.com/WA/Seattle/14339-Ashworth-Ave-N-98133/home/102679
2026-09-19T19:54:21.154Z,Maple Leaf,2026-07-27,108993,216810702,2538865,Closed,8803 15th Ave NE,,Seattle,WA,98115,Maple Leaf,Single Family,1,1994,5,4,4,3000,6802,2,1457000,486,,,,Robert Hardy,Best Choice Realty,Lotside,47.6923209,-122.3124624,https://www.redfin.com/WA/Seattle/8803-15th-Ave-NE-98115/home/108993
2026-09-19T19:54:21.154Z,Wallingford,2026-07-27,117620,221403556,2561152,Closed,4222 Latona Ave N,,Seattle,WA,98105,Wallingford,Single Family,1,1900,3,1.5,1,2038,5400,2,1100000,540,,,,Paul Lavrinec,Windermere Real Estate Midtown,"Windermere R.E. Northeast, Inc",47.6584108,-122.3248646,https://www.redfin.com/WA/Seattle/4222-Latona-Ave-NE-98105/home/117620
2026-09-19T19:54:21.154Z,Magnolia,2026-07-27,125310,216834681,2539058,Closed,4206 W Glenmont Ln,,Seattle,WA,98199,Magnolia,Single Family,1,1941,4,2,2,3040,5272,1,1950000,641,,,,Moira Holley,Realogics Sotheby's Int'l Rlty,Keller Williams Seattle Metro,47.6421774,-122.4111437,https://www.redfin.com/WA/Seattle/4206-W-Glenmont-Ln-98199/home/125310
2026-09-19T19:54:21.154Z,Queen Anne,2026-07-27,133502,217222133,2545836,Closed,2500 Lorentz Pl N,,Seattle,WA,98109,Queen Anne,Single Family,1,1925,5,4,4,2920,4145,2,1850000,634,,,,Danny Poach,Keller Williams Rlty Bellevue,The Agency Northwest,47.6415087,-122.3531857,https://www.redfin.com/WA/Seattle/2500-Lorentz-Pl-N-98109/home/133502
2026-09-19T19:54:21.154Z,Ballard (specific),2026-07-27,166696,217036764,2537007,Closed,8028 23rd Ave NW,,Seattle,WA,98117,Loyal Heights,Single Family,1,1938,4,2,2,2270,4500,1,1150000,507,,,,Kristen Cramer,Lake & Company,Windermere Real Estate/East,47.687788,-122.3851452,https://www.redfin.com/WA/Seattle/8028-23rd-Ave-NW-98117/home/166696
2026-09-19T19:54:21.154Z,West Seattle,2026-07-27,172699685,214565554,2513823,Closed,6738 21st Ave SW,,Seattle,WA,98106,West Seattle,Single Family,1,2022,4,3.5,3,2960,4128,1.5,1125000,380,,,,Xi Peng,"Windermere RE/Capitol Hill,Inc","Pellego, Inc.",47.5417798,-122.3591237,https://www.redfin.com/WA/Seattle/6738-21st-Ave-SW-98106/home/172699685
2026-09-19T19:54:21.154Z,Queen Anne,2026-07-27,2097077,217063525,2542970,Closed,301 Lee St,,Seattle,WA,98109,Queen Anne,Townhouse,3,2019,3,4,3,2300,1652,1.5,1895000,824,,,,Erica Clibborn,Windermere Real Estate Midtown,Windermere Real Estate Midtown,47.631274,-122.351124,https://www.redfin.com/WA/Seattle/301-Lee-St-98109/home/2097077
2026-09-19T19:54:21.154Z,NE Seattle,2026-07-27,316419,221486540,2561830,Closed,7726 44th Ave NE,,Seattle,WA,98115,View Ridge,Single Family,1,1947,2,1,1,900,6300,1,1140000,1267,,,,Derek Olson,Windermere RE Greenwood,NWMLS-NonOffice,47.6857361,-122.2807869,https://www.redfin.com/WA/Seattle/7726-44th-Ave-NE-98115/home/316419
2026-09-19T19:54:21.154Z,Beacon Hill,2026-07-27,480625,220439494,2548184,Closed,3924 S Pilgrim St,,Seattle,WA,98118,Beacon Hill,Single Family,1,1950,2,2,2,1540,6250,1,660000,429,,,,,Ensemble,Redfin,47.5158948,-122.2835367,https://www.redfin.com/WA/Seattle/3924-S-Pilgrim-St-98118/home/480625
2026-09-19T19:54:21.154Z,Ballard (specific),2026-07-27,494545,218310472,2547371,Closed,848 NW 59th St,,Seattle,WA,98107,Ballard,Single Family,1,1922,4,1,1,2500,6400,1.5,1200000,480,,,,Grace Currier,Windermere Real Estate/East,Real Broker LLC,47.6718123,-122.3683468,https://www.redfin.com/WA/Seattle/848-NW-59th-St-98107/home/494545
2026-09-19T19:54:21.154Z,NW Seattle,2026-07-27,498056,217217058,2540957,Closed,347 NW 81St St,,Seattle,WA,98117,Greenwood,Single Family,1,1924,3,1.5,1,1800,4800,1,965000,536,,,,Catherine Martyn,Windermere Whidbey Island,Windermere Real Estate Co.,47.687469,-122.3627119,https://www.redfin.com/WA/Seattle/347-NW-81st-St-98117/home/498056
2026-09-19T19:54:21.154Z,Northgate,2026-07-24,103140,220359791,2547688,Closed,13322 3rd Ave NE,,Seattle,WA,98125,Haller Lake,Single Family,1,1951,3,2,2,2230,10500,1,837500,376,,,,Nicole Betz,"Windermere R.E. Northeast, Inc","Wilson Realty Exchange, Inc.",47.7254353,-122.3252453,https://www.redfin.com/WA/Seattle/13322-3rd-Ave-NE-98125/home/103140
2026-09-19T19:54:21.154Z,Wallingford,2026-07-24,119989,216569724,2534088,Closed,3929 Ashworth Ave N,,Seattle,WA,98103,Wallingford,Single Family,1,1924,5,3,3,2524,3579,2,1435000,569,,,,Michael Harris,"Windermere RE/Capitol Hill,Inc",Every Door Real Estate,47.6550043,-122.340329,https://www.redfin.com/WA/Seattle/3929-Ashworth-Ave-N-98103/home/119989
2026-09-19T19:54:21.154Z,Wallingford,2026-07-24,120501,220568255,2548862,Closed,1216 N 47th St,,Seattle,WA,98103,Wallingford,Single Family,1,1925,3,2,2,2250,4000,1,1325000,589,,,,Scott Ellis,Coldwell Banker Bain,"John L. Scott, Inc.",47.6630678,-122.3429666,https://www.redfin.com/WA/Seattle/1216-N-47th-St-98103/home/120501
2026-09-19T19:54:21.154Z,Magnolia,2026-07-24,124078,217012794,2537084,Closed,3222 21st Ave W Unit A,Unit A,Seattle,WA,98199,Magnolia,Townhouse,3,2000,3,2,2,1165,898,1.5,598000,513,,,,Maggie Sun,Keller Williams Rlty Bellevue,COMPASS,47.6492164,-122.3831049,https://www.redfin.com/WA/Seattle/3222-21st-Ave-W-98199/unit-A/home/124078
2026-09-19T19:54:21.154Z,Queen Anne,2026-07-24,131483,216996886,2529534,Closed,155 Florentia St,,Seattle,WA,98109,Queen Anne,Single Family,1,1910,2,2,2,1740,2800,1,910000,523,,,,Lauri Carter,RE/MAX Northwest,Elite Properties,47.646702,-122.3541955,https://www.redfin.com/WA/Seattle/155-Florentia-St-98109/home/131483
2026-09-19T19:54:21.154Z,Central Seattle,2026-07-24,137426,216720574,2529541,Closed,746 Broadway E,,Seattle,WA,98102,Capitol Hill,Single Family,1,1906,3,3,3,3087,4000,2,1600000,518,,,,Drew Smith,"Urban Commercial Partners, LLC",COMPASS,47.626375,-122.3210246,https://www.redfin.com/WA/Seattle/746-Broadway-E-98102/home/137426
2026-09-19T19:54:21.154Z,Central Seattle,2026-07-24,139301,214022598,2496112,Closed,1111 37th Ave E,,Seattle,WA,98112,Washington Park,Single Family,1,1927,4,4.5,4,3880,7200,2,3300000,851,,,,Hutton Moyer,Coldwell Banker Bain,Real Residential,47.629066,-122.285882,https://www.redfin.com/WA/Seattle/1111-37th-Ave-E-98112/home/139301
2026-09-19T19:54:21.154Z,Central Seattle,2026-07-24,144302,216807859,2537415,Closed,1110 E Denny,,Seattle,WA,98122,Capitol Hill,Single Family,1,1903,5,3.5,3,3080,4562,,1950000,633,,,,,"Heritage Residential, LLC",Redfin,47.6189736,-122.3176487,https://www.redfin.com/WA/Seattle/1110-E-Denny-Way-98122/home/144302
2026-09-19T19:54:21.154Z,Central Seattle,2026-07-24,148094,216974142,2522728,Closed,3307 E Pike St,,Seattle,WA,98122,Madrona,Single Family,1,1912,3,3.5,3,2453,2874,2,1390000,567,,,,Brian Huie,COMPASS,Designed Realty,47.6138937,-122.2899343,https://www.redfin.com/WA/Seattle/3307-E-Pike-St-98122/home/148094
2026-09-19T19:54:21.154Z,Ballard (specific),2026-07-24,163295,221420395,2561406,Closed,2916 NW 83rd St,,Seattle,WA,98117,Loyal Heights,Single Family,1,1946,1,1,1,770,4114,1,610000,792,,,,Tony Marrese,Windermere Real Estate/East,Windermere Real Estate Midtown,47.6888943,-122.3952221,https://www.redfin.com/WA/Seattle/2916-NW-83rd-St-98117/home/163295
2026-09-19T19:54:21.154Z,Ballard (specific),2026-07-24,163794,214519327,2513413,Closed,8050 29th Ave NW,,Seattle,WA,98117,Sunset Hill,Single Family,1,2021,5,3.5,3,3745,5022,2,2160000,577,,,,Gunnar Hadley,Windermere Real Estate Co.,COMPASS,47.6882384,-122.394035,https://www.redfin.com/WA/Seattle/8050-29th-Ave-NW-98117/home/163794
2026-09-19T19:54:21.154Z,Ballard (specific),2026-07-24,166656,217173894,2544963,Closed,6750 26th Ave NW,,Seattle,WA,98117,Loyal Heights,Single Family,1,1904,5,2.5,2,2740,5100,2,1650000,602,,,,Tamara Canero,Windermere Real Estate Midtown,Lake & Company,47.6791483,-122.3894965,https://www.redfin.com/WA/Seattle/6750-26th-Ave-NW-98117/home/166656
2026-09-19T19:54:21.154Z,West Seattle,2026-07-24,201017547,217181147,2545300,Closed,2626 58th Ave SW Unit A,Unit A,Seattle,WA,98116,Alki,Single Family,1,2025,2,2,2,1407,939,,825000,586,21,,,Rachel Olson,COMPASS,Keller Williams Seattle Metro,47.580019,-122.4059437,https://www.redfin.com/WA/Seattle/2626-58th-Ave-SW-98116/unit-A/home/201017547
2026-09-19T19:54:21.154Z,Central Seattle,2026-07-24,201559119,214385195,2497740,Closed,1530 25th Ave Unit B,Unit B,Seattle,WA,98122,Capitol Hill,Townhouse,3,2026,2,2,2,1087,475,1.5,650000,598,118,,,Steven Brown,The Dwelling Group LLC,John L. Scott Snohomish,47.614991,-122.299723,https://www.redfin.com/WA/Seattle/1530-25th-Ave-S-98144/unit-B/home/201559119
2026-09-19T19:54:21.154Z,NW Seattle,2026-07-24,202325426,217049930,2543077,Closed,9745 Evanston Ave N Unit B,Unit B,Seattle,WA,98103,Greenwood,Single Family,1,2017,1,1,1,399,2470,1,390000,977,30,,,Kimberly Morgan Storey,Coldwell Banker Danforth,Every Door Real Estate,47.7010096,-122.3518444,https://www.redfin.com/WA/Seattle/9745-Evanston-Ave-N-98103/unit-B/home/202325426
2026-09-19T19:54:21.154Z,Queen Anne,2026-07-24,22067881,207716275,2435837,Closed,2466 Westlake Ave N #5,#5,Seattle,WA,98109,Lake Union,Single Family,1,1990,2,2,2,1705,1,1,2375000,1393,650,,,Danny Varona,Realogics Sotheby's Int'l Rlty,Realogics Sotheby's Int'l Rlty,47.6412134,-122.3417984,https://www.redfin.com/WA/Seattle/2466-Westlake-Ave-N-98109/unit-5/home/22067881
2026-09-19T19:54:21.154Z,West Seattle,2026-07-24,22808648,217043151,2542673,Closed,1508 44th Ave SW Unit A,Unit A,Seattle,WA,98116,North Admiral,Townhouse,3,2009,3,2.5,2,1480,1437,1.5,862500,583,,,,Kelly Malloy,Windermere West Metro,Real Broker LLC,47.5902656,-122.3870471,https://www.redfin.com/WA/Seattle/1508-44th-Ave-SW-98116/unit-A/home/22808648
2026-09-19T19:54:21.154Z,Central Seattle,2026-07-24,28581350,217208103,2535131,Closed,311 14th Ave E Unit A,Unit A,Seattle,WA,98112,Capitol Hill,Townhouse,3,2009,3,2.5,2,1530,1048,1.5,1150000,752,,,,Clinton Fink,Windermere Bellevue Commons,eXp Realty,47.6216496,-122.3149008,https://www.redfin.com/WA/Seattle/311-14th-Ave-E-98112/unit-A/home/28581350
2026-09-19T19:54:21.154Z,Phinney Ridge,2026-07-24,298584,220578438,2547108,Closed,108 N 57th St,,Seattle,WA,98103,Phinney Ridge,Single Family,1,1916,5,2,2,2660,3643,2,1395000,524,,,,Beth Bylund,Windermere Real Estate Midtown,Windermere RE Greenwood,47.6707186,-122.3572523,https://www.redfin.com/WA/Seattle/108-N-57th-St-98103/home/298584
2026-09-19T19:54:21.154Z,Phinney Ridge,2026-07-24,298666,217228756,2544927,Closed,6044 2nd Ave NW,,Seattle,WA,98107,Phinney Ridge,Single Family,1,1905,4,2,2,1937,5000,1.5,1551000,801,,,,Tara Townsend,Lake & Company,Windermere RE Greenwood,47.67369,-122.3591725,https://www.redfin.com/WA/Seattle/6044-2nd-Ave-NW-98107/home/298666
2026-09-19T19:54:21.154Z,Fremont,2026-07-24,299514,222416901,2569464,Closed,418 N 49th St,,Seattle,WA,98103,Woodland Park,Single Family,1,1925,4,2,2,2340,4000,2,1000000,427,,,,Bill Wilson,"Swanson Realty, Inc.",NWMLS-NonOffice,47.6645308,-122.3531463,https://www.redfin.com/WA/Seattle/418-N-49th-St-98103/home/299514
2026-09-19T19:54:21.154Z,Phinney Ridge,2026-07-24,301367,217298092,2545304,Closed,741 N 67th St,,Seattle,WA,98103,Green Lake,Single Family,1,1928,4,2,2,2170,3720,1.5,1110000,512,,,,Christine Lemme,HomeSmart Real Estate Assoc,Real Broker LLC,47.6775997,-122.3482108,https://www.redfin.com/WA/Seattle/741-N-67th-St-98103/home/301367
2026-09-19T19:54:21.154Z,NE Seattle,2026-07-24,313871,220549917,2544655,Closed,6050 43rd Ave NE,,Seattle,WA,98115,Bryant,Single Family,1,1955,4,2,2,2720,7749,1,1250000,460,,,,Forrest Moody,Redfin,Windermere Real Estate Co.,47.6736643,-122.2818475,https://www.redfin.com/WA/Seattle/6050-43rd-Ave-NE-98115/home/313871
2026-09-19T19:54:21.154Z,NE Seattle,2026-07-24,314146,220631678,2551017,Closed,5547 38th Ave NE,,Seattle,WA,98105,Bryant,Single Family,1,1950,3,2,2,1840,4280,1.5,1250000,679,,,,Alee Heidar,Realogics Sotheby's Int'l Rlty,eXp Realty,47.6698842,-122.2871596,https://www.redfin.com/WA/Seattle/5547-38th-Ave-NE-98105/home/314146
2026-09-19T19:54:21.154Z,NE Seattle,2026-07-24,316168,216753615,2537366,Closed,7539 33rd Ave NE,,Seattle,WA,98115,Wedgwood,Single Family,1,1941,5,2,2,2420,6120,2,1400000,579,,,,Brian Hayter,"Windermere RE North, Inc.","Windermere RE/Capitol Hill,Inc",47.6842003,-122.2929114,https://www.redfin.com/WA/Seattle/7539-33rd-Ave-NE-98115/home/316168
2026-09-19T19:54:21.154Z,NE Seattle,2026-07-24,320286,217216601,2544180,Closed,5716 Ann Arbor Ave NE,,Seattle,WA,98105,Hawthorne Hills,Single Family,1,1941,5,3,3,4283,7939,2,2640000,616,,,,Candace Hagen,Windermere Real Estate Midtown,Windermere Mercer Island,47.6715474,-122.2749872,https://www.redfin.com/WA/Seattle/5716-Ann-Arbor-Ave-NE-98105/home/320286
2026-09-19T19:54:21.154Z,NE Seattle,2026-07-24,320779,216189800,2532017,Closed,6605 57th Ave NE,,Seattle,WA,98115,View Ridge,Single Family,1,1939,5,2,2,3222,12370,1.5,2400000,745,,,,John Blacksmith,Lake & Company,RE/MAX Northwest,47.6769482,-122.2682017,https://www.redfin.com/WA/Seattle/6605-57th-Ave-NE-98115/home/320779
2026-09-19T19:54:21.154Z,West Seattle,2026-07-24,331741,214924179,2521028,Closed,3402 48th Ave SW,,Seattle,WA,98116,Admiral,Single Family,1,1950,3,2,2,1660,3484,1,925000,557,23,,,Eric Chen Yu,"Pellego, Inc.",John L Scott RE West Seattle,47.5737024,-122.3931418,https://www.redfin.com/WA/Seattle/3402-48th-Ave-SW-98116/home/331741
2026-09-19T19:54:21.154Z,West Seattle,2026-07-24,469435,217209607,2545262,Closed,3751 SW Rose St,,Seattle,WA,98126,Gatewood,Single Family,1,1968,3,2.5,2,2340,4170,1,872000,373,,,,Sarah Mosley,Windermere West Metro,COMPASS,47.5289045,-122.3815058,https://www.redfin.com/WA/Seattle/3751-SW-Rose-St-98126/home/469435
2026-09-19T19:54:21.154Z,West Seattle,2026-07-24,475041,216501373,2530166,Closed,1305 SW Cambridge St,,Seattle,WA,98106,Highland Park,Single Family,1,1950,3,2,2,1600,4592,1,729000,456,,,,Mindy Perque,Windermere Real Estate Co.,Coldwell Banker Bain,47.5190178,-122.352035,https://www.redfin.com/WA/Seattle/1305-SW-Cambridge-St-98106/home/475041
2026-09-19T19:54:21.154Z,NW Seattle,2026-07-24,497778,222148365,2566798,Closed,130 NW 79th St,,Seattle,WA,98117,Phinney Ridge,Single Family,1,1919,2,1,1,590,3600,1,650000,1102,,,,Dean Rebhuhn,"Village Homes & Properties,Inc",Windermere Real Estate Midtown,47.686392,-122.3594018,https://www.redfin.com/WA/Seattle/130-NW-79th-St-98117/home/497778
2026-09-19T19:54:21.154Z,Northgate,2026-07-23,103854,216920335,2538301,Closed,11516 Meridian Ave N,,Seattle,WA,98133,Haller Lake,Single Family,1,1957,3,1.5,1,1300,5000,1.5,775000,596,,,,Chris Sadowsky,Windermere RE Greenwood,Keller Williams North Seattle,47.7128523,-122.3337922,https://www.redfin.com/WA/Seattle/11516-Meridian-Ave-N-98133/home/103854
2026-09-19T19:54:21.154Z,Wallingford,2026-07-23,119826,216529276,2535192,Closed,3920 Ashworth Ave N,,Seattle,WA,98103,Wallingford,Single Family,1,1924,3,2,2,2730,3479,1.5,1250000,458,,,,Victoria Ormsby,"Real Property Associates, Inc.",Windermere Real Estate/East,47.6549933,-122.3397501,https://www.redfin.com/WA/Seattle/3920-Ashworth-Ave-N-98103/home/119826
2026-09-19T19:54:21.154Z,Queen Anne,2026-07-23,130777,216778137,2537242,Closed,2412 2nd Ave W,,Seattle,WA,98119,Queen Anne,Single Family,1,1913,4,2,2,1320,1560,2,1075000,814,,,,Stephen Janho,Windermere RE West Campus Inc,Real Broker LLC,47.6400502,-122.3590242,https://www.redfin.com/WA/Seattle/2412-2nd-Ave-W-98119/home/130777
2026-09-19T19:54:21.154Z,Central Seattle,2026-07-23,141900,213201669,2494404,Closed,1632 35th Ave,,Seattle,WA,98122,Madrona,Single Family,1,2008,4,4,3,3686,3333,1.5,2482500,673,,,,Jane Powers,"Ewing & Clark, Inc.",Windermere Real Estate Midtown,47.6162399,-122.2878477,https://www.redfin.com/WA/Seattle/1632-35th-Ave-98122/home/141900
2026-09-19T19:54:21.154Z,Central Seattle,2026-07-23,145275,217276100,2546698,Closed,1619 S Weller St Unit A,Unit A,Seattle,WA,98144,Central Area,Townhouse,3,2003,2,2.5,2,1410,1674,1.5,610000,433,,,,Feng Zhang,KW Greater Seattle,eXp Realty,47.5973214,-122.3106586,https://www.redfin.com/WA/Seattle/1619-S-Weller-St-98144/unit-A/home/145275
2026-09-19T19:54:21.154Z,West Seattle,2026-07-23,157824,220473932,2549605,Closed,10829 42nd Ave SW,,Seattle,WA,98146,Arroyo,Single Family,1,1960,5,3,3,3200,6600,1,1950000,609,,,,Gretchen Schmidt,COMPASS,COMPASS,47.5056406,-122.3851252,https://www.redfin.com/WA/Seattle/10829-42nd-Ave-SW-98146/home/157824
2026-09-19T19:54:21.154Z,West Seattle,2026-07-23,181298830,212333793,2482364,Closed,7514 12th Ave SW Unit B,Unit B,Seattle,WA,98106,Highland Park,Townhouse,3,2022,2,2,2,871,1968,1.5,499000,573,,,,,COMPASS,Redfin,47.5350536,-122.3502613,https://www.redfin.com/WA/Seattle/7514-12th-Ave-SW-98106/unit-B/home/181298830
2026-09-19T19:54:21.154Z,Wallingford,2026-07-23,18659823,220572428,2550021,Closed,3425 Meridian Ave N,,Seattle,WA,98103,Wallingford,Townhouse,3,2007,3,2.5,2,1357,1140,1.5,825000,608,,,,Kristin Munger,Windermere Real Estate Co.,Lake & Company,47.6485849,-122.3343953,https://www.redfin.com/WA/Seattle/3425-Meridian-Ave-N-98103/home/18659823
2026-09-19T19:54:21.154Z,Northgate,2026-07-23,200250642,217185252,2545041,Closed,10736 Interlake Ave N,,Seattle,WA,98133,Northgate,Townhouse,3,2025,2,2,2,1053,822,1.5,509000,483,88,,,Michael Espada,Array Real Estate,Berkshire Hathaway HS NW,47.7080819,-122.3401452,https://www.redfin.com/WA/Seattle/10736-Interlake-Ave-N-98133/home/200250642
2026-09-19T19:54:21.154Z,Fremont,2026-07-23,2080906,217266794,2546557,Closed,4105 Fremont Ave N Unit A,Unit A,Seattle,WA,98103,Fremont,Townhouse,3,2005,3,2.5,2,1100,1096,1.5,630000,573,,,,Yang Song,MY REALTY GROUP LLC,Real Broker LLC,47.6568894,-122.3504476,https://www.redfin.com/WA/Seattle/4105-Fremont-Ave-N-98103/unit-A/home/2080906
2026-09-19T19:54:21.154Z,Fremont,2026-07-23,302359,217010974,2541513,Closed,4428 Dayton Ave N,,Seattle,WA,98103,Fremont,Single Family,1,2026,3,3.5,3,1781,1395,,1100000,618,,,,Tony Ferrelli,"Windermere R.E. Northeast, Inc",Windermere Real Estate Midtown,47.661159,-122.351836,https://www.redfin.com/WA/Seattle/4434-Dayton-Ave-N-98103/home/302359
2026-09-19T19:54:21.154Z,West Seattle,2026-07-23,328165,217268537,2546150,Closed,2729 38th Ave SW,,Seattle,WA,98126,Belvidere,Single Family,1,1926,3,2,2,2079,3680,1.5,1220000,587,,,,Sarah Ford,Coldwell Banker Bain,Windermere West Metro,47.5783862,-122.3806018,https://www.redfin.com/WA/Seattle/2729-38th-Ave-SW-98126/home/328165
2026-09-19T19:54:21.154Z,NW Seattle,2026-07-22,101085,216474280,2531417,Closed,9046 7th Ave NW,,Seattle,WA,98117,Greenwood,Single Family,1,1940,3,2,2,1720,5040,2,745000,433,,,,Vince Grant,RE/MAX Elite,KW Greater Seattle,47.6956026,-122.3644077,https://www.redfin.com/WA/Seattle/9046-7th-Ave-NW-98117/home/101085
2026-09-19T19:54:21.154Z,Northgate,2026-07-22,103249,216933275,2540400,Closed,2014 N 143rd St,,Seattle,WA,98133,Haller Lake,Single Family,1,1931,4,2,2,2080,5500,1.5,800000,385,,,,Joshua McCartney,Lyon Creek Real Estate,eXp Realty,47.7325226,-122.3346732,https://www.redfin.com/WA/Seattle/2014-N-143rd-St-98133/home/103249
2026-09-19T19:54:21.154Z,Northgate,2026-07-22,105198,215603605,2527518,Closed,9257 Interlake Ave N,,Seattle,WA,98103,Licton Springs,Townhouse,3,1999,3,2,2,1280,1251,1.5,640000,500,,,,Kenna Pearson,Windermere Real Estate Midtown,Windermere R.E. Shoreline,47.6976267,-122.3410399,https://www.redfin.com/WA/Seattle/9257-Interlake-Ave-N-98103/home/105198
2026-09-19T19:54:21.154Z,Central Seattle,2026-07-22,106725734,217010975,2530542,Closed,110 22nd Ave S,,Seattle,WA,98144,Central Area,Townhouse,3,2016,3,2,2,1728,1081,1.5,752500,435,,,,Kevin Lam,COMPASS,Specialty Real Estate Group,47.601269,-122.303511,https://www.redfin.com/WA/Seattle/110-22nd-Ave-S-98144/home/106725734
2026-09-19T19:54:21.154Z,Magnolia,2026-07-22,125119,217217204,2545738,Closed,2600 W Howe St,,Seattle,WA,98199,Magnolia,Single Family,1,1952,4,2,2,2140,3584,1,1300000,607,,,,Tyler Davis Jones,COMPASS,Windermere Real Estate Co.,47.6360197,-122.3906596,https://www.redfin.com/WA/Seattle/2600-W-Howe-St-98199/home/125119
2026-09-19T19:54:21.154Z,Queen Anne,2026-07-22,134766,216732887,2538041,Closed,1601 10th Ave W,,Seattle,WA,98119,Queen Anne,Single Family,1,1902,3,2,2,3010,3600,2,1295000,430,,,,Michael Schrepfer,Windermere Real Estate Co.,Lake & Company,47.63368,-122.3706783,https://www.redfin.com/WA/Seattle/1601-10th-Ave-W-98119/home/134766
2026-09-19T19:54:21.154Z,Central Seattle,2026-07-22,136530,217066771,2543300,Closed,1906 10th Ave E,,Seattle,WA,98102,North Capitol Hill,Single Family,1,1906,4,2.5,2,2630,4000,2,1625000,618,,,,,Windermere Real Estate Co.,Redfin,47.6361985,-122.31977,https://www.redfin.com/WA/Seattle/1906-10th-Ave-E-98102/home/136530
2026-09-19T19:54:21.154Z,West Seattle,2026-07-22,154601,216987183,2537843,Closed,6046 50th Ave SW,,Seattle,WA,98136,Seaview,Single Family,1,1948,4,2,2,2530,7500,1,1390000,549,,,,Kamila Kennedy,Windermere West Metro,HomeSmart Real Estate Assoc,47.5476828,-122.3956295,https://www.redfin.com/WA/Seattle/6046-50th-Ave-SW-98136/home/154601
2026-09-19T19:54:21.154Z,West Seattle,2026-07-22,157375,216770212,2537341,Closed,10960 39th Ave SW,,Seattle,WA,98146,Arroyo,Single Family,1,1977,4,3,3,2510,10875,1.5,1650000,657,,,,Sarah Georger-Clark,COMPASS,Windermere Mercer Island,47.5040656,-122.3816365,https://www.redfin.com/WA/Seattle/10960-39th-Ave-SW-98146/home/157375
2026-09-19T19:54:21.154Z,Beacon Hill,2026-07-22,169218,217301435,2547043,Closed,2715 22nd Ave S,,Seattle,WA,98144,N Beacon Hill,Single Family,1,1976,4,3,3,2330,4000,1,709000,304,,,,Franz Diessner,Coldwell Banker Bain,Keller Williams Eastside,47.5787097,-122.3046628,https://www.redfin.com/WA/Seattle/2715-22nd-Ave-S-98144/home/169218
2026-09-19T19:54:21.154Z,Fremont,2026-07-22,192269696,215350462,2523924,Closed,722 N 36th St,,Seattle,WA,98103,Fremont,Townhouse,3,2026,3,3,3,1172,530,1.5,698000,596,,,,Grecia Thomas,"Real Property Associates, Inc.",Designed Realty,47.6513149,-122.348844,https://www.redfin.com/WA/Seattle/722-N-36th-St-98103/home/192269696
2026-09-19T19:54:21.154Z,NW Seattle,2026-07-22,288234,216770640,2538572,Closed,1560 NW Woodbine Way,,Seattle,WA,98177,Blue Ridge,Single Family,1,1942,5,3.5,3,3640,11730,2,2700000,742,161,,,Jed Kliman,Windermere RE Greenwood,Windermere RE Greenwood,47.7068326,-122.3783813,https://www.redfin.com/WA/Seattle/1560-NW-Woodbine-Way-98177/home/288234
2026-09-19T19:54:21.154Z,NE Seattle,2026-07-22,314784,216825685,2538413,Closed,9336 35th Ave NE,,Seattle,WA,98115,Wedgwood,Single Family,1,1939,2,1,1,1610,6018,1,630000,391,,,,Jill Petersen,Ensemble,eXp Realty,47.6964462,-122.2903002,https://www.redfin.com/WA/Seattle/9336-35th-Ave-NE-98115/home/314784
2026-09-19T19:54:21.154Z,West Seattle,2026-07-22,470763,216138670,2531469,Closed,6320 36th Ave SW,,Seattle,WA,98126,Fairmount,Single Family,1,2014,4,3.5,3,2657,7770,2,1340000,504,,,,Jordan Malloch,Windermere Real Estate Co.,Windermere Real Estate Co.,47.5458428,-122.3774852,https://www.redfin.com/WA/Seattle/6320-36th-Ave-SW-98126/home/470763
2026-09-19T19:54:21.154Z,Northgate,2026-07-21,102429,217089249,2543651,Closed,13753 Stone Ave N,,Seattle,WA,98133,Haller Lake,Single Family,1,1949,2,1,1,730,8160,1,525000,719,,,,Gol Hoghooghi,eXp Realty,COMPASS,47.7301519,-122.342613,https://www.redfin.com/WA/Seattle/13753-Stone-Ave-N-98133/home/102429
2026-09-19T19:54:21.154Z,Northgate,2026-07-21,104804,216788322,2538430,Closed,2126 N 86th St,,Seattle,WA,98103,Green Lake,Single Family,1,1982,4,4,4,2370,3375,2,1066000,450,,,,Ann Babb-Nordling,RE/MAX Northwest,Windermere Real Estate/East,47.6913544,-122.3325652,https://www.redfin.com/WA/Seattle/2126-N-86th-St-98103/home/104804
2026-09-19T19:54:21.154Z,Northgate,2026-07-21,106396,214909193,2517620,Closed,912 NE 115th St,,Seattle,WA,98125,Pinehurst,Single Family,1,1947,5,3,3,2480,6480,2,985000,397,,,,Tyson Baty,"John L. Scott, Inc.",Real Broker LLC,47.7124144,-122.318621,https://www.redfin.com/WA/Seattle/912-NE-115th-St-98125/home/106396
2026-09-19T19:54:21.154Z,Queen Anne,2026-07-21,131396,216089131,2530275,Closed,2529 Queen Anne Ave N,,Seattle,WA,98109,Queen Anne,Single Family,1,1911,4,2.5,2,2150,3600,2,1450000,674,,,,Colin Dalrymple,Windermere Real Estate/East,Windermere Real Estate Midtown,47.6423049,-122.3572512,https://www.redfin.com/WA/Seattle/2529-Queen-Anne-Ave-N-98109/home/131396
2026-09-19T19:54:21.154Z,Central Seattle,2026-07-21,146476,217261890,2546131,Closed,2629 E Valley St,,Seattle,WA,98112,Arboretum,Single Family,1,1901,4,2,2,2726,4000,1,1520250,558,,,,Angie Holmstrom,Windermere RE Greenwood,COMPASS,47.6257132,-122.2974705,https://www.redfin.com/WA/Seattle/2629-E-Valley-St-98112/home/146476
2026-09-19T19:54:21.154Z,West Seattle,2026-07-21,159888,216741941,2537015,Closed,5405 25th Ave SW,,Seattle,WA,98106,Delridge,Single Family,1,1928,2,1,1,700,4800,1,595000,850,,,,Julie Beall,Windermere Real Estate Midtown,COMPASS,47.5534969,-122.3646085,https://www.redfin.com/WA/Seattle/5405-25th-Ave-SW-98106/home/159888
2026-09-19T19:54:21.154Z,West Seattle,2026-07-21,160553,216531336,2535649,Closed,4051 19th Ave SW,,Seattle,WA,98106,Pigeon Point,Single Family,1,1910,2,1,1,1340,3600,1,555000,414,,,,,Coldwell Banker Danforth,Redfin,47.5668322,-122.358386,https://www.redfin.com/WA/Seattle/4051-19th-Ave-SW-98106/home/160553
2026-09-19T19:54:21.154Z,Ballard (specific),2026-07-21,162530,217280431,2545231,Closed,2852 NW 62nd St,,Seattle,WA,98107,Ballard,Single Family,1,1906,3,2,2,2190,5000,1,1450000,662,,,,Doron Weisbarth,Weisbarth & Associates,Weisbarth & Associates,47.6738865,-122.3952469,https://www.redfin.com/WA/Seattle/2852-NW-62nd-St-98107/home/162530
2026-09-19T19:54:21.154Z,Central Seattle,2026-07-21,200489513,212197904,2479619,Closed,2809 S Charles St,,Seattle,WA,98144,Judkins,Townhouse,3,2026,3,2,2,1512,1035,1.5,799950,529,,,,Ray York,"Windermere RE/Capitol Hill,Inc",eXp Realty,47.5943199,-122.2960045,https://www.redfin.com/WA/Seattle/2809-S-Charles-St-98144/home/200489513
2026-09-19T19:54:21.154Z,NW Seattle,2026-07-21,289681,217008005,2540853,Closed,9601 NW 21st Ave,,Seattle,WA,98117,North Beach,Single Family,1,1954,3,2.5,2,2540,7500,2,1525000,600,,,,,Windermere West Metro,Redfin,47.6991985,-122.3832676,https://www.redfin.com/WA/Seattle/9601-21st-Ave-NW-98117/home/289681
2026-09-19T19:54:21.154Z,NE Seattle,2026-07-21,309081,217204629,2538733,Closed,7347 19th Ave NE,,Seattle,WA,98115,Ravenna,Single Family,1,1917,5,2,2,2980,6120,2,1369000,459,,,,Joyce Juntunen,Ensemble,Coldwell Banker Bain,47.6826478,-122.308088,https://www.redfin.com/WA/Seattle/7347-19th-Ave-NE-98115/home/309081
2026-09-19T19:54:21.154Z,Beacon Hill,2026-07-21,480736,215618242,2527749,Closed,7708 35th Ave S,,Seattle,WA,98118,Beacon Hill,Single Family,1,1950,2,1,1,800,2312,1.5,510000,638,,,,Jaime Stenwick,RE/MAX Northwest,Windermere R.E. Shoreline,47.5327474,-122.2879859,https://www.redfin.com/WA/Seattle/7708-35th-Ave-S-98118/home/480736
2026-09-19T19:54:21.154Z,Central Seattle,2026-07-21,58611,221346087,2560901,Closed,420 16th Ave E #420,#420,Seattle,WA,98112,Capitol Hill,Single Family,1,1910,1,1,1,1941,,3,1075000,554,654,,,Deirdre Doyle,Windermere Real Estate Midtown,Windermere Real Estate Midtown,47.6227419,-122.3110038,https://www.redfin.com/WA/Seattle/420-16th-Ave-E-98112/unit-420/home/58611
2026-09-19T19:54:21.154Z,NW Seattle,2026-07-21,99465,217055692,2543216,Closed,510 N 92nd St,,Seattle,WA,98103,Greenwood,Townhouse,3,2026,5,2.5,2,2492,2429,1.5,1299000,521,6,,,Tyler Anderson,Windermere Real Estate Co.,Windermere Real Estate Co.,47.6962286,-122.3520756,https://www.redfin.com/WA/Seattle/510-N-92nd-St-98103/home/99465
2026-09-19T19:54:21.154Z,NE Seattle,2026-07-20,122554,217220323,2538577,Closed,3925 NE Surber Dr,,Seattle,WA,98105,Laurelhurst,Single Family,1,1936,3,3.5,3,4650,38002,2,5695000,1225,,,,Nicholas Glant,Real Residential,COMPASS,47.6557569,-122.2858546,https://www.redfin.com/WA/Seattle/3925-NE-Surber-Dr-98105/home/122554
2026-09-19T19:54:21.154Z,Magnolia,2026-07-20,128604,220619599,2551196,Closed,3610 W Viewmont Way W,,Seattle,WA,98199,Magnolia,Single Family,1,1940,3,2,2,2540,4519,1,1380000,543,,,,Kristen Eichelberger,Windermere RE Magnolia,Realogics Sotheby's Int'l Rlty,47.6524763,-122.4105732,https://www.redfin.com/WA/Seattle/3610-W-Viewmont-Way-W-98199/home/128604
2026-09-19T19:54:21.154Z,Queen Anne,2026-07-20,134308,221273375,2560178,Closed,403 Galer St,,Seattle,WA,98109,Queen Anne,Single Family,1,2016,2,3.5,3,3970,7863,1,3800000,957,,,,Steve Kennedy,COMPASS,Windermere Real Estate Midtown,47.6321263,-122.3488461,https://www.redfin.com/WA/Seattle/403-Galer-St-98109/home/134308
2026-09-19T19:54:21.154Z,Central Seattle,2026-07-20,144785,216956541,2541291,Closed,1809 13th Ave,,Seattle,WA,98122,Capitol Hill,Townhouse,3,2017,2,2,2,1377,2097,1.5,895000,650,,,,Sol Villarreal,Windermere Real Estate Co.,KW Greater Seattle,47.6179496,-122.3158251,https://www.redfin.com/WA/Seattle/1809-13th-Ave-98122/home/144785
2026-09-19T19:54:21.154Z,Ballard (specific),2026-07-20,166753,213188799,2494204,Closed,8053 16th Ave NW,,Seattle,WA,98117,Loyal Heights,Single Family,1,1942,2,1,1,870,3520,1,745000,856,,,,,"Pellego, Inc.",Redfin,47.6883876,-122.3781817,https://www.redfin.com/WA/Seattle/8053-16th-Ave-NW-98117/home/166753
2026-09-19T19:54:21.154Z,Eastlake,2026-07-20,173964065,217001659,2540908,Closed,2014 Yale Ave E Unit B,Unit B,Seattle,WA,98102,Eastlake,Townhouse,3,2020,3,2.5,2,1610,6600,1.5,999500,621,,,,Chris Ho,"Windermere RE/Capitol Hill,Inc",Windermere Real Estate Midtown,47.6372114,-122.3268612,https://www.redfin.com/WA/Seattle/2014-Yale-Ave-E-98102/unit-B/home/173964065
2026-09-19T19:54:21.154Z,NW Seattle,2026-07-20,185666289,215570308,2523643,Closed,311 NW 89th St,,Seattle,WA,98117,Greenwood,Single Family,1,2023,2,2.5,2,1069,1221,2,660000,617,4,,,Kari Haas,Windermere Bellevue Commons,COMPASS,47.6932302,-122.3610953,https://www.redfin.com/WA/Seattle/311-NW-89th-St-98117/home/185666289
2026-09-19T19:54:21.154Z,Magnolia,2026-07-20,186035874,216575354,2536135,Closed,4422 Montana Cir W,,Seattle,WA,98199,Magnolia,Townhouse,3,1900,3,2.5,2,1976,,1.5,990000,501,965,,,Sally Keadle,COMPASS,Real Broker LLC,47.661793,-122.4154528,https://www.redfin.com/WA/Seattle/4422-Montana-Cir-98199/home/186035874
2026-09-19T19:54:21.154Z,Fremont,2026-07-20,194153593,216194921,2529107,Closed,105 NW 39 th St Unit E,Unit E,Seattle,WA,98107,Fremont,Townhouse,3,2025,3,2.5,2,1284,775,1.5,660000,514,,,,Barrick Benson,Windermere Real Estate Co.,KW Greater Seattle,47.6540005,-122.3580182,https://www.redfin.com/WA/Seattle/105-NW-39th-St-98107/unit-E/home/194153593
2026-09-19T19:54:21.154Z,Wallingford,2026-07-20,200166178,216585849,2536248,Closed,4418 1st Ave NE Unit A,Unit A,Seattle,WA,98105,Wallingford,Townhouse,3,2025,3,2,2,1223,608,1.5,789000,645,78,,,John Cowan,Windermere Real Estate Co.,Columbia Partners Real Estate,47.6606397,-122.3281642,https://www.redfin.com/WA/Seattle/4418-1st-Ave-NE-98105/unit-A/home/200166178
2026-09-19T19:54:21.154Z,Wallingford,2026-07-20,202063570,216181913,2531843,Closed,4414 Corliss Ave N Unit B,Unit B,Seattle,WA,98103,Wallingford,Townhouse,3,2026,2,2,2,1285,825,1.5,774950,603,,,,Michael Espada,Array Real Estate,Real Broker LLC,47.6607931,-122.3310837,https://www.redfin.com/WA/Seattle/4414-Corliss-Ave-N-98103/unit-B/home/202063570
2026-09-19T19:54:21.154Z,Fremont,2026-07-20,202066067,216195462,2529098,Closed,105 F NW 39 th St,,Seattle,WA,98107,Fremont,Townhouse,3,2025,3,2.5,2,1284,1876,1.5,710000,553,,,,Barrick Benson,Windermere Real Estate Co.,Best Choice Realty,47.6539947,-122.3581341,https://www.redfin.com/WA/Seattle/105-F-NW-39th-St-98107/home/202066067
2026-09-19T19:54:21.154Z,West Seattle,2026-07-20,2079891,216777367,2532954,Closed,5944 26th Ave SW,,Seattle,WA,98106,Delridge,Single Family,1,2004,4,2.5,2,2120,5789,2,923000,435,,,,Joshua Fant,North Pacific Properties,Windermere West Metro,47.54866,-122.3653201,https://www.redfin.com/WA/Seattle/5944-26th-Ave-SW-98106/home/2079891
2026-09-19T19:54:21.154Z,Ballard (specific),2026-07-20,302651,216785008,2536771,Closed,300 NW 47th St,,Seattle,WA,98107,Phinney Ridge,Single Family,1,1924,4,3,3,3154,3638,1.5,1575000,499,,,,Beth Ellis,KW Greater Seattle,eXp Realty,47.663103,-122.3610263,https://www.redfin.com/WA/Seattle/300-NW-47th-St-98107/home/302651
2026-09-19T19:54:21.154Z,NE Seattle,2026-07-20,309800,216781053,2534678,Closed,1618 NE 80th St,,Seattle,WA,98115,Maple Leaf,Single Family,1,1930,3,2.5,2,2060,3100,1.5,1125000,546,,,,Trey Danna,COMPASS,Keller Williams Seattle Metro,47.6868504,-122.3102719,https://www.redfin.com/WA/Seattle/1618-NE-80th-St-98115/home/309800
2026-09-19T19:54:21.154Z,West Seattle,2026-07-20,475523,220620020,2550796,Closed,9209 13th Ave SW,,Seattle,WA,98106,Highland Park,Single Family,1,1942,2,1,1,720,6771,1,325000,451,,,,Brenda Holmes,Gateway Real Estate,Reger Homes LLC,47.5206808,-122.3519754,https://www.redfin.com/WA/Seattle/9209-13th-Ave-SW-98106/home/475523
2026-09-19T19:54:21.154Z,Beacon Hill,2026-07-20,479206,216571397,2535893,Closed,6811 27th Ave S,,Seattle,WA,98108,Beacon Hill,Single Family,1,1955,3,2,2,1020,7002,1,664950,652,,,,Martin Ho,Berkshire Hathaway HS NW,eXp Realty,47.5417136,-122.2978578,https://www.redfin.com/WA/Seattle/6811-27th-Ave-S-98108/home/479206
2026-09-19T19:54:21.154Z,NW Seattle,2026-07-20,99943,217163412,2542118,Closed,9248 3rd Ave NW,,Seattle,WA,98117,Greenwood,Single Family,1,1951,3,2,2,1860,5821,1,930000,500,,,,Nancy Chapin,Windermere R E Mount Baker,COMPASS,47.6974312,-122.3603912,https://www.redfin.com/WA/Seattle/9248-3rd-Ave-NW-98117/home/99943
2026-09-19T19:54:21.154Z,Northgate,2026-07-17,105695,216921209,2539168,Closed,11557 8th Ave NE,,Seattle,WA,98125,Pinehurst,Single Family,1,1949,4,2,2,1600,5600,1,625000,391,,,,Gina Madeya,Windermere Real Estate Central,Kelly Right RE of Seattle LLC,47.7138383,-122.3209766,https://www.redfin.com/WA/Seattle/11557-8th-Ave-NE-98125/home/105695
2026-09-19T19:54:21.154Z,Northgate,2026-07-17,12538016,216995029,2532519,Closed,1017 NE 123rd St Unit C,Unit C,Seattle,WA,98125,Pinehurst,Townhouse,3,2008,3,2,2,1406,1408,1.5,608000,432,,,,Leo Yu,Kelly Right RE of Seattle LLC,Portico Real Estate,47.7173569,-122.3173749,https://www.redfin.com/WA/Seattle/1017-NE-123rd-St-98125/unit-C/home/12538016
2026-09-19T19:54:21.154Z,Queen Anne,2026-07-17,130655,216431420,2533880,Closed,2415 Queen Anne Ave N,,Seattle,WA,98109,Queen Anne,Single Family,1,1905,5,2.5,2,3080,5400,2,1300000,422,,,,Hayley Brown,Pure Real Estate,KW Lake Washington So,47.6400615,-122.3572352,https://www.redfin.com/WA/Seattle/2415-Queen-Anne-Ave-N-98109/home/130655
2026-09-19T19:54:21.154Z,Queen Anne,2026-07-17,135058,216740912,2538038,Closed,511 W Highland Dr,,Seattle,WA,98119,Queen Anne,Single Family,1,1955,4,4.5,4,4647,7500,2,3925000,845,,,,Erica Clibborn,Windermere Real Estate Midtown,COMPASS,47.6293723,-122.3636554,https://www.redfin.com/WA/Seattle/511-W-Highland-Dr-98119/home/135058
2026-09-19T19:54:21.154Z,NW Seattle,2026-07-17,145709491,215550625,2522747,Closed,12002 Greenwood Ave N,,Seattle,WA,98133,Greenwood,Townhouse,3,2019,3,2.5,2,1400,747,1.5,629950,450,,,,Grecia Thomas,"Real Property Associates, Inc.",Windermere RE Greenwood,47.716173,-122.35526,https://www.redfin.com/WA/Seattle/12002-Greenwood-Ave-N-98133/home/145709491
2026-09-19T19:54:21.154Z,West Seattle,2026-07-17,156067,217217591,2545550,Closed,10016 SW 42nd Ave,,Seattle,WA,98146,Arbor Heights,Single Family,1,1927,3,2,2,1130,7920,1,810000,717,,,,Mark Miller,"Skyline Properties, Inc.",Windermere Real Estate Co.,47.5132103,-122.3856074,https://www.redfin.com/WA/Seattle/10016-42nd-Ave-SW-98146/home/156067
2026-09-19T19:54:21.154Z,Ballard (specific),2026-07-17,165204,214100493,2507853,Closed,7506 18th Ave NW,,Seattle,WA,98117,Loyal Heights,Single Family,1,2025,4,4.5,4,3315,3841,2,2200000,664,,,,John Cowan,Windermere Real Estate Co.,Windermere Real Estate Co.,47.6834746,-122.3797554,https://www.redfin.com/WA/Seattle/7506-18th-Ave-NW-98117/home/165204
2026-09-19T19:54:21.154Z,West Seattle,2026-07-17,177073640,216720262,2537148,Closed,2639 A 45th Ave SW,,Seattle,WA,98116,North Admiral,Townhouse,3,2021,3,2,2,1650,1141,1.5,884000,536,,,,Lauren Peters,Every Door Real Estate,Berkshire Hathaway HS NW,47.580101,-122.3898318,https://www.redfin.com/WA/Seattle/2639-45th-Ave-SW-98116/home/177073640
2026-09-19T19:54:21.154Z,Fremont,2026-07-17,179747331,217282109,2546317,Closed,3816 B Evanston Ave N,,Seattle,WA,98103,Fremont,Single Family,1,2001,2,2.5,2,2210,1412,1.5,1525000,690,,,,Sam Ward,Windermere Real Estate Co.,Coldwell Banker Bain,47.6532523,-122.350865,https://www.redfin.com/WA/Seattle/3816-Evanston-Ave-N-98103/home/179747331
2026-09-19T19:54:21.154Z,NW Seattle,2026-07-17,192503783,214356857,2512701,Closed,9033 8th Ave NW Unit B,Unit B,Seattle,WA,98117,Crown Hill,Townhouse,3,2025,2,2,2,1181,626,1.5,599950,508,45,,,John Cowan,Windermere Real Estate Co.,Windermere Real Estate Midtown,47.6953149,-122.3664026,https://www.redfin.com/WA/Seattle/9033-8th-Ave-NW-98117/unit-B/home/192503783
2026-09-19T19:54:21.154Z,Central Seattle,2026-07-17,199481751,216865087,2540168,Closed,1806 E Mercer St,,Seattle,WA,98112,North Capitol Hill,Townhouse,3,2026,4,2.5,2,2262,945,1.5,1335000,590,,,,Melissa McMurray,Lake & Company,Windermere Real Estate Co.,47.624604,-122.308265,https://www.redfin.com/WA/Seattle/1806-E-Mercer-St-98112/home/199481751
2026-09-19T19:54:21.154Z,West Seattle,2026-07-17,201653549,214596211,2515964,Closed,4113 Chilberg Ave SW Unit A,Unit A,Seattle,WA,98116,Beach Drive,Townhouse,3,2026,3,3,2,1592,1216,1.5,1005000,631,,,,James Vert,John L Scott RE West Seattle,COMPASS,47.5670742,-122.4084448,https://www.redfin.com/WA/Seattle/4113-Chilberg-Ave-SW-98116/unit-A/home/201653549
2026-09-19T19:54:21.154Z,Ballard (specific),2026-07-17,201917919,215573292,2527148,Closed,6913 30th Ave NW,,Seattle,WA,98117,Seattle,Single Family,1,2026,4,3.5,3,2724,5000,3,2100000,771,,,,Drew Smith,"Urban Commercial Partners, LLC",Windermere Real Estate Midtown,47.679091,-122.3959392,https://www.redfin.com/WA/Seattle/6913-30th-Ave-NW-98117/home/201917919
2026-09-19T19:54:21.154Z,NW Seattle,2026-07-17,291194,217264534,2545506,Closed,303 NW 117th St,,Seattle,WA,98177,Broadview,Single Family,1,1951,5,2,2,2375,7475,2,1270000,535,,,,Kellie Morrill,Real Broker LLC,Coldwell Banker Danforth,47.7139917,-122.3611747,https://www.redfin.com/WA/Seattle/303-NW-117th-St-98177/home/291194
2026-09-19T19:54:21.154Z,NE Seattle,2026-07-17,315019,215399254,2524592,Closed,3813 NE 70th St,,Seattle,WA,98115,Bryant,Single Family,1,1955,4,3,3,2429,5885,1.5,1320000,543,,,,Elaine Shankland,KW Greater Seattle,"Real Property Associates, Inc.",47.6792105,-122.2865243,https://www.redfin.com/WA/Seattle/3813-NE-70th-St-98115/home/315019
2026-09-19T19:54:21.154Z,NE Seattle,2026-07-17,315273,216764925,2533810,Closed,6519 40th Ave NE,,Seattle,WA,98115,Bryant,Single Family,1,1947,3,2,2,2570,5304,1.5,1050000,409,,,,Ben Stigler,Windermere RE Greenwood,Engel & Voelkers Mercer Island,47.6763731,-122.2852154,https://www.redfin.com/WA/Seattle/6519-40th-Ave-NE-98115/home/315273
2026-09-19T19:54:21.154Z,NE Seattle,2026-07-17,321701,216700122,2535381,Closed,8052 Ridge Dr NE,,Seattle,WA,98115,Sand Point Country Club,Single Family,1,1949,4,3.5,3,3600,7200,2,2925000,813,249,,,Ann O'Neil,Windermere Real Estate Co.,"John L. Scott, Inc.",47.6876873,-122.27501,https://www.redfin.com/WA/Seattle/8052-Ridge-Dr-NE-98115/home/321701
2026-09-19T19:54:21.154Z,West Seattle,2026-07-17,328903,217041431,2541742,Closed,3247 40th Ave SW,,Seattle,WA,98116,Belvidere,Single Family,1,1909,4,3,3,2410,5068,1,1475000,612,,,,Francisco Dictado,KW Lake Washington So,Keller Williams Seattle Metro,47.5742289,-122.382864,https://www.redfin.com/WA/Seattle/3247-40th-Ave-SW-98116/home/328903
2026-09-19T19:54:21.154Z,Ballard (specific),2026-07-17,494710,216815074,2529198,Closed,943 NW 60th St,,Seattle,WA,98107,Whittier,Single Family,1,1907,3,2.5,2,2590,6000,2,1360000,525,,,,Conor MacEvilly,KW Greater Seattle,Coldwell Banker Danforth,47.6721623,-122.3705458,https://www.redfin.com/WA/Seattle/943-NW-60th-St-98107/home/494710
2026-09-19T19:54:21.154Z,Ballard (specific),2026-07-17,496484,216070173,2530099,Closed,1002 NW 70th St,,Seattle,WA,98117,Whittier,Single Family,1,1926,4,2,2,2320,4125,1.5,1250000,539,,,,Javila Creer,Windermere Real Estate Midtown,Windermere Mercer Island,47.6797245,-122.3696486,https://www.redfin.com/WA/Seattle/1002-NW-70th-St-98117/home/496484
2026-09-19T19:54:21.154Z,NW Seattle,2026-07-16,101884,216805621,2536330,Closed,14101 Phinney Ave N,,Seattle,WA,98133,Broadview,Single Family,1,1963,4,3,3,2090,9090,1.5,1160000,555,,,,Steve Hill,Windermere RE Greenwood,RE/MAX Northwest,47.7308753,-122.3547346,https://www.redfin.com/WA/Seattle/14101-Phinney-Ave-N-98133/home/101884
2026-09-19T19:54:21.154Z,Northgate,2026-07-16,104840,217001049,2542300,Closed,8517 Stone Ave N Unit B,Unit B,Seattle,WA,98103,Licton Springs,Townhouse,3,2005,3,1.5,1,1415,1111,1.5,599900,424,,,,Erica Anthony,KW Greater Seattle,HomeSmart Real Estate Assoc,47.6910765,-122.3415637,https://www.redfin.com/WA/Seattle/8517-Stone-Ave-N-98103/unit-B/home/104840
2026-09-19T19:54:21.154Z,Central Seattle,2026-07-16,109972168,216143201,2531575,Closed,230 26th Ave E,,Seattle,WA,98112,Madison Valley,Townhouse,3,2017,2,2,2,1540,1446,1.5,740000,481,,,,,Berkshire Hathaway HS NW,Redfin,47.6210862,-122.2983624,https://www.redfin.com/WA/Seattle/230-26th-Ave-E-98112/home/109972168
2026-09-19T19:54:21.154Z,Magnolia,2026-07-16,128923,220429374,2549036,Closed,3242 36th Ave W,,Seattle,WA,98199,Magnolia,Single Family,1,1919,3,2,2,2120,6214,2,990501,467,,,,Brian Alfi,Windermere R.E. Shoreline,Coldwell Banker Danforth,47.6499917,-122.4030803,https://www.redfin.com/WA/Seattle/3242-36th-Ave-W-98199/home/128923
2026-09-19T19:54:21.154Z,Queen Anne,2026-07-16,129462,217180267,2545186,Closed,2537 2nd Ave W,,Seattle,WA,98119,Queen Anne,Single Family,1,1914,4,2,2,1980,3600,1,1400000,707,,,,Katy Roberts,COMPASS,Coldwell Banker Bain,47.6425495,-122.3598827,https://www.redfin.com/WA/Seattle/2537-2nd-Ave-W-98119/home/129462
2026-09-19T19:54:21.154Z,Queen Anne,2026-07-16,134298,216500180,2534263,Closed,2406 Bigelow Ave N,,Seattle,WA,98109,Queen Anne,Single Family,1,1925,4,3.5,3,3390,4004,2,2660000,785,,,,Rene Stern,Windermere Real Estate Midtown,Lake & Company,47.6402797,-122.3480228,https://www.redfin.com/WA/Seattle/2406-Bigelow-Ave-N-98109/home/134298
2026-09-19T19:54:21.154Z,Central Seattle,2026-07-16,143283,216990397,2541870,Closed,360 27th Ave,,Seattle,WA,98122,Central Area,Single Family,1,1924,2,1,1,1880,4100,1,848000,451,,,,Deirdre Doyle,Windermere Real Estate Midtown,ZNonMember-Office-MLS,47.6060338,-122.2975798,https://www.redfin.com/WA/Seattle/360-27th-Ave-98122/home/143283
2026-09-19T19:54:21.154Z,Ballard (specific),2026-07-16,165641,216333332,2529235,Closed,2309 NW 73rd,,Seattle,WA,98117,Ballard,Single Family,1,1912,1,1,1,800,1700,1,720000,900,,,,Debbie Jefferson,Lake & Company,AgencyOne,47.6811657,-122.3858721,https://www.redfin.com/WA/Seattle/2309-NW-73rd-St-98117/home/165641
2026-09-19T19:54:21.154Z,West Seattle,2026-07-16,197661695,216332707,2533766,Closed,1605 SW Kenyon St,,Seattle,WA,98106,Highland Park,Single Family,1,2025,2,2.5,2,1059,1393,2,649900,614,31,,,Grace Le,"Dove Realty, Inc.",Windermere Real Estate/East,47.5318707,-122.355121,https://www.redfin.com/WA/Seattle/1605-SW-Kenyon-St-98106/home/197661695
2026-09-19T19:54:21.154Z,NW Seattle,2026-07-16,200583425,212375791,2482853,Closed,11229 Greenwood Ave N Unit B,Unit B,Seattle,WA,98133,Greenwood,Townhouse,3,2025,4,3,3,1910,799,1.5,750000,393,,,,Bentley Pugh,Keller Williams North Seattle,COMPASS,47.711531,-122.3559196,https://www.redfin.com/WA/Seattle/11229-Greenwood-Ave-N-98133/unit-B/home/200583425
2026-09-19T19:54:21.154Z,Ballard (specific),2026-07-16,201657458,217157560,2544435,Closed,8332 24th Ave NW,,Seattle,WA,98117,Loyal Heights,Single Family,1,2026,2,2.5,2,1096,906,2,736250,672,14,,,Lee Whalen,Windermere Real Estate Co.,Every Door Real Estate,47.6897418,-122.387294,https://www.redfin.com/WA/Seattle/8332-24th-Ave-NW-98117/home/201657458
2026-09-19T19:54:21.154Z,Wallingford,2026-07-16,202054255,216139947,2529788,Closed,4531 Corliss Ave N,,Seattle,WA,98103,Wallingford,Townhouse,3,2026,3,3.5,3,2088,1977,1.5,1449950,694,,,,John Cowan,Windermere Real Estate Co.,"Windermere RE/Capitol Hill,Inc",47.6623087,-122.3317064,https://www.redfin.com/WA/Seattle/4531-Corliss-Ave-N-98103/home/202054255
2026-09-19T19:54:21.154Z,Central Seattle,2026-07-16,21883834,215523196,2525814,Closed,219 12th Ave E Unit A,Unit A,Seattle,WA,98102,Capitol Hill,Townhouse,3,2008,3,2.5,2,1500,1229,1.5,925000,617,,,,David Eastern,Windermere Real Estate/East,HomeSmart One Realty,47.6205227,-122.3172145,https://www.redfin.com/WA/Seattle/219-12th-Ave-E-98102/unit-A/home/21883834
2026-09-19T19:54:21.154Z,NW Seattle,2026-07-16,288777,216838153,2538286,Closed,1227 NW 120th St,,Seattle,WA,98177,Broadview,Single Family,1,1954,4,3,3,1864,6375,1,1200000,644,,,,Gary Sunde,"Real Property Associates, Inc.","John L. Scott, Inc.",47.7156037,-122.3728081,https://www.redfin.com/WA/Seattle/1227-NW-120th-St-98177/home/288777
2026-09-19T19:54:21.154Z,NE Seattle,2026-07-16,315350,216189251,2531103,Closed,2701 NE 94th St,,Seattle,WA,98115,Wedgwood,Single Family,1,1922,3,2.5,2,2410,5281,2,1275000,529,,,,Terry Vehrs,"Windermere Real Estate/M2, LLC",COMPASS,47.696425,-122.2984088,https://www.redfin.com/WA/Seattle/2701-NE-94th-St-98115/home/315350
2026-09-19T19:54:21.154Z,West Seattle,2026-07-16,328003,217020203,2542323,Closed,3222 38th Ave SW,,Seattle,WA,98126,Belvidere,Single Family,1,1918,2,2,2,910,5000,1,850000,934,,,,Kristen Meyer,Keller Williams Seattle Metro,Upside Properties,47.5748934,-122.3799975,https://www.redfin.com/WA/Seattle/3222-38th-Ave-SW-98126/home/328003
2026-09-19T19:54:21.154Z,NW Seattle,2026-07-16,97016,214491550,2514083,Closed,10330 14th Ave NW,,Seattle,WA,98177,Blue Ridge,Townhouse,3,2026,2,2.5,2,1212,1535,1.5,809950,668,45,,,Gary Sunde,"Real Property Associates, Inc.","Real Property Associates, Inc.",47.7042776,-122.3737948,https://www.redfin.com/WA/Seattle/10330-14th-Ave-NW-98177/home/97016
2026-09-19T19:54:21.154Z,NW Seattle,2026-07-15,101373,215457761,2525691,Closed,106 N 100th St,,Seattle,WA,98133,Greenwood,Single Family,1,1921,3,2,2,2070,5456,1,950000,459,,,,Darcy LaBelle,Windermere Real Estate Co.,HomeSmart Real Estate Assoc,47.7016934,-122.3576476,https://www.redfin.com/WA/Seattle/106-N-100th-St-98133/home/101373
2026-09-19T19:54:21.154Z,West Seattle,2026-07-15,109660380,217189017,2545095,Closed,3951 SW Oregon St,,Seattle,WA,98116,Alaska Junction,Townhouse,3,2015,3,2,2,1490,940,1.5,695000,466,,,,Brooke Davis,Windermere Mercer Island,"Pellego, Inc.",47.5627431,-122.3823844,https://www.redfin.com/WA/Seattle/3951-SW-Oregon-St-98116/home/109660380
2026-09-19T19:54:21.154Z,Maple Leaf,2026-07-15,110444,216196888,2531301,Closed,813 NE 90th St,,Seattle,WA,98115,Maple Leaf,Single Family,1,2026,4,3.5,3,2432,2807,3,1660000,683,34,,,Bonnie Upham,KW Greater Seattle,"Griffin Realty Group, Inc.",47.6938423,-122.3196831,https://www.redfin.com/WA/Seattle/813-NE-90th-St-98115/home/110444
2026-09-19T19:54:21.154Z,Wallingford,2026-07-15,117850,216335096,2533121,Closed,1821 N 47th St,,Seattle,WA,98103,Wallingford,Single Family,1,1950,4,2,2,1850,2750,1,1122500,607,,,,Andy Sather,"John L. Scott, Inc.",Windermere Real Estate Co.,47.662715,-122.3354397,https://www.redfin.com/WA/Seattle/1821-N-47th-St-98103/home/117850
2026-09-19T19:54:21.154Z,Beacon Hill,2026-07-15,12304804,216589478,2536304,Closed,2363 S McClellan St,,Seattle,WA,98144,N Beacon Hill,Single Family,1,2007,2,2.5,2,1480,1730,1.5,617000,417,130,,,Eryn Joslyn,COMPASS,Windermere Prof Partners,47.5782128,-122.3017192,https://www.redfin.com/WA/Seattle/2363-S-McClellan-St-98144/home/12304804
2026-09-19T19:54:21.154Z,Central Seattle,2026-07-15,12305689,216817617,2539262,Closed,1451 S Main St,,Seattle,WA,98144,Central Area,Townhouse,3,2007,3,2.5,2,1350,980,1.5,624950,463,,,,Daniel Renne,COMPASS,Windermere Real Estate Co.,47.5998472,-122.3119543,https://www.redfin.com/WA/Seattle/1451-S-Main-St-98144/home/12305689
2026-09-19T19:54:21.154Z,Magnolia,2026-07-15,128042,216731180,2537926,Closed,3502 29th Ave W,,Seattle,WA,98199,Magnolia,Single Family,1,1961,5,3,3,2240,7200,1.5,1605000,717,,,,Rob McGarty,Bushwick,Windermere RE Magnolia,47.6515275,-122.3938224,https://www.redfin.com/WA/Seattle/3502-29th-Ave-W-98199/home/128042
2026-09-19T19:54:21.154Z,Queen Anne,2026-07-15,134306,216521719,2525524,Closed,1528 1st Ave W,,Seattle,WA,98119,Queen Anne,Single Family,1,1910,3,2,2,1440,2330,2,900000,625,,,,Laurie Way,Coldwell Banker Bain,Coldwell Banker Bain,47.6332177,-122.3580797,https://www.redfin.com/WA/Seattle/1528-1st-Ave-W-98119/home/134306
2026-09-19T19:54:21.154Z,Central Seattle,2026-07-15,137395,216759878,2537536,Closed,721 18th Ave E,,Seattle,WA,98112,Capitol Hill,Single Family,1,1904,5,3.5,3,3270,5760,2,2625000,803,,,,Brad Hinckley,COMPASS,"Windermere RE/Capitol Hill,Inc",47.6259154,-122.3090296,https://www.redfin.com/WA/Seattle/721-18th-Ave-E-98112/home/137395
2026-09-19T19:54:21.154Z,Central Seattle,2026-07-15,142389,216958271,2535156,Closed,906 19th Ave,,Seattle,WA,98122,Central Area,Single Family,1,1915,3,2,2,1840,4636,1,933500,507,,,,Sarah Rudinoff,Windermere R E Mount Baker,Windermere RE Magnolia,47.6106494,-122.3072942,https://www.redfin.com/WA/Seattle/906-19th-Ave-98122/home/142389
2026-09-19T19:54:21.154Z,Central Seattle,2026-07-15,148242,216709104,2537636,Closed,1532 23rd Ave,,Seattle,WA,98122,Central Area,Single Family,1,1905,4,1,1,2060,3513,2,650000,316,,,,Casey Price,"Windermere Real Estate/M2, LLC",Every Door Real Estate,47.6150966,-122.3023655,https://www.redfin.com/WA/Seattle/1532-23rd-Ave-98122/home/148242
2026-09-19T19:54:21.154Z,NW Seattle,2026-07-15,163693,216762992,2538178,Closed,8604 29th Ave NW,,Seattle,WA,98117,North Beach,Single Family,1,1928,4,3,3,2040,4500,2,1275000,625,,,,Jason Gibbons,COMPASS,Designed Realty,47.6914025,-122.3936898,https://www.redfin.com/WA/Seattle/8604-29th-Ave-NW-98117/home/163693
2026-09-19T19:54:21.154Z,Ballard (specific),2026-07-15,166712,214855826,2517394,Closed,6620 28th Ave NW,,Seattle,WA,98117,Ballard,Single Family,1,1985,3,2.5,2,1590,2550,3,970000,610,,,,Tristan Hoyle,eXp Realty,COMPASS,47.6771945,-122.3926289,https://www.redfin.com/WA/Seattle/6620-28th-Ave-NW-98117/home/166712
2026-09-19T19:54:21.154Z,West Seattle,2026-07-15,189779349,216133044,2530346,Closed,3280 SW Graham St #601,#601,Seattle,WA,98126,High Point,Townhouse,3,2018,3,3.5,3,1679,113073,1.5,715000,426,559,,,Ian Gordon,Coldwell Banker Bain,Windermere Bellevue Commons,47.5474968,-122.3749184,https://www.redfin.com/WA/Seattle/3280-SW-Graham-St-98126/unit-601/home/189779349
2026-09-19T19:54:21.154Z,Wallingford,2026-07-15,199413031,215714800,2528084,Closed,104 NE 44th St,,Seattle,WA,98105,Wallingford,Townhouse,3,2026,2,2.5,2,1306,1605,1.5,1025000,785,16,,,John Cowan,Windermere Real Estate Co.,Rethinking Real Estate LLC,47.6602371,-122.3282403,https://www.redfin.com/WA/Seattle/104-NE-44th-St-98105/home/199413031
2026-09-19T19:54:21.154Z,Ballard (specific),2026-07-15,201877819,215448855,2525639,Closed,8327 A 12th Ave NW,,Seattle,WA,98117,Whittier,Townhouse,3,2026,3,2.5,2,1870,1242,1.5,939000,502,120,,,Ray York,"Windermere RE/Capitol Hill,Inc",Best Choice Network LLC,47.689459,-122.3717246,https://www.redfin.com/WA/Seattle/8327-A-12th-Ave-NW-98117/home/201877819
2026-09-19T19:54:21.154Z,Magnolia,2026-07-15,2053,220945970,2555951,Closed,3711 26th Pl W #202,#202,Seattle,WA,98199,Magnolia,Single Family,1,1968,2,1,1,856,,1,315000,368,786,,,Tara Eintracht,Windermere RE Magnolia,NWMLS-NonOffice,47.6535954,-122.3905886,https://www.redfin.com/WA/Seattle/3711-26th-Pl-W-98199/unit-202/home/2053
2026-09-19T19:54:21.154Z,Queen Anne,2026-07-15,2075243,216567400,2535341,Closed,804 3rd Ave N,,Seattle,WA,98109,Seattle,Townhouse,3,2005,3,3,3,1310,986,1.5,975000,744,,,,Harold Berry,Windermere Real Estate Midtown,Windermere Real Estate/East,47.6265266,-122.3512559,https://www.redfin.com/WA/Seattle/804-3rd-Ave-N-98109/home/2075243
2026-09-19T19:54:21.154Z,West Seattle,2026-07-15,22441376,216965993,2540472,Closed,4700 49th Ave SW,,Seattle,WA,98116,Alaska Junction,Single Family,1,2010,5,2.5,2,2640,5000,2,1680000,636,,,,Mara Haveson,COMPASS,Designed Realty,47.5610127,-122.3945687,https://www.redfin.com/WA/Seattle/4700-49th-Ave-SW-98116/home/22441376
2026-09-19T19:54:21.154Z,NW Seattle,2026-07-15,289851,220559740,2547752,Closed,8620 21st Ave NW,,Seattle,WA,98117,Olympic Manor,Single Family,1,1954,4,2.5,2,2550,8785,1,1750000,686,13,,,Karen Santa,Windermere Real Estate/East,Windermere Real Estate/East,47.6916803,-122.3826397,https://www.redfin.com/WA/Seattle/8620-21st-Ave-NW-98117/home/289851
2026-09-19T19:54:21.154Z,NW Seattle,2026-07-15,290766,217174883,2540669,Closed,13015 8th Ave NW,,Seattle,WA,98177,Broadview,Single Family,1,1941,4,3,3,2690,9000,1.5,1402000,521,,,,Therasa Alston,Windermere R.E. Shoreline,Windermere R.E. Shoreline,47.7237991,-122.3666993,https://www.redfin.com/WA/Seattle/13015-8th-Ave-NW-98177/home/290766
2026-09-19T19:54:21.154Z,Green Lake,2026-07-15,304669,216190566,2532039,Closed,2214 N 60th St,,Seattle,WA,98103,Green Lake,Single Family,1,1921,3,2,2,1150,2449,1.5,759000,660,,,,Missi Huff,Coldwell Banker Bain,John L. Scott R.E.Tacoma North,47.6724581,-122.3317173,https://www.redfin.com/WA/Seattle/2214-N-60th-St-98103/home/304669
2026-09-19T19:54:21.154Z,Green Lake,2026-07-15,306625,216550340,2535725,Closed,7348 Keen Way N,,Seattle,WA,98103,Green Lake,Single Family,1,1925,5,2.5,2,2720,4275,1.5,1590000,585,,,,,Windermere Real Estate Midtown,Redfin,47.6825342,-122.3423673,https://www.redfin.com/WA/Seattle/7348-Keen-Way-N-98103/home/306625
2026-09-19T19:54:21.154Z,NE Seattle,2026-07-15,313624,217192282,2544160,Closed,4836 38th Ave NE,,Seattle,WA,98105,Bryant,Single Family,1,1926,3,1,1,1590,3156,1.5,990000,623,,,,Jeanie Van Amen,"John L. Scott, Inc.",Columbia Partners Real Estate,47.6645576,-122.286648,https://www.redfin.com/WA/Seattle/4836-38th-Ave-NE-98105/home/313624
2026-09-19T19:54:21.154Z,NE Seattle,2026-07-15,314239,217041587,2540680,Closed,3802 NE 52nd St,,Seattle,WA,98105,Bryant,Single Family,1,1928,4,2,2,2300,4000,1.5,1210000,526,,,,Jay Nemitz,Windermere Real Estate Co.,Windermere Real Estate Co.,47.6668786,-122.2865951,https://www.redfin.com/WA/Seattle/3802-NE-52nd-St-98105/home/314239
2026-09-19T19:54:21.154Z,West Seattle,2026-07-15,328712,216183406,2531586,Closed,3514 SW Manning St,,Seattle,WA,98126,Belvidere,Single Family,1,1949,4,2,2,1720,5000,1,905000,526,,,,Megan Bono,Keller Williams Seattle Metro,Keller Williams Seattle Metro,47.5713439,-122.3768415,https://www.redfin.com/WA/Seattle/3514-SW-Manning-St-98126/home/328712
2026-09-19T19:54:21.154Z,West Seattle,2026-07-15,331187,216851836,2539678,Closed,3033 45th Ave SW,,Seattle,WA,98116,North Admiral,Single Family,1,1932,6,3,3,3650,6250,1.5,1795000,492,,,,Ryan Raffetto,Rennie Group,Rennie Group,47.5764925,-122.3897618,https://www.redfin.com/WA/Seattle/3033-45th-Ave-SW-98116/home/331187
2026-09-19T19:54:21.154Z,West Seattle,2026-07-15,469984,215355410,2524252,Closed,6716 37th Ave SW,,Seattle,WA,98126,Gatewood,Single Family,1,1929,5,3,3,3710,7568,2,1495000,403,,,,Julie Granahan,Redfin,COMPASS,47.5424281,-122.3788228,https://www.redfin.com/WA/Seattle/6716-37th-Ave-SW-98126/home/469984
2026-09-19T19:54:21.154Z,Ballard (specific),2026-07-15,69353901,214527461,2515322,Closed,3426 NW Market St,,Seattle,WA,98107,Ballard,Single Family,1,2014,3,2.5,2,1520,1246,,990000,651,,,,Shoshana Godwin,COMPASS,COMPASS,47.6688764,-122.4021016,https://www.redfin.com/WA/Seattle/3426-NW-Market-St-98107/home/69353901
2026-09-19T19:54:21.154Z,Beacon Hill,2026-07-14,109662312,221060867,2557611,Closed,4290 S Greenbelt Station Dr,,Seattle,WA,98118,Seattle,Townhouse,3,2016,3,1.5,1,1350,1643,1.5,550000,407,240,,,Tommy Quach,Windermere R.E. Shoreline,Real Broker LLC,47.5246301,-122.2796444,https://www.redfin.com/WA/Seattle/4290-S-Greenbelt-Station-Dr-98118/home/109662312
2026-09-19T19:54:21.154Z,Central Seattle,2026-07-14,12091259,215397195,2524595,Closed,140 21st Ave E Unit B,Unit B,Seattle,WA,98112,Madison Valley,Townhouse,3,2006,2,2.5,2,1145,1059,1.5,745000,651,,,,Charles Mortimer,Redfin,Windermere Real Estate Co.,47.6196389,-122.3043354,https://www.redfin.com/WA/Seattle/140-21st-Ave-E-98112/unit-B/home/12091259
2026-09-19T19:54:21.154Z,Central Seattle,2026-07-14,137248,220907000,2555325,Closed,1100 E Edgar St,,Seattle,WA,98102,Roanoke Park,Single Family,1,1909,3,2,2,2120,3000,2,935000,441,,,,,,Windermere Real Estate Co.,47.6446681,-122.318101,https://www.redfin.com/WA/Seattle/1100-E-Edgar-St-98102/home/137248
2026-09-19T19:54:21.154Z,Central Seattle,2026-07-14,137789,214819692,2518424,Closed,2503 E Newton St,,Seattle,WA,98112,Arboretum,Townhouse,3,2026,3,2,2,1067,,1.5,902500,846,75,,,Jerry Allensworth,"RE/MAX Metro Realty, Inc.",Every Door Real Estate,47.63777,-122.300221,https://www.redfin.com/WA/Seattle/1970-25th-Ave-E-98112/home/137789
2026-09-19T19:54:21.154Z,Central Seattle,2026-07-14,139697,216172607,2531707,Closed,3815 E McGraw St,,Seattle,WA,98112,Madison Park,Single Family,1,1985,5,5,4,3901,10569,1.5,3432500,880,,,,Shawna Ader,Windermere Real Estate Midtown,"Ewing & Clark, Inc.",47.6400497,-122.2841849,https://www.redfin.com/WA/Seattle/3815-E-McGraw-St-98112/home/139697
2026-09-19T19:54:21.154Z,West Seattle,2026-07-14,157363,217012000,2542097,Closed,11280 Marine View Dr SW,,Seattle,WA,98146,Marine View,Single Family,1,1937,3,2.5,2,2200,8100,2,1423000,647,,,,Scott Monroe,Windermere West Metro,Windermere West Metro,47.5010514,-122.379536,https://www.redfin.com/WA/Seattle/11280-Marine-View-Dr-SW-98146/home/157363
2026-09-19T19:54:21.154Z,West Seattle,2026-07-14,161590,217228113,2542049,Closed,1232 SW Othello St,,Seattle,WA,98106,Highland Park,Single Family,1,1924,1,1,1,1200,8442,1,500000,417,,,,Wendy Carrington,"John L. Scott, Inc.","John L. Scott, Inc.",47.537675,-122.3519862,https://www.redfin.com/WA/Seattle/1232-SW-Othello-St-98106/home/161590
2026-09-19T19:54:21.154Z,Eastlake,2026-07-14,201548215,214353088,2511009,Closed,2018 Fairview Ave E Unit D,Unit D,Seattle,WA,98102,Eastlake,Townhouse,3,2026,2,2.5,2,1307,590,1.5,1060000,811,90,,,Tom Skepetaris,Realogics Sotheby's Int'l Rlty,Windermere RE Greenwood,47.6373609,-122.3294084,https://www.redfin.com/WA/Seattle/2018-Fairview-Ave-E-98102/unit-D/home/201548215
2026-09-19T19:54:21.154Z,Central Seattle,2026-07-14,202287376,216947796,2505326,Closed,1321 E Denny Way,,Seattle,WA,98122,Capitol Hill,Townhouse,3,2026,4,3,3,1938,1209,1.5,1400000,722,,,,Ray York,"Windermere RE/Capitol Hill,Inc",COMPASS,47.6186718,-122.3146329,https://www.redfin.com/WA/Seattle/1321-E-Denny-Way-98122/home/202287376
2026-09-19T19:54:21.154Z,Wallingford,2026-07-14,304865,216934054,2540114,Closed,1631 N 54 St,,Seattle,WA,98103,Green Lake,Single Family,1,1914,3,2,2,1820,4280,1,879000,483,,,,,Windermere Real Estate Co.,Redfin,47.6677634,-122.3370532,https://www.redfin.com/WA/Seattle/1631-N-54th-St-98103/home/304865
2026-09-19T19:54:21.154Z,Green Lake,2026-07-14,307724,214867087,2516352,Closed,1309 N 85th St,,Seattle,WA,98103,Green Lake,Single Family,1,1942,3,2,2,1640,4240,1,795000,485,,,,Johnny Lim,Real Broker LLC,ZNonMember-Office-MLS,47.6903718,-122.3412913,https://www.redfin.com/WA/Seattle/1309-N-85th-St-98103/home/307724
2026-09-19T19:54:21.154Z,NE Seattle,2026-07-14,308457,214354907,2507406,Closed,1018 NE 62nd St,,Seattle,WA,98115,Ravenna,Single Family,1,1918,4,2,2,2600,3920,1,1020000,392,,,,Liz Nettles,RE/MAX Northwest,KW Everett,47.6735433,-122.3164487,https://www.redfin.com/WA/Seattle/1018-NE-62nd-St-98115/home/308457
2026-09-19T19:54:21.154Z,NE Seattle,2026-07-14,312046,217010628,2542304,Closed,830 NE 59th St,,Seattle,WA,98105,Roosevelt,Single Family,1,1916,2,2,2,1490,4080,1,925000,621,,,,Matthew Miner,COMPASS,KW Greater Seattle,47.6716569,-122.3188291,https://www.redfin.com/WA/Seattle/830-NE-59th-St-98105/home/312046
2026-09-19T19:54:21.154Z,West Seattle,2026-07-14,328560,216740500,2537408,Closed,3238 Walnut Ave SW,,Seattle,WA,98116,Belvidere,Single Family,1,1974,4,2,2,1750,5000,1.5,1305000,746,,,,Adam Cothes,eXp Realty,Windermere West Metro,47.5744308,-122.3832905,https://www.redfin.com/WA/Seattle/3238-Walnut-Ave-SW-98116/home/328560
2026-09-19T19:54:21.154Z,West Seattle,2026-07-14,468768,217018085,2538826,Closed,4116 SW Ida St,,Seattle,WA,98136,Gatewood,Single Family,1,1941,2,1,1,870,5100,1,715000,822,,,,Monica McCormick,"Windermere RE/Capitol Hill,Inc",COMPASS,47.5345546,-122.3854634,https://www.redfin.com/WA/Seattle/4116-SW-Ida-St-98136/home/468768
2026-09-19T19:54:21.154Z,West Seattle,2026-07-14,473532,216057177,2529100,Closed,7146 35th Ave SW,,Seattle,WA,98126,West Seattle,Single Family,1,1927,3,1.5,1,2040,4680,1.5,680000,333,,,,Tim Bower,Berkshire Hathaway HS NW,"John L. Scott, Inc",47.5378736,-122.3762325,https://www.redfin.com/WA/Seattle/7146-35th-Ave-SW-98126/home/473532
2026-09-19T19:54:21.154Z,West Seattle,2026-07-14,474189,217019213,2542559,Closed,9250 14th Ave SW,,Seattle,WA,98106,Highland Park,Single Family,1,1942,2,1,1,820,5217,1,615000,750,,,,David Palmer,Redfin,TEC Real Estate Inc.,47.5195447,-122.3526342,https://www.redfin.com/WA/Seattle/9250-14th-Ave-SW-98106/home/474189
2026-09-19T19:54:21.154Z,Ballard (specific),2026-07-14,496594,216221266,2532254,Closed,7007 Alonzo Ave NW,,Seattle,WA,98117,Ballard,Townhouse,3,1949,2,1.5,1,1032,1429,1.5,619950,601,,,,Tom Skepetaris,Realogics Sotheby's Int'l Rlty,Windermere Real Estate/Summit,47.6798216,-122.3749285,https://www.redfin.com/WA/Seattle/7007-Alonzo-Ave-NW-98117/home/496594
2026-09-19T19:54:21.154Z,Beacon Hill,2026-07-13,113178822,216132915,2529258,Closed,1318 S Atlantic St,,Seattle,WA,98144,N Beacon Hill,Townhouse,3,2017,2,1.5,1,1090,845,1.5,629950,578,,,,Christine Doughty,Coldwell Banker Danforth,Real Broker LLC,47.590128,-122.3152321,https://www.redfin.com/WA/Seattle/1318-S-Atlantic-St-98144/home/113178822
2026-09-19T19:54:21.154Z,Wallingford,2026-07-13,119697,216507905,2535127,Closed,1004 N 48th St,,Seattle,WA,98103,Woodland Park,Single Family,1,2026,3,2.5,2,1649,1211,1.5,989000,600,149,,,Luis Guzman Rivera,COMPASS,"Windermere Real Estate/M2, LLC",47.66378,-122.3457323,https://www.redfin.com/WA/Seattle/1004-N-48th-St-98103/home/119697
2026-09-19T19:54:21.154Z,Beacon Hill,2026-07-13,197893794,207452810,2432842,Closed,1616 S Juneau St,,Seattle,WA,98108,Beacon Hill,Townhouse,3,2025,2,2,2,1098,888,1.5,570000,519,93,,,Robert Schoenmakers,Inspire Realty,"RE/MAX Metro Realty, Inc.",47.5499493,-122.3121462,https://www.redfin.com/WA/Seattle/1616-S-Juneau-St-98108/home/197893794
2026-09-19T19:54:21.154Z,NE Seattle,2026-07-13,310629,215403262,2520374,Closed,8216 23rd Ave NE,,Seattle,WA,98115,Ravenna,Single Family,1,2023,4,3.5,3,3740,6050,2,2650000,709,,,,Toni Hoffman,Windermere Real Estate/East,eXp Realty,47.6890184,-122.3024046,https://www.redfin.com/WA/Seattle/8216-23rd-Ave-NE-98115/home/310629
2026-09-19T19:54:21.154Z,NE Seattle,2026-07-13,311600,217166330,2544358,Closed,5521 12 Ave NE,,Seattle,WA,98105,University District,Single Family,1,1914,4,4,4,2810,4400,2,1450000,516,,,,Theresa Doherty,Realty One Group Pacifica,COMPASS,47.669291,-122.315515,https://www.redfin.com/WA/Seattle/5521-12th-Ave-NE-98105/home/311600
2026-09-19T19:54:21.154Z,West Seattle,2026-07-13,471834,214663241,2516852,Closed,8427 30th Ave SW,,Seattle,WA,98126,Westwood,Single Family,1,1924,1,1,1,1140,7560,1,458000,402,,,,Shari Kruse,Windermere West Metro,COMPASS,47.5274781,-122.3715633,https://www.redfin.com/WA/Seattle/8427-30th-Ave-SW-98126/home/471834
2026-09-19T19:54:21.154Z,NW Seattle,2026-07-13,496188,216182996,2531692,Closed,321 NW 78th St,,Seattle,WA,98117,Greenwood,Single Family,1,1931,4,3,3,2900,5047,2,1615000,557,,,,Gabriel Ellenberg,Windermere Northlake,COMPASS,47.6852714,-122.3616578,https://www.redfin.com/WA/Seattle/321-NW-78th-St-98117/home/496188
2026-09-19T19:54:21.154Z,NW Seattle,2026-07-13,8189123,217281212,2546471,Closed,741 N 94th St Unit B,Unit B,Seattle,WA,98103,Greenwood,Townhouse,3,2006,2,1.5,1,1180,967,1.5,525000,445,,,,Alyssa Mathisen,Black Knight Real Estate LLC,Ensemble,47.6966633,-122.3480672,https://www.redfin.com/WA/Seattle/741-N-94th-St-98103/unit-B/home/8189123
2026-09-19T19:54:21.154Z,Wallingford,2026-07-10,120205,220899450,2555137,Closed,3624 Densmore Ave N,,Seattle,WA,98103,Wallingford,Single Family,1,1948,5,2,2,2300,6480,1,1350000,587,,,,,,Windermere Real Estate Midtown,47.6513205,-122.3372488,https://www.redfin.com/WA/Seattle/3624-Densmore-Ave-N-98103/home/120205
2026-09-19T19:54:21.154Z,NE Seattle,2026-07-10,120867,217239720,2544318,Closed,6016 NE Keswick Dr,,Seattle,WA,98105,Windermere,Single Family,1,1961,4,4.5,4,4180,11110,2,2260000,541,,,,Tanya Franzen-Garrett,Marketplace Sotheby's Intl Rty,KW Greater Seattle,47.6681164,-122.2627585,https://www.redfin.com/WA/Seattle/6016-NE-Keswick-Dr-98105/home/120867
2026-09-19T19:54:21.154Z,Central Seattle,2026-07-10,135533,217202194,2542808,Closed,2202 Federal Avenue East,,Seattle,WA,98102,North Capitol Hill,Single Family,1,1906,3,2,1,2430,4000,2,1500000,617,,,,Christina Brinker,Windermere Real Estate/Summit,COMPASS,47.6385533,-122.3187561,https://www.redfin.com/WA/Seattle/2202-Federal-Ave-E-98102/home/135533
2026-09-19T19:54:21.154Z,Central Seattle,2026-07-10,138688,217011368,2533918,Closed,1916 E McGraw St,,Seattle,WA,98112,Montlake,Single Family,1,1921,3,2,2,2273,3800,1,1100000,484,,,,Julie Hjelle,Windermere R.E. Shoreline,"Skyline Properties, Inc.",47.6405008,-122.3064015,https://www.redfin.com/WA/Seattle/1916-E-McGraw-St-98112/home/138688
2026-09-19T19:54:21.154Z,Central Seattle,2026-07-10,144875,220959155,2556202,Closed,1711 E Harrison St,,Seattle,WA,98112,Capitol Hill,Single Family,1,1910,3,2,2,1765,1820,2,1175000,666,,,,,,Realogics Sotheby's Int'l Rlty,47.622032724,-122.3094579,https://www.redfin.com/WA/Seattle/1711-E-Harrison-St-98112/home/144875
2026-09-19T19:54:21.154Z,West Seattle,2026-07-10,153266,216999887,2541441,Closed,5007 46th Ave SW,,Seattle,WA,98136,Seaview,Single Family,1,1920,3,2,2,2100,5100,1,1288000,613,,,,Tina Walters,Windermere Bellevue Commons,Windermere Real Estate/East,47.5572491,-122.3914448,https://www.redfin.com/WA/Seattle/5007-46th-Ave-SW-98136/home/153266
2026-09-19T19:54:21.154Z,West Seattle,2026-07-10,153942,216564127,2517690,Closed,4718 49th Ave SW,,Seattle,WA,98116,Genesee,Single Family,1,1947,2,1,1,1560,5040,1,825000,529,,,,Jessica Livingston,Windermere Mercer Island,Real Broker LLC,47.5605408,-122.3946084,https://www.redfin.com/WA/Seattle/4718-49th-Ave-SW-98116/home/153942
2026-09-19T19:54:21.154Z,West Seattle,2026-07-10,156848,216633767,2536966,Closed,9827 51st Ave SW,,Seattle,WA,98136,Fauntleroy,Single Family,1,1920,4,2,2,2505,12584,1.5,2925000,1168,,,,Therese Bianchi,Windermere West Metro,John L Scott RE West Seattle,47.5146385,-122.3958817,https://www.redfin.com/WA/Seattle/9827-51st-Ave-SW-98136/home/156848
2026-09-19T19:54:21.154Z,Ballard (specific),2026-07-10,165128,216506365,2531136,Closed,2816 NW 80th St,,Seattle,WA,98117,Loyal Heights,Single Family,1,1995,3,2,2,1510,2080,2,580000,384,,,,Luke Van Pelt,"John L. Scott, Inc",COMPASS,47.6868975,-122.3938739,https://www.redfin.com/WA/Seattle/2816-NW-80th-St-98117/home/165128
2026-09-19T19:54:21.154Z,Beacon Hill,2026-07-10,169535,216433256,2533272,Closed,3045 19th Ave S,,Seattle,WA,98144,N Beacon Hill,Single Family,1,1925,3,1,1,2190,4000,1.5,620000,283,,,,Thach Nguyen,"John L. Scott, Inc",Windermere R E Mount Baker,47.5756511,-122.3079225,https://www.redfin.com/WA/Seattle/3045-19th-Ave-S-98144/home/169535
2026-09-19T19:54:21.154Z,West Seattle,2026-07-10,18661662,214324347,2510369,Closed,6564 High Point Dr SW,,Seattle,WA,98126,High Point,Townhouse,3,2014,2,2.5,2,1380,1113,1.5,550000,399,476,,,Cait Greeley,Ensemble,Windermere Mercer Island,47.5434114,-122.3676688,https://www.redfin.com/WA/Seattle/6564-High-Point-Dr-SW-98126/home/18661662
2026-09-19T19:54:21.154Z,Wallingford,2026-07-10,200489877,214396977,2513049,Closed,2509 N 42nd St,,Seattle,WA,98103,Wallingford,Single Family,1,2026,2,2,2,1153,2138,2,990000,859,,,,Dan Wilcynski,Windermere Real Estate Midtown,Windermere Real Estate Midtown,47.6579461,-122.3289583,https://www.redfin.com/WA/Seattle/2509-N-42nd-St-98103/home/200489877
2026-09-19T19:54:21.154Z,NW Seattle,2026-07-10,200697249,211195415,2472725,Closed,9748 A Holman Rd NW,,Seattle,WA,98117,Greenwood,Townhouse,3,2026,3,2,2,1524,550,1.5,639900,420,47,,,Ray York,"Windermere RE/Capitol Hill,Inc",COMPASS,47.7003604,-122.3640206,https://www.redfin.com/WA/Seattle/9748-A-Holman-Rd-NW-98117/home/200697249
2026-09-19T19:54:21.154Z,Central Seattle,2026-07-10,202366523,217181376,2540406,Closed,1457 22nd Ave Unit B,Unit B,Seattle,WA,98122,Central Area,Townhouse,3,2025,2,2,2,1097,927,1.5,679000,619,109,,,John Cowan,Windermere Real Estate Co.,Every Door Real Estate,47.6145861,-122.3039477,https://www.redfin.com/WA/Seattle/1457-22nd-Ave-98122/unit-B/home/202366523
2026-09-19T19:54:21.154Z,West Seattle,2026-07-10,21618035,217144561,2543472,Closed,4122 SW Walker St,,Seattle,WA,98116,North Admiral,Single Family,1,2004,3,3.5,3,2390,2875,2,1290000,540,,,,Mara Haveson,COMPASS,Lake & Company,47.5841298,-122.3848236,https://www.redfin.com/WA/Seattle/4122-SW-Walker-St-98116/home/21618035
2026-09-19T19:54:21.154Z,NW Seattle,2026-07-10,289392,216502820,2534618,Closed,9020 26th Ave NW,,Seattle,WA,98117,North Beach,Single Family,1,1942,4,3.5,3,2690,5000,2,1535000,571,,,,Ken Graff,Coldwell Banker Bain,"Dream Home Real Estate, Inc",47.6949153,-122.3893545,https://www.redfin.com/WA/Seattle/9020-26th-Ave-NW-98117/home/289392
2026-09-19T19:54:21.154Z,NE Seattle,2026-07-10,311090,216720177,2537764,Closed,7032 15th Ave NE,,Seattle,WA,98115,Roosevelt,Single Family,1,1926,3,2,2,1480,4050,1,855000,578,,,,Devon Schwaab,Windermere Real Estate GH LLC,Lake & Company,47.6804052,-122.311724,https://www.redfin.com/WA/Seattle/7032-15th-Ave-NE-98115/home/311090
2026-09-19T19:54:21.154Z,NE Seattle,2026-07-10,312978,220960168,2556219,Closed,6024 33rd Ave NE,,Seattle,WA,98115,Bryant,Single Family,1,1913,3,2,2,1780,7125,1,1270000,713,,,,Katie Donaldson,Windermere RE Greenwood,NWMLS-NonOffice,47.6729654,-122.2918579,https://www.redfin.com/WA/Seattle/6024-33rd-Ave-NE-98115/home/312978
2026-09-19T19:54:21.154Z,NE Seattle,2026-07-10,314794,216503790,2534973,Closed,4015 NE 70th St,,Seattle,WA,98115,View Ridge,Single Family,1,1956,4,2.5,2,2540,5605,1,1355000,533,,,,Nate Burgher,"Virgil Adams Real Estate, Inc.","Windermere R.E. Northeast, Inc",47.6792244,-122.2842764,https://www.redfin.com/WA/Seattle/4015-NE-70th-St-98115/home/314794
2026-09-19T19:54:21.154Z,NE Seattle,2026-07-10,315779,216910078,2540648,Closed,8018 40th Ave NE,,Seattle,WA,98115,Wedgwood,Single Family,1,1946,3,2,2,1800,5300,1.5,1200000,667,,,,Lara Weasea,Lake & Company,Lake & Company,47.6871853,-122.2849446,https://www.redfin.com/WA/Seattle/8018-40th-Ave-NE-98115/home/315779
2026-09-19T19:54:21.154Z,NE Seattle,2026-07-10,321781,221060733,2557606,Closed,7308 47th Ave NE,,Seattle,WA,98115,Seattle,Single Family,1,1953,4,3,3,2810,6300,1,1650000,587,,,,Kimberly Shaeffer,"John L. Scott, Inc.",Windermere Real Estate Midtown,47.6817818,-122.2773184,https://www.redfin.com/WA/Seattle/7308-47th-Ave-NE-98115/home/321781
2026-09-19T19:54:21.154Z,West Seattle,2026-07-10,468514,216184579,2528368,Closed,3734 SW Tillman St,,Seattle,WA,98126,Fauntleroy,Single Family,1,1944,3,2,2,1505,4961,2,1105000,734,,,,Leah Kennedy,Redfin,Lake & Company,47.5271227,-122.3808384,https://www.redfin.com/WA/Seattle/3734-SW-Tillman-St-98126/home/468514
2026-09-19T19:54:21.154Z,West Seattle,2026-07-10,469732,216794250,2538820,Closed,6921 39th Ave SW,,Seattle,WA,98136,Gatewood,Single Family,1,1940,4,2,2,2540,6638,1.5,1125000,443,,,,Marlow Harris,Windermere West Metro,Windermere RE Greenwood,47.5406121,-122.3821999,https://www.redfin.com/WA/Seattle/6921-39th-Ave-SW-98136/home/469732
2026-09-19T19:54:21.154Z,West Seattle,2026-07-10,471162,216841480,2538531,Closed,5937 37th Ave SW,,Seattle,WA,98126,Fairmount,Single Family,1,1944,4,3,3,2280,6350,1,1426000,625,,,,Nick Pallis,Windermere Real Estate/East,"Windermere Real Estate/M2, LLC",47.5490975,-122.3793465,https://www.redfin.com/WA/Seattle/5937-37th-Ave-SW-98126/home/471162
2026-09-19T19:54:21.154Z,West Seattle,2026-07-10,474828,216079611,2528710,Closed,7949 20th Ave SW,,Seattle,WA,98106,Highland Park,Single Family,1,1962,4,2.5,2,2840,8514,1,665000,234,,,,Bill Reid,Windermere West Metro,"Pellego, Inc.",47.530472,-122.3594173,https://www.redfin.com/WA/Seattle/7949-20th-Ave-SW-98106/home/474828
2026-09-19T19:54:21.154Z,West Seattle,2026-07-10,475657,216555121,2535791,Closed,8121 16th Ave SW,,Seattle,WA,98106,West Seattle,Single Family,1,1928,3,2,2,1660,5120,1,786750,474,,,,Sharlane Chase,Windermere Real Estate Co.,Windermere RE West Sound Inc,47.5294184,-122.3553722,https://www.redfin.com/WA/Seattle/8121-16th-Ave-SW-98106/home/475657
2026-09-19T19:54:21.154Z,Beacon Hill,2026-07-10,480044,216721745,2536728,Closed,3533 S Austin St,,Seattle,WA,98118,Beacon Hill,Single Family,1,1958,4,1.5,1,1470,5600,1,725000,493,,,,Erik Stanford,Windermere R E Mount Baker,Lake & Company,47.5342311,-122.2866563,https://www.redfin.com/WA/Seattle/3533-S-Austin-St-98118/home/480044
2026-09-19T19:54:21.154Z,Beacon Hill,2026-07-10,481852,216541719,2534794,Closed,4620 15th Ave S,,Seattle,WA,98108,Beacon Hill,Single Family,1,1910,3,2,2,1591,9893,2,870000,547,,,,Lino Guidero,Realogics Sotheby's Int'l Rlty,Real Broker LLC,47.5609964,-122.3131235,https://www.redfin.com/WA/Seattle/4620-15th-Ave-S-98108/home/481852
2026-09-19T19:54:21.154Z,Ballard (specific),2026-07-10,495355,216987867,2541081,Closed,7751 Dibble Ave NW,,Seattle,WA,98117,Ballard,Single Family,1,1940,3,1,1,2080,4700,1,975000,469,,,,Margie Zech,"Windermere RE/Capitol Hill,Inc",Columbia Partners Real Estate,47.6865658,-122.3675735,https://www.redfin.com/WA/Seattle/7751-Dibble-Ave-NW-98117/home/495355
2026-09-19T19:54:21.154Z,NW Seattle,2026-07-10,498532,216787535,2537732,Closed,338 NW 79th St,,Seattle,WA,98117,Greenwood,Single Family,1,1926,1,1,1,1670,4330,1,885000,530,,,,Bonnie Ellsworth,Windermere Real Estate Co.,Portico Real Estate,47.6863844,-122.3623916,https://www.redfin.com/WA/Seattle/338-NW-79th-St-98117/home/498532
2026-09-19T19:54:21.154Z,Queen Anne,2026-07-10,7900,216142357,2531477,Closed,2770 Westlake Ave N #3,#3,Seattle,WA,98109,Westlake,Single Family,1,1918,1,1,1,500,700,1,689000,1378,350,,,Matt Goyer,Urban Living,Windermere Real Estate Midtown,47.6455578,-122.3469085,https://www.redfin.com/WA/Seattle/2770-Westlake-Ave-N-98109/unit-3/home/7900
2026-09-19T19:54:21.154Z,NW Seattle,2026-07-10,95454,216100363,2527893,Closed,206 NW 143rd St,,Seattle,WA,98177,Broadview,Single Family,1,2003,4,3.5,3,3620,6499,1.5,1550000,428,,,,Steve Hill,Windermere RE Greenwood,Windermere Real Estate Midtown,47.732599,-122.3600128,https://www.redfin.com/WA/Seattle/206-NW-143rd-St-98177/home/95454
2026-09-19T19:54:21.154Z,NW Seattle,2026-07-10,96037,215210544,2513932,Closed,12514 2nd Ave NW,,Seattle,WA,98177,Broadview,Single Family,1,1949,4,2,2,2510,7680,3,930000,371,,,,Patricia Moores,KW Greater Seattle,COMPASS,47.7201272,-122.3592998,https://www.redfin.com/WA/Seattle/12514-2nd-Ave-NW-98177/home/96037
2026-09-19T19:54:21.154Z,NW Seattle,2026-07-10,97046,220405192,2545514,Closed,9737 12th Ave NW,,Seattle,WA,98117,Crown Hill,Townhouse,3,2026,3,3.5,3,1827,1972,1.5,1025000,561,,,,John Cowan,Windermere Real Estate Co.,RE/MAX Northwest,47.7013318,-122.3716889,https://www.redfin.com/WA/Seattle/9737-12th-Ave-NW-98117/home/97046
2026-09-19T19:54:21.154Z,NW Seattle,2026-07-10,99237,216119040,2530987,Closed,723 N 95th St Unit A,Unit A,Seattle,WA,98103,Green Lake,Townhouse,3,2008,3,2.5,2,1350,1140,1.5,615000,456,,,,Shannon Labrie,HomeSmart Real Estate Assoc,eXp Realty,47.6976615,-122.3489531,https://www.redfin.com/WA/Seattle/723-N-95th-St-98103/unit-A/home/99237
2026-09-19T19:54:21.154Z,Central Seattle,2026-07-09,11761575,216796231,2538606,Closed,168 18th Ave Unit B,Unit B,Seattle,WA,98122,Central Area,Townhouse,3,2006,3,2.5,2,1470,1256,1.5,610000,415,,,,Bryant Lok,Best Choice Network LLC,Home Realty,47.6032293,-122.3086603,https://www.redfin.com/WA/Seattle/168-18th-Ave-98122/unit-B/home/11761575
2026-09-19T19:54:21.154Z,Central Seattle,2026-07-09,137769,216085918,2530224,Closed,1875 E Hamlin St,,Seattle,WA,98112,Montlake,Single Family,1,1922,3,2,2,2610,6047,2,1235000,473,,,,Ashley Seefeld,Every Door Real Estate,Coldwell Banker Bain,47.6453461,-122.3060398,https://www.redfin.com/WA/Seattle/1875-E-Hamlin-St-98112/home/137769
2026-09-19T19:54:21.154Z,Central Seattle,2026-07-09,139894,214248143,2510283,Closed,502 Lake Washington Blvd E,,Seattle,WA,98112,Washington Park,Single Family,1,1941,4,2.5,2,2541,11322,1,1800000,708,,,,Hutton Moyer,Coldwell Banker Bain,Real Broker LLC,47.6241556,-122.2880895,https://www.redfin.com/WA/Seattle/502-Lake-Washington-Blvd-E-98112/home/139894
2026-09-19T19:54:21.154Z,Central Seattle,2026-07-09,148758,215306585,2522397,Closed,915 30th Ave S,,Seattle,WA,98144,Leschi,Single Family,1,1905,3,2.5,2,3640,4550,1.5,1775000,488,,,,Riley Sparling-Beckley,COMPASS,Realty ONE Group Orca Gold,47.5939411,-122.2936606,https://www.redfin.com/WA/Seattle/915-30th-Ave-S-98144/home/148758
2026-09-19T19:54:21.154Z,West Seattle,2026-07-09,155249,215507963,2524959,Closed,4208 SW Roxbury St,,Seattle,WA,98136,Fauntleroy,Single Family,1,1952,4,2,2,3040,6536,1,1200000,395,,,,,Redfin,KW Greater Seattle,47.5177279,-122.3860592,https://www.redfin.com/WA/Seattle/4208-SW-Roxbury-St-98136/home/155249
2026-09-19T19:54:21.154Z,Ballard (specific),2026-07-09,167072,216753133,2538120,Closed,8360 Loyal Way NW,,Seattle,WA,98117,Sunset Hill,Single Family,1,2004,5,4,4,3870,3960,2,1520000,393,,,,Janie Duckett,Coldwell Banker Danforth,ZNonMember-Office-MLS,47.6899658,-122.3971501,https://www.redfin.com/WA/Seattle/8360-Loyal-Way-NW-98117/home/167072
2026-09-19T19:54:21.154Z,Central Seattle,2026-07-09,17299241,216948459,2540417,Closed,1421 E Denny W,,Seattle,WA,98122,Capitol Hill,Townhouse,3,2008,3,3,3,1640,1468,1.5,1185000,723,,,,Wendy Klinker,Windermere Real Estate/East,COMPASS,47.6183449,-122.3133219,https://www.redfin.com/WA/Seattle/1421-E-Denny-Way-98122/home/17299241
2026-09-19T19:54:21.154Z,West Seattle,2026-07-09,195909381,216617234,2536427,Closed,3450 37th Ave SW Unit B,Unit B,Seattle,WA,98126,Belvidere,Townhouse,3,2024,3,2.5,2,1168,1668,1.5,850000,728,97,,,Kelly Malloy,Windermere West Metro,Real Broker LLC,47.5716029,-122.3779167,https://www.redfin.com/WA/Seattle/3450-37th-Ave-SW-98126/unit-1/home/195909381
2026-09-19T19:54:21.154Z,West Seattle,2026-07-09,2067241,213010827,2491925,Closed,3931 California Ave SW,,Seattle,WA,94116,Admiral,Townhouse,3,2015,3,2.5,2,1780,1534,1.5,835000,469,,,,Lynn Robertson,"YourSeattleHomeTeam.com, Inc.",Windermere West Metro,47.5685478,-122.3870212,https://www.redfin.com/WA/Seattle/3931-California-Ave-SW-98116/home/2067241
2026-09-19T19:54:21.154Z,Central Seattle,2026-07-09,2081765,213933157,2506043,Closed,121 21st Ave E Unit C,Unit C,Seattle,WA,98112,Capitol Hill,Townhouse,3,2005,3,2.5,2,1530,1242,1.5,800000,523,,,,Karen Allen,eXp Realty,"Windermere RE/Capitol Hill,Inc",47.6191313,-122.3052703,https://www.redfin.com/WA/Seattle/121-21st-Ave-E-98112/unit-C/home/2081765
2026-09-19T19:54:21.154Z,NW Seattle,2026-07-09,300268,221088624,2557979,Closed,344 N 78th St,,Seattle,WA,98103,Phinney Ridge,Single Family,1,1920,3,3,3,2060,4000,2,1600000,777,,,,Shoshana Godwin,COMPASS,RE/MAX Northwest,47.6856871,-122.3534602,https://www.redfin.com/WA/Seattle/344-N-78th-St-98103/home/300268
2026-09-19T19:54:21.154Z,NE Seattle,2026-07-09,309192,216328738,2533503,Closed,7013 9th Ave NE,,Seattle,WA,98115,Roosevelt,Townhouse,3,2026,2,1.5,1,1167,1137,1.5,699000,599,,,,Grecia Thomas,"Real Property Associates, Inc.",COMPASS,47.679818,-122.318978,https://www.redfin.com/WA/Seattle/7013-9th-Ave-NE-98115/home/309192
2026-09-19T19:54:21.154Z,NE Seattle,2026-07-09,311240,216761252,2523041,Closed,2265 NE 73rd St,,Seattle,WA,98115,Ravenna,Single Family,1,1950,2,1,1,820,4635,1,847000,1033,,,,Merritt Hess,Windermere Real Estate Co.,Windermere Real Estate Co.,47.6810783,-122.3031007,https://www.redfin.com/WA/Seattle/2265-NE-73rd-St-98115/home/311240
2026-09-19T19:54:21.154Z,NE Seattle,2026-07-09,313999,216728585,2536439,Closed,4015 NE 58th St,,Seattle,WA,98105,Hawthorne Hills,Single Family,1,1948,6,3,3,3360,6880,1,1900000,565,,,,Codi Nelson,Windermere Mercer Island,RE/MAX Northwest,47.6709833,-122.2841572,https://www.redfin.com/WA/Seattle/4015-NE-58th-St-98105/home/313999
2026-09-19T19:54:21.154Z,NE Seattle,2026-07-09,318355,216765936,2536565,Closed,3033 NE 92nd St,,Seattle,WA,98115,Wedgwood,Single Family,1,1923,4,3,3,2770,10987,2,1820000,657,,,,Candace Hagen,Windermere Real Estate Midtown,Lake & Company,47.6954643,-122.2945536,https://www.redfin.com/WA/Seattle/3033-NE-92nd-St-98115/home/318355
2026-09-19T19:54:21.154Z,NE Seattle,2026-07-09,320343,216785561,2537627,Closed,5815 Ann Arbor Ave NE,,Seattle,WA,98105,Hawthorne Hills,Single Family,1,1940,4,3.5,3,3315,6399,2,2965000,894,,,,Tammy Heldridge,Windermere Real Estate Co.,Real Residential,47.6725212,-122.275888,https://www.redfin.com/WA/Seattle/5815-Ann-Arbor-Ave-NE-98105/home/320343
2026-09-19T19:54:21.154Z,West Seattle,2026-07-09,476499,220577638,2543250,Closed,7752 17th Ave SW,,Seattle,WA,98106,Highland Park,Single Family,1,1953,2,1,1,940,5160,1,590000,628,,,,Chris Borsheim,"Windermere RE North, Inc.",Windermere West Metro,47.5321156,-122.3560999,https://www.redfin.com/WA/Seattle/7752-17th-Ave-SW-98106/home/476499
2026-09-19T19:54:21.154Z,NW Seattle,2026-07-09,96686,220812085,2554195,Closed,9711 12th Ave NW,,Seattle,WA,98117,Crown Hill,Single Family,1,1944,2,1.5,1,1480,9900,1,665000,449,,,,Randy Kanda,RE/MAX Northwest,NWMLS-NonOffice,47.7004794,-122.371807,https://www.redfin.com/WA/Seattle/9711-12th-Ave-NW-98117/home/96686
2026-09-19T19:54:21.154Z,NW Seattle,2026-07-09,97141,213437953,2498450,Closed,9717 14th Ave NW,,Seattle,WA,98117,Seattle,Single Family,1,1949,3,2,2,2190,8910,1,925000,422,,,,Kent Beahler,HomeSmart Real Estate Assoc,Windermere R E Mount Baker,47.7006795,-122.3743932,https://www.redfin.com/WA/Seattle/9717-14th-Ave-NW-98117/home/97141
2026-09-19T19:54:21.154Z,Northgate,2026-07-08,104227,216486313,2532258,Closed,1141 N 93rd St Unit B,Unit B,Seattle,WA,98103,Green Lake,Townhouse,3,2000,2,1.5,1,1260,1159,1.5,490000,389,,,,,Real Broker LLC,Redfin,47.6960884,-122.3427507,https://www.redfin.com/WA/Seattle/1141-N-93rd-St-98103/unit-B/home/104227
2026-09-19T19:54:21.154Z,Northgate,2026-07-08,105618,216517908,2534302,Closed,10312 Wallingford Ave N,,Seattle,WA,98133,Licton Springs,Single Family,1,1957,3,2,2,2220,7055,1,849777,383,,,,Earnest Watts,Redfin,Portico Real Estate,47.7036997,-122.3354543,https://www.redfin.com/WA/Seattle/10312-Wallingford-Ave-N-98133/home/105618
2026-09-19T19:54:21.154Z,Wallingford,2026-07-08,117252,216142301,2530945,Closed,4651 1st Ave NE,,Seattle,WA,98105,Wallingford,Single Family,1,1909,2,1,1,1760,2951,1,759000,431,,,,Danielle Lamp,Windermere Real Estate Midtown,John L Scott RE West Seattle,47.6641069,-122.3284848,https://www.redfin.com/WA/Seattle/4651-1st-Ave-NE-98105/home/117252
2026-09-19T19:54:21.154Z,NE Seattle,2026-07-08,120521,216885186,2540314,Closed,5106 47th Ave NE,,Seattle,WA,98105,Laurelhurst,Single Family,1,1943,4,2,2,2150,6800,3,1150500,535,,,,Chris Koehler,COMPASS,COMPASS,47.6663055,-122.2771076,https://www.redfin.com/WA/Seattle/5106-47th-Ave-NE-98105/home/120521
2026-09-19T19:54:21.154Z,Queen Anne,2026-07-08,129646,217239028,2545371,Closed,2714 Queen Anne Ave N,,Seattle,WA,98109,Queen Anne,Single Family,1,1927,3,2,2,1860,4000,1,1332500,716,,,,Sam Konswa,Queen Anne Real Estate,Windermere Real Estate Co.,47.6446194,-122.356574,https://www.redfin.com/WA/Seattle/2714-Queen-Anne-Ave-N-98109/home/129646
2026-09-19T19:54:21.154Z,Central Seattle,2026-07-08,138982,216065176,2525112,Closed,1105 Shenandoah Dr E,,Seattle,WA,98112,Broadmoor,Single Family,1,1933,5,3,2,5300,13458,2,5425000,1024,507,,,Laura Halliday,Realogics Sotheby's Int'l Rlty,"Ewing & Clark, Inc.",47.6295085,-122.2888052,https://www.redfin.com/WA/Seattle/1105-Shenandoah-Dr-E-98112/home/138982
2026-09-19T19:54:21.154Z,Central Seattle,2026-07-08,143426,216115482,2530567,Closed,519 27th Ave,,Seattle,WA,98122,Central Area,Single Family,1,1922,3,2.5,2,2200,3340,2,995000,452,,,,Jonathan Himschoot,COMPASS,Windermere Real Estate Co.,47.6068054,-122.2981268,https://www.redfin.com/WA/Seattle/519-27th-Ave-98122/home/143426
2026-09-19T19:54:21.154Z,Central Seattle,2026-07-08,144341,217063675,2542831,Closed,1415 E Spring St,,Seattle,WA,98122,Capitol Hill,Townhouse,3,1908,4,2.5,2,2568,2580,1.5,1100000,428,,,,Derek DeWolf,"Windermere RE/Capitol Hill,Inc",Engel & Voelkers Seattle DT,47.6113771,-122.3134431,https://www.redfin.com/WA/Seattle/1415-E-Spring-St-98122/home/144341
2026-09-19T19:54:21.154Z,Central Seattle,2026-07-08,148134,214153540,2506012,Closed,127 25th Ave E Unit B,Unit B,Seattle,WA,98112,Madison Valley,Townhouse,3,1997,2,2,2,1230,1123,1.5,715000,581,,,,Kahlil Mathews,Redfin,Every Door Real Estate,47.6197492,-122.3000238,https://www.redfin.com/WA/Seattle/127-25th-Ave-E-98112/unit-B/home/148134
2026-09-19T19:54:21.154Z,West Seattle,2026-07-08,160230,216763220,2537905,Closed,2013 SW Dakota St,,Seattle,WA,98106,Delridge,Single Family,1,1920,4,2.5,2,2180,5000,2,856000,393,,,,Angela Cramer,Redfin,Windermere Real Estate GH LLC,47.5664476,-122.3596883,https://www.redfin.com/WA/Seattle/2013-SW-Dakota-St-98106/home/160230
2026-09-19T19:54:21.154Z,Beacon Hill,2026-07-08,167930,216991313,2541712,Closed,4054 24th Pl S,,Seattle,WA,98108,Beacon Hill,Single Family,1,1948,3,2,2,1682,8250,1,869000,517,,,,Shawna Flores-Cravens,Urban Pacific Real Estate,Windermere RE Greenwood,47.5667106,-122.3011812,https://www.redfin.com/WA/Seattle/4054-24th-Pl-S-98108/home/167930
2026-09-19T19:54:21.154Z,Beacon Hill,2026-07-08,168487,217333825,2547321,Closed,2616 17th Ave S,,Seattle,WA,98144,N Beacon Hill,Single Family,1,1905,4,2.5,2,2470,2879,1.5,500000,202,,,,Thach Nguyen,"John L. Scott, Inc",John L. Scott Des Moines,47.5797201,-122.3104755,https://www.redfin.com/WA/Seattle/2616-17th-Ave-S-98144/home/168487
2026-09-19T19:54:21.154Z,Central Seattle,2026-07-08,18657662,215332352,2523773,Closed,2028 S Main St Unit C,Unit C,Seattle,WA,98144,Central Area,Townhouse,3,2008,3,2.5,2,1060,1000,1.5,581988,549,,,,Laura Ford,RE/MAX Northwest,"John L. Scott, Inc",47.60032,-122.3046905,https://www.redfin.com/WA/Seattle/2028-S-Main-St-98144/unit-C/home/18657662
2026-09-19T19:54:21.154Z,Queen Anne,2026-07-08,190259745,215495499,2526096,Closed,515 Howe Unit A,Unit A,Seattle,WA,98109,Queen Anne,Townhouse,3,2024,4,3,3,2000,1295,1.5,1449900,725,25,,,Kenny Pleasant,NextHome Prolific,Coldwell Banker Bain,47.6354208,-122.3469756,https://www.redfin.com/WA/Seattle/515-Howe-St-98109/unit-A/home/190259745
2026-09-19T19:54:21.154Z,Northgate,2026-07-08,200860886,213028439,2486636,Closed,513 NE 123rd St,,Seattle,WA,98125,Pinehurst,Single Family,1,2026,3,2.5,2,1050,2321,2,704950,671,41,,,Ian Love,Keller Williams Rlty Bellevue,Keller Williams Realty,47.717485,-122.322872,https://www.redfin.com/WA/Seattle/513-NE-123rd-St-98125/home/200860886
2026-09-19T19:54:21.154Z,Phinney Ridge,2026-07-08,201741186,214851637,2520062,Closed,7405 Dayton Ave N,,Seattle,WA,98103,Phinney Ridge,Single Family,1,2026,3,2,2,1097,1201,2,849950,775,14,,,Mick Walls,Windermere RE Greenwood,Sound Point Real Estate LLC,47.6829966,-122.3527284,https://www.redfin.com/WA/Seattle/7405-Dayton-Ave-N-98103/home/201741186
2026-09-19T19:54:21.154Z,Wallingford,2026-07-08,201746431,214868033,2520024,Closed,1706 A N 47th St,,Seattle,WA,98103,Wallingford,Townhouse,3,2026,3,2.5,2,1844,1358,1.5,1218000,661,,,,Grecia Thomas,"Real Property Associates, Inc.",COMPASS,47.663019,-122.337255,https://www.redfin.com/WA/Seattle/1706-A-N-47th-St-98103/home/201746431
2026-09-19T19:54:21.154Z,West Seattle,2026-07-08,2115503,216087916,2529146,Closed,6022 29th Ave SW,,Seattle,WA,98126,West Seattle,Single Family,1,2006,3,3,2,2440,2488,3,850000,348,132,,,Alex Eckardt,Coldwell Banker Danforth,RE/MAX Realty South,47.5475135,-122.3699516,https://www.redfin.com/WA/Seattle/6022-29th-Ave-SW-98126/home/2115503
2026-09-19T19:54:21.154Z,NW Seattle,2026-07-08,289961,216941584,2537020,Closed,9630 26th Ave NW,,Seattle,WA,98117,North Beach,Single Family,1,1949,3,2.5,2,2440,9800,1,1102000,452,,,,Aviva Love,Real Broker LLC,Windermere Real Estate Midtown,47.6994998,-122.3883149,https://www.redfin.com/WA/Seattle/9630-26th-Ave-NW-98117/home/289961
2026-09-19T19:54:21.154Z,Phinney Ridge,2026-07-08,300495,216775603,2538491,Closed,6825 Linden Ave N,,Seattle,WA,98103,Green Lake,Single Family,1,1950,3,2,2,1650,4668,1,1137000,689,,,,Katie Grindon,KG Realty,Windermere Real Estate Co.,47.6794256,-122.3475562,https://www.redfin.com/WA/Seattle/6825-Linden-Ave-N-98103/home/300495
2026-09-19T19:54:21.154Z,NE Seattle,2026-07-08,312153,214561937,2509096,Closed,6235 31st Ave NE,,Seattle,WA,98115,Bryant,Single Family,1,2001,3,2.5,2,1827,2500,2,1050000,575,,,,,"John L. Scott, Inc",Redfin,47.6750567,-122.294653,https://www.redfin.com/WA/Seattle/6235-31st-Ave-NE-98115/home/312153
2026-09-19T19:54:21.154Z,NE Seattle,2026-07-08,315148,216717941,2531888,Closed,7509 42nd Ave NE,,Seattle,WA,98115,Wedgwood,Single Family,1,1978,3,2,2,1850,6000,3,1098000,594,,,,Jamie McKee,Portico Real Estate,HomeSmart Real Estate Assoc,47.683364,-122.2834038,https://www.redfin.com/WA/Seattle/7509-42nd-Ave-NE-98115/home/315148
2026-09-19T19:54:21.154Z,NE Seattle,2026-07-08,317794,220572703,2551379,Closed,6808 40th Ave NE,,Seattle,WA,98115,View Ridge,Single Family,1,1950,1,2,2,3400,7155,2,975000,287,,,,,,Lake & Company,47.6779047,-122.2846683,https://www.redfin.com/WA/Seattle/6808-40th-Ave-NE-98115/home/317794
2026-09-19T19:54:21.154Z,NE Seattle,2026-07-08,321375,216125442,2530665,Closed,7710 57th Ave NE,,Seattle,WA,98115,View Ridge,Single Family,1,1968,4,3,3,3772,5580,1,1995000,529,,,,Amie Stewart,COMPASS,Lake & Company,47.68501,-122.266799,https://www.redfin.com/WA/Seattle/7710-57th-Ave-NE-98115/home/321375
2026-09-19T19:54:21.154Z,NE Seattle,2026-07-08,321896,216981745,2541907,Closed,7309 48th Ave NE,,Seattle,WA,98115,View Ridge,Single Family,1,2016,5,3,3,2920,6867,1,2231000,764,,,,Casey Holme,Windermere Real Estate Co.,Windermere Real Estate Co.,47.6815099,-122.2768091,https://www.redfin.com/WA/Seattle/7309-48th-Ave-NE-98115/home/321896
2026-09-19T19:54:21.154Z,West Seattle,2026-07-08,468692,215342010,2520152,Closed,8451 35th Ave SW,,Seattle,WA,98126,Westwood,Single Family,1,1942,3,2,2,1270,6860,1.5,782500,616,,,,Scott Henry,John L Scott RE West Seattle,Windermere RE Greenwood,47.5268155,-122.3770278,https://www.redfin.com/WA/Seattle/8451-35th-Ave-SW-98126/home/468692
2026-09-19T19:54:21.154Z,West Seattle,2026-07-08,469644,217015395,2541318,Closed,7736 38th Ave SW,,Seattle,WA,98126,Gatewood,Single Family,1,1948,4,2,2,2180,7437,1,1181416,542,,,,Travis Duty,RE/MAX Northwest,Ensemble,47.5323818,-122.3803775,https://www.redfin.com/WA/Seattle/7736-38th-Ave-SW-98126/home/469644
2026-09-19T19:54:21.154Z,Beacon Hill,2026-07-08,482616,216742641,2538591,Closed,5903 20th Ave S,,Seattle,WA,98108,Beacon Hill,Single Family,1,2015,4,3.5,3,2673,5116,2,1225000,458,,,,Tamara Canero,Windermere Real Estate Midtown,Kelly Right RE of Seattle LLC,47.5498164,-122.3077003,https://www.redfin.com/WA/Seattle/5903-20th-Ave-S-98108/home/482616
2026-09-19T19:54:21.154Z,Northgate,2026-07-07,104976,216992042,2541192,Closed,8520 Midvale Ave N Unit A,Unit A,Seattle,WA,98103,Licton Springs,Townhouse,3,2003,3,2.5,2,1410,1221,1.5,592000,420,,,,Danny Greco,KW Greater Seattle,WeLakeside,47.691237,-122.34216,https://www.redfin.com/WA/Seattle/8520-Midvale-Ave-N-98103/unit-A/home/104976
2026-09-19T19:54:21.154Z,Magnolia,2026-07-07,123387,214928258,2485187,Closed,4045 29th Ave W,,Seattle,WA,98199,Magnolia,Single Family,1,1951,4,1.5,1,2360,9868,1.5,1050000,445,,,,Jane Nipius,"WPI Real Estate Services, Inc.",COMPASS,47.6572,-122.3948354,https://www.redfin.com/WA/Seattle/4045-29th-Ave-W-98199/home/123387
2026-09-19T19:54:21.154Z,Queen Anne,2026-07-07,129310,214862706,2518228,Closed,2719 Nob Hill Ave N,,Seattle,WA,98109,Queen Anne,Single Family,1,1908,2,1,1,2520,3068,1,870000,345,,,,,Windermere Real Estate Co.,Redfin,47.6450098,-122.3508026,https://www.redfin.com/WA/Seattle/2719-Nob-Hill-Ave-N-98109/home/129310
2026-09-19T19:54:21.154Z,Central Seattle,2026-07-07,137977,216997764,2540818,Closed,2415 E Newton St,,Seattle,WA,98112,Montlake,Single Family,1,1925,4,2,2,2640,5015,2,1525000,578,,,,May Li,Regency Realties LLC,Windermere Real Estate Midtown,47.6377687,-122.300783,https://www.redfin.com/WA/Seattle/2415-E-Newton-St-98112/home/137977
2026-09-19T19:54:21.154Z,West Seattle,2026-07-07,152708,216773144,2530863,Closed,6321 Atlas Pl SW,,Seattle,WA,98136,Beach Drive,Single Family,1,1994,3,2.5,2,2460,3327,1.5,1520000,618,,,,Mara Haveson,COMPASS,Windermere West Metro,47.5461889,-122.3980966,https://www.redfin.com/WA/Seattle/6321-Atlas-Pl-SW-98136/home/152708
2026-09-19T19:54:21.154Z,West Seattle,2026-07-07,157667,216769254,2538509,Closed,11239 35th Ave SW,,Seattle,WA,98146,Arbor Heights,Single Family,1,1947,3,1,1,1750,8100,1.5,865000,494,,,,Ben Hoefer,"John L. Scott, Inc.",Upside Properties,47.5016754,-122.3764516,https://www.redfin.com/WA/Seattle/11239-35th-Ave-SW-98146/home/157667
2026-09-19T19:54:21.154Z,Central Seattle,2026-07-07,167395737,214565666,2496770,Closed,3203 E James St,,Seattle,WA,98122,Madrona,Single Family,1,2020,3,3,3,1890,3000,1.5,1400000,741,,,,Lance Neely,"Heritage Residential, LLC",Eileen Maloney Real Estate,47.606629,-122.2913432,https://www.redfin.com/WA/Seattle/3203-E-James-St-98122/home/167395737
2026-09-19T19:54:21.154Z,Beacon Hill,2026-07-07,169974,216132290,2526804,Closed,1330 S Ferdinand St,,Seattle,WA,98108,Beacon Hill,Single Family,1,1949,3,1.5,1,1540,4438,1,675000,438,,,,Aly Tibbetts,Real Broker LLC,COMPASS,47.5588254,-122.314701,https://www.redfin.com/WA/Seattle/1330-S-Ferdinand-St-98108/home/169974
2026-09-19T19:54:21.154Z,Ballard (specific),2026-07-07,198760418,213881668,2505034,Closed,2510 NW 80th St,,Seattle,WA,98117,Loyal Heights,Single Family,1,2026,2,2.5,2,1090,1158,2,620000,569,21,,,Tony Ferrelli,"Windermere R.E. Northeast, Inc",eXp Realty,47.6867963,-122.3893049,https://www.redfin.com/WA/Seattle/2510-NW-80th-St-98117/home/198760418
2026-09-19T19:54:21.154Z,Ballard (specific),2026-07-07,200568630,212340946,2480123,Closed,8303 C 12th Ave NW,,Seattle,WA,98117,Ballard,Townhouse,3,2026,2,2.5,2,1009,691,1.5,610000,605,,,,Grecia Thomas,"Real Property Associates, Inc.",Windermere RE Greenwood,47.6889311,-122.3716113,https://www.redfin.com/WA/Seattle/8303-C-12th-Ave-NW-98117/home/200568630
2026-09-19T19:54:21.154Z,Wallingford,2026-07-07,202137832,216503317,2534700,Closed,4412 Corliss Ave N Unit B,Unit B,Seattle,WA,98103,Wallingford,Townhouse,3,2026,2,2,2,1285,825,1.5,724950,564,,,,,Array Real Estate,Redfin,47.6607468,-122.3310733,https://www.redfin.com/WA/Seattle/4412-Corliss-Ave-N-98103/unit-B/home/202137832
2026-09-19T19:54:21.154Z,West Seattle,2026-07-07,202170996,216602870,2536389,Closed,4816 SW Findlay St,,Seattle,WA,98136,Seaview,Single Family,1,2026,4,3.5,3,2400,2762,3,1500000,625,4,,,,AgencyOne,Redfin,47.5523325,-122.3945812,https://www.redfin.com/WA/Seattle/4816-SW-Findlay-St-98136/home/202170996
2026-09-19T19:54:21.154Z,NE Seattle,2026-07-07,202200149,216721742,2535431,Closed,6533 25th Ave NE Unit C,Unit C,Seattle,WA,98115,Ravenna,Townhouse,3,2005,2,2.5,2,1470,1097,1.5,875000,595,95,,,John Cowan,Windermere Real Estate Co.,Keller Williams North Seattle,47.6768682,-122.3009592,https://www.redfin.com/WA/Seattle/6533-25th-Ave-NE-98115/unit-C/home/202200149
2026-09-19T19:54:21.154Z,West Seattle,2026-07-07,202218685,216790567,2539247,Closed,4413 50th Ave SW,,Seattle,WA,98116,Admiral,Single Family,1,2026,3,2.5,2,1035,2450,2,880000,850,4,,,Jared Holland,COMPASS,Windermere Real Estate Midtown,47.5643397,-122.3965611,https://www.redfin.com/WA/Seattle/4413-50th-Ave-SW-98116/home/202218685
2026-09-19T19:54:21.154Z,NE Seattle,2026-07-07,317827,216915692,2537368,Closed,7025 43rd Ave NE,,Seattle,WA,98115,View Ridge,Single Family,1,1953,2,2,2,2570,5618,1,1061000,413,,,,Dick Carruthers,Windermere Real Estate Co.,Windermere RE Greenwood,47.6801688,-122.283225,https://www.redfin.com/WA/Seattle/7025-43rd-Ave-NE-98115/home/317827
2026-09-19T19:54:21.154Z,West Seattle,2026-07-07,329616,215305897,2521766,Closed,2773 44th Ave SW,,Seattle,WA,98116,Admiral,Single Family,1,1906,2,2.5,2,2092,2676,2,1035000,495,4,,,Jennifer Bryant,Inspire Realty,Every Door Real Estate,47.5771716,-122.3883067,https://www.redfin.com/WA/Seattle/2773-44th-Ave-SW-98116/home/329616
2026-09-19T19:54:21.154Z,Beacon Hill,2026-07-07,479680,216139410,2522691,Closed,8613 42nd Ave S,,Seattle,WA,98118,Sodo,Single Family,1,1957,3,1.5,1,1440,8976,1,650000,451,,,,Jamie Edwards,Redfin,Keller Williams Eastside,47.5256771,-122.2812552,https://www.redfin.com/WA/Seattle/8613-42nd-Ave-S-98118/home/479680
2026-09-19T19:54:21.154Z,Beacon Hill,2026-07-07,481872,216976315,2540340,Closed,4977 19th Ave S,,Seattle,WA,98108,Beacon Hill,Single Family,1,1970,4,3,3,2720,8120,1,1075000,395,,,,Spafford Robbins,COMPASS,COMPASS,47.557038,-122.3081945,https://www.redfin.com/WA/Seattle/4977-19th-Ave-S-98108/home/481872
2026-09-19T19:54:21.154Z,NW Seattle,2026-07-07,96895,216787153,2539187,Closed,111 NW 140th St,,Seattle,WA,98177,Broadview,Single Family,1,1949,3,1,1,1332,4641,1,720000,541,4,,,Eric Nissen,"Real Property Associates, Inc.",Windermere Real Estate Midtown,47.7303403,-122.3592394,https://www.redfin.com/WA/Seattle/111-NW-140th-St-98177/home/96895
2026-09-19T19:54:21.154Z,Maple Leaf,2026-07-06,109925,215346138,2522356,Closed,9416 5th Ave NE,,Seattle,WA,98115,Maple Leaf,Single Family,1,1940,3,2,2,1235,4249,1,845000,684,,,,Neda Perrina,Realogics Sotheby's Int'l Rlty,Lake & Company,47.6973279,-122.3227878,https://www.redfin.com/WA/Seattle/9416-5th-Ave-NE-98115/home/109925
2026-09-19T19:54:21.154Z,Queen Anne,2026-07-06,130819,217004998,2541482,Closed,2706 1st Ave W,,Seattle,WA,98119,Queen Anne,Single Family,1,1924,4,2,2,2058,3600,2,1510000,734,,,,Peter Branchflower,"John L. Scott, Inc.",Windermere Real Estate/East,47.6443724,-122.3579351,https://www.redfin.com/WA/Seattle/2706-1st-Ave-W-98119/home/130819
2026-09-19T19:54:21.154Z,Queen Anne,2026-07-06,131197,216765496,2536580,Closed,717 W Cremona St,,Seattle,WA,98119,Queen Anne,Single Family,1,1954,3,1,1,1140,5530,1,1015500,891,,,,Renee McGahan,COMPASS,West Seattle Realty,47.6494763,-122.3669465,https://www.redfin.com/WA/Seattle/717-W-Cremona-St-98119/home/131197
2026-09-19T19:54:21.154Z,Central Seattle,2026-07-06,135862,215285221,2521362,Closed,806 15th Ave E,,Seattle,WA,98112,North Capitol Hill,Single Family,1,1906,5,3,3,3700,5568,2,1680000,454,,,,,"Windermere RE/Capitol Hill,Inc",Redfin,47.6263364,-122.3122601,https://www.redfin.com/WA/Seattle/806-15th-Ave-E-98112/home/135862
2026-09-19T19:54:21.154Z,Central Seattle,2026-07-06,144363,220846948,2554742,Closed,1459 22nd Ave,,Seattle,WA,98122,Central Area,Townhouse,3,2026,2,2.5,2,1008,1300,1.5,695000,689,1,,,John Cowan,Windermere Real Estate Co.,Every Door Real Estate,47.6146854,-122.3041541,https://www.redfin.com/WA/Seattle/1459-22nd-Ave-98122/home/144363
2026-09-19T19:54:21.154Z,West Seattle,2026-07-06,152324,216739153,2538454,Closed,6418 49th Ave SW,,Seattle,WA,98166,Seaview,Single Family,1,1918,2,1,1,1380,7350,1,737000,534,,,,Kristy Jacobs,Kelly Right RE of Seattle LLC,Engel & Voelkers Seattle DT,47.5453176,-122.3949397,https://www.redfin.com/WA/Seattle/6418-49th-Ave-SW-98136/home/152324
2026-09-19T19:54:21.154Z,West Seattle,2026-07-06,158666,217025120,2542445,Closed,8447 42nd Ave SW,,Seattle,WA,98136,Gatewood,Single Family,1,1993,3,2.5,2,2330,7600,2,1885000,809,,,,Kari Scott,John L Scott RE West Seattle,"Skyline Properties, Inc.",47.5274451,-122.3852764,https://www.redfin.com/WA/Seattle/8447-42nd-Ave-SW-98136/home/158666
2026-09-19T19:54:21.154Z,Ballard (specific),2026-07-06,163530,212509508,2480182,Closed,7361 17th Ave NW,,Seattle,WA,98117,Loyal Heights,Single Family,1,1908,2,1,1,830,4080,1,725000,873,,,,Charles Carosella,"Wilson Realty Exchange, Inc.",Real Residential,47.6830717,-122.3792342,https://www.redfin.com/WA/Seattle/7361-17th-Ave-NW-98117/home/163530
2026-09-19T19:54:21.154Z,Ballard (specific),2026-07-06,164874,216922094,2539546,Closed,7506 23rd Ave NW,,Seattle,WA,98117,Ballard,Single Family,1,1926,2,1,1,1746,4000,1,1030000,590,,,,Monica Wilkinson,Windermere Real Estate Midtown,"Windermere RE/Capitol Hill,Inc",47.6834631,-122.3851554,https://www.redfin.com/WA/Seattle/7506-23rd-Ave-NW-98117/home/164874
2026-09-19T19:54:21.154Z,NW Seattle,2026-07-06,195023881,220846840,2554737,Closed,9029 8th Ave NW Unit B,Unit B,Seattle,WA,98117,Crown Hill,Townhouse,3,2024,2,2,2,1181,574,1.5,595000,504,0,,,John Cowan,Windermere Real Estate Co.,Every Door Real Estate,47.6952461,-122.3664468,https://www.redfin.com/WA/Seattle/9029-8th-Ave-NW-98117/unit-B/home/195023881
2026-09-19T19:54:21.154Z,Central Seattle,2026-07-06,199481752,213263183,2495724,Closed,1808 E Mercer St,,Seattle,WA,98112,North Capitol Hill,Townhouse,3,2026,4,2.5,2,2262,945,1.5,1375000,608,,,,Melissa McMurray,Lake & Company,"Windermere RE/Capitol Hill,Inc",47.624582,-122.30819,https://www.redfin.com/WA/Seattle/1808-E-Mercer-St-98112/home/199481752
2026-09-19T19:54:21.154Z,Ballard (specific),2026-07-06,200858630,213337624,2496833,Closed,7336 27th Ave NW Unit B,Unit B,Seattle,WA,98117,Loyal Heights,Townhouse,3,2026,2,2.5,2,1092,918,1.5,724750,664,40,,,Tony Ferrelli,"Windermere R.E. Northeast, Inc",KW Greater Seattle,47.6823828,-122.3905809,https://www.redfin.com/WA/Seattle/7336-27th-Ave-NW-98117/unit-B/home/200858630
2026-09-19T19:54:21.154Z,Wallingford,2026-07-06,201026777,216714548,2537667,Closed,1004 N 48th St Unit C,Unit C,Seattle,WA,98103,Wallingford,Single Family,1,2026,2,2,2,892,842,2,659950,740,34,,,,COMPASS,Redfin,47.66378,-122.3457323,https://www.redfin.com/WA/Seattle/1004-N-48th-St-98103/unit-C/home/201026777
2026-09-19T19:54:21.154Z,NE Seattle,2026-07-06,311072,216617977,2533047,Closed,6506 17th Ave NE,,Seattle,WA,98115,Ravenna,Single Family,1,1925,3,2,2,1930,2720,1.5,1045000,541,,,,Steve Laevastu,Windermere RE Greenwood,"Windermere RE/Capitol Hill,Inc",47.676091,-122.3095326,https://www.redfin.com/WA/Seattle/6506-17th-Ave-NE-98115/home/311072
2026-09-19T19:54:21.154Z,NE Seattle,2026-07-06,311292,216552433,2527344,Closed,1545 NE 76th St,,Seattle,WA,98115,Ravenna,Single Family,1,1940,4,3,3,2870,6048,1.5,1611000,561,,,,Gerry McBarron,Windermere Real Estate Co.,Portico Real Estate,47.6837269,-122.3100821,https://www.redfin.com/WA/Seattle/1545-NE-76th-St-98115/home/311292
2026-09-19T19:54:21.154Z,Ballard (specific),2026-07-06,498139,216830279,2530896,Closed,1013 NW 80th St,,Seattle,WA,98117,Whittier,Single Family,1,1931,4,4,4,2217,3590,1.5,1299950,586,,,,James Dainard,"Heaton Dainard, LLC",Engel & Volkers North Cascades,47.6867375,-122.369976,https://www.redfin.com/WA/Seattle/1013-NW-80th-St-98117/home/498139
2026-09-19T19:54:21.154Z,NW Seattle,2026-07-03,201843398,221125391,2558586,Closed,9725 Evanston Ave N Unit B,Unit B,Seattle,WA,98103,Greenwood,Single Family,1,2026,3,2.5,2,1193,1063,2,699000,586,82,,,Ranjani Ravi,eXp Realty,eXp Realty,47.7003822,-122.3515499,https://www.redfin.com/WA/Seattle/9725-Evanston-Ave-N-98103/unit-B/home/201843398
2026-09-19T19:54:21.154Z,NE Seattle,2026-07-03,316191,216500341,2509189,Closed,2733 NE 87th St,,Seattle,WA,98115,Wedgwood,Single Family,1,2026,4,3.5,3,2316,2315,2,1256200,542,20,,,Eric Nissen,"Real Property Associates, Inc.",ZNonMember-Office-MLS,47.691484,-122.297878,https://www.redfin.com/WA/Seattle/2733-NE-87th-St-98115/home/316191
2026-09-19T19:54:21.154Z,NE Seattle,2026-07-02,107446,216762016,2536641,Closed,8248 16th Ave NE,,Seattle,WA,98115,Maple Leaf,Single Family,1,1929,4,1.5,1,2100,2850,2,1015000,483,,,,Ian Love,Keller Williams Rlty Bellevue,Windermere Real Estate Midtown,47.6899544,-122.310867,https://www.redfin.com/WA/Seattle/8248-16th-Ave-NE-98115/home/107446
2026-09-19T19:54:21.154Z,Wallingford,2026-07-02,118166,215578104,2524411,Closed,1716 N 43rd St,,Seattle,WA,98103,Wallingford,Single Family,1,1923,4,2,2,2370,3840,1.5,1285000,542,,,,Michael Mallagh,Windermere West Metro,KW Greater Seattle,47.6593672,-122.3366514,https://www.redfin.com/WA/Seattle/1716-N-43rd-St-98103/home/118166
2026-09-19T19:54:21.154Z,Magnolia,2026-07-02,124719,216654985,2531062,Closed,2654 W Dravus St,,Seattle,WA,98199,Magnolia,Single Family,1,1927,4,2,2,2600,5370,2,1080000,415,,,,Scott Shutes,Windermere RE Greenwood,Bellwether Real Estate,47.6489187,-122.3912154,https://www.redfin.com/WA/Seattle/2654-W-Dravus-St-98199/home/124719
2026-09-19T19:54:21.154Z,Magnolia,2026-07-02,125549,216315884,2533458,Closed,3409 Magnolia Blvd W,,Seattle,WA,98199,Magnolia,Single Family,1,1947,3,3,3,2420,14806,1,1695000,700,,,,Sue Bethke,Windermere Real Estate Co.,Real Broker LLC,47.6508442,-122.4143535,https://www.redfin.com/WA/Seattle/3409-Magnolia-Blvd-W-98199/home/125549
2026-09-19T19:54:21.154Z,Queen Anne,2026-07-02,129597,216767289,2535894,Closed,2562 6th Ave W,,Seattle,WA,98119,Queen Anne,Single Family,1,1928,3,2,2,2080,3437,1,1270000,611,,,,Patty Groesbeck,Windermere RE Magnolia,COMPASS,47.642476,-122.3646579,https://www.redfin.com/WA/Seattle/2562-6th-Ave-W-98119/home/129597
2026-09-19T19:54:21.154Z,Queen Anne,2026-07-02,130848,215401687,2524145,Closed,409 W Dravus St,,Seattle,WA,98119,Queen Anne,Single Family,1,1939,3,2.5,2,2034,7200,2,1100000,541,,,,Sarah Rollinger,Lake & Company,Windermere Real Estate Midtown,47.648019,-122.362706,https://www.redfin.com/WA/Seattle/409-W-Dravus-St-98119/home/130848
2026-09-19T19:54:21.154Z,Central Seattle,2026-07-02,135412,216309909,2531571,Closed,2212 Federal Ave E,,Seattle,WA,98102,North Capitol Hill,Single Family,1,1913,4,2.5,2,3630,7500,2,2355000,649,,,,Will Cahill,Real Residential,Ensemble,47.6388317,-122.3187139,https://www.redfin.com/WA/Seattle/2212-Federal-Ave-E-98102/home/135412
2026-09-19T19:54:21.154Z,Central Seattle,2026-07-02,139075,213412358,2491304,Closed,1843 41st Ave E,,Seattle,WA,98112,Madison Park,Single Family,1,1924,4,2.5,2,2940,4000,2,2075000,706,,,,Kiley Lazarus,Redfin,COMPASS,47.6359566,-122.2799826,https://www.redfin.com/WA/Seattle/1843-41st-Ave-E-98112/home/139075
2026-09-19T19:54:21.154Z,Central Seattle,2026-07-02,146639,216323495,2533251,Closed,2804 E Howell St,,Seattle,WA,98122,Madison Valley,Single Family,1,1950,2,1,1,1280,4000,1,815000,637,,,,Tami Foust,Coldwell Banker Danforth,"John L. Scott, Inc.",47.6177831,-122.2958647,https://www.redfin.com/WA/Seattle/2804-E-Howell-St-98122/home/146639
2026-09-19T19:54:21.154Z,West Seattle,2026-07-02,150982,213485508,2499048,Closed,1717 Ferry Ave SW,,Seattle,WA,98116,North Admiral,Single Family,1,1991,4,2.5,2,3337,5714,1.5,1680000,503,,,,Kham Beitlers,Keller Williams Rlty Bellevue,COMPASS,47.5877966,-122.3842371,https://www.redfin.com/WA/Seattle/1717-Ferry-Ave-SW-98116/home/150982
2026-09-19T19:54:21.154Z,West Seattle,2026-07-02,156001,220436590,2549354,Closed,10041 40th Ave SW,,Seattle,WA,98146,Arbor Heights,Single Family,1,1921,4,1.5,1,3160,5295,2,640000,203,,,,Sue Morrow,SCOUT,COMPASS,47.5125349,-122.3834787,https://www.redfin.com/WA/Seattle/10041-40th-Ave-SW-98146/home/156001
2026-09-19T19:54:21.154Z,West Seattle,2026-07-02,159858,215569900,2525558,Closed,5958 35th Ave SW,,Seattle,WA,98126,West Seattle,Single Family,1,1928,3,2.5,2,2550,4840,2,825000,324,,,,Joshua Friend,Windermere Real Estate/East,COMPASS,47.5484608,-122.3760294,https://www.redfin.com/WA/Seattle/5958-35th-Ave-SW-98126/home/159858
2026-09-19T19:54:21.154Z,Ballard (specific),2026-07-02,163316,215796672,2526847,Closed,7741 16th Ave NW,,Seattle,WA,98117,Loyal Heights,Single Family,1,1939,3,2,2,1620,3840,1,890000,549,,,,Nick Southard,Upgrade Realty,Rennie Group,47.6862715,-122.3782418,https://www.redfin.com/WA/Seattle/7741-16th-Ave-NW-98117/home/163316
2026-09-19T19:54:21.154Z,Wallingford,2026-07-02,175941822,214312415,2509423,Closed,4411 Bagley Ave N Unit C,Unit C,Seattle,WA,98103,Wallingford,Townhouse,3,2007,3,3.5,3,1500,1185,1.5,850000,567,,,,Herb Yang,Realogics Sotheby's Int'l Rlty,Realogics Sotheby's Int'l Rlty,47.6607388,-122.3328431,https://www.redfin.com/WA/Seattle/4411-Bagley-Ave-N-98103/unit-C/home/175941822
2026-09-19T19:54:21.154Z,Eastlake,2026-07-02,181290247,215456551,2525709,Closed,2007 Minor Ave E,,Seattle,WA,98102,Eastlake,Townhouse,3,2026,3,3.5,3,2063,929,1.5,1800000,873,65,,,Tom Skepetaris,Realogics Sotheby's Int'l Rlty,Windermere Real Estate Co.,47.637092,-122.328617,https://www.redfin.com/WA/Seattle/2007-Minor-Ave-E-98102/home/181290247
2026-09-19T19:54:21.154Z,Central Seattle,2026-07-02,200276482,216732565,2536666,Closed,1508 18th Ave Unit E,Unit E,Seattle,WA,98122,Capitol Hill,Townhouse,3,2022,2,2,2,1487,900,1.5,800000,538,,,,,Ensemble,Redfin,47.614453,-122.308518,https://www.redfin.com/WA/Seattle/1508-18th-Ave-98122/unit-E/home/200276482
2026-09-19T19:54:21.154Z,Ballard (specific),2026-07-02,200353808,213643593,2501852,Closed,945 NW 61st St,,Seattle,WA,98107,Ballard,Townhouse,3,2026,2,2,2,1209,627,1.5,729000,603,74,,,Michael Green,Windermere Real Estate Co.,Upside Properties,47.6728899,-122.3707578,https://www.redfin.com/WA/Seattle/945-NW-61st-St-98107/home/200353808
2026-09-19T19:54:21.154Z,Eastlake,2026-07-02,28431,214331189,2511974,Closed,2364 Fairview Ave E #8,#8,Seattle,WA,98102,Eastlake,Townhouse,3,1987,2,1.5,1,1201,,1.5,790000,658,584,,,Eric Robison,Keller Williams Downtown Sea,Coldwell Banker Bain,47.6417415,-122.3288593,https://www.redfin.com/WA/Seattle/2364-Fairview-Ave-E-98102/unit-8/home/28431
2026-09-19T19:54:21.154Z,Central Seattle,2026-07-02,28581347,216495266,2527932,Closed,307 14th Ave E Unit B,Unit B,Seattle,WA,98112,Capitol Hill,Townhouse,3,2009,3,2.5,2,1530,1183,1.5,1100000,719,,,,Brad Hinckley,COMPASS,Coldwell Banker Danforth,47.6214022,-122.3149034,https://www.redfin.com/WA/Seattle/307-14th-Ave-E-98112/unit-B/home/28581347
2026-09-19T19:54:21.154Z,NW Seattle,2026-07-02,299963,216136739,2529682,Closed,543 N 83rd St,,Seattle,WA,98103,Greenwood,Single Family,1,2006,4,3.5,3,3420,4080,1.5,2115000,618,,,,Aaron Janus,RE/MAX Integrity,Windermere Real Estate/East,47.688905,-122.3507365,https://www.redfin.com/WA/Seattle/543-N-83rd-St-98103/home/299963
2026-09-19T19:54:21.154Z,NE Seattle,2026-07-02,318646,216494892,2534255,Closed,4414 NE 77th St,,Seattle,WA,98115,View Ridge,Single Family,1,2007,5,3.5,3,3910,5160,2,2250000,575,,,,Alex Sadigh,Summit Properties NW LLC,COMPASS,47.6850917,-122.28044,https://www.redfin.com/WA/Seattle/4414-NE-77th-St-98115/home/318646
2026-09-19T19:54:21.154Z,NE Seattle,2026-07-02,321317,213645810,2498699,Closed,4719 NE Park Pl,,Seattle,WA,98115,Sand Point Country Club,Single Family,1,1949,4,3.5,3,3470,8217,1.5,1750000,504,256,,,Aaron Fredrickson,Windermere Real Estate Co.,Windermere Real Estate Midtown,47.6832766,-122.2766109,https://www.redfin.com/WA/Seattle/4719-NE-Park-Pl-98115/home/321317
2026-09-19T19:54:21.154Z,West Seattle,2026-07-02,328940,216524734,2534989,Closed,3437 38th Ave SW,,Seattle,WA,98126,Belvidere,Single Family,1,1913,3,1,1,1910,5000,1,920000,482,,,,Marcel Kluetz,COMPASS,Windermere West Metro,47.5720475,-122.3806874,https://www.redfin.com/WA/Seattle/3437-38th-Ave-SW-98126/home/328940
2026-09-19T19:54:21.154Z,West Seattle,2026-07-02,469490,216108123,2530625,Closed,6738 36th Ave SW,,Seattle,WA,98126,Gatewood,Single Family,1,1948,4,3,3,2650,5326,2,1401021,529,,,,Laurie Mestres,Coldwell Banker Bain,Real Broker LLC,47.5416845,-122.3776004,https://www.redfin.com/WA/Seattle/6738-36th-Ave-SW-98126/home/469490
2026-09-19T19:54:21.154Z,West Seattle,2026-07-02,473747,216526143,2535568,Closed,8856 24th Ave SW,,Seattle,WA,98106,Westwood Village,Single Family,1,2008,2,2,2,1340,7380,1,767200,573,,,,Michael Schrepfer,Windermere Real Estate Co.,Berkshire Hathaway HS NW,47.5229927,-122.3628278,https://www.redfin.com/WA/Seattle/8856-24th-Ave-SW-98106/home/473747
2026-09-19T19:54:21.154Z,West Seattle,2026-07-02,473982,216522631,2535476,Closed,9258 24th Ave SW,,Seattle,WA,98106,Westwood Village,Single Family,1,1947,3,2,2,1140,5500,1,714000,626,,,,Michael Mallagh,Windermere West Metro,Windermere R E Mount Baker,47.5193626,-122.3629358,https://www.redfin.com/WA/Seattle/9258-24th-Ave-SW-98106/home/473982
2026-09-19T19:54:21.154Z,Eastlake,2026-07-02,50269587,216564485,2533552,Closed,3123 Fairview Ave E #2,#2,Seattle,WA,98102,Eastlake,Single Family,1,1973,3,2,2,1370,1275,3,2380000,1737,,,,Erica Clibborn,Windermere Real Estate Midtown,Windermere Real Estate Midtown,47.6499135,-122.3242223,https://www.redfin.com/WA/Seattle/3123-Fairview-Ave-E-98102/unit-2/home/50269587
2026-09-19T19:54:21.154Z,Wallingford,2026-07-01,118111,216534991,2535564,Closed,4715 Densmore Ave N,,Seattle,WA,98103,Wallingford,Single Family,1,1910,3,2,2,2510,3300,2,1210000,482,,,,Tanya Thackeray Wilson,Windermere Real Estate Co.,COMPASS,47.6633629,-122.337978,https://www.redfin.com/WA/Seattle/4715-Densmore-Ave-N-98103/home/118111
2026-09-19T19:54:21.154Z,Wallingford,2026-07-01,118184,212316227,2481557,Closed,4616 Meridian Ave N,,Seattle,WA,98103,Wallingford,Single Family,1,1911,4,3,3,2185,4373,1.5,1200000,549,,,,Kyle Moss,COMPASS,Windermere Real Estate Midtown,47.6631656,-122.3334064,https://www.redfin.com/WA/Seattle/4616-Meridian-Ave-N-98103/home/118184
2026-09-19T19:54:21.154Z,NE Seattle,2026-07-01,121835,216177999,2529471,Closed,4335 NE 42nd St,,Seattle,WA,98105,Laurelhurst,Single Family,1,1937,2,1.5,1,1940,4000,1,1139000,587,,,,Fiore Pignataro,Windermere Real Estate Co.,Prevu Real Estate LLC,47.6589547,-122.2797643,https://www.redfin.com/WA/Seattle/4335-NE-42nd-St-98105/home/121835
2026-09-19T19:54:21.154Z,Magnolia,2026-07-01,123068,215356726,2523681,Closed,5601 43rd Ave W,,Seattle,WA,98199,Magnolia,Single Family,1,1978,4,3.5,3,5140,29134,2,2795000,544,29,,,Sarah Dupuis,COMPASS,Windermere Real Estate Midtown,47.6698446,-122.4111518,https://www.redfin.com/WA/Seattle/5601-43rd-Ave-W-98199/home/123068
2026-09-19T19:54:21.154Z,Magnolia,2026-07-01,125701,216113172,2529480,Closed,3651 Perkins Ln W,,Seattle,WA,98199,Magnolia,Single Family,1,1954,2,2.5,2,2030,8333,1,1287000,634,,,,Matt Stanford,COMPASS,KW Greater Seattle,47.6537061,-122.4164507,https://www.redfin.com/WA/Seattle/3651-Perkins-Ln-W-98199/home/125701
2026-09-19T19:54:21.154Z,Central Seattle,2026-07-01,139259,216561291,2535906,Closed,4003 E Newton St,,Seattle,WA,98112,Madison Park,Single Family,1,1952,5,4.5,4,4490,5000,2,2928000,652,,,,Vijya Patel,Madison Avenue Realty,Windermere Real Estate/Summit,47.6368144,-122.2816763,https://www.redfin.com/WA/Seattle/4003-E-Newton-St-98112/home/139259
2026-09-19T19:54:21.154Z,Central Seattle,2026-07-01,146421,216512535,2528555,Closed,1717 32nd Ave,,Seattle,WA,98122,Madrona,Single Family,1,1928,5,3,3,2534,4000,2,1370000,541,,,,Heather Dolin,"Windermere RE/Capitol Hill,Inc","Windermere RE/Capitol Hill,Inc",47.617045,-122.2915697,https://www.redfin.com/WA/Seattle/1717-32nd-Ave-98122/home/146421
2026-09-19T19:54:21.154Z,Central Seattle,2026-07-01,146741,214263332,2510691,Closed,1613 24th Ave,,Seattle,WA,98122,Madison Valley,Single Family,1,1901,4,2,2,2030,7440,2,1015000,500,,,,Tommy Quach,Windermere R.E. Shoreline,"John L. Scott, Inc",47.6157786,-122.3017052,https://www.redfin.com/WA/Seattle/1613-24th-Ave-98122/home/146741
2026-09-19T19:54:21.154Z,Central Seattle,2026-07-01,147122,216192974,2531767,Closed,932 Martin Luther King Jr Way,,Seattle,WA,98122,Central Area,Single Family,1,1908,3,1,1,1590,5783,1,768000,483,,,,Deirdre Doyle,Windermere Real Estate Midtown,Windermere Real Estate/East,47.6110434,-122.2959132,https://www.redfin.com/WA/Seattle/932-Martin-Luther-King-Jr-Way-98122/home/147122
2026-09-19T19:54:21.154Z,West Seattle,2026-07-01,152322,216416362,2534093,Closed,4800 51st Pl SW,,Seattle,WA,98116,West Seattle,Single Family,1,2026,5,5,4,4650,9306,2,3950000,849,,,,Brian Otto,Keller Williams Eastside,Coldwell Banker Bain,47.5593222,-122.3987632,https://www.redfin.com/WA/Seattle/4800-52nd-Ave-SW-98116/home/152322
2026-09-19T19:54:21.154Z,West Seattle,2026-07-01,152379,216781356,2538470,Closed,5322 47th Ave SW,,Seattle,WA,98136,Seaview,Single Family,1,1949,3,2.5,2,2770,7140,1,1725000,623,,,,Scott Monroe,Windermere West Metro,Windermere West Metro,47.5540615,-122.3920101,https://www.redfin.com/WA/Seattle/5322-47th-Ave-SW-98136/home/152379
2026-09-19T19:54:21.154Z,West Seattle,2026-07-01,152729,216127534,2529180,Closed,6029 45th Ave SW,,Seattle,WA,98136,Seaview,Single Family,1,1918,3,2,2,1870,4800,1,1050000,561,,,,,Windermere Real Estate/PSR Inc,Redfin,47.5476639,-122.3902814,https://www.redfin.com/WA/Seattle/6029-45th-Ave-SW-98136/home/152729
2026-09-19T19:54:21.154Z,West Seattle,2026-07-01,160281,215342007,2520696,Closed,4582 22nd Ave SW,,Seattle,WA,98106,Delridge,Single Family,1,1922,2,2,2,800,3103,1,499950,625,68,,,,Realogics Sotheby's Int'l Rlty,Redfin,47.5612204,-122.3611864,https://www.redfin.com/WA/Seattle/4582-22nd-Ave-SW-98106/home/160281
2026-09-19T19:54:21.154Z,West Seattle,2026-07-01,18659204,215918194,2525681,Closed,9243 35th Ave SW Unit C,Unit C,Seattle,WA,98126,Fauntleroy,Townhouse,3,2007,3,2,2,1080,1202,1.5,499950,463,,,,Julie Lutovsky,Redfin,KW Mountains to Sound Realty,47.5197097,-122.377343,https://www.redfin.com/WA/Seattle/9243-35th-Ave-SW-98126/unit-C/home/18659204
2026-09-19T19:54:21.154Z,Fremont,2026-07-01,196594041,210745854,2464297,Closed,1203 D N Allen Pl,,Seattle,WA,98103,Wallingford,Townhouse,3,2026,3,2,2,1650,766,1.5,1049000,636,1,,,,"Windermere RE/Capitol Hill,Inc",Redfin,47.660452,-122.343594,https://www.redfin.com/WA/Seattle/1203-D-N-Allen-Pl-98103/home/196594041
2026-09-19T19:54:21.154Z,West Seattle,2026-07-01,201929879,214661458,2516859,Closed,8126 12th Ave SW,,Seattle,WA,98106,Highland Park,Single Family,1,2026,2,2.5,2,1101,2024,2,685000,622,29,,,Jay Miller,Momentum Venture Partners LLC,RexMont Real Estate,47.5294019,-122.3502857,https://www.redfin.com/WA/Seattle/8126-12th-Ave-SW-98106/home/201929879
2026-09-19T19:54:21.154Z,Queen Anne,2026-07-01,25725880,206926343,2424103,Closed,2766 Westlake Ave N Unit A,Unit A,Seattle,WA,98109,Lake Union,Single Family,1,1920,1,1,1,900,900,1,800000,889,569,,,Kip White,Coldwell Banker Bain,Windermere Real Estate Midtown,47.6452824,-122.3466541,https://www.redfin.com/WA/Seattle/2766-Westlake-Ave-N-98109/unit-A/home/25725880
2026-09-19T19:54:21.154Z,NE Seattle,2026-07-01,308232,220390476,2548729,Closed,5043 19th,,Seattle,WA,98105,University District,Single Family,1,1922,5,2,2,2390,4320,2,1045000,437,,,,Laura Henderson,Windermere Real Estate/East,HomeSmart Real Estate Assoc,47.6661057,-122.3074799,https://www.redfin.com/WA/Seattle/5043-19th-Ave-NE-98105/home/308232
2026-09-19T19:54:21.154Z,NE Seattle,2026-07-01,313676,216054660,2529329,Closed,4831 37th Ave NE,,Seattle,WA,98105,Bryant,Single Family,1,1987,3,2.5,2,1740,5393,2,1190000,684,,,,Kian Pornour,Windermere Real Estate Co.,Urban Living,47.6644523,-122.2883575,https://www.redfin.com/WA/Seattle/4831-37th-Ave-NE-98105/home/313676
2026-09-19T19:54:21.154Z,West Seattle,2026-07-01,328288,216489660,2527298,Closed,3260 42nd Ave SW,,Seattle,WA,98116,Belvidere,Single Family,1,1927,4,1,1,1955,4093,2,1191000,609,,,,Michael Witt,"Windermere RE/Capitol Hill,Inc",Real Broker LLC,47.5738762,-122.3853971,https://www.redfin.com/WA/Seattle/3260-42nd-Ave-SW-98116/home/328288
2026-09-19T19:54:21.154Z,Beacon Hill,2026-07-01,480860,216696106,2537830,Closed,7972 39th Ave S,,Seattle,WA,98118,Beacon Hill,Single Family,1,2003,6,5,5,3720,10209,1.5,880000,237,,,,Paul Lau,John L. Scott Des Moines,ZNonMember-Office-MLS,47.5294107,-122.2834311,https://www.redfin.com/WA/Seattle/7972-39th-Ave-S-98118/home/480860
2026-09-19T19:54:21.154Z,Ballard (specific),2026-07-01,493900,216490359,2519858,Closed,1127 NW 62nd St,,Seattle,WA,98107,Ballard,Single Family,1,1916,3,3.5,3,2690,5000,2,1495000,556,,,,Michael Witt,"Windermere RE/Capitol Hill,Inc",RE/MAX Northwest,47.6736242,-122.372597,https://www.redfin.com/WA/Seattle/1127-NW-62nd-St-98107/home/493900
2026-09-19T19:54:21.154Z,Ballard (specific),2026-07-01,496977,216047882,2525608,Closed,6719 9th Ave NW,,Seattle,WA,98117,Whittier,Single Family,1,1910,2,1,1,1610,4922,1,1000000,621,,,,Evy Flynn,Windermere Real Estate Co.,Bushwick,47.6783564,-122.3690174,https://www.redfin.com/WA/Seattle/6719-9th-Ave-NW-98117/home/496977
2026-09-19T19:54:21.154Z,Northgate,2026-06-30,105696,216514421,2534571,Closed,11549 8th Ave NE,,Seattle,WA,98125,Pinehurst,Single Family,1,1941,2,1,1,770,4000,1,629800,818,,,,Lizzy Gowan,Windermere Real Estate Co.,Windermere Real Estate Co.,47.7136998,-122.3209591,https://www.redfin.com/WA/Seattle/11549-8th-Ave-NE-98125/home/105696
2026-09-19T19:54:21.154Z,Northgate,2026-06-30,106144,214100733,2499388,Closed,11515 7th Ave NE,,Seattle,WA,98125,Pinehurst,Single Family,1,1954,3,2,2,1800,5220,1,850000,472,,,,Connor Seaman,John L. Scott R.E.Tacoma North,Keller Williams North Seattle,47.7127363,-122.3222124,https://www.redfin.com/WA/Seattle/11515-7th-Ave-NE-98125/home/106144
2026-09-19T19:54:21.154Z,NE Seattle,2026-06-30,108707,216414927,2533289,Closed,520 NE 82nd St,,Seattle,WA,98115,Maple Leaf,Single Family,1,1907,4,2.5,2,2558,3060,2,1389000,543,,,,Stefan Hoerschelmann,Windermere Real Estate Co.,KW Greater Seattle,47.6884251,-122.3219509,https://www.redfin.com/WA/Seattle/520-NE-82nd-St-98115/home/108707
2026-09-19T19:54:21.154Z,Central Seattle,2026-06-30,109003298,214648395,2505905,Closed,1120 24th Ave S,,Seattle,WA,98144,Judkins,Townhouse,3,2016,2,2,2,1335,795,1.5,655000,491,,,,Karen Abbey,Coldwell Banker Bain,Windermere West Metro,47.5923166,-122.3010375,https://www.redfin.com/WA/Seattle/1120-24th-Ave-S-98144/home/109003298
2026-09-19T19:54:21.154Z,West Seattle,2026-06-30,109003444,216075767,2527638,Closed,2371 Harbor Ave SW,,Seattle,WA,98126,West Seattle,Townhouse,3,2011,2,2.5,2,1840,1009,1.5,975000,530,,,,,Engel & Voelkers Mercer Island,Redfin,47.5820774,-122.3736501,https://www.redfin.com/WA/Seattle/2371-Harbor-Ave-SW-98126/home/109003444
2026-09-19T19:54:21.154Z,Magnolia,2026-06-30,125271,214721837,2517032,Closed,2825 Magnolia Blvd W,,Seattle,WA,98199,Magnolia,Single Family,1,2017,4,4.5,4,5483,8668,1.5,4600000,839,,,,Bob Bennion,COMPASS,Windermere RE Magnolia,47.6459084,-122.4146861,https://www.redfin.com/WA/Seattle/2825-Magnolia-Blvd-W-98199/home/125271
2026-09-19T19:54:21.154Z,Magnolia,2026-06-30,127226,216506370,2533737,Closed,3309 W Thurman St,,Seattle,WA,98199,Magnolia,Single Family,1,1952,3,2.5,2,2125,3000,1,1047500,493,,,,Lyn Tully,Quorum Real Estate/Madison Inc,Arrivva Inc,47.6556964,-122.4000318,https://www.redfin.com/WA/Seattle/3309-W-Thurman-St-98199/home/127226
2026-09-19T19:54:21.154Z,Magnolia,2026-06-30,127374,216027945,2525247,Closed,3217 36th Ave W,,Seattle,WA,98199,Magnolia,Single Family,1,1946,3,2.5,2,2370,6150,1.5,1222500,516,,,,Dick Carruthers,Windermere Real Estate Co.,Lake & Company,47.6492241,-122.403875,https://www.redfin.com/WA/Seattle/3217-36th-Ave-W-98199/home/127374
2026-09-19T19:54:21.154Z,Queen Anne,2026-06-30,129860,216166912,2531280,Closed,2442 6th Ave W,,Seattle,WA,98119,Queen Anne,Single Family,1,1905,4,2.5,2,2920,7200,2,2300000,788,,,,Karla Sullivan,Windermere Real Estate Midtown,COMPASS,47.6408342,-122.3646684,https://www.redfin.com/WA/Seattle/2442-6th-Ave-W-98119/home/129860
2026-09-19T19:54:21.154Z,Eastlake,2026-06-30,131919,216788904,2538874,Closed,2511 Minor Ave E,,Seattle,WA,98102,Eastlake,Townhouse,3,1994,3,3,3,1870,2141,1.5,980000,524,,,,Tom Skepetaris,Realogics Sotheby's Int'l Rlty,Realogics Sotheby's Int'l Rlty,47.6423368,-122.3285408,https://www.redfin.com/WA/Seattle/2511-Minor-Ave-E-98102/home/131919
2026-09-19T19:54:21.154Z,Central Seattle,2026-06-30,136782,216323260,2533432,Closed,2615 E Garfield St,,Seattle,WA,98112,Arboretum,Single Family,1,1939,4,3,3,2990,6642,1,1795000,600,,,,Kyle Moore,MacPherson's Real Estate Serv.,Bushwick,47.6325018,-122.2991535,https://www.redfin.com/WA/Seattle/2615-E-Garfield-St-98112/home/136782
2026-09-19T19:54:21.154Z,Central Seattle,2026-06-30,136862,214932043,2517970,Closed,2833 10th Ave E,,Seattle,WA,98102,Roanoke Park,Single Family,1,1908,3,3.5,3,3384,5500,2,2600000,768,,,,Hutton Moyer,Coldwell Banker Bain,Windermere RE Greenwood,47.6466135,-122.3199397,https://www.redfin.com/WA/Seattle/2833-10th-Ave-E-98102/home/136862
2026-09-19T19:54:21.154Z,Central Seattle,2026-06-30,141046,216822390,2536632,Closed,917 Lake Washington Blvd S,,Seattle,WA,98144,Leschi,Single Family,1,1943,6,3.5,3,3750,3927,1.5,2100000,560,,,,Lisa Novak,Windermere Real Estate/East,Coldwell Banker Bain,47.5940247,-122.289602,https://www.redfin.com/WA/Seattle/917-Lake-Washington-Blvd-S-98144/home/141046
2026-09-19T19:54:21.154Z,Central Seattle,2026-06-30,144184,215544060,2520452,Closed,2202 E John St,,Seattle,WA,98112,Capitol Hill,Single Family,1,1900,4,2,2,1650,3000,2,1093000,662,,,,Dorothee Graham,COMPASS,Every Door Real Estate,47.620418,-122.3034191,https://www.redfin.com/WA/Seattle/2202-E-John-St-98112/home/144184
2026-09-19T19:54:21.154Z,Central Seattle,2026-06-30,144466595,214632139,2516585,Closed,1631 S King St Unit C,Unit C,Seattle,WA,98144,Central Area,Townhouse,3,2020,3,2.5,2,1568,1233,1.5,792000,505,,,,Nick Southard,Upgrade Realty,COMPASS,47.5981731,-122.3102581,https://www.redfin.com/WA/Seattle/1631-S-King-St-98144/unit-C/home/144466595
2026-09-19T19:54:21.154Z,Central Seattle,2026-06-30,144580,216714645,2537766,Closed,2409 E Alder St,,Seattle,WA,98122,Central Area,Single Family,1,1910,2,1.5,1,1570,1700,2,860000,548,,,,Rachel Hartwich,Lake & Company,Real Broker LLC,47.604167,-122.3005719,https://www.redfin.com/WA/Seattle/2409-E-Alder-St-98122/home/144580
2026-09-19T19:54:21.154Z,West Seattle,2026-06-30,151327,215244960,2522383,Closed,4033 52nd Pl SW,,Seattle,WA,98116,Genesee,Single Family,1,1970,4,3,3,2600,7800,1,1360000,523,,,,Lucas Roth,"Pellego, Inc.",Lake & Company,47.567614,-122.3998723,https://www.redfin.com/WA/Seattle/4033-52nd-Pl-SW-98116/home/151327
2026-09-19T19:54:21.154Z,West Seattle,2026-06-30,151686,220377591,2548246,Closed,3333 58th Ave SW,,Seattle,WA,98118,Alki,Single Family,1,1963,3,3,3,2130,5040,1,1200000,563,,,,Junior Torres,Windermere RE Greenwood,COMPASS,47.5744341,-122.4071774,https://www.redfin.com/WA/Seattle/3333-58th-Ave-SW-98116/home/151686
2026-09-19T19:54:21.154Z,West Seattle,2026-06-30,153945,216507765,2534149,Closed,4718 48th Ave SW,,Seattle,WA,98116,Genesee,Single Family,1,1966,3,2,2,1050,5120,1,890000,848,,,,Karen Jones,Redfin,COMPASS,47.5605294,-122.3931668,https://www.redfin.com/WA/Seattle/4718-48th-Ave-SW-98116/home/153945
2026-09-19T19:54:21.154Z,West Seattle,2026-06-30,154040,216430922,2534174,Closed,4809 SW Findlay St,,Seattle,WA,98136,Seaview,Single Family,1,1925,2,2,2,1490,3960,1,965000,648,,,,Claire Kather,WaLaw Realty LLC,Terrafin,47.5519973,-122.3942094,https://www.redfin.com/WA/Seattle/4809-SW-Findlay-St-98136/home/154040
2026-09-19T19:54:21.154Z,West Seattle,2026-06-30,158632,216762732,2535348,Closed,8261 Northrop Pl SW,,Seattle,WA,98136,Gatewood,Single Family,1,1940,4,2,2,2220,5001,1,1207057,544,,,,Karen Lavallee,Windermere West Metro,Best Choice Realty LLC,47.5287469,-122.3887244,https://www.redfin.com/WA/Seattle/8261-Northrop-Pl-SW-98136/home/158632
2026-09-19T19:54:21.154Z,West Seattle,2026-06-30,159313,216771044,2535636,Closed,5403 34th Ave SW,,Seattle,WA,98126,High Point,Single Family,1,1965,4,2.5,2,1620,6120,1.5,895950,553,,,,Lydia Carr,North Star Realty,Coldwell Banker Danforth,47.553573,-122.3751875,https://www.redfin.com/WA/Seattle/5403-34th-Ave-SW-98126/home/159313
2026-09-19T19:54:21.154Z,NW Seattle,2026-06-30,163679,215724589,2526677,Closed,2631 NW 86th St,,Seattle,WA,98117,North Beach,Single Family,1,1985,3,3,3,1730,2940,1.5,991100,573,,,,Greg Lewis,Windermere Real Estate Co.,COMPASS,47.6910938,-122.3916519,https://www.redfin.com/WA/Seattle/2631-NW-86th-St-98117/home/163679
2026-09-19T19:54:21.154Z,Ballard (specific),2026-06-30,165106,216487592,2516259,Closed,3003 NW 67th St,,Seattle,WA,98117,Sunset Hill,Single Family,1,1945,4,2,2,1760,5000,1,1230450,699,,,,,Lake & Company,Redfin,47.6771265,-122.3959479,https://www.redfin.com/WA/Seattle/3003-NW-67th-St-98117/home/165106
2026-09-19T19:54:21.154Z,NW Seattle,2026-06-30,174298780,213817879,2490097,Closed,10162 Holman Rd NW Unit C,Unit C,Seattle,WA,98177,Seattle,Townhouse,3,2020,3,2,2,1374,1014,1.5,635000,462,,,,,Real Broker LLC,Redfin,47.7032989,-122.3584809,https://www.redfin.com/WA/Seattle/10162-Holman-Rd-NW-98177/unit-C/home/174298780
2026-09-19T19:54:21.154Z,West Seattle,2026-06-30,18661491,215334781,2524021,Closed,6910 31st Ave SW,,Seattle,WA,98126,High Point,Townhouse,3,2017,4,3,3,1990,2293,1.5,795000,399,374,,,Timothy Lenihan,Windermere Real Estate Midtown,John L Scott RE West Seattle,47.540753,-122.371627,https://www.redfin.com/WA/Seattle/6910-31st-Ave-SW-98126/home/18661491
2026-09-19T19:54:21.154Z,West Seattle,2026-06-30,191498212,216488355,2518712,Closed,1722 California Ave SW Unit C,Unit C,Seattle,WA,98116,North Admiral,Townhouse,3,2009,2,2.5,2,1040,826,1.5,625000,601,,,,Angelica Thrasher,Berkshire Hathaway HS NW,KW Greater Seattle,47.587253,-122.3860472,https://www.redfin.com/WA/Seattle/1722-California-Ave-SW-98116/unit-C/home/191498212
2026-09-19T19:54:21.154Z,Beacon Hill,2026-06-30,195904990,216565215,2535101,Closed,1319 14th Ave Unit A,Unit A,Seattle,WA,98144,N Beacon Hill,Townhouse,3,2025,4,2,2,2100,114,1.5,840000,400,,,,Tom Skepetaris,Realogics Sotheby's Int'l Rlty,"John L. Scott, Inc",47.5909347,-122.3154395,https://www.redfin.com/WA/Seattle/1319-14th-Ave-S-98144/unit-A/home/195904990
2026-09-19T19:54:21.154Z,West Seattle,2026-06-30,199970668,215494072,2526093,Closed,10202 44th Ave SW,,Seattle,WA,98146,Arbor Heights,Townhouse,3,2026,5,3,3,2258,4224,1.5,1280000,567,20,,,Roy Willanger,Berkshire Hathaway HS NW,SCOUT,47.5119587,-122.3882049,https://www.redfin.com/WA/Seattle/10202-44th-Ave-SW-98146/home/199970668
2026-09-19T19:54:21.154Z,Central Seattle,2026-06-30,200724015,213253203,2495547,Closed,914 B 15th Ave,,Seattle,WA,98122,Capitol Hill,Townhouse,3,2026,3,2,2,1670,1068,1.5,899000,538,,,,,"Windermere RE/Capitol Hill,Inc",Redfin,47.6108784,-122.312351,https://www.redfin.com/WA/Seattle/914-B-15th-Ave-98122/home/200724015
2026-09-19T19:54:21.154Z,NW Seattle,2026-06-30,200772726,212765648,2488136,Closed,904 N 107th St,,Seattle,WA,98133,Greenwood,Single Family,1,2026,2,2.5,2,1091,1200,2,620000,568,14,,,Jacquelyn Phillips,Keller Williams Seattle Metro,COMPASS,47.7067518,-122.3470054,https://www.redfin.com/WA/Seattle/904-N-107th-St-98133/home/200772726
2026-09-19T19:54:21.154Z,NE Seattle,2026-06-30,201065764,216694130,2537663,Closed,6038 50th Ave NE,,Seattle,WA,98115,Hawthorne Hills,Single Family,1,2025,4,5,4,3575,5949,2,3095000,866,,,,Trisha Quigley,COMPASS,Real Residential,47.6732868,-122.2736008,https://www.redfin.com/WA/Seattle/6038-50th-Ave-NE-98115/home/201065764
2026-09-19T19:54:21.154Z,Green Lake,2026-06-30,201106070,213761466,2503460,Closed,2340 N 64th St Unit B,Unit B,Seattle,WA,98103,Green Lake,Townhouse,3,2026,2,2.5,2,1270,458,1.5,849000,669,107,,,John Cowan,Windermere Real Estate Co.,Windermere Real Estate Co.,47.6753996,-122.3292215,https://www.redfin.com/WA/Seattle/2340-N-64th-St-98103/unit-B/home/201106070
2026-09-19T19:54:21.154Z,Northgate,2026-06-30,201393125,214082617,2508430,Closed,9225 B Densmore Ave N,,Seattle,WA,98103,Licton Springs,Townhouse,3,2026,2,1,1,685,865,1.5,449900,657,70,,,Ray York,"Windermere RE/Capitol Hill,Inc",Windermere R.E. Shoreline,47.6967219,-122.3379736,https://www.redfin.com/WA/Seattle/9225-B-Densmore-Ave-N-98103/home/201393125
2026-09-19T19:54:21.154Z,West Seattle,2026-06-30,202104480,216337719,2533048,Closed,5923 32nd Ave SW,,Seattle,WA,98126,West Seattle,Single Family,1,2026,2,2.5,2,1101,4839,2,675000,613,1,,,Ramiro Olmos Munoz,COMPASS,Windermere R.E. Shoreline,47.5493881,-122.3741084,https://www.redfin.com/WA/Seattle/5923-32nd-Ave-SW-98126/home/202104480
2026-09-19T19:54:21.154Z,Ballard (specific),2026-06-30,202671163,217211091,2545552,Closed,1762 NW 60th St Unit A,Unit A,Seattle,WA,98107,Ballard,Townhouse,3,2026,3,2,2,1620,951,1.5,954950,589,,,,Michael Espada,Array Real Estate,"Windermere RE/Capitol Hill,Inc",47.672562,-122.3815977,https://www.redfin.com/WA/Seattle/1762-NW-60th-St-98107/unit-A/home/202671163
2026-09-19T19:54:21.154Z,Central Seattle,2026-06-30,2064817,215285233,2522608,Closed,107 29th Ave E,,Seattle,WA,98112,Madison Valley,Single Family,1,2008,3,2.5,2,2300,4477,2,1100000,478,,,,Deirdre Doyle,Windermere Real Estate Midtown,Sammamish Realty Inc.,47.6191912,-122.2950621,https://www.redfin.com/WA/Seattle/107-29th-Ave-E-98112/home/2064817
2026-09-19T19:54:21.154Z,Central Seattle,2026-06-30,2068753,216490538,2528377,Closed,241 11th Ave E,,Seattle,WA,98102,North Capitol Hill,Townhouse,3,2005,2,2,2,1130,882,1.5,795000,704,120,,,Terry Miller,Windermere Real Estate Central,COMPASS,47.6207736,-122.3188345,https://www.redfin.com/WA/Seattle/241-11th-Ave-E-98102/home/2068753
2026-09-19T19:54:21.154Z,Beacon Hill,2026-06-30,22461479,216547940,2534222,Closed,8826 41st Ave S,,Seattle,WA,98118,Beacon Hill,Single Family,1,2015,5,3,3,2500,4173,2,949000,380,,,,Lino Guidero,Realogics Sotheby's Int'l Rlty,"Skyline Properties, Inc.",47.5234697,-122.2810226,https://www.redfin.com/WA/Seattle/8826-41st-Ave-S-98118/home/22461479
2026-09-19T19:54:21.154Z,Beacon Hill,2026-06-30,22694961,216415582,2528971,Closed,2517 13th Ave S,,Seattle,WA,98144,N Beacon Hill,Townhouse,3,2009,2,2.5,2,1520,2987,1.5,965000,635,,,,Scott Perret,COMPASS,Windermere RE Greenwood,47.5804267,-122.3163117,https://www.redfin.com/WA/Seattle/2517-13th-Ave-S-98144/home/22694961
2026-09-19T19:54:21.154Z,Phinney Ridge,2026-06-30,298932,214579282,2516045,Closed,6411 WOODLAND Pl N,,Seattle,WA,98103,Green Lake,Single Family,1,1915,3,2,2,1630,3506,1,1085000,666,,,,Marc Khalili Moftakhari Khalil,Windermere Bellevue Commons,Real Broker LLC,47.6757704,-122.3479749,https://www.redfin.com/WA/Seattle/6411-Woodland-Pl-N-98103/home/298932
2026-09-19T19:54:21.154Z,Fremont,2026-06-30,303111,216734286,2538347,Closed,3951 Dayton Ave N,,Seattle,WA,98103,Fremont,Single Family,1,1991,4,4,4,2910,4800,2,1901341,653,,,,Justyna Kieko,Lake & Company,Real Broker LLC,47.6547411,-122.3529601,https://www.redfin.com/WA/Seattle/3951-Dayton-Ave-N-98103/home/303111
2026-09-19T19:54:21.154Z,Fremont,2026-06-30,303613,216470558,2533396,Closed,4405 Baker Ave NW,,Seattle,WA,98107,Fremont,Single Family,1,1928,3,1.5,1,2010,3040,1.5,1066000,530,,,,Kristin Munger,Windermere Real Estate Co.,COMPASS,47.6604792,-122.3598814,https://www.redfin.com/WA/Seattle/4405-Baker-Ave-NW-98107/home/303613
2026-09-19T19:54:21.154Z,Green Lake,2026-06-30,304596,215353099,2524266,Closed,2107 N 63rd St,,Seattle,WA,98103,Green Lake,Single Family,1,1990,6,4,4,3410,3640,,1650000,484,,,,Rob McGarty,Bushwick,Real Broker LLC,47.674228,-122.3331496,https://www.redfin.com/WA/Seattle/2107-N-63rd-St-98103/home/304596
2026-09-19T19:54:21.154Z,Green Lake,2026-06-30,307328,216431248,2526734,Closed,6551 5th Ave NE Unit B,Unit B,Seattle,WA,98115,Green Lake,Single Family,1,1999,3,2,2,1200,1035,,757500,631,,,,Joe Zajonc,Windermere R E Mount Baker,WeLakeside,47.6770622,-122.3246989,https://www.redfin.com/WA/Seattle/6551-5th-Ave-NE-98115/unit-B/home/307328
2026-09-19T19:54:21.154Z,NE Seattle,2026-06-30,309159,216084437,2529930,Closed,8205 19th Ave NE,,Seattle,WA,98115,Ravenna,Single Family,1,1938,4,2,2,1800,4275,1,995000,553,,,,Gavin Gregory,COMPASS,Every Door Real Estate,47.6887776,-122.3081981,https://www.redfin.com/WA/Seattle/8205-19th-Ave-NE-98115/home/309159
2026-09-19T19:54:21.154Z,NE Seattle,2026-06-30,310806,215582662,2525156,Closed,7550 21st Ave NE,,Seattle,WA,98115,Ravenna,Single Family,1,1932,3,2,2,1510,5334,1,1150000,762,,,,Kristin Clark,COMPASS,Windermere Real Estate Midtown,47.6844536,-122.3050721,https://www.redfin.com/WA/Seattle/7550-21st-Ave-NE-98115/home/310806
2026-09-19T19:54:21.154Z,NE Seattle,2026-06-30,316940,216116427,2530428,Closed,7264 27th Ave NE,,Seattle,WA,98115,Ravenna,Single Family,1,1947,3,2,2,1780,3720,2,1037500,583,4,,,Bruce Ainslie,Windermere RE Greenwood,Tran Property Group,47.6825478,-122.2983483,https://www.redfin.com/WA/Seattle/7264-27th-Ave-NE-98115/home/316940
2026-09-19T19:54:21.154Z,NE Seattle,2026-06-30,317654,216146173,2531590,Closed,2547 NE 83rd St,,Seattle,WA,98115,Wedgwood,Single Family,1,1950,4,2.5,2,2451,7840,1,1600000,653,,,,John Blacksmith,Lake & Company,Every Door Real Estate,47.6892529,-122.2992916,https://www.redfin.com/WA/Seattle/2547-NE-83rd-St-98115/home/317654
2026-09-19T19:54:21.154Z,West Seattle,2026-06-30,329480,214852055,2519883,Closed,4135 36th Ave SW,,Seattle,WA,98126,Admiral,Single Family,1,1909,2,1,1,1290,2875,2,630000,488,,,,Michael Pearsall,Keller Williams Seattle Metro,Realty ONE Group Orca Gold,47.5654785,-122.3777715,https://www.redfin.com/WA/Seattle/4135-36th-Ave-SW-98126/home/329480
2026-09-19T19:54:21.154Z,West Seattle,2026-06-30,330546,215527363,2526061,Closed,4812 SW Stevens St,,Seattle,WA,98116,Admiral,Single Family,1,1929,3,2,2,1180,3200,2,840000,712,,,,,John L Scott RE West Seattle,Redfin,47.5777177,-122.3937867,https://www.redfin.com/WA/Seattle/4812-SW-Stevens-St-98116/home/330546
2026-09-19T19:54:21.154Z,NW Seattle,2026-06-30,39537087,214494489,2514303,Closed,8729 12th Ave NW,,Seattle,WA,98117,Greenwood,Single Family,1,1950,1,1,1,560,3043,1,530000,946,,,,Kim Colaprete,Coldwell Banker Bain,Real Broker LLC,47.6929336,-122.3717228,https://www.redfin.com/WA/Seattle/8729-12th-Ave-NW-98117/home/39537087
2026-09-19T19:54:21.154Z,West Seattle,2026-06-30,471553,215879849,2528005,Closed,5455 42nd Ave SW,,Seattle,WA,98136,Fairmount,Single Family,1,1925,3,2,2,2120,6250,1,925000,436,,,,Shari Kruse,Windermere West Metro,COMPASS,47.5522548,-122.3858992,https://www.redfin.com/WA/Seattle/5455-42nd-Ave-SW-98136/home/471553
2026-09-19T19:54:21.154Z,West Seattle,2026-06-30,474408,216723576,2531861,Closed,8816 16th Ave SW,,Seattle,WA,98106,Highland Park,Single Family,1,1947,3,1,1,1530,5227,1,666500,436,,,,Shelle Dier,HomeSmart Real Estate Assoc,Every Door Real Estate,47.524149,-122.3548447,https://www.redfin.com/WA/Seattle/8816-16th-Ave-SW-98106/home/474408
2026-09-19T19:54:21.154Z,Beacon Hill,2026-06-30,478131,215529281,2526171,Closed,6422 28th Ave S,,Seattle,WA,98108,Beacon Hill,Single Family,1,1942,3,1,1,1150,4128,1.5,480000,417,,,,Kathy Callahan,"Windermere RE South Sound, Inc",Bushnell Real Estate Solutions,47.5445762,-122.2965986,https://www.redfin.com/WA/Seattle/6422-28th-Ave-S-98108/home/478131
2026-09-19T19:54:21.154Z,Phinney Ridge,2026-06-30,497471,216075015,2528346,Closed,6737 Sycamore Ave NW,,Seattle,WA,98117,Phinney Ridge,Single Family,1,1908,6,3,3,2040,3750,1.5,909000,446,,,,Brittany Casel,Keller Williams North Seattle,KW Greater Seattle,47.6788566,-122.3587213,https://www.redfin.com/WA/Seattle/6737-Sycamore-Ave-NW-98117/home/497471
2026-09-19T19:54:21.154Z,NE Seattle,2026-06-30,8188365,214293685,2510999,Closed,2205 NE 92nd St,,Seattle,WA,98115,Wedgwood,Townhouse,3,2005,3,2.5,2,1520,2087,1.5,620000,408,,,,Elly McKenzie,Windermere R E Mount Baker,Best Choice Realty LLC,47.6955285,-122.304921,https://www.redfin.com/WA/Seattle/2205-NE-92nd-St-98115/home/8188365
2026-09-19T19:54:21.154Z,NW Seattle,2026-06-30,98204,215404819,2522987,Closed,11732 Greenwood Ave N,,Seattle,WA,98133,Greenwood,Townhouse,3,2000,3,3.5,3,1600,1882,1.5,635000,397,,,,Sol Simmers,Windermere Real Estate Central,Windermere R.E. Shoreline,47.7151233,-122.3552198,https://www.redfin.com/WA/Seattle/11732-Greenwood-Ave-N-98133/home/98204
2026-09-19T19:54:21.154Z,Central Seattle,2026-06-29,101611519,216308919,2532697,Closed,465 14th Ave,,Seattle,WA,98122,Central Area,Townhouse,3,2015,3,2.5,2,1570,721,1.5,750000,478,,,,Marilyn Smith,Windermere Real Estate Co.,Real Broker LLC,47.6059244,-122.3144191,https://www.redfin.com/WA/Seattle/465-14th-Ave-98122/home/101611519
2026-09-19T19:54:21.154Z,Wallingford,2026-06-29,119957,216769962,2536834,Closed,3918 Wallingford Ave N,,Seattle,WA,98103,Wallingford,Single Family,1,1921,5,3,3,2820,4560,1.5,1600000,567,,,,Javila Creer,Windermere Real Estate Midtown,Tribeca NW Real Estate,47.6549652,-122.3359841,https://www.redfin.com/WA/Seattle/3918-Wallingford-Ave-N-98103/home/119957
2026-09-19T19:54:21.154Z,NE Seattle,2026-06-29,122517,214911523,2520890,Closed,4721 45th Ave NE,,Seattle,WA,98105,Laurelhurst,Single Family,1,1927,5,2.5,2,3110,4080,2,2075000,667,,,,Tom Maider,Windermere Real Estate Midtown,eXp Realty,47.6637761,-122.2797716,https://www.redfin.com/WA/Seattle/4721-45th-Ave-NE-98105/home/122517
2026-09-19T19:54:21.154Z,West Seattle,2026-06-29,12302965,214857350,2520012,Closed,5960 31st Ave SW,,Seattle,WA,98126,High Point,Single Family,1,2007,3,2.5,2,1780,2778,1.5,810000,455,148,,,Teri O'Neal,COMPASS,COMPASS,47.5486661,-122.3719565,https://www.redfin.com/WA/Seattle/5960-31st-Ave-SW-98126/home/12302965
2026-09-19T19:54:21.154Z,Queen Anne,2026-06-29,132890,215355572,2520717,Closed,1403 2nd Ave N,,Seattle,WA,98109,Queen Anne,Single Family,1,1939,4,2.5,2,3380,5000,2,1600000,473,,,,Sam Konswa,Queen Anne Real Estate,eXp Realty,47.631219,-122.3529082,https://www.redfin.com/WA/Seattle/1403-2nd-Ave-N-98109/home/132890
2026-09-19T19:54:21.154Z,Queen Anne,2026-06-29,133978,214864051,2520017,Closed,1400 Olympic Way W,,Seattle,WA,98119,Queen Anne,Single Family,1,2015,5,4.5,4,4460,2975,1.5,2650000,594,,,,Junior Torres,Windermere RE Greenwood,COMPASS,47.6312565,-122.3699343,https://www.redfin.com/WA/Seattle/1400-Olympic-Way-W-98119/home/133978
2026-09-19T19:54:21.154Z,Central Seattle,2026-06-29,136827,216084730,2530323,Closed,1208 E Newton St,,Seattle,WA,98102,Capitol Hill,Single Family,1,1914,4,2.5,2,3394,4000,2,1635000,482,,,,Leigh Canlis,Windermere Real Estate Midtown,Coldwell Banker Bain,47.6374343,-122.31678,https://www.redfin.com/WA/Seattle/1208-E-Newton-St-98102/home/136827
2026-09-19T19:54:21.154Z,Central Seattle,2026-06-29,138264,216471185,2529678,Closed,2077 E Howe St,,Seattle,WA,98112,Montlake,Single Family,1,1912,4,2.5,2,3080,5582,2,1500000,487,,,,Lisa Visintainer,"Windermere RE/Capitol Hill,Inc","RE/MAX Metro Realty, Inc.",47.6378242,-122.3047554,https://www.redfin.com/WA/Seattle/2077-E-Howe-St-98112/home/138264
2026-09-19T19:54:21.154Z,West Seattle,2026-06-29,144466488,214357298,2507476,Closed,3710 SW 106th St,,Seattle,WA,98146,Arbor Heights,Single Family,1,1937,2,1,1,870,2520,1.5,465000,534,,,,Julie Granahan,Redfin,Real Broker LLC,47.508456,-122.3795028,https://www.redfin.com/WA/Seattle/3710-SW-106th-St-98146/home/144466488
2026-09-19T19:54:21.154Z,West Seattle,2026-06-29,153142,215379894,2519841,Closed,6530 44th Ave SW,,Seattle,WA,98136,Morgan Junction,Single Family,1,1994,4,3.5,3,3650,6500,2,1650000,452,,,,Javier Fosado,Windermere West Metro,ShopProp Inc.,47.5436755,-122.3883895,https://www.redfin.com/WA/Seattle/6530-44th-Ave-SW-98136/home/153142
2026-09-19T19:54:21.154Z,West Seattle,2026-06-29,156348,214558636,2507519,Closed,11253 35th Ave SW,,Seattle,WA,98146,Arbor Heights,Single Family,1,1947,2,2,2,780,8100,1,659500,846,,,,Janine Duncan,Windermere Real Estate Midtown,Ensemble,47.5011597,-122.3765168,https://www.redfin.com/WA/Seattle/11253-35th-Ave-SW-98146/home/156348
2026-09-19T19:54:21.154Z,West Seattle,2026-06-29,158648,215287811,2522523,Closed,7349 California Ave SW,,Seattle,WA,98136,Gatewood,Single Family,1,2014,4,3.5,3,2720,3000,2,1480000,544,,,,Robin Sheridan,COMPASS,RSVP Brokers ERA,47.5370665,-122.3876962,https://www.redfin.com/WA/Seattle/7349-California-Ave-SW-98136/home/158648
2026-09-19T19:54:21.154Z,West Seattle,2026-06-29,161636,216522253,2533112,Closed,7534 12th Ave SW,,Seattle,WA,98106,Delridge,Single Family,1,1922,3,2,2,1420,4760,1,764000,538,,,,Miles Liatos,KW Greater Seattle,Ensemble,47.5344982,-122.3502609,https://www.redfin.com/WA/Seattle/7534-12th-Ave-SW-98106/home/161636
2026-09-19T19:54:21.154Z,Eastlake,2026-06-29,174041845,216513078,2532626,Closed,69 E Lynn St,,Seattle,WA,98102,Eastlake,Townhouse,3,2021,3,2,2,1803,900,1.5,1090000,605,105,,,Xi Peng,"Windermere RE/Capitol Hill,Inc",Windermere R.E. Shoreline,47.6395972,-122.3288283,https://www.redfin.com/WA/Seattle/69-E-Lynn-St-98102/home/174041845
2026-09-19T19:54:21.154Z,Central Seattle,2026-06-29,176360559,215231683,2522055,Closed,1431 22nd Ave,,Seattle,WA,98122,Central Area,Townhouse,3,2021,3,2.5,2,1520,1897,1.5,950000,625,,,,Michael Harris,"Windermere RE/Capitol Hill,Inc",Real Broker LLC,47.6138634,-122.3039173,https://www.redfin.com/WA/Seattle/1431-22nd-Ave-98122/home/176360559
2026-09-19T19:54:21.154Z,Northgate,2026-06-29,194455097,215991594,2529089,Closed,13007 1st Ave NE,,Seattle,WA,98125,Haller Lake,Single Family,1,2025,2,2,2,1088,1400,2,550000,506,125,,,Terry James,Realty One Group Imagine,Seattle Works Real Estate,47.7234435,-122.328903,https://www.redfin.com/WA/Seattle/13007-1st-Ave-NE-98125/home/194455097
2026-09-19T19:54:21.154Z,Central Seattle,2026-06-29,2070890,216113983,2525231,Closed,2905 E Olive St,,Seattle,WA,98122,Madison Valley,Single Family,1,1945,3,2,2,1280,3333,1,642000,502,,,,Joe Lee,VerraTerra,Windermere R E Mount Baker,47.6162715,-122.2945576,https://www.redfin.com/WA/Seattle/2905-E-Olive-St-98122/home/2070890
2026-09-19T19:54:21.154Z,Wallingford,2026-06-29,2086829,215591701,2527037,Closed,4120 Burke Ave N,,Seattle,WA,98103,Wallingford,Townhouse,3,2026,2,2,2,1092,1493,1.5,929000,851,38,,,Tom Cowan,Windermere Real Estate Co.,Lake & Company,47.6574846,-122.3347537,https://www.redfin.com/WA/Seattle/4120-Burke-Ave-N-98103/home/2086829
2026-09-19T19:54:21.154Z,Beacon Hill,2026-06-29,21883123,216087727,2501300,Closed,2113 15th Ave S Unit A,Unit A,Seattle,WA,98144,N Beacon Hill,Townhouse,3,2009,3,3.5,3,1440,1348,1.5,685000,476,,,,Eric Uyeji,"John L. Scott, Inc",Pointe3 Real Estate,47.5841227,-122.3138502,https://www.redfin.com/WA/Seattle/2113-15th-Ave-S-98144/unit-A/home/21883123
2026-09-19T19:54:21.154Z,NW Seattle,2026-06-29,289653,216417135,2533101,Closed,3121 NW 94th St,,Seattle,WA,98117,North Beach,Single Family,1,1938,3,2,2,2300,6804,2,1950000,848,,,,Maria Rippee,Windermere Real Estate Co.,Windermere Real Estate Co.,47.6968471,-122.3978426,https://www.redfin.com/WA/Seattle/3121-NW-94th-St-98117/home/289653
2026-09-19T19:54:21.154Z,NW Seattle,2026-06-29,290041,216132829,2530910,Closed,1928 NW 97th St,,Seattle,WA,98117,North Beach,Single Family,1,1941,5,3.5,3,2490,5000,2,1555000,624,,,,Vu To,360 Pacific,Windermere RE Magnolia,47.699936,-122.3820201,https://www.redfin.com/WA/Seattle/1928-NW-97th-St-98117/home/290041
2026-09-19T19:54:21.154Z,Green Lake,2026-06-29,306453,210894524,2468295,Closed,6539 4th Ave NE Unit B,Unit B,Seattle,WA,98115,Green Lake,Townhouse,3,2020,2,2,2,1050,785,1.5,700000,667,,,,Andrew Young,RSVP Brokers ERA,Realogics Sotheby's Int'l Rlty,47.6768823,-122.3256776,https://www.redfin.com/WA/Seattle/6539-4th-Ave-NE-98115/unit-B/home/306453
2026-09-19T19:54:21.154Z,Queen Anne,2026-06-29,84307655,214597168,2516123,Closed,2466 Westlake Ave N #19,#19,Seattle,WA,98109,Lake Union,Single Family,1,1940,3,2,2,1200,1,1,1790000,1492,728,,,Danny Varona,Realogics Sotheby's Int'l Rlty,COMPASS,47.6413712,-122.3425675,https://www.redfin.com/WA/Seattle/2466-Westlake-Ave-N-98109/unit-19/home/84307655
2026-09-19T19:54:21.154Z,NW Seattle,2026-06-29,97978,216749484,2538279,Closed,11205 Phinney Ave N,,Seattle,WA,98133,Bitter Lake,Single Family,1,1949,3,2,2,1330,7936,1,977000,735,,,,Kimberly Johnson,Windermere Real Estate Midtown,COMPASS,47.7106918,-122.3544908,https://www.redfin.com/WA/Seattle/11205-Phinney-Ave-N-98133/home/97978
2026-09-19T19:54:21.154Z,West Seattle,2026-06-27,22407518,215343911,2524043,Closed,5632 31st Ave SW,,Seattle,WA,98126,High Point,Single Family,1,2010,4,2.5,2,2340,5750,2,1010000,432,,,,,Pointe3 Real Estate,Redfin,47.5508439,-122.3719449,https://www.redfin.com/WA/Seattle/5632-31st-Ave-SW-98126/home/22407518
2026-09-19T19:54:21.154Z,Beacon Hill,2026-06-27,478497,217227703,2544680,Closed,6871 27th Ave S,,Seattle,WA,98108,Beacon Hill,Single Family,1,1955,3,1,1,1000,5479,1,450000,450,,,,Kimberly Tso,Western Homes Realty,Western Homes Realty,47.5410793,-122.2978174,https://www.redfin.com/WA/Seattle/6871-27th-Ave-S-98108/home/478497
2026-09-19T19:54:21.154Z,Northgate,2026-06-26,105104,207347439,2428551,Closed,10333 Ashworth Ave N,,Seattle,WA,98133,Northgate,Single Family,1,2025,4,3.5,3,2316,2151,2,1200000,518,5,,,Tyler Thomas,"Pellego, Inc.",Windermere Mercer Island,47.7042656,-122.3396335,https://www.redfin.com/WA/Seattle/10333-Ashworth-Ave-N-98133/home/105104
2026-09-19T19:54:21.154Z,Northgate,2026-06-26,105657,216132000,2530731,Closed,8819 Ashworth Ave N,,Seattle,WA,98103,Green Lake,Single Family,1,1924,4,2.5,2,2450,5125,1.5,1350000,551,,,,Emily Goodrich,Four Elements Realty & Co,Windermere RE Greenwood,47.6929162,-122.3394756,https://www.redfin.com/WA/Seattle/8819-Ashworth-Ave-N-98103/home/105657
2026-09-19T19:54:21.154Z,Central Seattle,2026-06-26,106725279,214404661,2512938,Closed,206 22nd Ave Unit A,Unit A,Seattle,WA,98122,Central Area,Townhouse,3,2016,3,3.5,3,1350,1277,1.5,750000,556,,,,Maria Torres-Hafzalla,Real Broker LLC,Real Broker LLC,47.6037826,-122.3035004,https://www.redfin.com/WA/Seattle/206-22nd-Ave-98122/unit-A/home/106725279
2026-09-19T19:54:21.154Z,Northgate,2026-06-26,114520,215367118,2520159,Closed,1207 NE 140th St,,Seattle,WA,98125,Jackson Park,Single Family,1,1949,4,2.5,2,2500,7640,1,999950,400,,,,Adam Weissman,Coldwell Banker Bain,eXp Realty,47.7300679,-122.3150203,https://www.redfin.com/WA/Seattle/1207-NE-140th-St-98125/home/114520
2026-09-19T19:54:21.154Z,NE Seattle,2026-06-26,122498,214744620,2509126,Closed,4550 47th Ave NE,,Seattle,WA,98105,Laurelhurst,Single Family,1,1945,4,3.5,3,2600,4766,2,1400000,538,,,,Steve Laevastu,Windermere RE Greenwood,Windermere RE Greenwood,47.6627909,-122.2770365,https://www.redfin.com/WA/Seattle/4550-47th-Ave-NE-98105/home/122498
2026-09-19T19:54:21.154Z,Magnolia,2026-06-26,124559,216089034,2530177,Closed,4306 29th Ave W,,Seattle,WA,98199,Magnolia,Single Family,1,1959,3,3,3,2280,4360,1,1325000,581,,,,Kim Dales,Windermere Real Estate Co.,Windermere Real Estate Midtown,47.6586474,-122.3946769,https://www.redfin.com/WA/Seattle/4306-29th-Ave-W-98199/home/124559
2026-09-19T19:54:21.154Z,Fremont,2026-06-26,12537762,215507729,2522190,Closed,806 N 49th St,,Seattle,WA,98103,Greenwood,Townhouse,3,2008,3,3.5,3,1360,1253,1.5,840000,618,,,,Peter Brown,Redfin,Redfin,47.6645579,-122.3481748,https://www.redfin.com/WA/Seattle/806-N-49th-St-98103/home/12537762
2026-09-19T19:54:21.154Z,Magnolia,2026-06-26,127959,215908984,2528586,Closed,3250 29th Ave W,,Seattle,WA,98199,Magnolia,Single Family,1,2026,5,4,3,3073,3703,3,1960000,638,30,,,Christopher Scott,Corcoran Lifestyle Properties,"John L. Scott, Inc",47.6502292,-122.39392,https://www.redfin.com/WA/Seattle/3250-29th-Ave-W-98199/home/127959
2026-09-19T19:54:21.154Z,Queen Anne,2026-06-26,134227,216825304,2537334,Closed,1625 7th Ave W,,Seattle,WA,98119,Queen Anne,Single Family,1,1915,4,3.5,3,3710,4980,2,3195000,861,,,,Rene Stern,Windermere Real Estate Midtown,Windermere Real Estate Midtown,47.6342914,-122.3667917,https://www.redfin.com/WA/Seattle/1625-7th-Ave-W-98119/home/134227
2026-09-19T19:54:21.154Z,Central Seattle,2026-06-26,135406,215360726,2524518,Closed,3122 Franklin Ave E Unit B,Unit B,Seattle,WA,98102,Portage Bay,Townhouse,3,2007,3,2.5,2,1690,1469,1.5,985000,583,,,,Shoshana Godwin,COMPASS,Windermere RE Greenwood,47.6492794,-122.3213394,https://www.redfin.com/WA/Seattle/3122-Franklin-Ave-E-98102/unit-B/home/135406
2026-09-19T19:54:21.154Z,Central Seattle,2026-06-26,135960,216543987,2524053,Closed,946 22nd Ave E,,Seattle,WA,98112,Capitol Hill,Single Family,1,1909,5,3.5,3,4050,6390,2,3850000,951,,,,Albert Clark,Real Residential,Windermere Real Estate Midtown,47.6281631,-122.3032552,https://www.redfin.com/WA/Seattle/946-22nd-Ave-E-98112/home/135960
2026-09-19T19:54:21.154Z,Central Seattle,2026-06-26,136304,215599317,2526822,Closed,1303 E Lynn St,,Seattle,WA,98102,North Capitol Hill,Single Family,1,1906,5,4,4,4680,10000,2,3745000,800,,,,Eva Xia,"Pellego, Inc.",Windermere RE Greenwood,47.6393351,-122.3159235,https://www.redfin.com/WA/Seattle/1303-E-Lynn-St-98102/home/136304
2026-09-19T19:54:21.154Z,Central Seattle,2026-06-26,139188,216064768,2528224,Closed,1520 38th Ave E,,Seattle,WA,98112,Madison Park,Single Family,1,1908,5,3.5,3,6162,17556,1.5,5800000,941,,,,Corey Patt,Coldwell Banker Bain,COMPASS,47.6329395,-122.2836437,https://www.redfin.com/WA/Seattle/1520-38th-Ave-E-98112/home/139188
2026-09-19T19:54:21.154Z,Central Seattle,2026-06-26,141945,219567056,2478447,Closed,3201 S Charles St,,Seattle,WA,98144,Leschi,Single Family,1,1922,4,2,2,1660,2080,2,1070000,645,,,,,,,47.594468,-122.2913557,https://www.redfin.com/WA/Seattle/3201-S-Charles-St-98144/home/141945
2026-09-19T19:54:21.154Z,Central Seattle,2026-06-26,142666,216565391,2533797,Closed,612 11th Ave E,,Seattle,WA,98102,Capitol Hill,Single Family,1,1902,4,3.5,3,3000,4000,2,1830000,610,,,,Cindy Verschueren,"John L. Scott, Inc.","Windermere RE/Capitol Hill,Inc",47.6246795,-122.3174671,https://www.redfin.com/WA/Seattle/612-11th-Ave-E-98102/home/142666
2026-09-19T19:54:21.154Z,West Seattle,2026-06-26,149375,214400068,2513023,Closed,5023 SW Prince St,,Seattle,WA,98116,North Admiral,Single Family,1,1908,3,2.5,2,2860,5000,1.5,1450000,507,,,,Jayme Johnson,Windermere West Metro,COMPASS,47.5824607,-122.3954262,https://www.redfin.com/WA/Seattle/5023-SW-Prince-St-98116/home/149375
2026-09-19T19:54:21.154Z,West Seattle,2026-06-26,158509,216768666,2537932,Closed,4105 SW 109th St,,Seattle,WA,98146,Arroyo,Single Family,1,1947,3,2.5,2,2580,9124,1,1900000,736,,,,Cody Fagnant,Every Door Real Estate,COMPASS,47.5055923,-122.3834711,https://www.redfin.com/WA/Seattle/4105-SW-109th-St-98146/home/158509
2026-09-19T19:54:21.154Z,Ballard (specific),2026-06-26,162851,216196980,2532164,Closed,2641 NW 57th St Unit A,Unit A,Seattle,WA,98107,Ballard,Townhouse,3,2001,3,2,2,1320,1163,1.5,730000,553,,,,Wendy Klahr,Kelly Right RE of Seattle LLC,Windermere Real Estate Midtown,47.6699235,-122.3919685,https://www.redfin.com/WA/Seattle/2641-NW-57th-St-98107/unit-A/home/162851
2026-09-19T19:54:21.154Z,Ballard (specific),2026-06-26,164409,216790822,2536448,Closed,7716 30th Ave NW,,Seattle,WA,98177,Sunset Hill,Single Family,1,1907,4,2,2,1620,6902,1.5,1270000,784,,,,Missy Boone,Lake & Company,COMPASS,47.6854774,-122.3952922,https://www.redfin.com/WA/Seattle/7716-30th-Ave-NW-98117/home/164409
2026-09-19T19:54:21.154Z,Beacon Hill,2026-06-26,169456,216538913,2535706,Closed,3304 23rd Ave S,,Seattle,WA,98144,N Beacon Hill,Single Family,1,1914,2,1,1,1229,3200,1,607000,494,,,,Daniel Renne,COMPASS,COMPASS,47.573836,-122.3031238,https://www.redfin.com/WA/Seattle/3304-23rd-Ave-S-98144/home/169456
2026-09-19T19:54:21.154Z,Beacon Hill,2026-06-26,169769,220395982,2548849,Closed,4920 12th Ave S,,Seattle,WA,98108,Beacon Hill,Single Family,1,1912,3,1,1,1240,5000,1.5,825000,665,,,,Simone Bouterse,Windermere R E Mount Baker,"Windermere RE North, Inc.",47.5580625,-122.3169502,https://www.redfin.com/WA/Seattle/4920-12th-Ave-S-98108/home/169769
2026-09-19T19:54:21.154Z,Beacon Hill,2026-06-26,171934563,215884347,2527858,Closed,1523 B 17th Ave S,,Seattle,WA,98144,Beacon Hill,Townhouse,3,2023,3,2,2,1283,639,1.5,636000,496,,,,Ann Babb-Nordling,RE/MAX Northwest,Real Broker LLC,47.5892811,-122.3109204,https://www.redfin.com/WA/Seattle/1523-17th-Ave-S-98144/home/171934563
2026-09-19T19:54:21.154Z,NE Seattle,2026-06-26,179377079,213892220,2505567,Closed,7502 32nd Ave NE Unit A,Unit A,Seattle,WA,98115,Wedgwood,Single Family,1,2022,2,2.5,2,840,8528,2,698000,831,30,,,Ramona Jones,Realogics Sotheby's Int'l Rlty,HomeSmart Real Estate Assoc,47.6832601,-122.2934863,https://www.redfin.com/WA/Seattle/7502-32nd-Ave-NE-98115/unit-A/home/179377079
2026-09-19T19:54:21.154Z,Ballard (specific),2026-06-26,179715580,214802898,2514497,Closed,841 B NW 63rd St,,Seattle,WA,98107,Ballard,Townhouse,3,2010,2,1.5,1,1090,998,1.5,675000,619,,,,Sarah Smith,Lake & Company,Real Broker LLC,47.6743704,-122.3677982,https://www.redfin.com/WA/Seattle/841-NW-63rd-St-98107/home/179715580
2026-09-19T19:54:21.154Z,Wallingford,2026-06-26,182030906,216137459,2528437,Closed,3953 1st Ave NE Unit A,Unit A,Seattle,WA,98105,Wallingford,Townhouse,3,2021,3,2.5,2,1180,816,1.5,766000,649,,,,Andrew Hafzalla,Real Broker LLC,Aris360,47.6549832,-122.3283322,https://www.redfin.com/WA/Seattle/3953-1st-Ave-NE-98105/unit-A/home/182030906
2026-09-19T19:54:21.154Z,Central Seattle,2026-06-26,199485590,214569931,2515391,Closed,1625 B 21st Ave,,Seattle,WA,98122,Capitol Hill,Townhouse,3,2026,3,2,2,1625,1391,1.5,1039999,640,,,,Diana Rayo,"Windermere RE/Capitol Hill,Inc",Real Broker LLC,47.6161008,-122.3052025,https://www.redfin.com/WA/Seattle/1625-21st-Ave-98122/unit-B/home/199485590
2026-09-19T19:54:21.154Z,West Seattle,2026-06-26,201560576,214389587,2507363,Closed,8647 B 18th Ave SW,,Seattle,WA,98106,Highland Park,Single Family,1,2024,2,2,2,1078,5120,1.5,530000,492,25,,,Sam Basher,John L Scott RE West Seattle,Call It Closed,47.5251884,-122.3581246,https://www.redfin.com/WA/Seattle/8647-B-18th-Ave-SW-98106/home/201560576
2026-09-19T19:54:21.154Z,NW Seattle,2026-06-26,288548,213559011,2494871,Closed,1206 NW Culbertson Dr,,Seattle,WA,98177,Broadview,Single Family,1,1957,4,3.5,3,4413,143058,1,4025000,912,30,,,Margot Wallen,COMPASS,Brightline Realty,47.7323542,-122.372183,https://www.redfin.com/WA/Seattle/1206-NW-Culbertson-Dr-98177/home/288548
2026-09-19T19:54:21.154Z,NW Seattle,2026-06-26,291403,216818449,2539281,Closed,12744 8th Ave NW,,Seattle,WA,98177,Broadview,Single Family,1,1951,5,2.5,2,3310,8860,1,2237500,676,,,,Avi Sandhu,Kelly Right RE of Seattle LLC,Windermere Real Estate GH LLC,47.7227482,-122.3659822,https://www.redfin.com/WA/Seattle/12744-8th-Ave-NW-98177/home/291403
2026-09-19T19:54:21.154Z,NE Seattle,2026-06-26,309107,215352395,2523031,Closed,8221 21st Ave NE,,Seattle,WA,98115,Ravenna,Single Family,1,2017,5,3,3,3058,6490,2,2185000,715,,,,Nick Southard,Upgrade Realty,"John L. Scott, Inc.",47.68915,-122.3060129,https://www.redfin.com/WA/Seattle/8221-21st-Ave-NE-98115/home/309107
2026-09-19T19:54:21.154Z,NE Seattle,2026-06-26,321732,214558482,2499104,Closed,5230 NE 75th St,,Seattle,WA,98115,View Ridge,Single Family,1,1989,5,5.5,5,4848,10830,2,2925000,603,,,,Kim Knowles,Windermere Real Estate Midtown,Windermere RE Greenwood,47.6832914,-122.270567,https://www.redfin.com/WA/Seattle/5230-NE-75th-St-98115/home/321732
2026-09-19T19:54:21.154Z,NE Seattle,2026-06-26,321894,216420399,2533725,Closed,7321 48th Ave NE,,Seattle,WA,98115,View Ridge,Single Family,1,2026,5,4.5,4,3939,6489,2,3150000,800,,,,Brad Knowles,Windermere Real Estate Midtown,"John L. Scott, Inc.",47.681817,-122.276779,https://www.redfin.com/WA/Seattle/7321-48th-Ave-NE-98115/home/321894
2026-09-19T19:54:21.154Z,West Seattle,2026-06-26,327848,215344938,2524193,Closed,3723 41st Ave SW,,Seattle,WA,98116,Admiral,Single Family,1,2016,4,3.5,3,4230,5000,2,2306000,545,,,,Donovan Shelton,Windermere Real Estate Co.,Windermere West Metro,47.5704888,-122.3849498,https://www.redfin.com/WA/Seattle/3723-41st-Ave-SW-98116/home/327848
2026-09-19T19:54:21.154Z,West Seattle,2026-06-26,470238,216142453,2529271,Closed,3536 SW Monroe St,,Seattle,WA,98126,Gatewood,Single Family,1,1937,2,1,1,700,4472,1,530007,757,,,,Kari Scott,John L Scott RE West Seattle,West Seattle Realty,47.5314343,-122.3784415,https://www.redfin.com/WA/Seattle/3536-SW-Monroe-St-98126/home/470238
2026-09-19T19:54:21.154Z,West Seattle,2026-06-26,474891,216177177,2531725,Closed,8425 18th Ave SW,,Seattle,WA,98106,Highland Park,Single Family,1,1970,3,1,1,880,5160,1,646000,734,,,,Samantha Arango,"Windermere RE North, Inc.",Real Broker LLC,47.5275046,-122.3581692,https://www.redfin.com/WA/Seattle/8425-18th-Ave-SW-98106/home/474891
2026-09-19T19:54:21.154Z,West Seattle,2026-06-26,475211,216502632,2535118,Closed,1730 SW Barton St,,Seattle,WA,98106,Delridge,Single Family,1,2010,2,1.5,1,1190,801,3,525000,441,85,,,Luke Bartlett,Windermere Mercer Island,COMPASS,47.5211731,-122.3576011,https://www.redfin.com/WA/Seattle/1730-SW-Barton-St-98106/home/475211
2026-09-19T19:54:21.154Z,West Seattle,2026-06-26,476170,214514732,2514183,Closed,1616 SW Thistle St,,Seattle,WA,98106,Highland Park,Single Family,1,1948,4,1,1,2140,5120,1,635000,297,,,,Dana Stone,"John L. Scott, Inc.",Windermere Real Estate Midtown,47.5284824,-122.3559514,https://www.redfin.com/WA/Seattle/1616-SW-Thistle-St-98106/home/476170
2026-09-19T19:54:21.154Z,Beacon Hill,2026-06-26,478672,216118804,2530102,Closed,5029 29th Ave S,,Seattle,WA,98108,Beacon Hill,Single Family,1,1941,4,2,2,1380,5500,1,770000,558,,,,Yingxin Tu,"Skyline Properties, Inc.","Skyline Properties, Inc.",47.5564197,-122.2962319,https://www.redfin.com/WA/Seattle/5029-29th-Ave-S-98108/home/478672
2026-09-19T19:54:21.154Z,Beacon Hill,2026-06-26,480752,210941623,2431147,Closed,7305 32nd Ave S,,Seattle,WA,98118,Beacon Hill,Single Family,1,1952,4,2,2,1590,4000,1,850000,535,,,,Duke Nguyen,"Liberty Real Estate, LLC","John L. Scott, Inc",47.5368182,-122.2916837,https://www.redfin.com/WA/Seattle/7305-32nd-Ave-S-98118/home/480752
2026-09-19T19:54:21.154Z,NW Seattle,2026-06-25,100143,216181920,2529204,Closed,8709 14th Ave NW,,Seattle,WA,98117,Crown Hill,Single Family,1,1945,3,2,2,1340,3952,1.5,810000,604,,,,Paul Payton,Windermere RE Greenwood,Windermere Real Estate Co.,47.6927077,-122.3747102,https://www.redfin.com/WA/Seattle/8709-14th-Ave-NW-98117/home/100143
2026-09-19T19:54:21.154Z,Ballard (specific),2026-06-25,101611150,212350671,2479833,Closed,2661 NW 64th St,,Seattle,WA,98107,Ballard,Townhouse,3,2015,3,2,2,1402,1200,1.5,760000,542,,,,Bliss Ong,Redfin,Windermere R E Mount Baker,47.6749345,-122.3926428,https://www.redfin.com/WA/Seattle/2661-NW-64th-St-98107/home/101611150
2026-09-19T19:54:21.154Z,Northgate,2026-06-25,116108,215341935,2519489,Closed,1013 NE 126th St,,Seattle,WA,98125,Pinehurst,Single Family,1,1953,3,1,1,1240,7160,1.5,579999,468,,,,Dustin Bruce,Ballpark Realty,Realty ONE Group Orca Gold,47.7199943,-122.3165004,https://www.redfin.com/WA/Seattle/1013-NE-126th-St-98125/home/116108
2026-09-19T19:54:21.154Z,Wallingford,2026-06-25,117475,213881887,2505328,Closed,1609 N 50th St,,Seattle,WA,98103,Wallingford,Single Family,1,1910,2,1,1,2600,3333,1,852625,328,,,,Kevin Farber,Every Door Real Estate,eXp Realty,47.6648291,-122.3386791,https://www.redfin.com/WA/Seattle/1609-N-50th-St-98103/home/117475
2026-09-19T19:54:21.154Z,Wallingford,2026-06-25,118766,215294361,2522163,Closed,4740 4th Ave NE,,Seattle,WA,98105,Wallingford,Single Family,1,1911,3,2,2,1850,4080,1,1125000,608,,,,Kimberly Shaeffer,"John L. Scott, Inc.",Windermere Real Estate Co.,47.6644011,-122.3236976,https://www.redfin.com/WA/Seattle/4740-4th-Ave-NE-98105/home/118766
2026-09-19T19:54:21.154Z,Central Seattle,2026-06-25,12091214,212511166,2478842,Closed,1120 17th Ave #104,#104,Seattle,WA,98122,Capitol Hill,Single Family,1,1928,1,1,1,696,,1,350000,503,668,,,Leah Schulz,Agency One NS,Windermere Real Estate Co.,47.6122151,-122.3097796,https://www.redfin.com/WA/Seattle/1120-17th-Ave-98122/unit-104/home/12091214
2026-09-19T19:54:21.154Z,Magnolia,2026-06-25,127592,215594334,2526674,Closed,3806 W Bertona St,,Seattle,WA,98199,Magnolia,Single Family,1,1939,3,1.5,1,1810,4684,1.5,1175000,649,,,,Scott Shutes,Windermere RE Greenwood,COMPASS,47.6506788,-122.4062027,https://www.redfin.com/WA/Seattle/3806-W-Bertona-St-98199/home/127592
2026-09-19T19:54:21.154Z,Queen Anne,2026-06-25,134222,213517341,2497478,Closed,364 Highland Dr,,Seattle,WA,98109,Queen Anne,Single Family,1,1924,3,3.5,3,3740,6888,2,3875000,1036,,,,John Madrid,Realogics Sotheby's Int'l Rlty,Windermere Real Estate Midtown,47.6300303,-122.3492793,https://www.redfin.com/WA/Seattle/364-Highland-Dr-98109/home/134222
2026-09-19T19:54:21.154Z,Central Seattle,2026-06-25,136754,215380275,2524609,Closed,726 20th Ave E,,Seattle,WA,98112,North Capitol Hill,Single Family,1,1906,4,2,2,2050,4600,2,1610000,785,,,,Teresa Sifferman,"Windermere Real Estate/M2, LLC",RE/MAX Gateway,47.626021,-122.3057948,https://www.redfin.com/WA/Seattle/726-20th-Ave-E-98112/home/136754
2026-09-19T19:54:21.154Z,Central Seattle,2026-06-25,145606,214650331,2516861,Closed,508 22nd Ave E,,Seattle,WA,98112,Capitol Hill,Single Family,1,1911,4,3,3,2400,4200,1,1975000,823,,,,James Dainard,"Heaton Dainard, LLC",COMPASS,47.6234946,-122.3032601,https://www.redfin.com/WA/Seattle/508-22nd-Ave-E-98112/home/145606
2026-09-19T19:54:21.154Z,West Seattle,2026-06-25,150843,215561728,2526788,Closed,2129 42nd Ave SW,,Seattle,WA,98116,North Admiral,Single Family,1,1947,3,2,2,1760,4625,1,1079000,613,,,,Stacie Whitfield,"List4FlatFee.com, LLC",Windermere West Metro,47.5844235,-122.3853761,https://www.redfin.com/WA/Seattle/2129-42nd-Ave-SW-98116/home/150843
2026-09-19T19:54:21.154Z,Ballard (specific),2026-06-25,166041,215517421,2525992,Closed,6553 21st Ave NW,,Seattle,WA,98117,Ballard,Single Family,1,1908,2,2,2,1650,2550,1.5,800000,485,,,,Mack McCoy,Lake & Company,Windermere Real Estate GH LLC,47.6774589,-122.3835076,https://www.redfin.com/WA/Seattle/6553-21st-Ave-NW-98117/home/166041
2026-09-19T19:54:21.154Z,Beacon Hill,2026-06-25,168437,216427908,2533168,Closed,2106 12th Ave S,,Seattle,WA,98144,N Beacon Hill,Single Family,1,1919,2,1,1,1210,6000,1,700000,579,,,,Mark Chavez,Windermere R E Mount Baker,"Windermere RE/Capitol Hill,Inc",47.584276,-122.3168497,https://www.redfin.com/WA/Seattle/2106-12th-Ave-S-98144/home/168437
2026-09-19T19:54:21.154Z,Queen Anne,2026-06-25,171314581,214910072,2520635,Closed,2466 Westlake Ave N #11,#11,Seattle,WA,98109,Westlake,Single Family,1,2009,3,2,2,2424,966,1,2675000,1104,721,,,Matt Goyer,Urban Living,"Windermere RE/Capitol Hill,Inc",47.6412102,-122.3425529,https://www.redfin.com/WA/Seattle/2466-Westlake-Ave-N-98109/unit-11/home/171314581
2026-09-19T19:54:21.154Z,Northgate,2026-06-25,198815893,215972079,2528835,Closed,13005 1st Ave NE,,Seattle,WA,98125,Haller Lake,Single Family,1,2025,2,2.5,2,1048,1996,2,640000,611,125,,,Terry James,Realty One Group Imagine,Windermere Real Estate/East,47.7233513,-122.328902,https://www.redfin.com/WA/Seattle/13005-1st-Ave-NE-98125/home/198815893
2026-09-19T19:54:21.154Z,Ballard (specific),2026-06-25,200787026,212811635,2488431,Closed,1139 NW 57th St,,Seattle,WA,98107,Ballard,Townhouse,3,2026,3,3.5,3,1721,1238,1.5,1100000,639,1,,,Dan Wilcynski,Windermere Real Estate Midtown,Windermere Real Estate Midtown,47.6699545,-122.3725009,https://www.redfin.com/WA/Seattle/1139-NW-57th-St-98107/home/200787026
2026-09-19T19:54:21.154Z,NW Seattle,2026-06-25,200843729,209731125,2459297,Closed,9746 A Holman Rd NW,,Seattle,WA,98117,Greenwood,Townhouse,3,2026,3,2,2,1524,550,1.5,689900,453,47,,,Ray York,"Windermere RE/Capitol Hill,Inc",Kohtoku Enterprise Inc.,47.7003737,-122.3641041,https://www.redfin.com/WA/Seattle/9746-A-Holman-Rd-NW-98117/home/200843729
2026-09-19T19:54:21.154Z,West Seattle,2026-06-25,201101320,213626931,2499729,Closed,3216 47th Ave SW,,Seattle,WA,98116,Admiral,Townhouse,3,2026,2,2.5,2,1080,736,1.5,690000,639,75,,,Tom Cowan,Windermere Real Estate Co.,HomeSmart One Realty,47.5751661,-122.3917729,https://www.redfin.com/WA/Seattle/3216-47th-Ave-SW-98116/home/201101320
2026-09-19T19:54:21.154Z,NW Seattle,2026-06-25,201213616,215594935,2527713,Closed,10328 14th Ave NW,,Seattle,WA,98177,Blue Ridge,Townhouse,3,2026,4,3.5,3,3000,3791,1.5,1535000,512,45,,,Gary Sunde,"Real Property Associates, Inc.",Keller Williams Rlty Bellevue,47.7042042,-122.3737714,https://www.redfin.com/WA/Seattle/10328-14th-Ave-NW-98177/home/201213616
2026-09-19T19:54:21.154Z,Eastlake,2026-06-25,201548134,214352581,2509301,Closed,2014 Fairview Ave E Unit A,Unit A,Seattle,WA,98102,Eastlake,Townhouse,3,2026,2,2.5,2,1307,738,1.5,999950,765,90,,,Tom Skepetaris,Realogics Sotheby's Int'l Rlty,HomeSmart Real Estate Assoc,47.6372534,-122.3293898,https://www.redfin.com/WA/Seattle/2014-Fairview-Ave-E-98102/unit-A/home/201548134
2026-09-19T19:54:21.154Z,Ballard (specific),2026-06-25,202390796,217293531,2546927,Closed,1133 NW 60th St Unit A,Unit A,Seattle,WA,98107,Ballard,Townhouse,3,2026,3,2.5,2,1642,1113,1.5,890000,542,15,,,Michael Espada,Array Real Estate,COMPASS,47.6721501,-122.372279,https://www.redfin.com/WA/Seattle/1133-NW-60th-St-98107/unit-A/home/202390796
2026-09-19T19:54:21.154Z,NW Seattle,2026-06-25,301271,215328836,2523689,Closed,526 N 84th St,,Seattle,WA,98103,Greenwood,Single Family,1,1951,2,1,1,790,3300,1,760000,962,,,,Peri Erickson-Brown,Windermere RE Greenwood,"Windermere RE/Capitol Hill,Inc",47.6900225,-122.3513202,https://www.redfin.com/WA/Seattle/526-N-84th-St-98103/home/301271
2026-09-19T19:54:21.154Z,NE Seattle,2026-06-25,316462,216663926,2536848,Closed,7524 33rd Ave NE,,Seattle,WA,98115,Wedgwood,Single Family,1,2022,5,3.5,3,3880,5100,2,2825000,728,,,,Eric Akines,Real Residential,Kelly Right RE of Seattle LLC,47.6837524,-122.2923266,https://www.redfin.com/WA/Seattle/7524-33rd-Ave-NE-98115/home/316462
2026-09-19T19:54:21.154Z,NE Seattle,2026-06-25,321563,216181771,2531895,Closed,7508 56th Ave NE,,Seattle,WA,98115,View Ridge,Single Family,1,1948,3,2,2,2180,5450,1,850000,390,,,,Tammy Heldridge,Windermere Real Estate Co.,HomeSmart Real Estate Assoc,47.6832325,-122.267787,https://www.redfin.com/WA/Seattle/7508-56th-Ave-NE-98115/home/321563
2026-09-19T19:54:21.154Z,West Seattle,2026-06-25,329998,216530842,2535652,Closed,4402 49th Ave SW,,Seattle,WA,98116,Genesee,Single Family,1,1947,3,2,2,1740,5750,1,1195000,687,,,,Michael Ross,KW Greater Seattle,COMPASS,47.5646333,-122.3944906,https://www.redfin.com/WA/Seattle/4402-49th-Ave-SW-98116/home/329998
2026-09-19T19:54:21.154Z,West Seattle,2026-06-25,330376,215594245,2527570,Closed,4036 44th Ave SW,,Seattle,WA,98116,Alaska Junction,Single Family,1,1929,4,2,2,3190,5750,2,1615000,506,,,,Kevin Broveleit,West Seattle Realty,Windermere West Metro,47.5673065,-122.3878144,https://www.redfin.com/WA/Seattle/4036-44th-Ave-SW-98116/home/330376
2026-09-19T19:54:21.154Z,West Seattle,2026-06-25,471764,216107754,2528976,Closed,4840 40th Ave SW Unit A,Unit A,Seattle,WA,98116,West Seattle,Townhouse,3,2007,3,3.5,3,1740,1693,1.5,770000,443,,,,Steve Rowe,Windermere Real Estate/PSR Inc,Windermere Real Estate Co.,47.5580095,-122.3823347,https://www.redfin.com/WA/Seattle/4840-40th-Ave-SW-98116/unit-A/home/471764
2026-09-19T19:54:21.154Z,Ballard (specific),2026-06-25,56255064,213644851,2501585,Closed,1531 NW 58th St Unit A,Unit A,Seattle,WA,98107,Ballard,Townhouse,3,2014,3,2.5,2,1432,1104,1.5,795000,555,,,,Paul Herbord,"RE/MAX Metro Realty, Inc.","Windermere RE North, Inc.",47.6707513,-122.3777368,https://www.redfin.com/WA/Seattle/1531-NW-58th-St-98107/unit-A/home/56255064
2026-09-19T19:54:21.154Z,NW Seattle,2026-06-25,97807,216136573,2531359,Closed,12744 Phinney Ave N,,Seattle,WA,98133,Bitter Lake,Single Family,1,1947,2,2,2,1680,7650,1,819000,488,,,,Ashley Odland Bennett,Windermere Real Estate Co.,Real Residential,47.7227401,-122.3539322,https://www.redfin.com/WA/Seattle/12744-Phinney-Ave-N-98133/home/97807
2026-09-19T19:54:21.154Z,NW Seattle,2026-06-25,98316,216573554,2535493,Closed,936 N 101st St,,Seattle,WA,98133,Greenwood,Single Family,1,1977,3,3,3,2020,3844,1,668000,331,,,,Albert Tagle,"Skyline Properties, Inc.",Kelly Right RE of Seattle LLC,47.7023568,-122.3457057,https://www.redfin.com/WA/Seattle/936-N-101st-St-98133/home/98316
2026-09-19T19:54:21.154Z,Central Seattle,2026-06-24,12312848,213939698,2505625,Closed,1123 24th Ave S,,Seattle,WA,98144,Judkins,Single Family,1,2007,2,1.5,1,910,1777,2,595000,654,,,,Hao Sun,"John L. Scott, Inc.",COMPASS,47.5924446,-122.3017376,https://www.redfin.com/WA/Seattle/1123-24th-Ave-S-98144/home/12312848
2026-09-19T19:54:21.154Z,Central Seattle,2026-06-24,136245,215570542,2527092,Closed,1131 19th Ave E,,Seattle,WA,98112,Capitol Hill,Single Family,1,1906,3,2.5,2,2392,4800,2,1508000,630,,,,Mary P. Snyder,COMPASS,Windermere Real Estate Co.,47.6296074,-122.3075993,https://www.redfin.com/WA/Seattle/1131-19th-Ave-E-98112/home/136245
2026-09-19T19:54:21.154Z,Ballard (specific),2026-06-24,166977,216421343,2533689,Closed,7737 27th Ave NW,,Seattle,WA,98117,Loyal Heights,Single Family,1,1913,3,2,2,2530,3880,2,1357000,536,,,,Adam Hestad,COMPASS,Lake & Company,47.6860877,-122.3911655,https://www.redfin.com/WA/Seattle/7737-27th-Ave-NW-98117/home/166977
2026-09-19T19:54:21.154Z,NW Seattle,2026-06-24,200840566,214512155,2514205,Closed,632 N 92nd St,,Seattle,WA,98103,Greenwood,Townhouse,3,2026,3,3,3,1553,4891,1.5,829950,534,,,,Junior Torres,Windermere RE Greenwood,Windermere Real Estate/Summit,47.6961949,-122.3508833,https://www.redfin.com/WA/Seattle/632-N-92nd-St-98103/home/200840566
2026-09-19T19:54:21.154Z,Wallingford,2026-06-24,201829173,215295453,2522783,Closed,4412 Corliss Ave N Unit A,Unit A,Seattle,WA,98103,Wallingford,Townhouse,3,2026,2,2,2,1285,674,1.5,725000,564,,,,Michael Espada,Array Real Estate,Coldwell Banker Bain,47.6607468,-122.3310733,https://www.redfin.com/WA/Seattle/4412-Corliss-Ave-N-98103/unit-A/home/201829173
2026-09-19T19:54:21.154Z,NW Seattle,2026-06-24,201829224,215295619,2490793,Closed,630 N 92nd St,,Seattle,WA,98103,Greenwood,Townhouse,3,2026,3,3,3,1553,4891,1.5,859950,554,,,,Junior Torres,Windermere RE Greenwood,Lake & Company,47.6961661,-122.3502431,https://www.redfin.com/WA/Seattle/630-N-92nd-St-98103/home/201829224
2026-09-19T19:54:21.154Z,Ballard (specific),2026-06-24,201925931,215593337,2527044,Closed,1133 NW 60th St Unit B,Unit B,Seattle,WA,98107,Ballard,Townhouse,3,2026,3,3.5,3,1785,1397,1.5,1049950,588,4,,,Michael Espada,Array Real Estate,Windermere RE Greenwood,47.6721501,-122.372279,https://www.redfin.com/WA/Seattle/1133-NW-60th-St-98107/unit-B/home/201925931
2026-09-19T19:54:21.154Z,NW Seattle,2026-06-24,22223808,216181865,2531912,Closed,931 A N 97th St,,Seattle,WA,98103,Greenwood,Townhouse,3,2009,3,2.5,2,1530,1509,1.5,540000,353,,,,Kelly Fulks,KW Greater Seattle,Keller Williams Rlty Bellevue,47.6994402,-122.345951,https://www.redfin.com/WA/Seattle/931-N-97th-St-98103/unit-A/home/22223808
2026-09-19T19:54:21.154Z,West Seattle,2026-06-24,28581709,216108807,2529215,Closed,3028 61st Ave SW,,Seattle,WA,98116,Alki,Townhouse,3,2010,3,2.5,2,1360,1291,1.5,795000,585,,,,Deby Rourke,"John L. Scott, Inc.",Windermere West Metro,47.5767915,-122.4104683,https://www.redfin.com/WA/Seattle/3028-61st-Ave-SW-98116/home/28581709
2026-09-19T19:54:21.154Z,NW Seattle,2026-06-24,289054,216521410,2534358,Closed,9119 Cyrus Ave NW,,Seattle,WA,98117,North Beach,Single Family,1,1957,4,3,3,2730,5880,1.5,1500000,549,,,,Greg Lewis,Windermere Real Estate Co.,KW Greater Seattle,47.6956337,-122.399433,https://www.redfin.com/WA/Seattle/9119-Cyrus-Ave-NW-98117/home/289054
2026-09-19T19:54:21.154Z,Wallingford,2026-06-24,305833,215289356,2520194,Closed,5207 Wallingford Ave N,,Seattle,WA,98103,Green Lake,Single Family,1,1910,4,2,2,2250,2580,2,1625000,722,,,,Adrian Jensen,Windermere RE Greenwood,Windermere Real Estate Co.,47.6667449,-122.3366529,https://www.redfin.com/WA/Seattle/5207-Wallingford-Ave-N-98103/home/305833
2026-09-19T19:54:21.154Z,NE Seattle,2026-06-24,309689,216166832,2530589,Closed,6533 20th Ave NE,,Seattle,WA,98115,Ravenna,Single Family,1,1909,2,2,2,1440,4610,1,869500,604,,,,Lauri Carter,RE/MAX Northwest,Windermere Real Estate Midtown,47.6768248,-122.3069283,https://www.redfin.com/WA/Seattle/6533-20th-Ave-NE-98115/home/309689
2026-09-19T19:54:21.154Z,NE Seattle,2026-06-24,318534,215365864,2523035,Closed,6542 43rd Ave NE,,Seattle,WA,98115,View Ridge,Single Family,1,1950,2,2,2,1760,7020,1,1060000,602,,,,Kim Edwards-Fukei,Real Property Services Team,Bushwick,47.6770961,-122.28197,https://www.redfin.com/WA/Seattle/6542-43rd-Ave-NE-98115/home/318534
2026-09-19T19:54:21.154Z,NE Seattle,2026-06-24,320572,212945119,2490999,Closed,6016 Princeton Ave NE,,Seattle,WA,98115,Hawthorne Hills,Single Family,1,2014,6,5.5,5,6020,9218,2,4200000,698,,,,Renee McGahan,COMPASS,"Windermere RE North, Inc.",47.6738515,-122.2745649,https://www.redfin.com/WA/Seattle/6016-Princeton-Ave-NE-98115/home/320572
2026-09-19T19:54:21.154Z,NE Seattle,2026-06-24,322123,214746185,2514115,Closed,7348 55th Ave NE,,Seattle,WA,98115,View Ridge,Single Family,1,1951,3,2.5,2,3350,10260,2,1874000,559,,,,Tom Maider,Windermere Real Estate Midtown,Ensemble,47.6826009,-122.2687223,https://www.redfin.com/WA/Seattle/7348-55th-Ave-NE-98115/home/322123
2026-09-19T19:54:21.154Z,West Seattle,2026-06-24,469121,215352112,2521903,Closed,7904 39th Ave SW,,Seattle,WA,98136,Gatewood,Single Family,1,1948,2,1,1,830,4784,1,675000,813,,,,Liz Nguyen,eXp Realty,COMPASS,47.5318671,-122.3817867,https://www.redfin.com/WA/Seattle/7904-39th-Ave-SW-98136/home/469121
2026-09-19T19:54:21.154Z,Beacon Hill,2026-06-24,480868,214640549,2516228,Closed,3713 S Burns St,,Seattle,WA,98118,Beacon Hill,Single Family,1,1953,2,1,1,1150,7425,1,600000,522,,,,Shonna Peterson,KW Greater Seattle,COMPASS,47.516421,-122.2853106,https://www.redfin.com/WA/Seattle/3713-S-Burns-St-98118/home/480868
2026-09-19T19:54:21.154Z,Wallingford,2026-06-23,117700,215525453,2525526,Closed,4018 2nd Ave NE,,Seattle,WA,98105,Wallingford,Single Family,1,1920,5,3,3,2910,4000,2,1995000,686,,,,Michele Schuler,Real Residential,eXp Realty,47.6561503,-122.3265604,https://www.redfin.com/WA/Seattle/4018-2nd-Ave-NE-98105/home/117700
2026-09-19T19:54:21.154Z,Queen Anne,2026-06-23,134155,215293369,2523279,Closed,1524 10th Ave W,,Seattle,WA,98119,Queen Anne,Single Family,1,1903,5,6,6,4505,3600,1.5,1900000,422,,,,Rosemary Pham,Windermere R E Mount Baker,ZNonMember-Office-MLS,47.6331336,-122.3700949,https://www.redfin.com/WA/Seattle/1524-10th-Ave-W-98119/home/134155
2026-09-19T19:54:21.154Z,West Seattle,2026-06-23,150622,215398157,2524931,Closed,1729 41st Ave SW,,Seattle,WA,98116,North Admiral,Single Family,1,2016,3,3.5,3,3030,4500,2,1880000,620,,,,Nate Pearson,"Ewing & Clark, Inc.",Keller Williams Seattle Metro,47.5870254,-122.3838308,https://www.redfin.com/WA/Seattle/1729-41st-Ave-SW-98116/home/150622
2026-09-19T19:54:21.154Z,West Seattle,2026-06-23,157019,216146838,2530511,Closed,7571 45th Ave SW,,Seattle,WA,98136,Fauntleroy,Single Family,1,1954,3,2,2,2170,5760,1,1385000,638,,,,Brian Landreville,Windermere RE Greenwood,COMPASS,47.5343091,-122.3907514,https://www.redfin.com/WA/Seattle/7571-45th-Ave-SW-98136/home/157019
2026-09-19T19:54:21.154Z,West Seattle,2026-06-23,161427,214332733,2508573,Closed,1241 SW Myrtle St,,Seattle,WA,98106,West Seattle,Single Family,1,1919,3,1,1,1900,8203,1,500000,263,,,,Shauna Rumel,Redfin,eXp Realty,47.5387542,-122.3521766,https://www.redfin.com/WA/Seattle/1241-SW-Myrtle-St-98106/home/161427
2026-09-19T19:54:21.154Z,West Seattle,2026-06-23,161495,216084438,2528170,Closed,1262 SW Orchard St,,Seattle,WA,98106,Highland Park,Single Family,1,1953,4,2.5,2,2440,8505,2,825000,338,,,,Tonya Spivey,Keller Williams Downtown Sea,Windermere Real Estate Midtown,47.538442,-122.3532406,https://www.redfin.com/WA/Seattle/1262-SW-Orchard-St-98106/home/161495
2026-09-19T19:54:21.154Z,West Seattle,2026-06-23,161528,212511820,2484576,Closed,7025 14th Ave SW,,Seattle,WA,98106,Delridge,Single Family,1,1991,4,2.5,2,2640,7201,1,930000,352,,,,Tommy Kwong,Real Broker LLC,Weisbarth & Associates,47.5402567,-122.3529623,https://www.redfin.com/WA/Seattle/7025-14th-Ave-SW-98106/home/161528
2026-09-19T19:54:21.154Z,Ballard (specific),2026-06-23,162376,216076466,2529656,Closed,2447 NW 62nd St,,Seattle,WA,98107,Ballard,Single Family,1,2001,4,2.5,2,2100,2498,1.5,1200000,571,,,,Kristal Maurstad,Windermere Real Estate Co.,"RE/MAX Metro Realty, Inc.",47.6736879,-122.3897762,https://www.redfin.com/WA/Seattle/2447-NW-62nd-St-98107/home/162376
2026-09-19T19:54:21.154Z,Fremont,2026-06-23,17381550,215507522,2525399,Closed,4318 Greenwood Ave N Unit B,Unit B,Seattle,WA,98103,Fremont,Townhouse,3,2008,3,3.5,3,2090,1839,1.5,1264000,605,,,,Sharon Mann,"RE/MAX Eastside Brokers, Inc.",Windermere Real Estate Co.,47.659474,-122.3550586,https://www.redfin.com/WA/Seattle/4318-Greenwood-Ave-N-98103/unit-B/home/17381550
2026-09-19T19:54:21.154Z,Phinney Ridge,2026-06-23,174045313,215345673,2523568,Closed,7020 Greenwood Ave N,,Seattle,WA,98103,Phinney Ridge,Townhouse,3,2020,3,2,2,1768,554,1.5,1025000,580,,,,Alex Fotouhi,Lake & Company,Windermere RE Greenwood,47.6800956,-122.3550939,https://www.redfin.com/WA/Seattle/7020-Greenwood-Ave-N-98103/home/174045313
2026-09-19T19:54:21.154Z,Central Seattle,2026-06-23,178439455,215341957,2524046,Closed,1406 21st Ave Unit A,Unit A,Seattle,WA,98122,Capitol Hill,Townhouse,3,2022,2,2,2,1345,654,1.5,664000,494,,,,Roy Towse,COMPASS,Designed Realty,47.6132635,-122.3044107,https://www.redfin.com/WA/Seattle/1406-21st-Ave-98122/unit-A/home/178439455
2026-09-19T19:54:21.154Z,West Seattle,2026-06-23,18661925,215305658,2523198,Closed,6724 34th Ave SW,,Seattle,WA,98126,High Point,Single Family,1,2020,3,3,3,1980,1995,3,835000,422,140,,,Paul Bettinson,Redfin,Windermere Real Estate Central,47.5422696,-122.3744953,https://www.redfin.com/WA/Seattle/6724-34th-Ave-SW-98126/home/18661925
2026-09-19T19:54:21.154Z,Wallingford,2026-06-23,202367040,217184581,2545384,Closed,4414 Corliss Ave N Unit A,Unit A,Seattle,WA,98103,Wallingford,Townhouse,3,2026,2,2,2,1285,676,1.5,730000,568,,,,Michael Espada,Array Real Estate,Windermere Real Estate Co.,47.6607931,-122.3310837,https://www.redfin.com/WA/Seattle/4414-Corliss-Ave-N-98103/unit-A/home/202367040
2026-09-19T19:54:21.154Z,Ballard (specific),2026-06-23,290547,215294360,2516933,Closed,6903 32nd Ave NW,,Seattle,WA,98117,Sunset Hill,Single Family,1,1915,3,2,2,2190,4250,1.5,1073000,490,,,,,Windermere RE Greenwood,Redfin,47.6788371,-122.398725,https://www.redfin.com/WA/Seattle/6903-32nd-Ave-NW-98117/home/290547
2026-09-19T19:54:21.154Z,Wallingford,2026-06-23,304933,214422539,2497046,Closed,1857 N 54th St,,Seattle,WA,98103,Wallingford,Single Family,1,1908,3,1.5,1,2250,6420,2,1050000,467,,,,HEIJA Nunn,Windermere Real Estate/East,John L. Scott Mill Creek,47.6677609,-122.3339673,https://www.redfin.com/WA/Seattle/1857-N-54th-St-98103/home/304933
2026-09-19T19:54:21.154Z,Green Lake,2026-06-23,306360,214849540,2519097,Closed,7515 Bagley Ave N,,Seattle,WA,98103,Green Lake,Single Family,1,1961,3,2,2,2160,3919,1,1395000,646,,,,Dan Faulkner,Windermere Real Estate/East,COMPASS,47.6838914,-122.3319165,https://www.redfin.com/WA/Seattle/7515-Bagley-Ave-N-98103/home/306360
2026-09-19T19:54:21.154Z,NE Seattle,2026-06-23,310236,216125749,2530223,Closed,7538 23rd Ave NE,,Seattle,WA,98115,Ravenna,Single Family,1,1951,2,1,1,2040,6200,1,1100000,539,,,,Steve Snider,Real Residential,Windermere Real Estate Co.,47.6842063,-122.3026502,https://www.redfin.com/WA/Seattle/7538-23rd-Ave-NE-98115/home/310236
2026-09-19T19:54:21.154Z,NE Seattle,2026-06-23,314617,214846100,2519315,Closed,5232 38th Ave NE,,Seattle,WA,98105,Bryant,Single Family,1,1940,3,2,2,1820,4000,1,1320000,725,,,,Javila Creer,Windermere Real Estate Midtown,Designed Realty,47.6677211,-122.2866041,https://www.redfin.com/WA/Seattle/5232-38th-Ave-NE-98105/home/314617
2026-09-19T19:54:21.154Z,NE Seattle,2026-06-23,316298,217178876,2545251,Closed,3410 NE 80th St,,Seattle,WA,98115,Wedgwood,Single Family,1,1941,2,1,1,850,6000,1,800000,941,,,,Ben Stigler,Windermere RE Greenwood,NWMLS-NonOffice,47.6868716,-122.291145,https://www.redfin.com/WA/Seattle/3410-NE-80th-St-98115/home/316298
2026-09-19T19:54:21.154Z,NE Seattle,2026-06-23,318529,216616863,2534500,Closed,2544 NE 90th St,,Seattle,WA,98115,Wedgwood,Single Family,1,1947,1,1,1,750,5583,1,625000,833,,,,Dan Yoo,TS Property Management,Windermere Real Estate Co.,47.6940828,-122.2996592,https://www.redfin.com/WA/Seattle/2544-NE-90th-St-98115/home/318529
2026-09-19T19:54:21.154Z,NE Seattle,2026-06-23,320861,214563833,2509441,Closed,8530 54th Ave NE,,Seattle,WA,98115,Inverness,Single Family,1,1977,5,4,4,3573,13485,1,2225000,623,13,,,Tammy Heldridge,Windermere Real Estate Co.,RE/MAX Northwest,47.6914956,-122.2703526,https://www.redfin.com/WA/Seattle/8530-54th-Ave-NE-98115/home/320861
2026-09-19T19:54:21.154Z,West Seattle,2026-06-23,470216,215352108,2522489,Closed,7700 California Ave SW,,Seattle,WA,98136,Gatewood,Single Family,1,1995,2,3,3,2500,5129,2,1125000,450,,,,Gunnar Conley,Upside Properties,RSVP Brokers ERA,47.5335132,-122.3869501,https://www.redfin.com/WA/Seattle/7700-California-Ave-SW-98136/home/470216
2026-09-19T19:54:21.154Z,NW Seattle,2026-06-23,98115,217185181,2545400,Closed,11721 Fremont Ave N,,Seattle,WA,98133,Broadview,Single Family,1,1953,3,1,1,1060,7940,1,570000,538,,,,Laura Hanson,Windermere Real Estate Co.,NWMLS-NonOffice,47.7148125,-122.3505329,https://www.redfin.com/WA/Seattle/11721-Fremont-Ave-N-98133/home/98115
2026-09-19T19:54:21.154Z,NW Seattle,2026-06-23,99257,216566032,2533597,Closed,9701 Dayton Ave N,,Seattle,WA,98103,Greenwood,Single Family,1,1940,3,1.5,1,1960,5101,1,820000,418,,,,Marcella Ohlsen,"Pellego, Inc.",COMPASS,47.6998497,-122.3529843,https://www.redfin.com/WA/Seattle/9701-Dayton-Ave-N-98103/home/99257
2026-09-19T19:54:21.154Z,NW Seattle,2026-06-23,99798,216122810,2529341,Closed,912 N 90th St,,Seattle,WA,98103,Greenwood,Single Family,1,1941,2,1,1,1780,4802,1,700000,393,,,,Lisa Bender,Windermere Real Estate/HLC,COMPASS,47.6943735,-122.3467158,https://www.redfin.com/WA/Seattle/912-N-90th-St-98103/home/99798
2026-09-19T19:54:21.154Z,Northgate,2026-06-22,102581,216511926,2532729,Closed,14341 Interlake Ave N,,Seattle,WA,98133,Haller Lake,Single Family,1,1937,3,1,1,1080,5250,2,682000,631,,,,Ryan Lile,Ensemble,"Real Property Associates, Inc.",47.7335313,-122.3416199,https://www.redfin.com/WA/Seattle/14341-Interlake-Ave-N-98133/home/102581
2026-09-19T19:54:21.154Z,Wallingford,2026-06-22,117787,211717858,2474985,Closed,4413 Meridian Ave N,,Seattle,WA,98103,Wallingford,Single Family,1,2016,3,3.5,3,1550,1493,1.5,999950,645,,,,Danny Greco,KW Greater Seattle,Every Door Real Estate,47.6606739,-122.3341321,https://www.redfin.com/WA/Seattle/4413-Meridian-Ave-N-98103/home/117787
2026-09-19T19:54:21.154Z,Wallingford,2026-06-22,117916,214368430,2510972,Closed,4026 Burke Ave N,,Seattle,WA,98103,Wallingford,Single Family,1,1906,5,3,3,2700,4800,2,1770750,656,,,,Nancy Olmos,CENTURY 21 North Homes Realty,Berkshire Hathaway HS NW,47.656446,-122.3347487,https://www.redfin.com/WA/Seattle/4026-Burke-Ave-N-98103/home/117916
2026-09-19T19:54:21.154Z,Central Seattle,2026-06-22,141253,214082616,2507864,Closed,420 34th Ave,,Seattle,WA,98122,Madrona,Single Family,1,1984,4,3.5,3,4060,6518,2,3585000,883,,,,Scott Lennard,COMPASS,Windermere Real Estate Midtown,47.605827,-122.2892559,https://www.redfin.com/WA/Seattle/420-34th-Ave-98122/home/141253
2026-09-19T19:54:21.154Z,Central Seattle,2026-06-22,145975,214584890,2514543,Closed,814 23rd Ave E,,Seattle,WA,98112,North Capitol Hill,Single Family,1,1926,4,4,4,2820,3400,2,1300000,461,,,,Tyson Lin,KW Greater Seattle,Realogics Sotheby's Int'l Rlty,47.6263965,-122.302155,https://www.redfin.com/WA/Seattle/814-23rd-Ave-E-98112/home/145975
2026-09-19T19:54:21.154Z,Central Seattle,2026-06-22,146707,215241468,2520711,Closed,2511 E Roy St,,Seattle,WA,98112,Arboretum,Single Family,1,1910,3,2,2,1380,3500,2,1200000,870,,,,Spafford Robbins,COMPASS,Windermere Real Estate Midtown,47.6250316,-122.299106,https://www.redfin.com/WA/Seattle/2511-E-Roy-St-98112/home/146707
2026-09-19T19:54:21.154Z,West Seattle,2026-06-22,150065,214539959,2513958,Closed,3023 65th Ave SW,,Seattle,WA,98116,Alki,Single Family,1,2022,4,3.5,3,2500,4905,1.5,1950000,780,,,,Sharlane Chase,Windermere Real Estate Co.,Windermere Real Estate Co.,47.5763537,-122.4163001,https://www.redfin.com/WA/Seattle/3023-65th-Ave-SW-98116/home/150065
2026-09-19T19:54:21.154Z,West Seattle,2026-06-22,151010,214307769,2511592,Closed,4057 SW Holgate St,,Seattle,WA,98116,Admiral,Single Family,1,1950,3,3,2,3250,6120,1.5,2600000,800,,,,Beth Grotelueschen,Keller Williams Seattle Metro,Out of Bounds Realty,47.5865651,-122.3829352,https://www.redfin.com/WA/Seattle/4057-SW-Holgate-St-98116/home/151010
2026-09-19T19:54:21.154Z,Ballard (specific),2026-06-22,163077,215484490,2518297,Closed,8330 24th Ave NW,,Seattle,WA,98117,Loyal Heights,Townhouse,3,2026,2,2,2,1082,,1.5,669000,618,82,,,Lee Whalen,Windermere Real Estate Co.,Real Broker LLC,47.6896829,-122.3873133,https://www.redfin.com/WA/Seattle/8330-24th-Ave-NW-98117/home/163077
2026-09-19T19:54:21.154Z,Ballard (specific),2026-06-22,167054,216074056,2529854,Closed,7025 23rd Ave NW,,Seattle,WA,98117,Ballard,Single Family,1,1914,4,3,3,2870,4073,2,1650000,575,,,,Kimberly Shaeffer,"John L. Scott, Inc.",Windermere Real Estate Co.,47.6802334,-122.3856768,https://www.redfin.com/WA/Seattle/7025-23rd-Ave-NW-98117/home/167054
2026-09-19T19:54:21.154Z,Ballard (specific),2026-06-22,17356671,215353812,2524181,Closed,5713 20th Ave NW,,Seattle,WA,98107,Ballard,Townhouse,3,2008,3,2.5,2,1450,15598,1.5,790000,545,300,,,Eva Canary,Windermere Real Estate Co.,Windermere Real Estate/East,47.670542,-122.382423,https://www.redfin.com/WA/Seattle/5713-20th-Ave-NW-98107/home/17356671
2026-09-19T19:54:21.154Z,West Seattle,2026-06-22,18661875,215257035,2517933,Closed,3002 SW Morgan St,,Seattle,WA,98126,High Point,Townhouse,3,2011,2,2.5,2,1360,1380,1.5,575050,423,465,,,Julie Granahan,Redfin,Windermere Real Estate/East,47.5446197,-122.3703582,https://www.redfin.com/WA/Seattle/3002-SW-Morgan-St-98126/home/18661875
2026-09-19T19:54:21.154Z,West Seattle,2026-06-22,200255840,215601705,2527632,Closed,2769 59th Ave SW Unit A,Unit A,Seattle,WA,98116,Alki,Townhouse,3,2025,3,2.5,2,1902,1480,1.5,1135000,597,,,,Travis Duty,RE/MAX Northwest,Windermere Real Estate Midtown,47.578012,-122.4084517,https://www.redfin.com/WA/Seattle/2769-59th-Ave-SW-98116/unit-A/home/200255840
2026-09-19T19:54:21.154Z,NW Seattle,2026-06-22,290630,215566326,2524952,Closed,12008 9th Ave NW,,Seattle,WA,98177,Broadview,Single Family,1,1961,4,3,3,3210,9878,1,1725000,537,,,,Heidi Thomson-Daly,Ensemble,Windermere Real Estate Co.,47.7163572,-122.3673271,https://www.redfin.com/WA/Seattle/12008-9th-Ave-NW-98177/home/290630
2026-09-19T19:54:21.154Z,Phinney Ridge,2026-06-22,299357,216076608,2529720,Closed,108 N 54th St,,Seattle,WA,98103,Phinney Ridge,Single Family,1,1915,3,3.5,3,2570,3000,2,1530000,595,,,,Steven Shelton,Redfin,Best Choice Realty LLC,47.6681214,-122.3569275,https://www.redfin.com/WA/Seattle/108-N-54th-St-98103/home/299357
2026-09-19T19:54:21.154Z,NW Seattle,2026-06-22,300307,215342888,2523288,Closed,520 N 79th St,,Seattle,WA,98103,Greenwood,Single Family,1,1984,3,1,1,1000,3000,1,830000,830,,,,Charles Mortimer,Redfin,Rain Town Realty + JPAR,47.6864227,-122.3515654,https://www.redfin.com/WA/Seattle/520-N-79th-St-98103/home/300307
2026-09-19T19:54:21.154Z,Phinney Ridge,2026-06-22,300697,216133954,2529815,Closed,710 N 68th St,,Seattle,WA,98103,Green Lake,Single Family,1,1914,3,2,2,1660,4464,1,1125000,678,,,,Amity Hanover,Providencia,Lake & Company,47.6789112,-122.3494765,https://www.redfin.com/WA/Seattle/710-N-68th-St-98103/home/300697
2026-09-19T19:54:21.154Z,NE Seattle,2026-06-22,311257,216067545,2529842,Closed,7021 20th Ave NE,,Seattle,WA,98115,Ravenna,Single Family,1,1946,7,4.5,4,4530,7140,2,1698000,375,,,,Candace Hagen,Windermere Real Estate Midtown,Pointe3 Real Estate,47.6800871,-122.3069731,https://www.redfin.com/WA/Seattle/7021-20th-Ave-NE-98115/home/311257
2026-09-19T19:54:21.154Z,NE Seattle,2026-06-22,312887,216074247,2529791,Closed,6054 29th Ave NE,,Seattle,WA,98115,Bryant,Single Family,1,1922,4,2,2,2590,3750,2,1615000,624,,,,Robin Sheridan,COMPASS,Windermere RE Greenwood,47.6737467,-122.2961433,https://www.redfin.com/WA/Seattle/6054-29th-Ave-NE-98115/home/312887
2026-09-19T19:54:21.154Z,NE Seattle,2026-06-22,316310,216288794,2532895,Closed,4411 NE 90th St,,Seattle,WA,98115,Wedgwood,Single Family,1,2002,4,3.5,3,3630,7500,2,1635000,450,,,,Ann O'Neil,Windermere Real Estate Co.,ZNonMember-Office-MLS,47.6935471,-122.2806807,https://www.redfin.com/WA/Seattle/4411-NE-90th-St-98115/home/316310
2026-09-19T19:54:21.154Z,West Seattle,2026-06-22,472674,217212626,2545812,Closed,9341 32nd Ave SW,,Seattle,WA,98126,Westwood,Single Family,1,1949,2,1,1,700,5000,1,565000,807,,,,Joe Horgan,Pointe3 Real Estate,Pointe3 Real Estate,47.5188818,-122.3746926,https://www.redfin.com/WA/Seattle/9341-32nd-Ave-SW-98126/home/472674
2026-09-19T19:54:21.154Z,NW Seattle,2026-06-22,96236,212815975,2488542,Closed,13758 Palatine Ave N,,Seattle,WA,98133,Broadview,Single Family,1,1954,3,2,2,2380,9639,1,766000,322,,,,Diana Nelson,"RE/MAX Metro Realty, Inc.",Corcoran Lifestyle Properties,47.7303165,-122.3565674,https://www.redfin.com/WA/Seattle/13758-Palatine-Ave-N-98133/home/96236
2026-09-19T19:54:21.154Z,NW Seattle,2026-06-22,97417,215945619,2527009,Closed,10515 1st Ave NW,,Seattle,WA,98177,Broadview,Single Family,1,1950,3,2,2,1280,7500,2,1050000,820,,,,Adam Cobb,Windermere Real Estate GH LLC,Windermere Real Estate Midtown,47.7056016,-122.3584642,https://www.redfin.com/WA/Seattle/10515-1st-Ave-NW-98177/home/97417
2026-09-19T19:54:21.154Z,West Seattle,2026-06-19,473207,213096479,2493301,Closed,3123 SW Barton St,,Seattle,WA,98126,Westwood Village,Single Family,1,1950,3,1,1,1010,5950,1,540000,535,,,,Jeri Finch,S & L Realty LLC,Keller Williams Rlty Bellevue,47.5208684,-122.373796,https://www.redfin.com/WA/Seattle/3123-SW-Barton-St-98126/home/473207
2026-09-19T19:54:21.154Z,Phinney Ridge,2026-06-19,498801,214869718,2519971,Closed,7060 Cleopatra Pl NW,,Seattle,WA,98117,Phinney Ridge,Single Family,1,2026,4,3.5,3,2504,6160,,1450000,579,,,,Andy Sather,"John L. Scott, Inc.",Windermere Real Estate Midtown,47.6813518,-122.3652826,https://www.redfin.com/WA/Seattle/7060-Cleopatra-Pl-NW-98117/home/498801
2026-09-19T19:54:21.154Z,Ballard (specific),2026-06-18,113255615,214582203,2515058,Closed,2037 NW 65th St,,Seattle,WA,98117,Ballard,Single Family,1,2017,3,2.5,2,1855,1517,,950000,512,,,,Erica Anthony,KW Greater Seattle,KW Greater Seattle,47.6757065,-122.3834063,https://www.redfin.com/WA/Seattle/2037-NW-65th-St-98117/home/113255615
2026-09-19T19:54:21.154Z,NW Seattle,2026-06-18,113995270,215234703,2522053,Closed,12516 Phinney Ave N,,Seattle,WA,98133,Broadview,Single Family,1,2017,4,3,3,3369,7651,2,1580000,469,,,,Ned Hosford,COMPASS,Keller Williams North Seattle,47.7200915,-122.3538232,https://www.redfin.com/WA/Seattle/12516-Phinney-Ave-N-98133/home/113995270
2026-09-19T19:54:21.154Z,NE Seattle,2026-06-18,114004577,213499784,2499336,Closed,6522 C 32nd Ave NE,,Seattle,WA,98115,Bryant,Townhouse,3,2017,3,2.5,2,2003,,1.5,1067500,533,575,,,Sarah Rollinger,Lake & Company,"John L. Scott, Inc.",47.6762825,-122.29255,https://www.redfin.com/WA/Seattle/6522-32nd-Ave-NE-98115/home/114004577
2026-09-19T19:54:21.154Z,Wallingford,2026-06-18,117945,216469929,2530375,Closed,1423 N 47th St,,Seattle,WA,98103,Wallingford,Single Family,1,1906,3,2,2,2040,5000,2,1600000,784,,,,Doug McKiernan,Windermere Mercer Island,eXp Realty,47.6626916,-122.3396254,https://www.redfin.com/WA/Seattle/1423-N-47th-St-98103/home/117945
2026-09-19T19:54:21.154Z,NE Seattle,2026-06-18,121969,216292123,2532411,Closed,3658 50th Ave NE,,Seattle,WA,98105,Laurelhurst,Single Family,1,1995,4,3.5,3,4120,14579,2,4500000,1092,,,,Jeri Smith,Windermere Real Estate Co.,COMPASS,47.6560265,-122.2731752,https://www.redfin.com/WA/Seattle/3658-50th-Ave-NE-98105/home/121969
2026-09-19T19:54:21.154Z,NE Seattle,2026-06-18,122159,216718015,2537321,Closed,3715 47th Pl NE,,Seattle,WA,98105,Laurelhurst,Single Family,1,1927,5,4.5,4,4475,10883,,3850000,860,,,,Jeri Smith,Windermere Real Estate Co.,Windermere Real Estate/East,47.6550293,-122.2764492,https://www.redfin.com/WA/Seattle/3715-47th-Pl-NE-98105/home/122159
2026-09-19T19:54:21.154Z,Queen Anne,2026-06-18,131000,214861763,2519792,Closed,3437 13th Ave W,,Seattle,WA,98119,Queen Anne,Single Family,1,1963,3,3,3,2070,6000,1,1325000,640,,,,Jan Selvar,Windermere Real Estate Co.,Coldwell Banker Bain,47.6514712,-122.3738895,https://www.redfin.com/WA/Seattle/3437-13th-Ave-W-98119/home/131000
2026-09-19T19:54:21.154Z,Queen Anne,2026-06-18,134736,216119574,2526158,Closed,170 Lynn St,,Seattle,WA,98109,Queen Anne,Single Family,1,1914,3,3,3,2980,3900,2,2195000,737,,,,Rene Stern,Windermere Real Estate Midtown,COMPASS,47.63929,-122.3534346,https://www.redfin.com/WA/Seattle/170-Lynn-St-98109/home/134736
2026-09-19T19:54:21.154Z,Central Seattle,2026-06-18,136187,212537787,2484824,Closed,1626 Federal Ave E,,Seattle,WA,98102,North Capitol Hill,Single Family,1,1926,5,5.5,5,5117,24825,2,5800000,1133,,,,Mark Hanses,"Windermere RE/Capitol Hill,Inc",Horizon Real Estate,47.6338546,-122.3185871,https://www.redfin.com/WA/Seattle/1626-Federal-Ave-E-98102/home/136187
2026-09-19T19:54:21.154Z,Central Seattle,2026-06-18,140351,215565811,2522716,Closed,3601 E Cherry St,,Seattle,WA,98122,Madrona,Single Family,1,1928,3,2.5,2,2880,4500,2,1959050,680,,,,Kristine Losh,"Ewing & Clark, Inc.",Coldwell Banker Bain,47.6077753,-122.2869644,https://www.redfin.com/WA/Seattle/3601-E-Cherry-St-98122/home/140351
2026-09-19T19:54:21.154Z,Central Seattle,2026-06-18,140791,215360943,2522785,Closed,601 Fullerton Ave,,Seattle,WA,98122,Madrona,Single Family,1,1919,3,3,3,2160,4711,1,1610000,745,,,,Kevin O Doherty,Windermere Real Estate Co.,eXp Realty,47.6069292,-122.2839517,https://www.redfin.com/WA/Seattle/601-Fullerton-Ave-98122/home/140791
2026-09-19T19:54:21.154Z,Central Seattle,2026-06-18,140918,214585443,2514277,Closed,3415 S Lane St,,Seattle,WA,98144,Leschi,Single Family,1,1980,3,2.5,2,2050,4160,3,1200000,585,,,,Nate Hasson,"John L. Scott, Inc",Urban Living,47.5964372,-122.2880834,https://www.redfin.com/WA/Seattle/3415-S-Lane-St-98144/home/140918
2026-09-19T19:54:21.154Z,West Seattle,2026-06-18,152733,215291628,2518891,Closed,5911 49th Ave SW,,Seattle,WA,98136,Seaview,Single Family,1,1956,3,2,2,2360,7258,1,1325000,561,,,,Scott Henry,John L Scott RE West Seattle,"Windermere RE/Capitol Hill,Inc",47.5498691,-122.3954573,https://www.redfin.com/WA/Seattle/5911-49th-Ave-SW-98136/home/152733
2026-09-19T19:54:21.154Z,West Seattle,2026-06-18,153729,215529218,2526606,Closed,4409 SW Dawson St,,Seattle,WA,98136,Seaview,Single Family,1,1947,4,2,2,2000,5796,1,1225000,613,,,,Cindy Kelly,COMPASS,Coldwell Banker Danforth,47.5563744,-122.38891,https://www.redfin.com/WA/Seattle/4409-SW-Dawson-St-98136/home/153729
2026-09-19T19:54:21.154Z,West Seattle,2026-06-18,154306,211247573,2473468,Closed,6016 44th Ave SW,,Seattle,WA,98136,Seaview,Single Family,1,1918,4,3,3,2780,6500,2,1330000,478,,,,Thomas Maloney,COMPASS,Windermere West Metro,47.5479491,-122.3882876,https://www.redfin.com/WA/Seattle/6016-44th-Ave-SW-98136/home/154306
2026-09-19T19:54:21.154Z,West Seattle,2026-06-18,158675,215345886,2523763,Closed,9354 California Dr SW,,Seattle,WA,98136,Fauntleroy,Single Family,1,1990,3,2.5,2,2690,7265,2,1650000,613,,,,April Cao,eXp Realty,Windermere West Metro,47.5190104,-122.3882,https://www.redfin.com/WA/Seattle/9354-California-Dr-SW-98136/home/158675
2026-09-19T19:54:21.154Z,West Seattle,2026-06-18,159459,216119034,2530642,Closed,3202 SW Raymond St,,Seattle,WA,98126,High Point,Single Family,1,1947,2,1,1,800,5280,1,618143,773,,,,Posey Gruener,Windermere Real Estate/Summit,Reger Homes LLC,47.5485083,-122.3740042,https://www.redfin.com/WA/Seattle/3202-SW-Raymond-St-98126/home/159459
2026-09-19T19:54:21.154Z,West Seattle,2026-06-18,160434,216042752,2521658,Closed,5228 23rd Ave SW,,Seattle,WA,98106,Delridge,Single Family,1,2003,3,2.5,2,1740,6400,2,825000,474,,,,Kris Conover,Windermere Real Estate/East,eXp Realty,47.55484,-122.3614898,https://www.redfin.com/WA/Seattle/5228-23rd-Ave-SW-98106/home/160434
2026-09-19T19:54:21.154Z,West Seattle,2026-06-18,160616,214791756,2517601,Closed,4129 19th Ave SW,,Seattle,WA,98106,Pigeon Point,Single Family,1,1971,4,2.5,2,1640,5000,1,1200000,732,,,,Anna Schwartz,John L Scott RE West Seattle,Lake & Company,47.5657102,-122.3583272,https://www.redfin.com/WA/Seattle/4129-19th-Ave-SW-98106/home/160616
2026-09-19T19:54:21.154Z,Ballard (specific),2026-06-18,166706,216132914,2530342,Closed,7056 26th Ave NW,,Seattle,WA,98117,Loyal Heights,Single Family,1,1913,4,2.5,2,2230,5100,1.5,1530000,686,,,,Michelle Markwood,Windermere RE Greenwood,Windermere Real Estate Midtown,47.6811737,-122.3894953,https://www.redfin.com/WA/Seattle/7056-26th-Ave-NW-98117/home/166706
2026-09-19T19:54:21.154Z,Central Seattle,2026-06-18,167402196,215403349,2524563,Closed,414 30th Ave,,Seattle,WA,98122,Madrona,Single Family,1,2026,6,6,6,3620,3638,1.5,2750000,760,,,,Trung Pham,"John L. Scott, Inc",VerraTerra,47.6056597,-122.2934058,https://www.redfin.com/WA/Seattle/414-30th-Ave-98122/home/167402196
2026-09-19T19:54:21.154Z,Maple Leaf,2026-06-18,172707685,214051880,2506393,Closed,1551 NE 91st St,,Seattle,WA,98115,Maple Leaf,Single Family,1,2021,5,3.5,3,4020,7289,2,2400000,597,,,,Jay Yancey,Windermere RE Greenwood,Real Broker LLC,47.6946656,-122.3100775,https://www.redfin.com/WA/Seattle/1551-NE-91st-St-98115/home/172707685
2026-09-19T19:54:21.154Z,Ballard (specific),2026-06-18,179262112,215866163,2527951,Closed,8027 Mary Ave NW Unit D,Unit D,Seattle,WA,98117,Whittier,Townhouse,3,2021,3,2,2,1421,717,1.5,759900,535,,,,,Windermere RE Magnolia,Redfin,47.6876796,-122.3757112,https://www.redfin.com/WA/Seattle/8027-Mary-Ave-NW-98117/unit-D/home/179262112
2026-09-19T19:54:21.154Z,West Seattle,2026-06-18,182057888,213672219,2502017,Closed,6037 42nd Ave SW Unit B,Unit B,Seattle,WA,98136,West Seattle,Townhouse,3,2022,3,2.5,2,1394,775,1.5,670000,481,,,,Monika MacGuffie,Every Door Real Estate,Lake & Company,47.547405,-122.3862808,https://www.redfin.com/WA/Seattle/6037-42nd-Ave-SW-98136/unit-B/home/182057888
2026-09-19T19:54:21.154Z,Ballard (specific),2026-06-18,183982139,214497222,2513532,Closed,2220 A NW 62nd St,,Seattle,WA,98107,Ballard,Townhouse,3,2026,4,2.5,2,1614,1249,1.5,1025000,635,0,,,Amie Stewart,COMPASS,Realty One Group Orca,47.6740334,-122.3856138,https://www.redfin.com/WA/Seattle/2220-NW-62nd-St-98107/unit-A/home/183982139
2026-09-19T19:54:21.154Z,Eastlake,2026-06-18,193816056,202253320,2370262,Closed,2035 Fairview Ave E Unit D,Unit D,Seattle,WA,98102,Eastlake,Single Family,1,1950,1,1,1,561,1,1,320000,570,,,,Courtney Cooper Neese,Seattle Afloat LLC,Urban Living,47.6381076,-122.3302827,https://www.redfin.com/WA/Seattle/2035-Fairview-Ave-E-98102/unit-D/home/193816056
2026-09-19T19:54:21.154Z,Beacon Hill,2026-06-18,2064171,215291004,2521978,Closed,7601 39th Ave S,,Seattle,WA,98118,Beacon Hill,Single Family,1,2005,5,3.5,3,2820,3764,2,1007000,357,79,,,Junior Torres,Windermere RE Greenwood,Windermere R E Mount Baker,47.5346273,-122.2838718,https://www.redfin.com/WA/Seattle/7601-39th-Ave-S-98118/home/2064171
2026-09-19T19:54:21.154Z,Beacon Hill,2026-06-18,28582061,212789266,2483717,Closed,1321 S State St Unit C,Unit C,Seattle,WA,98144,Beacon Hill,Single Family,1,2009,3,3.5,3,1590,1138,,780000,491,,,,Maysaa Souki,Redfin,"Windermere R.E. Northeast, Inc",47.5876506,-122.3151462,https://www.redfin.com/WA/Seattle/1321-S-State-St-98144/unit-C/home/28582061
2026-09-19T19:54:21.154Z,NW Seattle,2026-06-18,288701,214590015,2515040,Closed,797 NW Culbertson Dr,,Seattle,WA,98177,Broadview,Single Family,1,1965,5,3,3,3810,14100,1,1500000,394,50,,,Amie Armstrong,Windermere R.E. Shoreline,TEC Real Estate Inc.,47.7316573,-122.3656629,https://www.redfin.com/WA/Seattle/797-NW-Culbertson-Dr-98177/home/288701
2026-09-19T19:54:21.154Z,NW Seattle,2026-06-18,289658,217104356,2543874,Closed,3108 NW 93rd St,,Seattle,WA,98117,North Beach,Single Family,1,1964,4,3,3,3280,5940,1,1770000,540,,,,Liz Talley,Windermere RE Greenwood,360 Pacific,47.696626,-122.3974033,https://www.redfin.com/WA/Seattle/3108-NW-93rd-St-98117/home/289658
2026-09-19T19:54:21.154Z,Phinney Ridge,2026-06-18,300037,214851625,2519918,Closed,358 N 74th St,,Seattle,WA,98103,Phinney Ridge,Single Family,1,2026,4,4,4,2235,2052,,1500000,671,40,,,,Windermere RE Greenwood,Redfin,47.6827263,-122.3528132,https://www.redfin.com/WA/Seattle/358-N-74th-St-98103/home/300037
2026-09-19T19:54:21.154Z,Green Lake,2026-06-18,305371,217060630,2543304,Closed,6108 Corliss Ave N,,Seattle,WA,98103,Green Lake,Single Family,1,1909,3,2,1,2880,4050,2,1375000,477,,,,Mia Klarich,Windermere Real Estate Midtown,Windermere Real Estate Midtown,47.6732141,-122.3305656,https://www.redfin.com/WA/Seattle/6108-Corliss-Ave-N-98103/home/305371
2026-09-19T19:54:21.154Z,NE Seattle,2026-06-18,316192,215747126,2528112,Closed,2723 NE 87th St,,Seattle,WA,98115,Wedgwood,Single Family,1,2026,4,3.5,3,2204,2315,3,1224950,556,20,,,,"Real Property Associates, Inc.",Redfin,47.6915277,-122.2981335,https://www.redfin.com/WA/Seattle/2723-NE-87th-St-98115/home/316192
2026-09-19T19:54:21.154Z,West Seattle,2026-06-18,330443,215330338,2523659,Closed,4515 SW Genesee St,,Seattle,WA,98116,Genesee,Single Family,1,1921,3,3,3,2380,4850,1.5,1270000,534,,,,Robert Kelly,West Seattle Realty,COMPASS,47.5646195,-122.3903578,https://www.redfin.com/WA/Seattle/4515-SW-Genesee-St-98116/home/330443
2026-09-19T19:54:21.154Z,West Seattle,2026-06-18,474237,215588576,2525906,Closed,8145 16th Ave SW,,Seattle,WA,98106,Highland Park,Single Family,1,1919,1,1,1,700,5120,1,275000,393,,,,Audrey Manzanares,Windermere Real Estate Midtown,Keller Williams Eastside,47.528751,-122.3553993,https://www.redfin.com/WA/Seattle/8145-16th-Ave-SW-98106/home/474237
2026-09-19T19:54:21.154Z,West Seattle,2026-06-18,474758,213876878,2503123,Closed,1715 SW Trenton St,,Seattle,WA,98106,Highland Park,Single Family,1,1918,3,2,2,1970,4800,1.5,750000,381,,,,Michelle Hamshaw,John L. Scott Mukilteo,Keller Williams Seattle Metro,47.5245023,-122.3572538,https://www.redfin.com/WA/Seattle/1715-SW-Trenton-St-98106/home/474758
2026-09-19T19:54:21.154Z,Beacon Hill,2026-06-18,481189,216070705,2529159,Closed,2000 S Edmunds St,,Seattle,WA,98108,Beacon Hill,Single Family,1,1941,3,2,2,1780,8330,1.5,720000,404,,,,Alan Choi,Keller Williams Realty PS,TEC Real Estate Inc.,47.5600432,-122.3069943,https://www.redfin.com/WA/Seattle/2000-S-Edmunds-St-98108/home/481189
2026-09-19T19:54:21.154Z,Beacon Hill,2026-06-18,481236,216107998,2530013,Closed,5113 19th Ave S,,Seattle,WA,98108,Beacon Hill,Single Family,1,1977,4,3,3,2020,8260,3,840000,416,,,,,Windermere R E Mount Baker,Redfin,47.5562314,-122.3082027,https://www.redfin.com/WA/Seattle/5113-19th-Ave-S-98108/home/481236
2026-09-19T19:54:21.154Z,Beacon Hill,2026-06-18,481401,213443203,2483778,Closed,8434 34th Ave S,,Seattle,WA,98118,Beacon Hill,Single Family,1,1931,3,2,2,1440,5176,1,485000,337,,,,Jeff Alexander,Premier Real Estate Partners,Premier Real Estate Partners,47.5268514,-122.2888621,https://www.redfin.com/WA/Seattle/8434-34th-Ave-S-98118/home/481401
2026-09-19T19:54:21.154Z,Ballard (specific),2026-06-18,493963,216142416,2530179,Closed,6051 6th Ave NW,,Seattle,WA,98107,Ballard,Single Family,1,1924,2,1,1,1730,3737,1,985000,569,,,,Cari Sulcer,Windermere Real Estate Co.,Windermere Real Estate Midtown,47.6738641,-122.3642823,https://www.redfin.com/WA/Seattle/6051-6th-Ave-NW-98107/home/493963
2026-09-19T19:54:21.154Z,NW Seattle,2026-06-18,498699,216718637,2536582,Closed,110 N 76th St,,Seattle,WA,98103,Phinney Ridge,Single Family,1,1910,2,2,2,1680,3090,1,1315000,783,,,,Hutton Moyer,Coldwell Banker Bain,Windermere Real Estate Midtown,47.6842393,-122.3574481,https://www.redfin.com/WA/Seattle/110-N-76th-St-98103/home/498699
2026-09-19T19:54:21.154Z,Central Seattle,2026-06-18,55551288,212484026,2484310,Closed,717 Martin Luther King Jr. Way S Unit B,Unit B,Seattle,WA,98144,Judkins,Townhouse,3,2014,3,3.5,3,1820,1502,1.5,787995,433,,,,Matthew Chapman,Windermere Real Estate/East,"Skyline Properties, Inc.",47.5961378,-122.2980615,https://www.redfin.com/WA/Seattle/717-Martin-Luther-King-Jr-Way-S-98144/unit-B/home/55551288
2026-09-19T19:54:21.154Z,Wallingford,2026-06-18,8189466,213876417,2504357,Closed,1406 N 38th St,,Seattle,WA,98103,Wallingford,Townhouse,3,2006,2,2.5,2,1600,1870,1.5,935000,584,,,,Matthew Miner,COMPASS,Every Door Real Estate,47.6528718,-122.3409707,https://www.redfin.com/WA/Seattle/1406-N-38th-St-98103/home/8189466
2026-09-19T19:54:21.154Z,NW Seattle,2026-06-18,98198,215301055,2523470,Closed,12228 Dayton Ave N,,Seattle,WA,98133,Bitter Lake,Single Family,1,1980,2,2,2,1540,6554,2,775000,503,,,,Wally Abbas,Integris Real Estate,"Skyline Properties, Inc.",47.7186162,-122.3525775,https://www.redfin.com/WA/Seattle/12228-Dayton-Ave-N-98133/home/98198
2026-09-19T19:54:21.154Z,Magnolia,2026-06-17,125459,212866474,2469138,Closed,1640 Magnolia Blvd W,,Seattle,WA,98199,Magnolia Bluff,Single Family,1,1977,3,3.5,3,3540,8193,2,3895000,1100,,,,Beth Toomey,Coldwell Banker Bain,Windermere RE Magnolia,47.6345146,-122.4021576,https://www.redfin.com/WA/Seattle/1640-Magnolia-Blvd-W-98199/home/125459
2026-09-19T19:54:21.154Z,Queen Anne,2026-06-17,133322,214868034,2518195,Closed,321 Lee St,,Seattle,WA,98109,Queen Anne,Single Family,1,1904,4,3.5,3,3070,6871,2,2195600,715,,,,Briana Schiavone,Keller Williams Realty PS,ZNonMember-Office-MLS,47.631231,-122.3504706,https://www.redfin.com/WA/Seattle/321-Lee-St-98109/home/133322
2026-09-19T19:54:21.154Z,Central Seattle,2026-06-17,146930,214635115,2516767,Closed,1413 26th Ave,,Seattle,WA,98122,Central Area,Single Family,1,1909,2,1,1,850,3840,1,650000,765,20,,,Brooks Glenn,Windermere Real Estate Co.,John L Scott Madrona Group,47.6134539,-122.2991056,https://www.redfin.com/WA/Seattle/1413-26th-Ave-98122/home/146930
2026-09-19T19:54:21.154Z,Central Seattle,2026-06-17,148126,216084486,2529389,Closed,1710 30th Ave,,Seattle,WA,98122,Madison Valley,Single Family,1,1985,4,3,3,2070,4400,1,995000,481,,,,Monica Wilkinson,Windermere Real Estate Midtown,Windermere Real Estate Midtown,47.6168086,-122.2932121,https://www.redfin.com/WA/Seattle/1710-30th-Ave-98122/home/148126
2026-09-19T19:54:21.154Z,West Seattle,2026-06-17,153530,214824001,2519610,Closed,4743 50th Ave SW,,Seattle,WA,98116,Genesee,Single Family,1,1920,3,2,2,2120,6000,1.5,1026000,484,,,,Maria Costello,Real Broker LLC,John L Scott RE West Seattle,47.5598881,-122.3966274,https://www.redfin.com/WA/Seattle/4743-50th-Ave-SW-98116/home/153530
2026-09-19T19:54:21.154Z,West Seattle,2026-06-17,155053,215354545,2521553,Closed,10209 31st Ave SW,,Seattle,WA,98146,Arbor Heights,Single Family,1,1953,3,2,2,1380,9000,1,775000,562,,,,Jeff Wolfe,Windermere R E Mount Baker,Coldwell Banker Bain,47.5116029,-122.3720315,https://www.redfin.com/WA/Seattle/10209-31st-Ave-SW-98146/home/155053
2026-09-19T19:54:21.154Z,West Seattle,2026-06-17,158342,216074499,2529925,Closed,10617 39th Ave SW,,Seattle,WA,98146,Arbor Heights,Single Family,1,1942,3,2,2,1555,9300,1,880000,566,,,,Andrew Neighbors,COMPASS,Windermere West Metro,47.5077146,-122.3818526,https://www.redfin.com/WA/Seattle/10617-39th-Ave-SW-98146/home/158342
2026-09-19T19:54:21.154Z,Ballard (specific),2026-06-17,162671,215947448,2482964,Closed,3003 NW 65th St,,Seattle,WA,98117,Ballard,Single Family,1,1914,3,2,2,3040,4850,1.5,1200000,395,,,,Bruce Butterfield,Berkshire Hathaway HS NW,eXp Realty,47.6756979,-122.3959483,https://www.redfin.com/WA/Seattle/3003-NW-65th-St-98117/home/162671
2026-09-19T19:54:21.154Z,Ballard (specific),2026-06-17,164290,216312143,2532682,Closed,7527 23rd Ave NW,,Seattle,WA,98117,Ballard,Single Family,1,1941,3,2,2,1860,3900,1,875000,470,,,,Aaron Kahn,Windermere Real Estate Midtown,"Heaton Dainard, LLC",47.6839911,-122.3856934,https://www.redfin.com/WA/Seattle/7527-23rd-Ave-NW-98117/home/164290
2026-09-19T19:54:21.154Z,Wallingford,2026-06-17,194156021,210987574,2469782,Closed,4421 2nd Ave NE,,Seattle,WA,98105,Wallingford,Townhouse,3,2026,4,3.5,3,2118,2047,1.5,1320000,623,78,,,John Cowan,Windermere Real Estate Co.,Alchemy Real Estate,47.66091,-122.327586,https://www.redfin.com/WA/Seattle/4421-2nd-Ave-NE-98105/home/194156021
2026-09-19T19:54:21.154Z,NE Seattle,2026-06-17,201761016,214890813,2520231,Closed,6834 47th Ave NE,,Seattle,WA,98115,View Ridge,Single Family,1,2026,2,2,2,1080,1651,2,889000,823,28,,,Katie Chinn,"Windermere R.E. Northeast, Inc",KW Greater Seattle,47.6786064,-122.2777017,https://www.redfin.com/WA/Seattle/6834-47th-Ave-NE-98115/home/201761016
2026-09-19T19:54:21.154Z,Green Lake,2026-06-17,307734,216201858,2529066,Closed,7316 Woodlawn Ave NE,,Seattle,WA,98115,Green Lake,Townhouse,3,2002,3,3.5,3,1410,1055,1.5,940000,667,,,,Terri Agee Smith,Windermere Real Estate Co.,Realty ONE Group Orca Gold,47.6817123,-122.325533,https://www.redfin.com/WA/Seattle/7316-Woodlawn-Ave-NE-98115/home/307734
2026-09-19T19:54:21.154Z,NE Seattle,2026-06-17,310186,216180151,2530742,Closed,1312 NE 70th St,,Seattle,WA,98115,Roosevelt,Single Family,1,1920,3,3,3,1840,3000,1,1300000,707,,,,Chris Kallin,Realogics Sotheby's Int'l Rlty,"Windermere R.E. Northeast, Inc",47.6796036,-122.3137623,https://www.redfin.com/WA/Seattle/1312-NE-70th-St-98115/home/310186
2026-09-19T19:54:21.154Z,NE Seattle,2026-06-17,313142,215356865,2522915,Closed,6257 28th Ave NE,,Seattle,WA,98115,Ravenna,Single Family,1,1950,2,1,1,770,2925,1,750000,974,,,,Cynthia Williams,"Quorum-Laurelhurst, Inc",Rain Town Realty + JPAR,47.6756319,-122.297714,https://www.redfin.com/WA/Seattle/6257-28th-Ave-NE-98115/home/313142
2026-09-19T19:54:21.154Z,NE Seattle,2026-06-17,314455,215586616,2521430,Closed,3815 NE 60th St,,Seattle,WA,98115,Bryant,Single Family,1,1922,6,3,3,3380,8774,2,1780000,527,,,,Patrick Corr,Windermere Real Estate Co.,Lake & Company,47.6719424,-122.2861083,https://www.redfin.com/WA/Seattle/3815-NE-60th-St-98115/home/314455
2026-09-19T19:54:21.154Z,West Seattle,2026-06-17,474335,215385057,2520590,Closed,622 SW Othello St,,Seattle,WA,98106,West Seattle,Single Family,1,1966,6,3.5,3,2620,10384,1.5,965000,368,,,,Davey Wilde,COMPASS,Real Broker LLC,47.5371805,-122.3441247,https://www.redfin.com/WA/Seattle/622-SW-Othello-St-98106/home/474335
2026-09-19T19:54:21.154Z,Ballard (specific),2026-06-17,493666,215366419,2523483,Closed,1548 NW 58th St NW Unit B,Unit B,Seattle,WA,98107,Ballard,Townhouse,3,1999,2,1.5,1,1220,1250,3,707000,580,,,,Katie Browne,Windermere Real Estate Co.,Windermere R E Mount Baker,47.6711853,-122.3783502,https://www.redfin.com/WA/Seattle/1548-NW-58th-St-98107/unit-B/home/493666
2026-09-19T19:54:21.154Z,Central Seattle,2026-06-17,56211,214574128,2515950,Closed,2001 E Yesler #17,#17,Seattle,WA,98122,Central Area,Townhouse,3,1980,2,1.5,1,1090,,1.5,390000,358,883,,,,Windermere Real Estate/Summit,Redfin,47.601404,-122.305701,https://www.redfin.com/WA/Seattle/2001-E-Yesler-Way-98122/unit-17/home/56211
2026-09-19T19:54:21.154Z,West Seattle,2026-06-17,57070,217003508,2542440,Closed,3717 Beach Dr SW #117,#117,Seattle,WA,98116,Beach Drive,Single Family,1,1968,2,1.5,1,1240,,2,610000,492,1439,,,Tiffany Fuentes,RSVP Brokers ERA,NWMLS-NonOffice,47.570585,-122.411586,https://www.redfin.com/WA/Seattle/3717-Beach-Dr-SW-98116/unit-117/home/57070
2026-09-19T19:54:21.154Z,NW Seattle,2026-06-16,100224,215563394,2526934,Closed,9545 2nd Ave NW,,Seattle,WA,98117,Greenwood,Single Family,1,1930,6,3,3,2864,6350,2,1150000,402,,,,Clint Kinzel,Windermere R.E. Shoreline,KW Greater Seattle,47.6991115,-122.3597572,https://www.redfin.com/WA/Seattle/9545-2nd-Ave-NW-98117/home/100224
2026-09-19T19:54:21.154Z,Wallingford,2026-06-16,119988,215312857,2522204,Closed,3505 Burke Ave N,,Seattle,WA,98103,Wallingford,Single Family,1,1922,2,1,1,1620,3420,1,899000,555,,,,Tanya Thackeray Wilson,Windermere Real Estate Co.,Engel & Voelkers Seattle DT,47.6494038,-122.335436,https://www.redfin.com/WA/Seattle/3505-Burke-Ave-N-98103/home/119988
2026-09-19T19:54:21.154Z,Queen Anne,2026-06-16,130314,216087789,2528359,Closed,2580 5th Ave W,,Seattle,WA,98119,Queen Anne,Single Family,1,1915,3,2,2,1444,3036,1.5,1113000,771,,,,Allie Howard,COMPASS,Windermere Real Estate Midtown,47.6429329,-122.363285,https://www.redfin.com/WA/Seattle/2580-5th-Ave-W-98119/home/130314
2026-09-19T19:54:21.154Z,Central Seattle,2026-06-16,141872,214794462,2517444,Closed,814 31st Ave S,,Seattle,WA,98144,Leschi,Single Family,1,1988,4,3.5,3,2961,4120,,1885000,637,,,,Toby Lumpkin,COMPASS,"Skyline Properties, Inc.",47.5952335,-122.2922778,https://www.redfin.com/WA/Seattle/814-31st-Ave-S-98144/home/141872
2026-09-19T19:54:21.154Z,Magnolia,2026-06-16,143457537,215328814,2516917,Closed,2415 W Lynn St,,Seattle,WA,98199,Magnolia,Townhouse,3,2018,3,2,2,1487,2628,1.5,935000,629,,,,Brian Alfi,Windermere R.E. Shoreline,"Skyline Properties, Inc.",47.6388383,-122.3882354,https://www.redfin.com/WA/Seattle/2415-W-Lynn-St-98199/home/143457537
2026-09-19T19:54:21.154Z,West Seattle,2026-06-16,152748,215324788,2523457,Closed,6017 46th Ave SW,,Seattle,WA,98136,Seaview,Single Family,1,1950,3,2,2,1660,6000,1,1155000,696,,,,Sarah Mosley,Windermere West Metro,Berkshire Hathaway HS NW,47.5479898,-122.3915232,https://www.redfin.com/WA/Seattle/6017-46th-Ave-SW-98136/home/152748
2026-09-19T19:54:21.154Z,West Seattle,2026-06-16,153037,215341951,2523862,Closed,6439 Marshall Ave SW,,Seattle,WA,98136,Seaview,Single Family,1,1955,2,1,1,1080,7775,1,835000,773,,,,Scott Monroe,Windermere West Metro,COMPASS,47.5447443,-122.3936925,https://www.redfin.com/WA/Seattle/6439-Marshall-Ave-SW-98136/home/153037
2026-09-19T19:54:21.154Z,West Seattle,2026-06-16,155490,214132230,2506347,Closed,3513 SW 97th St,,Seattle,WA,98126,Arbor Heights,Single Family,1,1928,2,1,1,830,8520,1,485000,584,,,,Earnest Watts,Redfin,Coldwell Banker Danforth,47.5163562,-122.3775574,https://www.redfin.com/WA/Seattle/3513-SW-97th-St-98126/home/155490
2026-09-19T19:54:21.154Z,Beacon Hill,2026-06-16,168962,213422469,2497403,Closed,2356 S Angeline St,,Seattle,WA,98108,Beacon Hill,Single Family,1,1982,4,3,3,1820,10581,1.5,855000,470,,,,Victor Zacapu,"Skyline Properties, Inc.",Every Door Real Estate,47.560796,-122.3023032,https://www.redfin.com/WA/Seattle/2356-S-Angeline-St-98108/home/168962
2026-09-19T19:54:21.154Z,Northgate,2026-06-16,18663273,214526709,2514850,Closed,1025 NE 130th St,,Seattle,WA,98125,Pinehurst,Single Family,1,2008,5,2.5,2,3510,7213,2,1300000,370,,,,Isabelle Roy Dowling,Windermere Real Estate Co.,Better Properties Eastside,47.7223845,-122.3171889,https://www.redfin.com/WA/Seattle/1025-NE-130th-St-98125/home/18663273
2026-09-19T19:54:21.154Z,Magnolia,2026-06-16,191552978,214099511,2501545,Closed,2528 27th Ave W,,Seattle,WA,98199,Magnolia,Townhouse,3,2024,2,1.5,1,904,1724,2,799990,885,2,,,Danny Poach,Keller Williams Rlty Bellevue,"Wilson Realty Exchange, Inc.",47.6420392,-122.391321,https://www.redfin.com/WA/Seattle/2528-27th-Ave-W-98199/home/191552978
2026-09-19T19:54:21.154Z,Ballard (specific),2026-06-16,201645556,214558901,2513795,Closed,6747 Earl Ave NW,,Seattle,WA,98117,Sunset Hill,Townhouse,3,2026,2,2.5,2,1091,1378,1.5,789000,723,14,,,Tony Ferrelli,"Windermere R.E. Northeast, Inc",KW Greater Seattle,47.6790607,-122.392243,https://www.redfin.com/WA/Seattle/6747-Earl-Ave-NW-98117/home/201645556
2026-09-19T19:54:21.154Z,NE Seattle,2026-06-16,201765003,214909690,2509180,Closed,2731 NE 87th St,,Seattle,WA,98115,Wedgwood,Single Family,1,2026,3,3,3,1149,1017,3,789950,688,20,,,Eric Nissen,"Real Property Associates, Inc.",eXp Realty,47.6915129,-122.2978004,https://www.redfin.com/WA/Seattle/2731-NE-87th-St-98115/home/201765003
2026-09-19T19:54:21.154Z,Fremont,2026-06-16,2070821,214860422,2518479,Closed,1209 N 44th St,,Seattle,WA,98103,Wallingford,Single Family,1,2005,3,3,2,2055,4289,1.5,1675000,815,,,,Ann Babb-Nordling,RE/MAX Northwest,COMPASS,47.6597768,-122.3433411,https://www.redfin.com/WA/Seattle/1209-N-44th-St-98103/home/2070821
2026-09-19T19:54:21.154Z,Ballard (specific),2026-06-16,290154,215354013,2523058,Closed,3532 NW 67th St,,Seattle,WA,98117,Sunset Hill,Single Family,1,1964,4,3,3,2730,5487,1,2150000,788,,,,Matthew Miner,COMPASS,Windermere Real Estate Co.,47.6772203,-122.4036403,https://www.redfin.com/WA/Seattle/3532-NW-67th-St-98117/home/290154
2026-09-19T19:54:21.154Z,NW Seattle,2026-06-16,300552,215292453,2522931,Closed,924 N 75th St,,Seattle,WA,98103,Green Lake,Single Family,1,1924,3,2,2,2000,3000,1,1095000,548,,,,Katie Cahill,COMPASS,COMPASS,47.6834793,-122.3453257,https://www.redfin.com/WA/Seattle/924-N-75th-St-98103/home/300552
2026-09-19T19:54:21.154Z,West Seattle,2026-06-16,328382,216133287,2531364,Closed,3402 SW Spokane St,,Seattle,WA,98126,North Admiral,Single Family,1,1924,4,3,3,2654,3061,3,1530000,576,25,,,Stephani Nelson,Windermere RE Greenwood,Realogics Sotheby's Int'l Rlty,47.5720803,-122.3753577,https://www.redfin.com/WA/Seattle/3402-SW-Spokane-St-98126/home/328382
2026-09-19T19:54:21.154Z,Green Lake,2026-06-16,39902865,216135986,2531140,Closed,7812 Stroud Ave N,,Seattle,WA,98103,Green Lake,Single Family,1,2011,3,2.5,2,1584,1433,3,1100000,694,,,,Kim Dales,Windermere Real Estate Co.,Every Door Real Estate,47.6857484,-122.3356105,https://www.redfin.com/WA/Seattle/7812-Stroud-Ave-N-98103/home/39902865
2026-09-19T19:54:21.154Z,West Seattle,2026-06-16,469990,214568792,2515553,Closed,3907 SW Ida St,,Seattle,WA,98136,Gatewood,Single Family,1,1943,3,2,2,1920,5100,1,1270000,661,,,,Sarah Mosley,Windermere West Metro,Windermere Real Estate Co.,47.5340813,-122.3824426,https://www.redfin.com/WA/Seattle/3907-SW-Ida-St-98136/home/469990
2026-09-19T19:54:21.154Z,West Seattle,2026-06-16,470983,214353901,2501634,Closed,3707 SW Juneau St,,Seattle,WA,98126,Fairmount,Single Family,1,1925,2,1.5,1,940,3462,1,699000,744,1,,,Kayse Gundram,Windermere Real Estate Co.,Coldwell Banker Bain,47.5500568,-122.3792081,https://www.redfin.com/WA/Seattle/3707-SW-Juneau-St-98126/home/470983
2026-09-19T19:54:21.154Z,NW Seattle,2026-06-16,95488,215242804,2522414,Closed,10012 8th Ave NW,,Seattle,WA,98177,Greenwood,Single Family,1,1956,3,2,2,1270,8003,1,849950,669,,,,Mark Varvaryuk,eXp Realty,Every Door Real Estate,47.7019621,-122.3657699,https://www.redfin.com/WA/Seattle/10012-8th-Ave-NW-98177/home/95488
2026-09-19T19:54:21.154Z,NW Seattle,2026-06-16,95604,214525349,2501502,Closed,10010 13th Ave NW,,Seattle,WA,98177,Crown Hill,Single Family,1,1945,4,2,2,2140,7681,1,1130000,528,,,,Steve Koon,Windermere R.E. Shoreline,Windermere Real Estate Midtown,47.7018693,-122.3724797,https://www.redfin.com/WA/Seattle/10010-13th-Ave-NW-98177/home/95604
2026-09-19T19:54:21.154Z,Maple Leaf,2026-06-15,109216,213380521,2497441,Closed,548 NE 102nd St,,Seattle,WA,98125,Maple Leaf,Single Family,1,1924,1,2,2,1150,6127,1,620000,539,,,,Beth Bylund,Windermere Real Estate Midtown,Better Properties Eastside,47.7024661,-122.3210744,https://www.redfin.com/WA/Seattle/548-NE-102nd-St-98125/home/109216
2026-09-19T19:54:21.154Z,Central Seattle,2026-06-15,109969717,214870942,2519769,Closed,316 S 26th Ave S Unit B,Unit B,Seattle,WA,98144,Central Area,Single Family,1,2016,3,3,3,1647,1702,3,889000,540,,,,Aman Shergill,WeLakeside,COMPASS,47.5998032,-122.2984347,https://www.redfin.com/WA/Seattle/316-26th-Ave-S-98144/unit-B/home/109969717
2026-09-19T19:54:21.154Z,Magnolia,2026-06-15,124440,214521678,2508786,Closed,3813 23rd Ave W,,Seattle,WA,98199,Magnolia,Single Family,1,1999,4,2.5,2,2220,2900,2,1120000,505,,,,Monica Li,Rockhood,Real Broker LLC,47.6544139,-122.3866018,https://www.redfin.com/WA/Seattle/3813-23rd-Ave-W-98199/home/124440
2026-09-19T19:54:21.154Z,Central Seattle,2026-06-15,139217,214530671,2514865,Closed,1108 39th Ave E,,Seattle,WA,98112,Washington Park,Single Family,1,1924,4,3.5,3,4540,8450,2,4575000,1008,,,,Spafford Robbins,COMPASS,Windermere Real Estate Co.,47.6289128,-122.2823241,https://www.redfin.com/WA/Seattle/1108-39th-Ave-E-98112/home/139217
2026-09-19T19:54:21.154Z,Central Seattle,2026-06-15,141627,214825149,2518034,Closed,1507 Madrona Dr,,Seattle,WA,98122,Madrona,Single Family,1,1909,4,2.5,2,2010,3500,2,1439000,716,,,,Kevin O Doherty,Windermere Real Estate Co.,Windermere Real Estate/Summit,47.6136197,-122.2830544,https://www.redfin.com/WA/Seattle/1507-Madrona-Dr-98122/home/141627
2026-09-19T19:54:21.154Z,Central Seattle,2026-06-15,143253,215566319,2526479,Closed,801 16th Ave,,Seattle,WA,98122,Central Area,Single Family,1,1926,4,2,2,3220,3520,2,1248140,388,,,,,Windermere Real Estate Midtown,Redfin,47.6093639,-122.3118723,https://www.redfin.com/WA/Seattle/801-16th-Ave-98122/home/143253
2026-09-19T19:54:21.154Z,West Seattle,2026-06-15,156408,216974676,2542058,Closed,8430 Fauntleroy Way SW,,Seattle,WA,98136,Fauntleroy,Single Family,1,1931,4,2,2,2720,6216,2,1350000,496,,,,Angela Cramer,Redfin,Redfin,47.5273674,-122.3923814,https://www.redfin.com/WA/Seattle/8430-Fauntleroy-Way-SW-98136/home/156408
2026-09-19T19:54:21.154Z,NE Seattle,2026-06-15,316244,215368313,2523220,Closed,8232 39th Ave NE,,Seattle,WA,98115,Seattle,Single Family,1,1948,3,2,2,1465,5800,1,1176000,803,,,,Angie Manca,COMPASS,"Skyline Properties, Inc.",47.6893967,-122.2861468,https://www.redfin.com/WA/Seattle/8232-39th-Ave-NE-98115/home/316244
2026-09-19T19:54:21.154Z,West Seattle,2026-06-15,331170,215354828,2523789,Closed,4543 50th Ave SW,,Seattle,WA,98116,Genesee,Single Family,1,1965,4,3,3,2640,4830,2,1200000,455,,,,Karen Jones,Redfin,COMPASS,47.5616928,-122.3966184,https://www.redfin.com/WA/Seattle/4543-50th-Ave-SW-98116/home/331170
2026-09-19T19:54:21.154Z,Beacon Hill,2026-06-15,40264577,214913050,2515769,Closed,4000 14th Ave S Unit A,Unit A,Seattle,WA,98108,Beacon Hill,Townhouse,3,2013,3,2,2,1340,1268,1.5,585000,437,,,,Derek DeWolf,"Windermere RE/Capitol Hill,Inc","John L. Scott, Inc.",47.5678712,-122.3143176,https://www.redfin.com/WA/Seattle/4000-14th-Ave-S-98108/unit-A/home/40264577
2026-09-19T19:54:21.154Z,West Seattle,2026-06-15,473191,212770054,2488814,Closed,7353 29th Ave SW,,Seattle,WA,98126,West Seattle,Single Family,1,1945,4,3,3,1940,6500,2,845000,436,,,,Dien Le,"Skyline Properties, Inc.",COMPASS,47.5358582,-122.3700804,https://www.redfin.com/WA/Seattle/7353-29th-Ave-SW-98126/home/473191
2026-09-19T19:54:21.154Z,West Seattle,2026-06-15,474656,215293973,2518580,Closed,7910 20th Ave SW,,Seattle,WA,98106,Highland Park,Single Family,1,2003,3,2,2,1350,5160,1,761000,564,,,,Sarah Rudinoff,Windermere R E Mount Baker,COMPASS,47.5315334,-122.3587739,https://www.redfin.com/WA/Seattle/7910-20th-Ave-SW-98106/home/474656
2026-09-19T19:54:21.154Z,Beacon Hill,2026-06-15,480187,214087677,2499957,Closed,8001 36th Ave S,,Seattle,WA,98118,Beacon Hill,Single Family,1,1957,3,1,1,1020,7152,1,549950,539,,,,Harry Eng,"John L. Scott, Inc",COMPASS,47.5308626,-122.2869333,https://www.redfin.com/WA/Seattle/8001-36th-Ave-S-98118/home/480187
2026-09-19T19:54:21.154Z,NW Seattle,2026-06-15,496602,214832865,2518448,Closed,114 N 84th St,,Seattle,WA,98103,Greenwood,Single Family,1,1906,3,2,2,1513,4175,1.5,945000,625,,,,Paul Van Hollebeke,Lake & Company,Windermere Real Estate Midtown,47.6900144,-122.3572732,https://www.redfin.com/WA/Seattle/114-N-84th-St-98103/home/496602
2026-09-19T19:54:21.154Z,Eastlake,2026-06-15,69356554,216924231,2541075,Closed,2840 Fairview Ave E,,Seattle,WA,98102,Eastlake,Townhouse,3,2017,4,4.5,4,3064,1854,1.5,2650000,865,450,,,Jason Foss,Real Residential,Coldwell Banker Bain,47.6468496,-122.3258421,https://www.redfin.com/WA/Seattle/2840-Fairview-Ave-E-98102/home/69356554
2026-09-19T19:54:21.154Z,NW Seattle,2026-06-12,100725,215379173,2524633,Closed,9526 7th Ave NW,,Seattle,WA,98117,Crown Hill,Single Family,1,1972,4,3,3,1640,5040,1.5,970000,591,,,,Jinyu Gao,Best Choice Realty LLC,Lake & Company,47.6986796,-122.3643864,https://www.redfin.com/WA/Seattle/9526-7th-Ave-NW-98117/home/100725
2026-09-19T19:54:21.154Z,Northgate,2026-06-12,103507,212897142,2489843,Closed,104 NE 120th St,,Seattle,WA,98125,Northgate,Single Family,1,1943,4,1,1,2570,10926,1.5,750000,292,,,,Michael Doyle,Windermere Real Estate Midtown,Real Broker LLC,47.7160732,-122.3285379,https://www.redfin.com/WA/Seattle/104-NE-120th-St-98125/home/103507
2026-09-19T19:54:21.154Z,NE Seattle,2026-06-12,121787,216119852,2530526,Closed,3863 44th Ave NE,,Seattle,WA,98105,Laurelhurst,Single Family,1,1939,3,2.5,2,2467,4000,2,1500000,608,,,,Lenae Olson,"Windermere RE North, Inc.",Windermere Real Estate Co.,47.6573533,-122.2804037,https://www.redfin.com/WA/Seattle/3863-44th-Ave-NE-98105/home/121787
2026-09-19T19:54:21.154Z,Magnolia,2026-06-12,124345,214348009,2511705,Closed,2114 26th Ave W,,Seattle,WA,98199,Magnolia,Single Family,1,2021,8,4,4,3864,4883,2,2550000,660,2,,,Mary Avedesian,Kelly Right RE of Seattle LLC,Windermere RE Magnolia,47.6382728,-122.3900804,https://www.redfin.com/WA/Seattle/2114-26th-Ave-W-98199/home/124345
2026-09-19T19:54:21.154Z,Magnolia,2026-06-12,126623,213562517,2500343,Closed,1400 Magnolia Blvd W,,Seattle,WA,98199,Magnolia,Single Family,1,1964,3,3,3,3030,5000,2,2177000,718,,,,Cori Whitaker,"Windermere RE North, Inc.",Windermere RE Magnolia,47.6325686,-122.394532,https://www.redfin.com/WA/Seattle/1400-Magnolia-Blvd-W-98199/home/126623
2026-09-19T19:54:21.154Z,Magnolia,2026-06-12,127825,216112030,2530491,Closed,3053 32nd Ave W,,Seattle,WA,98199,Magnolia,Single Family,1,1947,4,3,3,2580,7200,1,1600000,620,,,,Marnie Oshan,Windermere Real Estate Co.,COMPASS,47.6484096,-122.3985515,https://www.redfin.com/WA/Seattle/3053-32nd-Ave-W-98199/home/127825
2026-09-19T19:54:21.154Z,Central Seattle,2026-06-12,139960,216856261,2540034,Closed,2306 42nd Ave E,,Seattle,WA,98112,Madison Park,Single Family,1,2014,5,3.5,3,3920,4800,2,3500000,893,,,,Hutton Moyer,Coldwell Banker Bain,Coldwell Banker Bain,47.6393686,-122.2781438,https://www.redfin.com/WA/Seattle/2306-42nd-Ave-E-98112/home/139960
2026-09-19T19:54:21.154Z,Queen Anne,2026-06-12,145709449,213911488,2496745,Closed,1122 5th Ave N,,Seattle,WA,98109,Queen Anne,Townhouse,3,2018,2,2,2,1357,976,1.5,925000,682,,,,Monica Church,Real Broker LLC,Real Broker LLC,47.6294536,-122.3470246,https://www.redfin.com/WA/Seattle/1122-5th-Ave-N-98109/home/145709449
2026-09-19T19:54:21.154Z,West Seattle,2026-06-12,151362,216865189,2540177,Closed,3232 57th Ave SW,,Seattle,WA,98116,Alki,Single Family,1,1955,3,2,2,1710,10200,1,1126000,658,,,,Emily Austin,COMPASS,COMPASS,47.5748027,-122.4048814,https://www.redfin.com/WA/Seattle/3232-57th-Ave-SW-98116/home/151362
2026-09-19T19:54:21.154Z,West Seattle,2026-06-12,158351,215391035,2522038,Closed,9629 California Ave SW,,Seattle,WA,98136,Fauntleroy,Single Family,1,1931,1,1,1,1000,9856,1.5,925000,925,,,,Mara Haveson,COMPASS,Kelly Right RE of Seattle LLC,47.5165528,-122.3877677,https://www.redfin.com/WA/Seattle/9629-California-Ave-SW-98136/home/158351
2026-09-19T19:54:21.154Z,Ballard (specific),2026-06-12,163937,214081251,2507678,Closed,8049 23rd Ave NW,,Seattle,WA,98117,Loyal Heights,Single Family,1,1930,4,2,2,2620,4500,1.5,1290000,492,,,,Jordan Malloch,Windermere Real Estate Co.,Windermere Real Estate Midtown,47.6882337,-122.3856974,https://www.redfin.com/WA/Seattle/8049-23rd-Ave-NW-98117/home/163937
2026-09-19T19:54:21.154Z,Ballard (specific),2026-06-12,163967,214559374,2512338,Closed,6743 Earl Ave NW,,Seattle,WA,98117,Sunset Hill,Townhouse,3,2026,4,3.5,3,2016,1612,1.5,1265000,627,112,,,Tony Ferrelli,"Windermere R.E. Northeast, Inc",COMPASS,47.6790022,-122.3921978,https://www.redfin.com/WA/Seattle/6743-Earl-Ave-NW-98117/home/163967
2026-09-19T19:54:21.154Z,NW Seattle,2026-06-12,164195,215599204,2527622,Closed,2642 NW 87th St,,Seattle,WA,98117,North Beach,Single Family,1,1910,3,1,1,1640,3012,1.5,995000,607,,,,John Blacksmith,Lake & Company,Ensemble,47.692191,-122.3921215,https://www.redfin.com/WA/Seattle/2642-NW-87th-St-98117/home/164195
2026-09-19T19:54:21.154Z,Beacon Hill,2026-06-12,169486,214568045,2515891,Closed,1915 11th Ave S,,Seattle,WA,98134,Beacon Hill,Single Family,1,1993,5,2,2,1810,6105,1,765000,423,,,,Traci Klein,COMPASS,COMPASS,47.5858422,-122.3188496,https://www.redfin.com/WA/Seattle/1915-11th-Ave-S-98134/home/169486
2026-09-19T19:54:21.154Z,NE Seattle,2026-06-12,195900725,214407363,2512292,Closed,5204 Sand Point Way NE,,Seattle,WA,98105,Laurelhurst,Townhouse,3,2026,4,3,3,2229,1362,1.5,1200000,538,,,,Diana Rayo,"Windermere RE/Capitol Hill,Inc",Summit Properties,47.6667813,-122.2803618,https://www.redfin.com/WA/Seattle/5204-Sand-Point-Way-NE-98105/home/195900725
2026-09-19T19:54:21.154Z,West Seattle,2026-06-12,200675506,213788443,2503821,Closed,7324 7th Pl SW Unit B,Unit B,Seattle,WA,98106,Highland Park,Single Family,1,2026,2,2,2,1037,1066,2,583999,563,8,,,Blake Lanz,Valere Real Estate,"Windermere RE/Capitol Hill,Inc",47.5359821,-122.3447937,https://www.redfin.com/WA/Seattle/7324-7th-Ave-SW-98106/unit-B/home/200675506
2026-09-19T19:54:21.154Z,NW Seattle,2026-06-12,200998074,213385352,2496528,Closed,11231 Greenwood Ave N Unit C,Unit C,Seattle,WA,98133,Greenwood,Townhouse,3,2025,3,3,3,1989,6703,1.5,830000,417,,,,Bentley Pugh,Keller Williams North Seattle,Keller Williams Rlty Bellevue,47.7115539,-122.3559387,https://www.redfin.com/WA/Seattle/11231-Greenwood-Ave-N-98133/unit-C/home/200998074
2026-09-19T19:54:21.154Z,Ballard (specific),2026-06-12,201645598,214559279,2513790,Closed,6745 Earl Ave NW,,Seattle,WA,98117,Sunset Hill,Townhouse,3,2026,3,2,2,1083,667,1.5,715000,660,67,,,Tony Ferrelli,"Windermere R.E. Northeast, Inc",COMPASS,47.6790312,-122.3922424,https://www.redfin.com/WA/Seattle/6745-Earl-Ave-NW-98117/home/201645598
2026-09-19T19:54:21.154Z,Central Seattle,2026-06-12,22629164,215355926,2523708,Closed,3200 E Republican St,,Seattle,WA,98112,Washington Park,Single Family,1,2011,4,3,3,2670,7129,2,1950000,730,,,,Matt Goyer,Urban Living,Lotside,47.6238366,-122.2909469,https://www.redfin.com/WA/Seattle/3200-E-Republican-St-98112/home/22629164
2026-09-19T19:54:21.154Z,Fremont,2026-06-12,303108,215297885,2522161,Closed,4208 Linden Ave N,,Seattle,WA,98103,Fremont,Townhouse,3,2008,3,2.5,2,1140,1870,1.5,790000,693,,,,,Urban Living,Redfin,47.6580355,-122.3483323,https://www.redfin.com/WA/Seattle/4208-Linden-Ave-N-98103/home/303108
2026-09-19T19:54:21.154Z,NE Seattle,2026-06-12,313570,216140489,2530262,Closed,6218 37th Ave NE,,Seattle,WA,98115,Bryant,Single Family,1,1939,3,1.5,1,1640,4100,1,975000,595,,,,Edward Krigsman,Windermere Real Estate Co.,Windermere Real Estate Co.,47.6745867,-122.2877567,https://www.redfin.com/WA/Seattle/6218-37th-Ave-NE-98115/home/313570
2026-09-19T19:54:21.154Z,NE Seattle,2026-06-12,320139,215242378,2522290,Closed,4531 Stanford Ave NE,,Seattle,WA,98105,Hawthorne Hills,Single Family,1,1941,4,4,4,2726,6398,1,1800000,660,,,,Ryan Rockwell,COMPASS,"Pellego, Inc.",47.6713456,-122.2783476,https://www.redfin.com/WA/Seattle/4531-Stanford-Ave-NE-98105/home/320139
2026-09-19T19:54:21.154Z,NE Seattle,2026-06-12,321329,214871228,2520183,Closed,6832 47th Ave NE,,Seattle,WA,98115,View Ridge,Single Family,1,2026,4,3.5,3,2191,1720,,1499000,684,111,,,Katie Chinn,"Windermere R.E. Northeast, Inc","Windermere RE/Capitol Hill,Inc",47.6785487,-122.2777427,https://www.redfin.com/WA/Seattle/6832-47th-Ave-NE-98115/home/321329
2026-09-19T19:54:21.154Z,West Seattle,2026-06-12,327740,214862392,2516165,Closed,3727 Belvidere Ave SW,,Seattle,WA,98126,Belvidere,Single Family,1,1983,3,2.5,2,2940,6468,2,1800000,612,,,,Maynard Wagner,Real Broker LLC,John L Scott RE West Seattle,47.5703785,-122.3797761,https://www.redfin.com/WA/Seattle/3727-Belvidere-Ave-SW-98126/home/327740
2026-09-19T19:54:21.154Z,West Seattle,2026-06-12,45463987,216115785,2527334,Closed,2750 Belvidere Ave SW,,Seattle,WA,98126,Belvidere,Single Family,1,2013,4,2.5,2,2350,3000,2,1600000,681,,,,Marco Kronen,"Windermere RE/Capitol Hill,Inc",Windermere Real Estate Co.,47.5777686,-122.3788717,https://www.redfin.com/WA/Seattle/2750-Belvidere-Ave-SW-98126/home/45463987
2026-09-19T19:54:21.154Z,West Seattle,2026-06-12,471188,214786518,2500717,Closed,5620 38th Ave SW,,Seattle,WA,98126,Fairmount,Single Family,1,1941,3,2,2,1100,5080,2,850000,773,,,,Ramone Myers,KW Greater Seattle,COMPASS,47.5513287,-122.3800757,https://www.redfin.com/WA/Seattle/5620-38th-Ave-SW-98126/home/471188
2026-09-19T19:54:21.154Z,Ballard (specific),2026-06-12,497460,214592375,2514774,Closed,1471 NW 77th St,,Seattle,WA,98117,Whittier,Single Family,1,1929,4,2.5,2,2410,4250,1.5,1230000,510,,,,Jason McWalter,Redfin,Redfin,47.6849021,-122.3757009,https://www.redfin.com/WA/Seattle/1471-NW-77th-St-98117/home/497460
2026-09-19T19:54:21.154Z,West Seattle,2026-06-11,101611257,215430107,2525384,Closed,4153 California Ave SW,,Seattle,WA,98116,Alaska Junction,Townhouse,3,2015,3,2.5,2,2020,1375,1.5,1040000,515,,,,Susi Musi,COMPASS,Realogics Sotheby's Int'l Rlty,47.565096,-122.3871288,https://www.redfin.com/WA/Seattle/4153-California-Ave-SW-98116/home/101611257
2026-09-19T19:54:21.154Z,Beacon Hill,2026-06-11,106725732,212379792,2479720,Closed,1465 S Columbian Way,,Seattle,WA,98144,Beacon Hill,Townhouse,3,2015,3,3,3,1340,1894,1.5,600000,448,,,,Bobby Ratty,"Skyline Properties, Inc.",Realty One Group Orca,47.5708867,-122.3145361,https://www.redfin.com/WA/Seattle/1465-S-Columbian-Way-98144/home/106725732
2026-09-19T19:54:21.154Z,Wallingford,2026-06-11,118966,214786367,2517381,Closed,3917 Interlake Ave N,,Seattle,WA,98103,Wallingford,Single Family,1,1926,4,3,3,2400,5014,1.5,1200000,500,,,,Karen Davis,Real Broker LLC,Real Broker LLC,47.6546944,-122.3414117,https://www.redfin.com/WA/Seattle/3917-Interlake-Ave-N-98103/home/118966
2026-09-19T19:54:21.154Z,Magnolia,2026-06-11,123038,213588901,2500904,Closed,4240 W Cramer St,,Seattle,WA,98199,Magnolia,Single Family,1,1928,2,2,2,2920,33230,2,1550000,531,,,,Michael Green,Windermere Real Estate Co.,Ensemble,47.6696742,-122.4118268,https://www.redfin.com/WA/Seattle/4240-W-Cramer-St-98199/home/123038
2026-09-19T19:54:21.154Z,Magnolia,2026-06-11,128815,214119797,2508859,Closed,2806 W Dravus St,,Seattle,WA,98199,Magnolia,Single Family,1,2026,2,2.5,2,1119,1202,2,745000,666,29,,,Jay Miller,Momentum Venture Partners LLC,COMPASS,47.6488612,-122.3933012,https://www.redfin.com/WA/Seattle/2806-W-Dravus-St-98199/home/128815
2026-09-19T19:54:21.154Z,Queen Anne,2026-06-11,129765,216219121,2531638,Closed,3444 11th Ave W,,Seattle,WA,98119,Queen Anne,Single Family,1,1929,3,3,3,2180,4800,1.5,1225000,562,,,,Maureen Richards,Windermere Northlake,Windermere Real Estate Co.,47.6518294,-122.3711913,https://www.redfin.com/WA/Seattle/3444-11th-Ave-W-98119/home/129765
2026-09-19T19:54:21.154Z,Queen Anne,2026-06-11,130523,215331995,2513222,Closed,2403 11th Ave W,,Seattle,WA,98119,Queen Anne,Single Family,1,1916,4,2.5,2,2950,4000,2,1995000,676,,,,Jeffrey Valcik,"John L. Scott, Inc.",Windermere Real Estate Midtown,47.6397875,-122.3718386,https://www.redfin.com/WA/Seattle/2403-11th-Ave-W-98119/home/130523
2026-09-19T19:54:21.154Z,Central Seattle,2026-06-11,149096,214821765,2500716,Closed,2712 S Irving St,,Seattle,WA,98144,Judkins,Single Family,1,1998,4,2.5,2,1437,2742,2,825000,574,,,,Ramone Myers,KW Greater Seattle,COMPASS,47.5914529,-122.2968042,https://www.redfin.com/WA/Seattle/2712-S-Irving-St-98144/home/149096
2026-09-19T19:54:21.154Z,West Seattle,2026-06-11,153213,214907378,2520425,Closed,5654 48th Ave SW,,Seattle,WA,98136,Seaview,Single Family,1,1944,3,2,2,1310,6256,1,790000,603,,,,Sara Montagne,Keller Williams Realty Bothell,John L. Scott Des Moines,47.5505648,-122.3934982,https://www.redfin.com/WA/Seattle/5654-48th-Ave-SW-98136/home/153213
2026-09-19T19:54:21.154Z,West Seattle,2026-06-11,158347,214832868,2517656,Closed,11218 35th Ave SW,,Seattle,WA,98146,Arbor Heights,Single Family,1,1955,4,2,2,2200,6320,1,650000,295,,,,Emily Austin,COMPASS,Fleet Home Sales,47.5021942,-122.375852,https://www.redfin.com/WA/Seattle/11218-35th-Ave-SW-98146/home/158347
2026-09-19T19:54:21.154Z,West Seattle,2026-06-11,159719,213467835,2498296,Closed,6346 26th Ave SW,,Seattle,WA,98106,West Seattle,Single Family,1,1960,4,2,2,2280,13500,1,800000,351,,,,JD Blacksmith,Lake & Company,"John L. Scott, Inc.",47.5450704,-122.3654323,https://www.redfin.com/WA/Seattle/6346-26th-Ave-SW-98106/home/159719
2026-09-19T19:54:21.154Z,Queen Anne,2026-06-11,185905547,211094863,2471258,Closed,1611 10th Ave W #1,#1,Seattle,WA,98119,Queen Anne,Townhouse,3,1923,5,4,4,2953,3486,1.5,1479000,501,6,,,Melissa Klinnert,COMPASS,COMPASS,47.6339681,-122.3707409,https://www.redfin.com/WA/Seattle/1611-10th-Ave-W-98119/unit-1/home/185905547
2026-09-19T19:54:21.154Z,Ballard (specific),2026-06-11,185906298,214114700,2507865,Closed,819 NW 54th St Unit B,Unit B,Seattle,WA,98107,Ballard,Townhouse,3,2023,3,3,3,1590,943,1.5,845000,531,,,,Sol Villarreal,Windermere Real Estate Co.,Windermere RE Magnolia,47.6677595,-122.3670836,https://www.redfin.com/WA/Seattle/819-NW-54th-St-98107/unit-B/home/185906298
2026-09-19T19:54:21.154Z,NE Seattle,2026-06-11,196137162,214168652,2509417,Closed,3539 NE 88th St Unit A,Unit A,Seattle,WA,98115,Wedgwood,Single Family,1,1943,2,2,2,1520,2489,2,725000,477,20,,,Travis Duty,RE/MAX Northwest,Lake & Company,47.6921762,-122.2888268,https://www.redfin.com/WA/Seattle/3539-NE-88th-St-98115/unit-A/home/196137162
2026-09-19T19:54:21.154Z,West Seattle,2026-06-11,202031083,216046700,2529722,Closed,8128 12th Ave SW Unit B,Unit B,Seattle,WA,98106,Highland Park,Single Family,1,2026,2,2.5,2,1096,1463,2,698000,637,106,,,Jay Miller,Momentum Venture Partners LLC,TEC Real Estate Inc.,47.5293703,-122.3503001,https://www.redfin.com/WA/Seattle/8128-12th-Ave-SW-98106/unit-B/home/202031083
2026-09-19T19:54:21.154Z,Phinney Ridge,2026-06-11,202037908,216113944,2530992,Closed,516 N 61st St Unit B,Unit B,Seattle,WA,98103,Green Lake,Townhouse,3,2023,2,2,2,1139,535,1.5,832000,730,70,,,Blake Budden,Windermere Real Estate Co.,Windermere Real Estate Midtown,47.6733711,-122.3521334,https://www.redfin.com/WA/Seattle/516-N-61st-St-98103/unit-B/home/202037908
2026-09-19T19:54:21.154Z,Fremont,2026-06-11,2068121,214853476,2518877,Closed,3633 Evanston Ave N Unit B,Unit B,Seattle,WA,98103,Fremont,Townhouse,3,2009,3,2.5,2,1310,1144,1.5,880000,672,,,,Kathie McNelis,Portico Real Estate,COMPASS,47.6525933,-122.3515582,https://www.redfin.com/WA/Seattle/3633-Evanston-Ave-N-98103/unit-B/home/2068121
2026-09-19T19:54:21.154Z,Ballard (specific),2026-06-11,290348,215526221,2525727,Closed,7529 32nd Ave NW,,Seattle,WA,98117,Loyal Heights,Single Family,1,1927,2,2,2,2120,4750,1,1025000,483,,,,Kimber Parker,Windermere Prof Partners,RE/MAX Northwest,47.6840468,-122.3985856,https://www.redfin.com/WA/Seattle/7529-32nd-Ave-NW-98117/home/290348
2026-09-19T19:54:21.154Z,Phinney Ridge,2026-06-11,299814,214129310,2508841,Closed,4817 Greenwood Ave N,,Seattle,WA,98103,Seattle,Single Family,1,1913,6,3,3,2920,3133,1.5,830000,284,,,,Heidi Wyatt,Tribeca NW Real Estate,Windermere Real Estate Midtown,47.6641638,-122.3556666,https://www.redfin.com/WA/Seattle/4817-Greenwood-Ave-N-98103/home/299814
2026-09-19T19:54:21.154Z,NE Seattle,2026-06-11,307989,215378932,2524197,Closed,6321 18th Ave NE,,Seattle,WA,98115,Ravenna,Single Family,1,1950,3,2,2,1720,4080,1,1200000,698,,,,Steve Laevastu,Windermere RE Greenwood,Windermere Real Estate Co.,47.6754597,-122.3089899,https://www.redfin.com/WA/Seattle/6321-18th-Ave-NE-98115/home/307989
2026-09-19T19:54:21.154Z,NE Seattle,2026-06-11,308783,214918724,2521011,Closed,6217 9th Ave NE,,Seattle,WA,98115,Roosevelt,Townhouse,3,2026,3,2.5,2,1259,924,1.5,815000,647,,,,Adrian Chu,Specialty Real Estate Group,COMPASS,47.6738781,-122.3189252,https://www.redfin.com/WA/Seattle/6217-9th-Ave-NE-98115/home/308783
2026-09-19T19:54:21.154Z,NE Seattle,2026-06-11,314328,215317984,2518720,Closed,6206 36th Ave NE,,Seattle,WA,98115,Bryant,Single Family,1,1930,4,1.5,1,2190,3700,2,1090000,498,,,,Bill Reilly,Windermere Real Estate Co.,Windermere Real Estate/East,47.674225,-122.2888588,https://www.redfin.com/WA/Seattle/6206-36th-Ave-NE-98115/home/314328
2026-09-19T19:54:21.154Z,NE Seattle,2026-06-11,315566,215327332,2522365,Closed,3700 NE 74th Pl,,Seattle,WA,98115,View Ridge,Single Family,1,1951,4,2,2,1800,5704,1.5,998000,554,,,,Mallory Rockwell,Windermere Real Estate Midtown,"Wilson Realty Exchange, Inc.",47.6825062,-122.2889268,https://www.redfin.com/WA/Seattle/3700-NE-74th-Pl-98115/home/315566
2026-09-19T19:54:21.154Z,West Seattle,2026-06-11,330005,214830760,2519827,Closed,4019 50th Ave SW,,Seattle,WA,98116,Genesee,Single Family,1,1948,3,2,2,1860,6325,1,1010000,543,,,,Brett Safford,Keller Williams Realty PS,Keller Williams Seattle Metro,47.567886,-122.3964696,https://www.redfin.com/WA/Seattle/4019-50th-Ave-SW-98116/home/330005
2026-09-19T19:54:21.154Z,West Seattle,2026-06-11,331755,214584405,2515882,Closed,4142 44th Ave SW,,Seattle,WA,98116,Alaska Junction,Townhouse,3,2026,2,2,2,1165,881,1.5,759000,652,109,,,Natalie English,Windermere West Metro,COMPASS,47.5652331,-122.3878009,https://www.redfin.com/WA/Seattle/4142-44th-Ave-SW-98116/home/331755
2026-09-19T19:54:21.154Z,Ballard (specific),2026-06-11,497266,216855891,2540019,Closed,7531 12th Ave NW,,Seattle,WA,98117,Ballard,Single Family,1,1925,1,1,1,660,6000,1,625000,947,,,,Mel Parsons,Real Broker LLC,Keller Williams Rlty Bellevue,47.6842175,-122.3717081,https://www.redfin.com/WA/Seattle/7531-12th-Ave-NW-98117/home/497266
2026-09-19T19:54:21.154Z,Ballard (specific),2026-06-11,69353976,215590412,2517306,Closed,2038 NW 62nd St,,Seattle,WA,98107,Ballard,Single Family,1,2014,3,3.5,3,1632,1281,3,910000,558,,,,Eileen Loh,RE/MAX Alliance,Lake & Company,47.6741281,-122.3838665,https://www.redfin.com/WA/Seattle/2038-NW-62nd-St-98107/home/69353976
2026-09-19T19:54:21.154Z,NW Seattle,2026-06-11,97281,215404232,2524679,Closed,842 NW 97th St,,Seattle,WA,98117,Crown Hill,Single Family,1,1916,4,2,2,2120,6816,1,998000,471,,,,Nicole LaChasse,Windermere RE Greenwood,"John L. Scott, Inc.",47.7003649,-122.3679353,https://www.redfin.com/WA/Seattle/842-NW-97th-St-98117/home/97281
2026-09-19T19:54:21.154Z,Maple Leaf,2026-06-10,109031,216973468,2541998,Closed,9514 3rd Ave NE,,Seattle,WA,98115,Maple Leaf,Single Family,1,1947,4,2.5,2,1820,5525,1,1185000,651,,,,Allie Howard,COMPASS,Berkshire Hathaway HS NW,47.6981605,-122.3254813,https://www.redfin.com/WA/Seattle/9514-3rd-Ave-NE-98115/home/109031
2026-09-19T19:54:21.154Z,NE Seattle,2026-06-10,122671,214735529,2513943,Closed,3530 W Laurelhurst Dr NE,,Seattle,WA,98105,Laurelhurst,Single Family,1,1927,5,3.5,3,4040,10300,2,3550000,879,,,,Brad Cahill,Real Residential,COMPASS,47.6549496,-122.2796403,https://www.redfin.com/WA/Seattle/3530-W-Laurelhurst-Dr-NE-98105/home/122671
2026-09-19T19:54:21.154Z,Magnolia,2026-06-10,122983,211117692,2465874,Closed,3510 W Commodore Way,,Seattle,WA,98199,Magnolia,Single Family,1,1973,5,3,3,2660,6737,1,2200000,827,,,,Gina Ard,Windermere Real Estate Midtown,Windermere RE Magnolia,47.6661191,-122.4031295,https://www.redfin.com/WA/Seattle/3510-W-Commodore-Way-98199/home/122983
2026-09-19T19:54:21.154Z,West Seattle,2026-06-10,12318479,213821770,2504388,Closed,1719 SW Henderson St,,Seattle,WA,98106,Westwood,Townhouse,3,2006,2,1.5,1,1155,1252,1.5,460000,398,,,,Ryan Cassel,Real Broker LLC,Real Broker LLC,47.5225771,-122.3573147,https://www.redfin.com/WA/Seattle/1719-SW-Henderson-St-98106/home/12318479
2026-09-19T19:54:21.154Z,Queen Anne,2026-06-10,129298,214913800,2520928,Closed,2660 9th Ave W,,Seattle,WA,98119,Queen Anne,Single Family,1,2019,4,3.5,3,3292,3230,2,2550000,775,,,,Sam Konswa,Queen Anne Real Estate,"John L. Scott, Inc.",47.643996,-122.3685765,https://www.redfin.com/WA/Seattle/2660-9th-Ave-W-98119/home/129298
2026-09-19T19:54:21.154Z,Queen Anne,2026-06-10,131491,214888076,2513545,Closed,2516 3rd Ave W,,Seattle,WA,98119,Queen Anne,Single Family,1,1906,4,1.5,1,1970,4800,2,1100000,558,,,,Sarah Rudinoff,Windermere R E Mount Baker,"Skyline Properties, Inc.",47.6419948,-122.3606103,https://www.redfin.com/WA/Seattle/2516-3rd-Ave-W-98119/home/131491
2026-09-19T19:54:21.154Z,Queen Anne,2026-06-10,134439,214817668,2517539,Closed,1803 Bigelow Ave N,,Seattle,WA,98109,Queen Anne,Single Family,1,1988,4,2.5,2,3100,4000,1.5,2327500,751,,,,Jill Petersen,Ensemble,KW Greater Seattle,47.6350117,-122.3488239,https://www.redfin.com/WA/Seattle/1803-Bigelow-Ave-N-98109/home/134439
2026-09-19T19:54:21.154Z,Central Seattle,2026-06-10,140023,216084054,2530117,Closed,664 32nd Ave E,,Seattle,WA,98112,Washington Park,Single Family,1,1914,3,2,2,1600,4404,2,875000,547,,,,Linda Moline,Windermere Real Estate Co.,COMPASS,47.6268352,-122.2906346,https://www.redfin.com/WA/Seattle/664-32nd-Ave-E-98112/home/140023
2026-09-19T19:54:21.154Z,Central Seattle,2026-06-10,141989,215394973,2522774,Closed,233 36th Ave E,,Seattle,WA,98112,Denny Blaine,Single Family,1,1911,4,4.5,4,4656,4000,,3560000,765,,,,Kate Jacobson,Windermere Real Estate Midtown,COMPASS,47.6211756,-122.2872247,https://www.redfin.com/WA/Seattle/233-36th-Ave-E-98112/home/141989
2026-09-19T19:54:21.154Z,Central Seattle,2026-06-10,144466,214922336,2520964,Closed,610 16th Ave E,,Seattle,WA,98112,Capitol Hill,Single Family,1,1906,4,2.5,2,2277,5640,2,1998000,877,,,,Deirdre Doyle,Windermere Real Estate Midtown,Specialty Real Estate Group,47.6248806,-122.3110482,https://www.redfin.com/WA/Seattle/610-16th-Ave-E-98112/home/144466
2026-09-19T19:54:21.154Z,Fremont,2026-06-10,148168727,215269248,2521447,Closed,3611 Whitman Ave N,,Seattle,WA,98103,Fremont,Townhouse,3,2018,3,2,2,1625,1083,1.5,1210000,745,,,,Brian Huie,COMPASS,Pointe3 Real Estate,47.6512343,-122.3455415,https://www.redfin.com/WA/Seattle/3611-Whitman-Ave-N-98103/home/148168727
2026-09-19T19:54:21.154Z,West Seattle,2026-06-10,149598,209503748,2455586,Closed,1324 Alki Ave SW,,Seattle,WA,98116,Alki,Single Family,1,1915,3,1,1,1460,6203,1,1600000,1096,,,,Tim Fischer,Windermere West Metro,Keller Williams Eastside,47.5923748,-122.3909887,https://www.redfin.com/WA/Seattle/1324-Alki-Ave-SW-98116/home/149598
2026-09-19T19:54:21.154Z,West Seattle,2026-06-10,151697,214912729,2519211,Closed,4019 52nd Pl SW,,Seattle,WA,98116,Genesee,Single Family,1,1977,3,2.5,2,2340,8300,1.5,1523000,651,,,,Sierra Shea,"John L. Scott, Inc",Windermere West Metro,47.5679286,-122.3998191,https://www.redfin.com/WA/Seattle/4019-52nd-Pl-SW-98116/home/151697
2026-09-19T19:54:21.154Z,Ballard (specific),2026-06-10,164612,215324428,2519891,Closed,8311 19th Ave NW,,Seattle,WA,98117,Loyal Heights,Single Family,1,1940,3,2,2,1510,4046,1,998000,661,,,,Heidi King,Windermere RE Greenwood,Lake & Company,47.6890964,-122.3814018,https://www.redfin.com/WA/Seattle/8311-19th-Ave-NW-98117/home/164612
2026-09-19T19:54:21.154Z,Fremont,2026-06-10,173652743,214373956,2512779,Closed,926 N 35th St,,Seattle,WA,98103,Fremont,Townhouse,3,2019,3,2.5,2,1751,1333,1.5,1240000,708,,,,Stephanie McRae,COMPASS,Windermere Real Estate/East,47.6501447,-122.3460931,https://www.redfin.com/WA/Seattle/926-N-35th-St-98103/home/173652743
2026-09-19T19:54:21.154Z,Queen Anne,2026-06-10,190259741,213479797,2498970,Closed,517 Howe St Unit B,Unit B,Seattle,WA,98109,Queen Anne,Townhouse,3,2024,4,3,3,2070,1003,1.5,1349900,652,25,,,,NextHome Prolific,Redfin,47.635558,-122.346727,https://www.redfin.com/WA/Seattle/517-Howe-St-98109/unit-B/home/190259741
2026-09-19T19:54:21.154Z,West Seattle,2026-06-10,201560180,214387627,2511356,Closed,7134 34th Ave SW,,Seattle,WA,98126,West Seattle,Single Family,1,2026,3,2.5,2,1088,2348,2,699000,642,4,,,Patrick Murray,eXp Realty,Berkshire Hathaway HS NW,47.5381676,-122.3746436,https://www.redfin.com/WA/Seattle/7134-34th-Ave-SW-98126/home/201560180
2026-09-19T19:54:21.154Z,Ballard (specific),2026-06-10,201574965,215296241,2523352,Closed,2851 NW 70th St Unit B,Unit B,Seattle,WA,98117,Sunset Hill,Townhouse,3,2026,3,3,3,1570,1085,1.5,895000,570,92,,,David Leon,"Skyline Properties, Inc.",Acre Real Estate,47.6792941,-122.395275,https://www.redfin.com/WA/Seattle/2851-NW-70th-St-98117/unit-B/home/201574965
2026-09-19T19:54:21.154Z,Ballard (specific),2026-06-10,201622937,214499284,2514815,Closed,2218 NW 62nd St Unit B,Unit B,Seattle,WA,98107,Ballard,Townhouse,3,2026,2,2.5,2,1674,1,1.5,1043000,623,0,,,Blake Gallagher,Alchemy Real Estate,Alchemy Real Estate,47.6740325,-122.385551,https://www.redfin.com/WA/Seattle/2218-NW-62nd-St-98107/unit-B/home/201622937
2026-09-19T19:54:21.154Z,West Seattle,2026-06-10,202247710,216856366,2540039,Closed,4113 Chilberg Ave SW Unit C,Unit C,Seattle,WA,98116,Beach Drive,Townhouse,3,2026,3,3.5,3,1839,1204,1.5,1160000,631,,,,James Vert,John L Scott RE West Seattle,Jason Mitchell Real Estate WA,47.5670742,-122.4084448,https://www.redfin.com/WA/Seattle/4113-Chilberg-Ave-SW-98116/unit-C/home/202247710
2026-09-19T19:54:21.154Z,NW Seattle,2026-06-10,289767,215290063,2519992,Closed,2137 NW 98th St,,Seattle,WA,98117,North Beach,Single Family,1,1961,4,3,3,2700,5000,1,2540000,941,,,,Adam Bradley,KW Greater Seattle,Windermere Real Estate Midtown,47.7002354,-122.3846837,https://www.redfin.com/WA/Seattle/2137-NW-98th-St-98117/home/289767
2026-09-19T19:54:21.154Z,Ballard (specific),2026-06-10,290451,214591913,2513839,Closed,3411 NW 67th St,,Seattle,WA,98117,Sunset Hill,Single Family,1,1938,5,2,2,2790,6000,1.5,1540000,552,,,,Lee Whalen,Windermere Real Estate Co.,Windermere Real Estate Co.,47.676836,-122.4016302,https://www.redfin.com/WA/Seattle/3411-NW-67th-St-98117/home/290451
2026-09-19T19:54:21.154Z,NW Seattle,2026-06-10,301766,214776654,2518165,Closed,939 N 83rd St,,Seattle,WA,98103,Green Lake,Single Family,1,1927,2,1,1,1801,3570,1,748000,415,,,,Luke Dawson,Lighthouse Realty LLC,Windermere Real Estate Co.,47.6889109,-122.3455461,https://www.redfin.com/WA/Seattle/939-N-83rd-St-98103/home/301766
2026-09-19T19:54:21.154Z,NE Seattle,2026-06-10,310085,214649758,2503817,Closed,6813 17th Ave NE,,Seattle,WA,98115,Ravenna,Single Family,1,1924,4,1.5,1,2589,4284,2,1149000,444,,,,Adam Cobb,Windermere Real Estate GH LLC,COMPASS,47.6781087,-122.3101563,https://www.redfin.com/WA/Seattle/6813-17th-Ave-NE-98115/home/310085
2026-09-19T19:54:21.154Z,NE Seattle,2026-06-10,317663,215354008,2523587,Closed,7511 43rd Ave NE,,Seattle,WA,98115,Wedgwood,Single Family,1,1979,5,3,3,2941,6000,1.5,1532500,521,,,,April Geneva,Windermere Real Estate Midtown,Windermere Real Estate Co.,47.6833748,-122.2823403,https://www.redfin.com/WA/Seattle/7511-43rd-Ave-NE-98115/home/317663
2026-09-19T19:54:21.154Z,NE Seattle,2026-06-10,317942,214802433,2513158,Closed,2701 NE 90th St,,Seattle,WA,98115,Wedgwood,Single Family,1,1941,2,1.5,1,900,6838,1,835000,928,,,,Garrett Schmidt,Coldwell Banker Bain,"Windermere RE/Lake Tapps, Inc",47.693704,-122.2984962,https://www.redfin.com/WA/Seattle/2701-NE-90th-St-98115/home/317942
2026-09-19T19:54:21.154Z,West Seattle,2026-06-10,329937,215395905,2522271,Closed,3039 50th Ave SW,,Seattle,WA,98116,Admiral,Single Family,1,1988,4,3,3,2140,5794,3,1450000,678,,,,Margaret Nordahl,Windermere West Metro,Windermere R E Mount Baker,47.5764459,-122.3957626,https://www.redfin.com/WA/Seattle/3039-50th-Ave-SW-98116/home/329937
2026-09-19T19:54:21.154Z,West Seattle,2026-06-10,473779,214822834,2514487,Closed,7920 28th Ave SW,,Seattle,WA,98126,Westwood,Single Family,1,1941,2,1,1,1560,7680,1,772000,495,,,,Danny Greco,KW Greater Seattle,KW Greater Seattle,47.5312544,-122.3682836,https://www.redfin.com/WA/Seattle/7920-28th-Ave-SW-98126/home/473779
2026-09-19T19:54:21.154Z,Beacon Hill,2026-06-10,481487,214837783,2519765,Closed,5519 18th Ave S,,Seattle,WA,98108,Beacon Hill,Single Family,1,1918,4,2,2,1970,6720,1,888000,451,,,,Robin Sheridan,COMPASS,Windermere Real Estate Midtown,47.5528459,-122.3101728,https://www.redfin.com/WA/Seattle/5519-18th-Ave-S-98108/home/481487
2026-09-19T19:54:21.154Z,Beacon Hill,2026-06-10,481605,216089889,2530239,Closed,5114 20th Ave S,,Seattle,WA,98108,Beacon Hill,Single Family,1,1941,3,2,2,1160,6600,1,550000,474,,,,Bradley Lee,"Skyline Properties, Inc.","John L. Scott, Inc.",47.5564069,-122.3068249,https://www.redfin.com/WA/Seattle/5114-20th-Ave-S-98108/home/481605
2026-09-19T19:54:21.154Z,West Seattle,2026-06-10,69353928,214050144,2505725,Closed,3539 SW 100th St,,Seattle,WA,98146,Arbor Heights,Single Family,1,2014,3,2,2,1440,12051,1,799950,556,,,,Karen Williams,John L Scott RE West Seattle,Windermere Real Estate Co.,47.5132578,-122.378075,https://www.redfin.com/WA/Seattle/3539-SW-100th-St-98146/home/69353928
2026-09-19T19:54:21.154Z,NW Seattle,2026-06-09,102360,212619110,2486407,Closed,724 N 137th St,,Seattle,WA,98133,Broadview,Single Family,1,1990,3,3,3,2380,7350,1.5,700000,294,,,,Austin Hellickson,LPT Realty LLC,"Skyline Properties, Inc.",47.7284115,-122.3493494,https://www.redfin.com/WA/Seattle/724-N-137th-St-98133/home/102360
2026-09-19T19:54:21.154Z,Queen Anne,2026-06-09,109275291,213424708,2496702,Closed,321 W Olympic Pl Unit A,Unit A,Seattle,WA,98119,Queen Anne,Townhouse,3,2016,3,2.5,2,1380,850,1.5,1050000,761,,,,Alan Bach,Better Properties Kent LLC,Windermere Real Estate/East,47.6263594,-122.3616795,https://www.redfin.com/WA/Seattle/321-W-Olympic-Pl-98119/unit-A/home/109275291
2026-09-19T19:54:21.154Z,NE Seattle,2026-06-09,121175,213909169,2505700,Closed,5720 59th Ave NE,,Seattle,WA,98105,Belvedere Terrace,Single Family,1,1947,4,3,3,3450,6050,2,1605000,465,,,,Kirk Vaux,Windermere Real Estate/East,"John L. Scott, Inc.",47.6705953,-122.2642673,https://www.redfin.com/WA/Seattle/5720-59th-Ave-NE-98105/home/121175
2026-09-19T19:54:21.154Z,Magnolia,2026-06-09,124417,214572668,2508705,Closed,2822 23rd Ave W,,Seattle,WA,98199,Magnolia,Single Family,1,1947,4,2,2,1726,6000,1,1100000,637,,,,Bill Hedges,Windermere RE Magnolia,COMPASS,47.6454743,-122.38568,https://www.redfin.com/WA/Seattle/2822-23rd-Ave-W-98199/home/124417
2026-09-19T19:54:21.154Z,Central Seattle,2026-06-09,137308,211822957,2477033,Closed,635 13th Ave E,,Seattle,WA,98102,North Capitol Hill,Townhouse,3,2025,2,2,2,1572,635,1.5,775000,493,,,,Andy Sather,"John L. Scott, Inc.",Keller Williams Rlty Bellevue,47.6252386,-122.3159602,https://www.redfin.com/WA/Seattle/635-13th-Ave-E-98102/home/137308
2026-09-19T19:54:21.154Z,Central Seattle,2026-06-09,146235,215386193,2517764,Closed,828 24th Ave,,Seattle,WA,98122,Central Area,Single Family,1,1925,3,3,3,1840,3000,1.5,1025000,557,,,,Marco Kronen,"Windermere RE/Capitol Hill,Inc",Coldwell Banker Bain,47.6098667,-122.3012237,https://www.redfin.com/WA/Seattle/828-24th-Ave-98122/home/146235
2026-09-19T19:54:21.154Z,Central Seattle,2026-06-09,148753,214855401,2517999,Closed,426 30th Ave S,,Seattle,WA,98144,Leschi,Single Family,1,1919,4,3.5,3,2460,7200,2,1740000,707,,,,Kim Dales,Windermere Real Estate Co.,COMPASS,47.5983712,-122.2935309,https://www.redfin.com/WA/Seattle/426-30th-Ave-S-98144/home/148753
2026-09-19T19:54:21.154Z,West Seattle,2026-06-09,153435,215383900,2524357,Closed,7322 47th Ave SW,,Seattle,WA,98136,Fauntleroy,Single Family,1,1940,2,1,1,780,4901,1,700000,897,,,,Kristen Meyer,Keller Williams Seattle Metro,Real Broker LLC,47.5373518,-122.3926632,https://www.redfin.com/WA/Seattle/7322-47th-Ave-SW-98136/home/153435
2026-09-19T19:54:21.154Z,Beacon Hill,2026-06-09,168232,214845548,2517982,Closed,1769 14th Ave S Unit A,Unit A,Seattle,WA,98144,N Beacon Hill,Townhouse,3,2016,3,2.5,2,1571,1403,1.5,710000,452,,,,Alexander Sway,Redfin,Redfin,47.5872169,-122.3151103,https://www.redfin.com/WA/Seattle/1769-14th-Ave-S-98144/unit-A/home/168232
2026-09-19T19:54:21.154Z,Central Seattle,2026-06-09,200003160,214677992,2517310,Closed,1110 C 34th Ave,,Seattle,WA,98122,Madrona,Townhouse,3,2026,2,2,2,1188,744,1.5,789000,664,1,,,Xi Peng,"Windermere RE/Capitol Hill,Inc",Windermere Real Estate Midtown,47.6120125,-122.2889618,https://www.redfin.com/WA/Seattle/1110A-34th-Ave-98122/home/200003160
2026-09-19T19:54:21.154Z,Northgate,2026-06-09,22697294,215408679,2494459,Closed,12745 10th Ave NE,,Seattle,WA,98125,Pinehurst,Single Family,1,1945,2,1,1,2080,7987,1,745000,358,,,,Amy Numrich,RSVP Brokers ERA,Windermere Real Estate Co.,47.7225407,-122.3184854,https://www.redfin.com/WA/Seattle/12745-10th-Ave-NE-98125/home/22697294
2026-09-19T19:54:21.154Z,Phinney Ridge,2026-06-09,300982,212350714,2482451,Closed,937 N 71st St,,Seattle,WA,98103,Green Lake,Single Family,1,1940,4,3,3,3742,8448,2,1735000,464,,,,,Windermere Real Estate Midtown,Redfin,47.6801148,-122.3457447,https://www.redfin.com/WA/Seattle/937-N-71st-St-98103/home/300982
2026-09-19T19:54:21.154Z,Fremont,2026-06-09,302857,214890815,2518772,Closed,4221 Evanston Ave N Unit A,Unit A,Seattle,WA,98103,Fremont,Townhouse,3,2017,3,2,2,1587,1347,1.5,975000,614,,,,Vince Grant,RE/MAX Elite,Windermere R.E. Shoreline,47.6583286,-122.3512594,https://www.redfin.com/WA/Seattle/4221-Evanston-Ave-N-98103/unit-A/home/302857
2026-09-19T19:54:21.154Z,Wallingford,2026-06-09,304116,212463490,2483971,Closed,1420 N 50th St,,Seattle,WA,98103,Wallingford,Single Family,1,1906,2,1.5,1,1890,3210,2,812000,430,,,,Leah Kennedy,Redfin,"Pellego, Inc.",47.6652392,-122.3390868,https://www.redfin.com/WA/Seattle/1420-N-50th-St-98103/home/304116
2026-09-19T19:54:21.154Z,Wallingford,2026-06-09,304659,214132709,2507069,Closed,5003 Woodlawn Ave N,,Seattle,WA,98103,Wallingford,Single Family,1,1926,3,2,2,1720,3420,1,750000,436,,,,John Paul,Redfin,KW Greater Seattle,47.6652145,-122.3387667,https://www.redfin.com/WA/Seattle/5003-Woodlawn-Ave-N-98103/home/304659
2026-09-19T19:54:21.154Z,West Seattle,2026-06-09,329059,215610239,2523781,Closed,3228 39th Ave SW,,Seattle,WA,98116,Belvidere,Single Family,1,1910,2,2,2,1180,5000,1,877000,743,,,,Therese Bianchi,Windermere West Metro,COMPASS,47.5747794,-122.3810771,https://www.redfin.com/WA/Seattle/3228-39th-Ave-SW-98116/home/329059
2026-09-19T19:54:21.154Z,West Seattle,2026-06-09,331428,215317055,2519834,Closed,3033 44th Ave SW,,Seattle,WA,98116,Admiral,Single Family,1,1925,3,2,2,1735,4255,1,1145000,660,,,,Kamila Kennedy,Windermere West Metro,Coldwell Banker Bain,47.5760007,-122.3883605,https://www.redfin.com/WA/Seattle/3033-44th-Ave-SW-98116/home/331428
2026-09-19T19:54:21.154Z,West Seattle,2026-06-09,470182,209131560,2452954,Closed,9022 36th Ave SW,,Seattle,WA,98126,Fauntleroy,Single Family,1,1914,2,1,1,1050,6978,1,499000,475,,,,Misty Scott,"John L. Scott, Inc","Skyline Properties, Inc.",47.5221872,-122.3776789,https://www.redfin.com/WA/Seattle/9022-36th-Ave-SW-98126/home/470182
2026-09-19T19:54:21.154Z,Beacon Hill,2026-06-09,482206,215893384,2528314,Closed,5500 21st Ave S,,Seattle,WA,98108,Sodo,Single Family,1,1934,4,3,3,2888,4600,1.5,1275000,441,,,,Tamara Tobler,Coldwell Banker Bain,Lake & Company,47.553213,-122.3059304,https://www.redfin.com/WA/Seattle/5500-21st-Ave-S-98108/home/482206
2026-09-19T19:54:21.154Z,Ballard (specific),2026-06-09,495965,214495195,2513835,Closed,7337 10th Ave NW,,Seattle,WA,98117,Whittier,Single Family,1,2023,4,3,3,3350,3750,2,2350000,701,,,,Chris Koehler,COMPASS,Windermere R E Mount Baker,47.6825289,-122.3697159,https://www.redfin.com/WA/Seattle/7337-10th-Ave-NW-98117/home/495965
2026-09-19T19:54:21.154Z,Ballard (specific),2026-06-09,498158,214808375,2518849,Closed,7735 13th Ave NW,,Seattle,WA,98117,Whittier,Single Family,1,1937,3,2,2,1640,5461,1,1050000,640,,,,Christian Moulin,Windermere RE Greenwood,Lake & Company,47.6861218,-122.3730595,https://www.redfin.com/WA/Seattle/7735-13th-Ave-NW-98117/home/498158
2026-09-19T19:54:21.154Z,NW Seattle,2026-06-09,98092,214820302,2518577,Closed,12727 Dayton Ave N,,Seattle,WA,98133,Broadview,Single Family,1,1952,4,2,2,2500,7650,1,1000000,400,,,,,Windermere Real Estate Co.,Redfin,47.7222474,-122.3532065,https://www.redfin.com/WA/Seattle/12727-Dayton-Ave-N-98133/home/98092
2026-09-19T19:54:21.154Z,West Seattle,2026-06-08,101610832,214071832,2507596,Closed,7752 Delridge Way SW,,Seattle,WA,98106,Delridge,Townhouse,3,2014,2,2,2,1024,547,1.5,515000,503,,,,Chris Randall,Lake & Company,TEC Real Estate Inc.,47.5322247,-122.3602193,https://www.redfin.com/WA/Seattle/7752-Delridge-Way-SW-98106/home/101610832
2026-09-19T19:54:21.154Z,Northgate,2026-06-08,105836,213154955,2494114,Closed,1039 NE 113th St,,Seattle,WA,98125,Northgate,Single Family,1,1984,3,2.5,2,1520,3300,2,895000,589,,,,Viktoriya Polivoda,COMPASS,Portico Real Estate,47.7103599,-122.3157671,https://www.redfin.com/WA/Seattle/1039-NE-113th-St-98125/home/105836
2026-09-19T19:54:21.154Z,Wallingford,2026-06-08,117622,215325284,2523107,Closed,2212 N 46th St,,Seattle,WA,98103,Wallingford,Single Family,1,1915,4,3,3,2080,3382,1,1400000,673,,,,Tanner Anthony,eXp Realty,Windermere R.E. Shoreline,47.6628331,-122.3318703,https://www.redfin.com/WA/Seattle/2212-N-46th-St-98103/home/117622
2026-09-19T19:54:21.154Z,Magnolia,2026-06-08,124669,214630718,2513963,Closed,2624 W Plymouth St,,Seattle,WA,98199,Magnolia,Single Family,1,1936,3,2,2,2060,4000,1,1295000,629,,,,Kelly Souder,Windermere Real Estate Co.,Windermere Real Estate/East,47.6364801,-122.3915597,https://www.redfin.com/WA/Seattle/2624-W-Plymouth-St-98199/home/124669
2026-09-19T19:54:21.154Z,Central Seattle,2026-06-08,143482,214925357,2498987,Closed,1622 22ND Ave,,Seattle,WA,98122,Central Area,Single Family,1,1905,3,2,2,1431,2370,1.5,800000,559,,,,Cindy Silverstein,Windermere Real Estate/East,COMPASS,47.6160186,-122.3032858,https://www.redfin.com/WA/Seattle/1622-22nd-Ave-98122/home/143482
2026-09-19T19:54:21.154Z,Central Seattle,2026-06-08,144225,214539238,2515245,Closed,1827 14th Ave Unit B,Unit B,Seattle,WA,98122,Capitol Hill,Townhouse,3,2023,3,3,3,1590,600,1.5,745000,469,,,,Kale Corey,Ensemble,Real Broker LLC,47.6184605,-122.3145428,https://www.redfin.com/WA/Seattle/1827-14th-Ave-98122/unit-B/home/144225
2026-09-19T19:54:21.154Z,Central Seattle,2026-06-08,145708810,212574324,2485293,Closed,1116 13th Ave Unit C,Unit C,Seattle,WA,98122,Capitol Hill,Townhouse,3,2018,2,1.5,1,818,456,1.5,523000,639,,,,David Angiulo,Coldwell Banker Bain,Keller Williams Rlty Bellevue,47.612077,-122.3149268,https://www.redfin.com/WA/Seattle/1116-13th-Ave-98122/unit-C/home/145708810
2026-09-19T19:54:21.154Z,West Seattle,2026-06-08,154379,215348441,2522896,Closed,5250 45th Ave SW,,Seattle,WA,98136,Seaview,Single Family,1,1911,3,3,3,1890,6000,1,1350000,714,,,,Julie Granahan,Redfin,Coldwell Banker Danforth,47.5551577,-122.3893704,https://www.redfin.com/WA/Seattle/5250-45th-Ave-SW-98136/home/154379
2026-09-19T19:54:21.154Z,Ballard (specific),2026-06-08,166979,214125985,2508638,Closed,7338 27th Ave NW,,Seattle,WA,98117,Loyal Heights,Single Family,1,2026,2,2.5,2,1170,1383,2,775000,662,40,,,Tony Ferrelli,"Windermere R.E. Northeast, Inc",Windermere Real Estate Co.,47.6824462,-122.3905856,https://www.redfin.com/WA/Seattle/7338-27th-Ave-NW-98117/home/166979
2026-09-19T19:54:21.154Z,Northgate,2026-06-08,18658171,213144605,2493134,Closed,13726 Midvale Ave N Unit B,Unit B,Seattle,WA,98133,Haller Lake,Townhouse,3,2008,3,2.5,2,1430,966,1.5,530000,371,,,,Karin Tully-Garrett,"Metropolitan Park, LLC",Windermere Real Estate Co.,47.7295151,-122.3434424,https://www.redfin.com/WA/Seattle/13726-Midvale-Ave-N-98133/unit-B/home/18658171
2026-09-19T19:54:21.154Z,Ballard (specific),2026-06-08,199482852,214592259,2515951,Closed,1136 A NW 57th St,,Seattle,WA,98107,Ballard,Townhouse,3,2026,3,3.5,3,1263,980,1.5,818000,648,,,,Grecia Thomas,"Real Property Associates, Inc.",Windermere Real Estate/East,47.6703606,-122.3724154,https://www.redfin.com/WA/Seattle/1136-NW-57th-St-98107/unit-A/home/199482852
2026-09-19T19:54:21.154Z,NE Seattle,2026-06-08,201418804,214163251,2509037,Closed,2725 NE 87th St,,Seattle,WA,98115,Wedgwood,Single Family,1,2026,3,3,3,1149,1018,3,789950,688,20,,,Eric Nissen,"Real Property Associates, Inc.",Lake & Company,47.6915176,-122.2980292,https://www.redfin.com/WA/Seattle/2725-NE-87th-St-98115/home/201418804
2026-09-19T19:54:21.154Z,West Seattle,2026-06-08,202693479,211851957,2477732,Closed,2325 Harbor Ave SW Unit B1,Unit B1,Seattle,WA,98126,Alki,Townhouse,3,1997,3,2,2,1453,,1.5,763000,525,500,,,Kristen Meyer,Keller Williams Seattle Metro,Keller Williams Seattle Metro,47.5823028,-122.37501,https://www.redfin.com/WA/Seattle/2325-Harbor-Ave-SW-98126/unit-B1/home/202693479
2026-09-19T19:54:21.154Z,NW Seattle,2026-06-08,300935,215320826,2523322,Closed,333 N 78th St,,Seattle,WA,98103,Phinney Ridge,Single Family,1,2008,4,3.5,3,3380,4000,2,2050000,607,,,,Matt Baebler,Windermere Real Estate Co.,COMPASS,47.6852832,-122.3537763,https://www.redfin.com/WA/Seattle/333-N-78th-St-98103/home/300935
2026-09-19T19:54:21.154Z,NE Seattle,2026-06-08,321372,216335701,2529070,Closed,7337 48th Ave NE,,Seattle,WA,98115,View Ridge,Single Family,1,1944,4,2,2,2420,6100,2,1726000,713,,,,Ann O'Neil,Windermere Real Estate Co.,Marketplace Sotheby's Intl Rty,47.6823535,-122.2768142,https://www.redfin.com/WA/Seattle/7337-48th-Ave-NE-98115/home/321372
2026-09-19T19:54:21.154Z,West Seattle,2026-06-08,40089762,214589806,2510271,Closed,5232 California Ave SW Unit C,Unit C,Seattle,WA,98136,West Seattle,Townhouse,3,2012,3,2.5,2,1330,800,1.5,699200,526,,,,Bao Phung,"Pellego, Inc.",Real Broker LLC,47.5547284,-122.3864398,https://www.redfin.com/WA/Seattle/5232-California-Ave-SW-98136/unit-C/home/40089762
2026-09-19T19:54:21.154Z,Beacon Hill,2026-06-08,479027,214585357,2515031,Closed,4903 S 31st Ave,,Seattle,WA,98108,Columbia City,Single Family,1,1918,4,2,2,2380,17316,1,830000,349,,,,Gordon Neufeld,Muljat Group,Coldwell Banker Danforth,47.5577345,-122.2928895,https://www.redfin.com/WA/Seattle/4903-31st-Ave-S-98108/home/479027
2026-09-19T19:54:21.154Z,Phinney Ridge,2026-06-08,496640,214557917,2514281,Closed,614 NW 74th St,,Seattle,WA,98117,Phinney Ridge,Single Family,1,1926,5,3,3,2893,5000,2,1700000,588,,,,Adam Weissman,Coldwell Banker Bain,Windermere Real Estate/East,47.6827143,-122.3640589,https://www.redfin.com/WA/Seattle/614-NW-74th-St-98117/home/496640
2026-09-19T19:54:21.154Z,NW Seattle,2026-06-08,97297,214207321,2507384,Closed,10520 11th Ave NW,,Seattle,WA,98177,Blue Ridge,Single Family,1,1955,5,2.5,2,3140,6300,1,1180000,376,,,,Mike Scanes,Best Choice Realty LLC,Keller Williams Rlty Bellevue,47.7058394,-122.3698563,https://www.redfin.com/WA/Seattle/10520-11th-Ave-NW-98177/home/97297
2026-09-19T19:54:21.154Z,NW Seattle,2026-06-05,101557,214795170,2515871,Closed,628 NW 85th St,,Seattle,WA,98117,Greenwood,Single Family,1,2014,3,2.5,2,1535,1525,3,815000,531,,,,Michelle Le,Real Broker LLC,Windermere Real Estate Co.,47.6907945,-122.3645524,https://www.redfin.com/WA/Seattle/628-NW-85th-St-98117/home/101557
2026-09-19T19:54:21.154Z,NW Seattle,2026-06-05,101636,215289358,2522983,Closed,9757 2nd Ave NW,,Seattle,WA,98117,Greenwood,Single Family,1,1920,3,3,3,1960,5461,1.5,1110000,566,,,,Adam Hestad,COMPASS,eXp Realty,47.701352,-122.3598848,https://www.redfin.com/WA/Seattle/9757-2nd-Ave-NW-98117/home/101636
2026-09-19T19:54:21.154Z,NE Seattle,2026-06-05,103966015,207043445,2425609,Closed,4738 17th Ave NE,,Seattle,WA,98105,University District,Single Family,1,1909,18,5,5,5186,4320,1.5,2500000,482,,,,Matt Townsend,Windermere Real Estate Co.,North Pacific Properties,47.6641733,-122.3091495,https://www.redfin.com/WA/Seattle/4738-17th-Ave-NE-98105/home/103966015
2026-09-19T19:54:21.154Z,Wallingford,2026-06-05,117967,214868694,2517927,Closed,4015 Ashworth Ave N,,Seattle,WA,98103,Wallingford,Single Family,1,1916,3,2,2,2840,4041,3,1325000,467,,,,Rhea Kulikova,Redfin,KW Greater Seattle,47.6561525,-122.3400928,https://www.redfin.com/WA/Seattle/4015-Ashworth-Ave-N-98103/home/117967
2026-09-19T19:54:21.154Z,Magnolia,2026-06-05,122995,215347707,2523850,Closed,3607 W W Commodore Way,,Seattle,WA,98199,Magnolia,Single Family,1,1953,2,2.5,2,2100,5220,2,1750000,833,,,,Matthew Koenig,COMPASS,Windermere Real Estate Midtown,47.6656632,-122.4039166,https://www.redfin.com/WA/Seattle/3607-W-Commodore-Way-98199/home/122995
2026-09-19T19:54:21.154Z,Northgate,2026-06-05,12385307,214756625,2517836,Closed,9243 Ashworth Ave N Unit B,Unit B,Seattle,WA,98103,Licton Springs,Townhouse,3,2008,3,2.5,2,1360,1251,1.5,692500,509,,,,Elisa Wirkala,Lake & Company,Windermere Real Estate Co.,47.6972458,-122.3401311,https://www.redfin.com/WA/Seattle/9243-Ashworth-Ave-N-98103/unit-B/home/12385307
2026-09-19T19:54:21.154Z,Magnolia,2026-06-05,124643,214917560,2520965,Closed,4238 28th Pl W,,Seattle,WA,98199,Magnolia,Single Family,1,1947,3,2.5,2,2040,3150,1,1260000,618,,,,Alex Hiebert,"Pellego, Inc.",Windermere Mercer Island,47.6585931,-122.3934891,https://www.redfin.com/WA/Seattle/4238-28th-Pl-W-98199/home/124643
2026-09-19T19:54:21.154Z,Queen Anne,2026-06-05,131781,214836122,2519851,Closed,815 2nd Ave N Unit A,Unit A,Seattle,WA,98109,Queen Anne,Townhouse,3,2002,3,2.5,2,1820,1550,1.5,985000,541,,,,Melissa Klinnert,COMPASS,Windermere Real Estate Midtown,47.6268265,-122.3532716,https://www.redfin.com/WA/Seattle/815-2nd-Ave-N-98109/unit-A/home/131781
2026-09-19T19:54:21.154Z,Queen Anne,2026-06-05,131788,214118347,2506316,Closed,555 Galer St,,Seattle,WA,98109,Queen Anne,Single Family,1,1941,5,3,3,3210,3531,2,1630000,508,,,,Adam Ellis,KW Greater Seattle,COMPASS,47.6321211,-122.3455895,https://www.redfin.com/WA/Seattle/555-Galer-St-98109/home/131788
2026-09-19T19:54:21.154Z,Queen Anne,2026-06-05,132369,213517343,2497501,Closed,360 Highland Dr,,Seattle,WA,98109,Queen Anne,Single Family,1,1924,4,3.5,3,3762,11523,2,3800000,1010,,,,John Madrid,Realogics Sotheby's Int'l Rlty,Windermere Real Estate Midtown,47.6300047,-122.3494706,https://www.redfin.com/WA/Seattle/360-Highland-Dr-98109/home/132369
2026-09-19T19:54:21.154Z,Queen Anne,2026-06-05,132746,215551066,2523082,Closed,159 Blaine St,,Seattle,WA,98109,Queen Anne,Single Family,1,1906,4,3.5,3,3410,2340,2,1750000,513,,,,Rachael Podolsky,Coldwell Banker Bain,Windermere RE Greenwood,47.6347058,-122.3538941,https://www.redfin.com/WA/Seattle/159-Blaine-St-98109/home/132746
2026-09-19T19:54:21.154Z,Queen Anne,2026-06-05,133325,215323001,2523831,Closed,438 Comstock Pl,,Seattle,WA,98109,Queen Anne,Single Family,1,1968,4,2,2,2520,5160,1,1470000,583,,,,Melissa Klinnert,COMPASS,COMPASS,47.6310845,-122.348275,https://www.redfin.com/WA/Seattle/438-Comstock-Pl-98109/home/133325
2026-09-19T19:54:21.154Z,Central Seattle,2026-06-05,137657,214822758,2519064,Closed,1945 Boyer Ave E,,Seattle,WA,98112,Montlake,Single Family,1,1926,4,3,3,2303,4000,1.5,1498500,651,,,,Shawna Ader,Windermere Real Estate Midtown,Real Residential,47.6364998,-122.3048706,https://www.redfin.com/WA/Seattle/1945-Boyer-Ave-E-98112/home/137657
2026-09-19T19:54:21.154Z,Central Seattle,2026-06-05,139648,214516535,2514780,Closed,1145 33rd Ave E,,Seattle,WA,98112,Washington Park,Single Family,1,2015,5,4.5,4,4300,7200,2,3100000,721,,,,Toby Lumpkin,COMPASS,COMPASS,47.6292829,-122.2898834,https://www.redfin.com/WA/Seattle/1145-33rd-Ave-E-98112/home/139648
2026-09-19T19:54:21.154Z,Central Seattle,2026-06-05,149201,214808369,2518415,Closed,216 30th Ave S,,Seattle,WA,98144,Leschi,Single Family,1,1900,5,3.5,3,3795,6736,2,2200000,580,,,,Linda Moline,Windermere Real Estate Co.,Ensemble,47.6003301,-122.2934398,https://www.redfin.com/WA/Seattle/216-30th-Ave-S-98144/home/149201
2026-09-19T19:54:21.154Z,West Seattle,2026-06-05,153933,215804294,2528135,Closed,5421 48th Ave SW,,Seattle,WA,98136,Seaview,Single Family,1,1943,3,1.5,1,1270,6125,1,900000,709,,,,Desiree Loughlin,Windermere West Metro,"John L. Scott, Inc",47.5533025,-122.3940253,https://www.redfin.com/WA/Seattle/5421-48th-Ave-SW-98136/home/153933
2026-09-19T19:54:21.154Z,Ballard (specific),2026-06-05,169640464,214577564,2515777,Closed,2440 NW 60th St Unit B,Unit B,Seattle,WA,98107,Ballard,Townhouse,3,2019,3,2,2,1320,736,1.5,800000,606,,,,Lynn Calimlim,Team Calimlim Real Estate,Keller Williams Seattle Metro,47.6725396,-122.3894598,https://www.redfin.com/WA/Seattle/2440-NW-60th-St-98107/unit-B/home/169640464
2026-09-19T19:54:21.154Z,West Seattle,2026-06-05,17381691,214568197,2514248,Closed,924 SW Holden St,,Seattle,WA,98106,Highland Park,Townhouse,3,2008,2,2.5,2,1400,1524,1.5,575000,411,,,,Alexander Sway,Redfin,Berkshire Hathaway HS NW,47.534226,-122.3484217,https://www.redfin.com/WA/Seattle/924-SW-Holden-St-98106/home/17381691
2026-09-19T19:54:21.154Z,West Seattle,2026-06-05,185885549,214347518,2511702,Closed,9002 15th Ave SW Unit A,Unit A,Seattle,WA,98106,Highland Park,Single Family,1,2023,2,1,1,1020,2129,2,570000,559,,,,Sarah Rose Davis,KW Greater Seattle,"John L. Scott, Inc.",47.522683,-122.353624,https://www.redfin.com/WA/Seattle/9002-15th-Ave-SW-98106/unit-A/home/185885549
2026-09-19T19:54:21.154Z,NW Seattle,2026-06-05,188502164,215596081,2527700,Closed,14018 2nd Ave NW,,Seattle,WA,98177,Broadview,Single Family,1,2023,3,2.5,2,1060,8107,2,790000,745,,,,Jason Windom,eXp Realty,Windermere Real Estate Co.,47.7310586,-122.3593045,https://www.redfin.com/WA/Seattle/14018-2nd-Ave-NW-98177/home/188502164
2026-09-19T19:54:21.154Z,Fremont,2026-06-05,197920171,214968390,2521560,Closed,1203 B N Allen Pl,,Seattle,WA,98103,Wallingford,Townhouse,3,2026,3,2,2,1650,766,1.5,1049000,636,1,,,,"Windermere RE/Capitol Hill,Inc",Redfin,47.660518,-122.343375,https://www.redfin.com/WA/Seattle/1203-B-N-Allen-Pl-98103/home/197920171
2026-09-19T19:54:21.154Z,Green Lake,2026-06-05,199738225,214358396,2507347,Closed,7428 2nd Ave NE,,Seattle,WA,98115,Green Lake,Townhouse,3,2026,2,2.5,2,1428,1160,1.5,949000,665,4,,,Drew Smith,"Urban Commercial Partners, LLC",RSVP Brokers ERA,47.683212,-122.3269709,https://www.redfin.com/WA/Seattle/7428-2nd-Ave-NE-98115/home/199738225
2026-09-19T19:54:21.154Z,NE Seattle,2026-06-05,200859725,213018470,2492351,Closed,2613 NE 87th St,,Seattle,WA,98115,Wedgwood,Single Family,1,2026,2,2,2,1081,,2,740000,685,,,,Allison Mull,Windermere Real Estate Midtown,ZNonMember-Office-MLS,47.6914182,-122.2996022,https://www.redfin.com/WA/Seattle/2613-NE-87th-St-98115/home/200859725
2026-09-19T19:54:21.154Z,NW Seattle,2026-06-05,201532350,214595040,2516456,Closed,317 NW 87th St,,Seattle,WA,98117,Greenwood,Townhouse,3,2026,2,2,2,1087,1500,1.5,676000,622,50,,,John Cowan,Windermere Real Estate Co.,SCOUT,47.6918666,-122.3614443,https://www.redfin.com/WA/Seattle/317-NW-87th-St-98117/home/201532350
2026-09-19T19:54:21.154Z,NE Seattle,2026-06-05,202190662,216670285,2537406,Closed,1609 NE 68th St,,Seattle,WA,98115,Ravenna,Single Family,1,1914,4,3,3,1970,6120,2,1400000,711,,,,Kimberly Shaeffer,"John L. Scott, Inc.","John L. Scott, Inc.",47.6774356,-122.3104496,https://www.redfin.com/WA/Seattle/1609-NE-68th-St-98115/home/202190662
2026-09-19T19:54:21.154Z,NW Seattle,2026-06-05,288097,214838444,2518186,Closed,1218 NW 118th St,,Seattle,WA,98177,Broadview,Single Family,1,1972,4,3,3,3120,7630,1.5,1785000,572,,,,Kristen Eichelberger,Windermere RE Magnolia,KW Greater Seattle,47.7146484,-122.3728251,https://www.redfin.com/WA/Seattle/1218-NW-118th-St-98177/home/288097
2026-09-19T19:54:21.154Z,NW Seattle,2026-06-05,301004,215384896,2523415,Closed,511 N 82nd St,,Seattle,WA,98103,Greenwood,Single Family,1,1905,2,1,1,1330,4080,1,875000,658,,,,Christine Doughty,Coldwell Banker Danforth,Lake & Company,47.6881924,-122.3519505,https://www.redfin.com/WA/Seattle/511-N-82nd-St-98103/home/301004
2026-09-19T19:54:21.154Z,Wallingford,2026-06-05,306091,212990121,2490447,Closed,340 NE 53rd St,,Seattle,WA,98105,Green Lake,Single Family,1,1920,5,2,2,1834,4080,1.5,735000,401,,,,Linda Kahle,Real Broker LLC,Timber Real Estate,47.6673772,-122.3238094,https://www.redfin.com/WA/Seattle/340-NE-53rd-St-98105/home/306091
2026-09-19T19:54:21.154Z,NE Seattle,2026-06-05,309715,214519354,2511305,Closed,7537 21st Ave NE,,Seattle,WA,98115,Ravenna,Single Family,1,1940,4,3,3,2546,5760,1,1250000,491,,,,Teo Okamura,"John L. Scott, Inc.","John L. Scott, Inc",47.6841451,-122.3056898,https://www.redfin.com/WA/Seattle/7537-21st-Ave-NE-98115/home/309715
2026-09-19T19:54:21.154Z,NE Seattle,2026-06-05,310322,214534445,2514376,Closed,2208 NE 75th St,,Seattle,WA,98115,Ravenna,Single Family,1,1920,4,2.5,2,1810,2940,1.5,925000,511,,,,John O'Brien,KW Greater Seattle,Real Broker LLC,47.6832172,-122.3035664,https://www.redfin.com/WA/Seattle/2208-NE-75th-St-98115/home/310322
2026-09-19T19:54:21.154Z,NE Seattle,2026-06-05,318405,215381215,2524243,Closed,3809 NE 86th St,,Seattle,WA,98115,Wedgwood,Single Family,1,1977,3,2.5,2,1711,5610,3,1100000,643,,,,Cisca Wery,Windermere Real Estate Co.,RE/MAX Northwest,47.6907105,-122.2875607,https://www.redfin.com/WA/Seattle/3809-NE-86th-St-98115/home/318405
2026-09-19T19:54:21.154Z,West Seattle,2026-06-05,331551,215906939,2526399,Closed,4007 49th Ave SW,,Seattle,WA,98116,Genesee,Single Family,1,1948,2,1,1,1520,4840,1,851000,560,,,,Sandra Hines,The Agency Seattle,Every Door Real Estate,47.5682102,-122.3951758,https://www.redfin.com/WA/Seattle/4007-49th-Ave-SW-98116/home/331551
2026-09-19T19:54:21.154Z,West Seattle,2026-06-05,469280,213194643,2487054,Closed,6536 42nd Ave SW Unit B,Unit B,Seattle,WA,98136,Gatewood,Townhouse,3,2012,3,2.5,2,1774,1514,1.5,800000,451,,,,Sarah Lewis,SCOUT,Lake & Company,47.5437259,-122.3855295,https://www.redfin.com/WA/Seattle/6536-42nd-Ave-SW-98136/unit-B/home/469280
2026-09-19T19:54:21.154Z,West Seattle,2026-06-05,472027,215262975,2522388,Closed,8627 34th Ave SW,,Seattle,WA,98126,Westwood,Single Family,1,1951,3,1,1,1340,7080,1,767888,573,,,,Tonya Spivey,Keller Williams Downtown Sea,Ensemble,47.5256344,-122.3756559,https://www.redfin.com/WA/Seattle/8627-34th-Ave-SW-98126/home/472027
2026-09-19T19:54:21.154Z,Maple Leaf,2026-06-04,107077,215461134,2525776,Closed,1516 NE 96th St,,Seattle,WA,98115,Maple Leaf,Single Family,1,1932,3,3,3,1930,6388,1,974000,505,,,,Michael Schrepfer,Windermere Real Estate Co.,Windermere Real Estate Midtown,47.6987338,-122.3113219,https://www.redfin.com/WA/Seattle/1516-NE-96th-St-98115/home/107077
2026-09-19T19:54:21.154Z,NW Seattle,2026-06-04,12092998,214841365,2519200,Closed,908 NW 85th St,,Seattle,WA,98117,Greenwood,Single Family,1,2007,3,2.5,2,1248,1352,,660000,529,,,,Karishma Kiri,Windermere Real Estate/East,Portico Real Estate,47.690816,-122.3687765,https://www.redfin.com/WA/Seattle/908-NW-85th-St-98117/home/12092998
2026-09-19T19:54:21.154Z,Magnolia,2026-06-04,125894,215867546,2513314,Closed,2814 42nd Ave W,,Seattle,WA,98199,Magnolia,Single Family,1,1937,3,2,2,3340,6699,1,1513526,453,,,,Lin Shen,Sea to Sky Realty,Keller Williams Rlty Bellevue,47.6454803,-122.4105699,https://www.redfin.com/WA/Seattle/2814-42nd-Ave-W-98199/home/125894
2026-09-19T19:54:21.154Z,Queen Anne,2026-06-04,130920,214582208,2515283,Closed,316 W Newell St,,Seattle,WA,98119,Queen Anne,Single Family,1,1926,3,2,2,1710,3000,1,1050000,614,,,,Kim Wesselman,Windermere Real Estate Midtown,Coldwell Banker Bain,47.6442521,-122.3617252,https://www.redfin.com/WA/Seattle/316-W-Newell-St-98119/home/130920
2026-09-19T19:54:21.154Z,Central Seattle,2026-06-04,139287,213852252,2504504,Closed,1027 McGilvra Blvd E,,Seattle,WA,98112,Washington Park,Single Family,1,2025,5,4.5,4,4940,7800,1.5,6800000,1377,,,,Jeri Smith,Windermere Real Estate Co.,COMPASS,47.628188,-122.281787,https://www.redfin.com/WA/Seattle/1027-McGilvra-Blvd-E-98112/home/139287
2026-09-19T19:54:21.154Z,Central Seattle,2026-06-04,139517,214559582,2490640,Closed,246 Dorffel Dr E,,Seattle,WA,98112,Denny Blaine,Single Family,1,1924,4,3.5,3,3380,9928,2,2595000,768,,,,Janine Duncan,Windermere Real Estate Midtown,COMPASS,47.6208904,-122.2845048,https://www.redfin.com/WA/Seattle/246-Dorffel-Dr-E-98112/home/139517
2026-09-19T19:54:21.154Z,Central Seattle,2026-06-04,146090,215263778,2520894,Closed,934 30th Ave,,Seattle,WA,98122,Madrona,Single Family,1,1914,4,2,2,2800,4400,1.5,1420830,507,,,,Benjamin Chotzen,COMPASS,Real Broker LLC,47.6114087,-122.2934594,https://www.redfin.com/WA/Seattle/934-30th-Ave-98122/home/146090
2026-09-19T19:54:21.154Z,West Seattle,2026-06-04,150259,212756864,2487951,Closed,3001 60th Ave SW,,Seattle,WA,98116,Alki,Townhouse,3,2013,3,3.5,3,2020,1267,1.5,1045000,517,,,,Seth Raddue,Aris360,Windermere Real Estate Co.,47.5776088,-122.40965,https://www.redfin.com/WA/Seattle/3001-60th-Ave-SW-98116/home/150259
2026-09-19T19:54:21.154Z,West Seattle,2026-06-04,154870,214121917,2506558,Closed,9911 31St Ave SW,,Seattle,WA,98126,Arbor Heights,Single Family,1,1942,2,1,1,740,6375,1,555000,750,,,,Diana Nelson,"RE/MAX Metro Realty, Inc.",eXp Realty,47.5142603,-122.3721852,https://www.redfin.com/WA/Seattle/9911-31st-Ave-SW-98126/home/154870
2026-09-19T19:54:21.154Z,West Seattle,2026-06-04,160791,214891169,2509515,Closed,6311 18th Ave SW,,Seattle,WA,98106,West Seattle,Single Family,1,1952,4,2.5,2,1540,21590,1,855000,555,,,,Kiley Lazarus,Redfin,COMPASS,47.5461602,-122.3574238,https://www.redfin.com/WA/Seattle/6311-18th-Ave-SW-98106/home/160791
2026-09-19T19:54:21.154Z,Ballard (specific),2026-06-04,162480,214904953,2517692,Closed,6008 34th Ave NW,,Seattle,WA,98107,Ballard,Single Family,1,1949,5,4,4,4050,5100,2,2900000,716,,,,Garrett Brown,Windermere Real Estate Central,"John L. Scott, Inc.",47.6724708,-122.40078,https://www.redfin.com/WA/Seattle/6008-34th-Ave-NW-98107/home/162480
2026-09-19T19:54:21.154Z,Ballard (specific),2026-06-04,165036,215287473,2522491,Closed,7308 22nd Ave NW,,Seattle,WA,98117,Loyal Heights,Single Family,1,1909,4,2,2,1800,5100,1,1180000,656,,,,Gerald Chew,Coldwell Banker Bain,KW Greater Seattle,47.6816275,-122.3840374,https://www.redfin.com/WA/Seattle/7308-22nd-Ave-NW-98117/home/165036
2026-09-19T19:54:21.154Z,Ballard (specific),2026-06-04,166221,213344532,2496785,Closed,2819 NW 68th St,,Seattle,WA,98117,Sunset Hill,Single Family,1,1928,6,3,3,2520,4000,2,1449950,575,,,,Kyle Moore,MacPherson's Real Estate Serv.,Lake & Company,47.6778619,-122.3939586,https://www.redfin.com/WA/Seattle/2819-NW-68th-St-98117/home/166221
2026-09-19T19:54:21.154Z,Ballard (specific),2026-06-04,166773,215327532,2523633,Closed,7738 Jones Ave NW,,Seattle,WA,98117,Loyal Heights,Single Family,1,1931,4,2,2,2260,4100,1.5,1165000,515,,,,Danny Adamson,Lake & Company,Windermere Real Estate Midtown,47.6861197,-122.3862285,https://www.redfin.com/WA/Seattle/7738-Jones-Ave-NW-98117/home/166773
2026-09-19T19:54:21.154Z,Central Seattle,2026-06-04,190644136,210667820,2464877,Closed,3012 Fuhrman Ave E Unit C,Unit C,Seattle,WA,98102,Portage Bay,Single Family,1,2025,2,2,2,1033,1,1,2900000,2807,893,,,Molly Cartwright,Windermere Real Estate Midtown,COMPASS,47.6484614,-122.3176112,https://www.redfin.com/WA/Seattle/3012-Fuhrman-Ave-E-98102/unit-C/home/190644136
2026-09-19T19:54:21.154Z,Wallingford,2026-06-04,201634621,214536714,2510392,Closed,1408 N 48th St,,Seattle,WA,98103,Green Lake,Single Family,1,1928,5,2,2,3600,4400,1.5,1300000,361,,,,Jay Yancey,Windermere RE Greenwood,Windermere Real Estate/PSR Inc,47.6637902,-122.3401726,https://www.redfin.com/WA/Seattle/1408-N-48th-St-98103/home/201634621
2026-09-19T19:54:21.154Z,West Seattle,2026-06-04,22659982,214898694,2519291,Closed,4801 25th Ave SW,,Seattle,WA,98106,Delridge,Single Family,1,2013,4,3.5,3,2694,6000,2,985000,366,,,,,Coldwell Banker Bain,Redfin,47.5591391,-122.3645308,https://www.redfin.com/WA/Seattle/4801-25th-Ave-SW-98106/home/22659982
2026-09-19T19:54:21.154Z,NE Seattle,2026-06-04,310277,214383475,2506432,Closed,1322 NE 70th St,,Seattle,WA,98115,Roosevelt,Single Family,1,1900,4,3,3,1970,3000,2,1215000,617,,,,Cori Whitaker,"Windermere RE North, Inc.",Windermere Real Estate Co.,47.6796236,-122.3134193,https://www.redfin.com/WA/Seattle/1322-NE-70th-St-98115/home/310277
2026-09-19T19:54:21.154Z,NE Seattle,2026-06-04,312866,214342071,2509426,Closed,6044 25th Ave NE,,Seattle,WA,98115,Ravenna,Single Family,1,1919,2,1,1,1508,4900,1.5,825000,547,,,,Mia Klarich,Windermere Real Estate Midtown,Lake & Company,47.6734769,-122.3003958,https://www.redfin.com/WA/Seattle/6044-25th-Ave-NE-98115/home/312866
2026-09-19T19:54:21.154Z,NE Seattle,2026-06-04,320556,214547897,2515140,Closed,5803 Oberlin Ave NE,,Seattle,WA,98105,Hawthorne Hills,Single Family,1,1950,3,2,2,2000,5652,1,1179000,590,,,,Kirk Vaux,Windermere Real Estate/East,RSVP Brokers ERA,47.6712424,-122.2764699,https://www.redfin.com/WA/Seattle/5803-Oberlin-Ave-NE-98105/home/320556
2026-09-19T19:54:21.154Z,West Seattle,2026-06-04,473705,214534278,2480209,Closed,8403 32nd Ave SW,,Seattle,WA,98126,Westwood,Single Family,1,1919,2,1,1,970,7747,1,721000,743,,,,Tracy Hepler,RSVP Brokers ERA,RE/MAX Connect,47.5281139,-122.3742379,https://www.redfin.com/WA/Seattle/8403-32nd-Ave-SW-98126/home/473705
2026-09-19T19:54:21.154Z,Beacon Hill,2026-06-04,479442,214866208,2520157,Closed,4921 24th Ave S,,Seattle,WA,98108,Beacon Hill,Single Family,1,1947,3,2,2,2790,5280,1.5,1080000,387,,,,Timothy Lenihan,Windermere Real Estate Midtown,Ensemble,47.5575035,-122.3027189,https://www.redfin.com/WA/Seattle/4921-24th-Ave-S-98108/home/479442
2026-09-19T19:54:21.154Z,Beacon Hill,2026-06-04,482561,214573617,2511445,Closed,2942 S fontanelle St Unit C,Unit C,Seattle,WA,98108,Beacon Hill,Single Family,1,1968,4,3,3,2120,5500,2,765000,361,,,,Nadia Anderson,Realogics Sotheby's Int'l Rlty,Real Broker LLC,47.535885,-122.2936641,https://www.redfin.com/WA/Seattle/2942-S-Fontanelle-St-98108/unit-C/home/482561
2026-09-19T19:54:21.154Z,NW Seattle,2026-06-04,95466,213252052,2494376,Closed,10741 Palatine Ave N,,Seattle,WA,98133,Broadview,Single Family,1,1932,2,2,2,1270,7560,2,770000,606,,,,Scott Sorenson,Windermere Real Estate/East,"Real Property Associates, Inc.",47.7082758,-122.357313,https://www.redfin.com/WA/Seattle/10741-Palatine-Ave-N-98133/home/95466
2026-09-19T19:54:21.154Z,NW Seattle,2026-06-04,96650,214373317,2509493,Closed,116 NW 130th St,,Seattle,WA,98177,Broadview,Single Family,1,1948,3,1,1,1510,8640,1,800000,530,,,,Steve Hill,Windermere RE Greenwood,RSVP Brokers ERA,47.7234739,-122.3590799,https://www.redfin.com/WA/Seattle/116-NW-130th-St-98177/home/96650
2026-09-19T19:54:21.154Z,NW Seattle,2026-06-04,98429,213402983,2497949,Closed,721 N 88th St Unit A,Unit A,Seattle,WA,98103,Greenwood,Single Family,1,1932,2,1,1,1150,2784,1,615000,535,21,,,Royce Moriarty,COMPASS,ZNonMember-Office-MLS,47.6925335,-122.3492943,https://www.redfin.com/WA/Seattle/721-N-88th-St-98103/unit-A/home/98429
2026-09-19T19:54:21.154Z,NW Seattle,2026-06-03,100248,214855521,2520126,Closed,9027 6th Ave NW,,Seattle,WA,98117,Greenwood,Single Family,1,1918,3,1,1,1980,5080,1,939000,474,,,,John Blacksmith,Lake & Company,Windermere Real Estate Co.,47.6950534,-122.3637575,https://www.redfin.com/WA/Seattle/9027-6th-Ave-NW-98117/home/100248
2026-09-19T19:54:21.154Z,Northgate,2026-06-03,102344,213769589,2502965,Closed,13575 Roosevelt Way N,,Seattle,WA,98133,Haller Lake,Single Family,1,1974,4,3,3,1930,10784,1.5,740000,383,,,,Tina Chun,Windermere Real Estate GH LLC,"John L. Scott, Inc",47.728021,-122.3334157,https://www.redfin.com/WA/Seattle/13575-Roosevelt-Way-N-98133/home/102344
2026-09-19T19:54:21.154Z,Central Seattle,2026-06-03,113179333,214815902,2518967,Closed,1700 E Marion St,,Seattle,WA,98122,Central Area,Townhouse,3,2017,3,2.5,2,1438,865,1.5,899000,625,,,,Puneet Sachdeva,Kelly Right RE of Seattle LLC,Windermere West Metro,47.610461,-122.3096868,https://www.redfin.com/WA/Seattle/1700-E-Marion-St-98122/home/113179333
2026-09-19T19:54:21.154Z,Central Seattle,2026-06-03,113995324,214023379,2505416,Closed,729 Belmont Ave E,,Seattle,WA,98102,North Capitol Hill,Townhouse,3,2017,3,3.5,3,1700,711,1.5,1020000,600,100,,,Jonathan Himschoot,COMPASS,Kelly Right RE of Seattle LLC,47.6257301,-122.3248145,https://www.redfin.com/WA/Seattle/729-Belmont-Ave-E-98102/home/113995324
2026-09-19T19:54:21.154Z,NE Seattle,2026-06-03,121221,214905282,2512584,Closed,6420 NE 60th St,,Seattle,WA,98115,Windermere,Single Family,1,1947,4,2,2,2530,5350,1,1400000,553,,,,Sunshine McArthur,Windermere RE Greenwood,COMPASS,47.6722738,-122.2587541,https://www.redfin.com/WA/Seattle/6420-NE-60th-St-98115/home/121221
2026-09-19T19:54:21.154Z,Magnolia,2026-06-03,128354,214637762,2516134,Closed,4061 W Ruffner St,,Seattle,WA,98199,Magnolia,Single Family,1,1941,3,2,2,1940,6891,1,1250000,644,,,,Tara Eintracht,Windermere RE Magnolia,Windermere RE Magnolia,47.6520855,-122.4095191,https://www.redfin.com/WA/Seattle/4061-W-Ruffner-St-98199/home/128354
2026-09-19T19:54:21.154Z,Central Seattle,2026-06-03,139161,214123521,2507534,Closed,2307 McGilvra Blvd E,,Seattle,WA,98112,Madison Park,Single Family,1,1944,4,2,2,1580,4000,1,1960000,1241,,,,Mary P. Snyder,COMPASS,Windermere Real Estate Midtown,47.6393846,-122.2811018,https://www.redfin.com/WA/Seattle/2307-McGilvra-Blvd-E-98112/home/139161
2026-09-19T19:54:21.154Z,Beacon Hill,2026-06-03,143676,213841527,2504844,Closed,1341 14th Ave S Unit B,Unit B,Seattle,WA,98144,Beacon Hill,Townhouse,3,2007,3,3.5,3,1360,1267,1.5,680000,500,,,,Dana Penuela,Real Broker LLC,Windermere Real Estate Co.,47.5902715,-122.3152501,https://www.redfin.com/WA/Seattle/1341-14th-Ave-S-98144/unit-B/home/143676
2026-09-19T19:54:21.154Z,West Seattle,2026-06-03,150627,214559432,2514523,Closed,1712 Arch Ave SW,,Seattle,WA,98116,North Admiral,Single Family,1,1917,4,3,3,3160,4620,2,2345000,742,,,,Kristy LaVigne,Better Homes & Properties,Windermere RE Magnolia,47.5874462,-122.381513,https://www.redfin.com/WA/Seattle/1712-Arch-Ave-SW-98116/home/150627
2026-09-19T19:54:21.154Z,West Seattle,2026-06-03,152336,214615293,2514723,Closed,6775 Murray Ave SW,,Seattle,WA,98136,Gatewood,Single Family,1,1970,3,2,2,1520,5940,1,635000,418,,,,Trish Coy,Windermere Mercer Island,eXp Realty,47.5412873,-122.3949747,https://www.redfin.com/WA/Seattle/6775-Murray-Ave-SW-98136/home/152336
2026-09-19T19:54:21.154Z,West Seattle,2026-06-03,159244,213201784,2493891,Closed,2838 SW Nevada St,,Seattle,WA,98126,Delridge,Single Family,1,1998,3,2,2,1290,2550,2,720000,558,,,,Karen Hake,KW Lake Washington So,KW Lake Washington So,47.5656553,-122.3698345,https://www.redfin.com/WA/Seattle/2838-SW-Nevada-St-98126/home/159244
2026-09-19T19:54:21.154Z,Ballard (specific),2026-06-03,165071,213776696,2503612,Closed,6721 22nd Ave NW,,Seattle,WA,98117,Ballard,Single Family,1,1900,3,1.5,1,1380,5100,2,1399000,1014,,,,Torrey Morales,"Real Property Associates, Inc.",Real Broker LLC,47.6783499,-122.3845679,https://www.redfin.com/WA/Seattle/6721-22nd-Ave-NW-98117/home/165071
2026-09-19T19:54:21.154Z,Ballard (specific),2026-06-03,165588,215284198,2521946,Closed,7313 25th Ave NW,,Seattle,WA,98117,Loyal Heights,Single Family,1,1948,4,2,2,1700,4750,1,1185000,697,,,,David Palmer,Redfin,COMPASS,47.6817344,-122.3889678,https://www.redfin.com/WA/Seattle/7313-25th-Ave-NW-98117/home/165588
2026-09-19T19:54:21.154Z,NE Seattle,2026-06-03,191497872,214859693,2520161,Closed,6521 25th Ave NE Unit C,Unit C,Seattle,WA,98115,Ravenna,Townhouse,3,2005,2,2.5,2,1470,1099,1.5,867500,590,95,,,Kris Murphy,KW Greater Seattle,"Windermere RE North, Inc.",47.6765278,-122.3009788,https://www.redfin.com/WA/Seattle/6521-25th-Ave-NE-98115/unit-C/home/191497872
2026-09-19T19:54:21.154Z,West Seattle,2026-06-03,195913535,213685965,2495253,Closed,9239 B 16th Ave SW,,Seattle,WA,98106,Highland Park,Townhouse,3,2025,3,3,3,1844,1200,1.5,674900,366,99,,,Shannon Renner,Real Broker LLC,"Skyline Properties, Inc.",47.5199005,-122.3556185,https://www.redfin.com/WA/Seattle/9239-16th-Ave-SW-98106/unit-A/home/195913535
2026-09-19T19:54:21.154Z,NE Seattle,2026-06-03,196777062,205963079,2413339,Closed,4300 NE 52nd St,,Seattle,WA,98105,Sand Point,Townhouse,3,2026,3,2,2,1843,1099,1.5,1059900,575,,,,Diana Rayo,"Windermere RE/Capitol Hill,Inc",Windermere Real Estate/East,47.666817229,-122.2804018,https://www.redfin.com/WA/Seattle/4300-NE-52nd-St-98105/home/196777062
2026-09-19T19:54:21.154Z,NW Seattle,2026-06-03,199112176,216471051,2534708,Closed,11229 Greenwood Ave N Unit A,Unit A,Seattle,WA,98133,Greenwood,Townhouse,3,2025,4,3,3,1855,6703,1.5,789900,426,,,,Bentley Pugh,Keller Williams North Seattle,John L. Scott Lake Stevens,47.711531,-122.3559196,https://www.redfin.com/WA/Seattle/11229-Greenwood-Ave-N-98133/unit-A/home/199112176
2026-09-19T19:54:21.154Z,Ballard (specific),2026-06-03,200954657,214613933,2516172,Closed,6507 19th Ave NW,,Seattle,WA,98117,Loyal Heights,Townhouse,3,2026,2,2,2,1081,549,1.5,679000,628,73,,,Jonathan Jacobs,Windermere Real Estate Co.,Windermere Real Estate Midtown,47.6762058,-122.3813668,https://www.redfin.com/WA/Seattle/6507-19th-Ave-NW-98117/home/200954657
2026-09-19T19:54:21.154Z,West Seattle,2026-06-03,200954870,213248077,2488545,Closed,3808 42nd Ave SW,,Seattle,WA,98116,Belvidere,Townhouse,3,2026,2,2.5,2,1343,1192,1.5,834000,621,85,,,Tom Cowan,Windermere Real Estate Co.,Windermere West Metro,47.56983,-122.3851654,https://www.redfin.com/WA/Seattle/3808-42nd-Ave-SW-98116/home/200954870
2026-09-19T19:54:21.154Z,NW Seattle,2026-06-03,201551776,214365345,2512865,Closed,9537 Dayton Ave N,,Seattle,WA,98103,Greenwood,Single Family,1,2026,3,2,2,1088,3000,2,830000,763,10,,,David Mulcahy,"Pellego, Inc.","Real Property Associates, Inc.",47.6989881,-122.3530106,https://www.redfin.com/WA/Seattle/9537-Dayton-Ave-N-98103/home/201551776
2026-09-19T19:54:21.154Z,Northgate,2026-06-03,201843386,215354830,2514084,Closed,13022 Corliss Ave N Unit B,Unit B,Seattle,WA,98133,Haller Lake,Single Family,1,2026,2,2.5,2,1147,9000,2,625000,545,25,,,Kevin Yuen,YuenCo,Ensemble,47.7238025,-122.3312027,https://www.redfin.com/WA/Seattle/13022-Corliss-Ave-N-98133/unit-B/home/201843386
2026-09-19T19:54:21.154Z,NW Seattle,2026-06-03,289375,214402988,2510943,Closed,2628 NW Esplanade,,Seattle,WA,98117,North Beach,Single Family,1,1938,3,4,4,3680,9005,2,3880000,1054,,,,,Windermere Real Estate Midtown,Redfin,47.7014075,-122.3914582,https://www.redfin.com/WA/Seattle/2628-NW-Esplanade-98117/home/289375
2026-09-19T19:54:21.154Z,NW Seattle,2026-06-03,300481,215278967,2515435,Closed,549 N 77th St,,Seattle,WA,98103,Phinney Ridge,Single Family,1,1946,4,2,2,2243,4532,1,1595000,711,,,,Brad Knowles,Windermere Real Estate Midtown,COMPASS,47.6845558,-122.3502748,https://www.redfin.com/WA/Seattle/549-N-77th-St-98103/home/300481
2026-09-19T19:54:21.154Z,NW Seattle,2026-06-03,301636,214870673,2518835,Closed,530 N 83rd St,,Seattle,WA,98103,Greenwood,Single Family,1,1918,3,2,2,1703,5610,1,1285000,755,,,,Greg Lewis,Windermere Real Estate Co.,Windermere Real Estate Co.,47.6893262,-122.3511936,https://www.redfin.com/WA/Seattle/530-N-83rd-St-98103/home/301636
2026-09-19T19:54:21.154Z,NE Seattle,2026-06-03,312859,214853831,2520038,Closed,6225 29th Ave NE,,Seattle,WA,98115,Bryant,Single Family,1,1950,3,2.5,2,2060,4500,1,1225000,595,,,,Stefan Hoerschelmann,Windermere Real Estate Co.,"Windermere RE North, Inc.",47.6747426,-122.2967422,https://www.redfin.com/WA/Seattle/6225-29th-Ave-NE-98115/home/312859
2026-09-19T19:54:21.154Z,West Seattle,2026-06-03,329677,214935266,2520382,Closed,3245 45th Ave SW,,Seattle,WA,98116,Genesee,Single Family,1,1939,4,2,2,2195,6933,2,1350000,615,,,,Susi Musi,COMPASS,ShopProp Inc.,47.5743653,-122.3897466,https://www.redfin.com/WA/Seattle/3245-45th-Ave-SW-98116/home/329677
2026-09-19T19:54:21.154Z,Phinney Ridge,2026-06-03,498307,214358189,2511190,Closed,7015 2nd Ave NW,,Seattle,WA,98117,Phinney Ridge,Single Family,1,1916,4,2,2,2070,4000,1.5,950000,459,,,,Laura Hanson,Windermere Real Estate Co.,Windermere Real Estate Co.,47.6800373,-122.3597243,https://www.redfin.com/WA/Seattle/7015-2nd-Ave-NW-98117/home/498307
2026-09-19T19:54:21.154Z,NW Seattle,2026-06-03,98597,214128596,2508376,Closed,9500 Phinney Ave N,,Seattle,WA,98103,Greenwood,Single Family,1,1920,4,3,3,2570,6379,1.5,1299937,506,,,,Chandra Gordon,Redfin,Redfin,47.6980084,-122.3537327,https://www.redfin.com/WA/Seattle/9500-Phinney-Ave-N-98103/home/98597
2026-09-19T19:54:21.154Z,NW Seattle,2026-06-03,99031,214669188,2514766,Closed,733 104th St,,Seattle,WA,98133,Greenwood,Single Family,1,1990,4,3,3,2260,3844,1.5,850000,376,,,,Vince Grant,RE/MAX Elite,KW Greater Seattle,47.7041218,-122.3485696,https://www.redfin.com/WA/Seattle/733-N-104th-St-98133/home/99031
2026-09-19T19:54:21.154Z,NE Seattle,2026-06-02,120964,216629571,2536996,Closed,5833 57th Ave NE,,Seattle,WA,98105,Windermere,Single Family,1,1943,3,2,2,1490,4751,1,1050000,705,,,,Mason Hwu,eXp Realty,Windermere Real Estate Co.,47.6712649,-122.2670822,https://www.redfin.com/WA/Seattle/5833-57th-Ave-NE-98105/home/120964
2026-09-19T19:54:21.154Z,NE Seattle,2026-06-02,121609,215543366,2526467,Closed,3608 43rd Ave NE,,Seattle,WA,98105,Laurelhurst,Single Family,1,1930,5,3.5,3,4613,8512,2,3350000,726,,,,Joie Gowan,Windermere Real Estate Co.,Windermere Real Estate Midtown,47.6547125,-122.2802942,https://www.redfin.com/WA/Seattle/3608-43rd-Ave-NE-98105/home/121609
2026-09-19T19:54:21.154Z,NE Seattle,2026-06-02,122251,214863721,2519731,Closed,4732 45th Ave NE,,Seattle,WA,98105,Laurelhurst,Single Family,1,1942,3,2,2,2390,5000,1,1495000,626,,,,Terri Agee Smith,Windermere Real Estate Co.,"John L. Scott, Inc.",47.6640653,-122.2790863,https://www.redfin.com/WA/Seattle/4732-45th-Ave-NE-98105/home/122251
2026-09-19T19:54:21.154Z,Queen Anne,2026-06-02,129216,215339633,2523748,Closed,2601 13th Ave W,,Seattle,WA,98119,Queen Anne,Single Family,1,1992,3,2.5,2,1820,2762,2,1463000,804,,,,David Angiulo,Coldwell Banker Bain,Windermere Real Estate Midtown,47.643032,-122.3739795,https://www.redfin.com/WA/Seattle/2601-13th-Ave-W-98119/home/129216
2026-09-19T19:54:21.154Z,Central Seattle,2026-06-02,140653,215310366,2519242,Closed,511 33rd Ave,,Seattle,WA,98122,Madrona,Single Family,1,1912,4,2.5,2,4011,5000,,2235000,557,,,,Shannon Vincent,Windermere Real Estate Co.,Unlock Seattle Real Estate LLC,47.6065227,-122.2907925,https://www.redfin.com/WA/Seattle/511-33rd-Ave-98122/home/140653
2026-09-19T19:54:21.154Z,Central Seattle,2026-06-02,141807,214823652,2519184,Closed,1112 35th Ave,,Seattle,WA,98122,Madrona,Single Family,1,1922,4,3.5,3,3120,5000,2,1700000,545,,,,Shawna Ader,Windermere Real Estate Midtown,Windermere Real Estate Midtown,47.6120461,-122.2879886,https://www.redfin.com/WA/Seattle/1112-35th-Ave-98122/home/141807
2026-09-19T19:54:21.154Z,Central Seattle,2026-06-02,142457,212578206,2480480,Closed,943 23rd Ave,,Seattle,WA,98122,Central Area,Single Family,1,1902,5,2,2,1603,2370,2,810000,505,,,,Gagan Singh,"John L. Scott, Inc",Windermere R E Mount Baker,47.6113474,-122.3029941,https://www.redfin.com/WA/Seattle/943-23rd-Ave-98122/home/142457
2026-09-19T19:54:21.154Z,Queen Anne,2026-06-02,195902481,213372609,2497376,Closed,2112 1st Ave N,,Seattle,WA,98109,Queen Anne,Townhouse,3,2025,3,3,3,1568,971,1.5,1185000,756,,,,Sharon Gentry,Intracorp Marketing&Sales LLC,Windermere Mercer Island,47.6379264,-122.3553689,https://www.redfin.com/WA/Seattle/2112-1st-Ave-N-98109/home/195902481
2026-09-19T19:54:21.154Z,Ballard (specific),2026-06-02,200910046,214260854,2511033,Closed,3412 NW 56th St,,Seattle,WA,98107,Sunset Hill,Townhouse,3,2026,2,2,2,1048,1174,1.5,799999,763,55,,,Sarah McCormick,"Real Property Associates, Inc.",Ensemble,47.6697574,-122.4018255,https://www.redfin.com/WA/Seattle/3412-NW-56th-St-98107/home/200910046
2026-09-19T19:54:21.154Z,Central Seattle,2026-06-02,22440888,213885625,2505127,Closed,943 Martin Luther King Jr Way S Unit A,Unit A,Seattle,WA,98144,Judkins,Townhouse,3,2009,2,2,2,1465,1655,1.5,695000,474,,,,Jesse Paulson,RE/MAX Northwest,Realogics Sotheby's Int'l Rlty,47.5933807,-122.2981368,https://www.redfin.com/WA/Seattle/943-Martin-Luther-King-Jr-Way-S-98144/unit-A/home/22440888
2026-09-19T19:54:21.154Z,NE Seattle,2026-06-02,310525,214339447,2510547,Closed,6856 17th Ave NE,,Seattle,WA,98115,Ravenna,Single Family,1,1928,3,1.5,1,2540,5100,2,1651000,650,,,,Spafford Robbins,COMPASS,Windermere Real Estate Co.,47.6792648,-122.309584,https://www.redfin.com/WA/Seattle/6856-17th-Ave-NE-98115/home/310525
2026-09-19T19:54:21.154Z,NE Seattle,2026-06-02,310868,214554384,2421139,Closed,1273 NE 69th St,,Seattle,WA,98115,Roosevelt,Single Family,1,1941,4,2.5,2,2100,3956,1,1250000,595,,,,Gretchen Schmidt,COMPASS,John L Scott RE West Seattle,47.6785154,-122.3125733,https://www.redfin.com/WA/Seattle/1273-NE-69th-St-98115/home/310868
2026-09-19T19:54:21.154Z,NE Seattle,2026-06-02,314776,214336339,2512101,Closed,6857 44th Ave NE,,Seattle,WA,98115,View Ridge,Single Family,1,1953,3,2,2,2340,6138,1,1225000,524,,,,Ben Buckley,Windermere Real Estate Co.,Windermere Real Estate Co.,47.6792246,-122.2815992,https://www.redfin.com/WA/Seattle/6857-44th-Ave-NE-98115/home/314776
2026-09-19T19:54:21.154Z,NE Seattle,2026-06-02,322063,214166475,2508487,Closed,7005 58th Ave NE,,Seattle,WA,98115,View Ridge,Single Family,1,1948,4,3,3,2280,10542,1,1612500,707,,,,Luis Guzman Rivera,COMPASS,Urban Living,47.6795801,-122.2662605,https://www.redfin.com/WA/Seattle/7005-58th-Ave-NE-98115/home/322063
2026-09-19T19:54:21.154Z,NW Seattle,2026-06-02,495485,214779790,2518754,Closed,7707 6th Ave NW,,Seattle,WA,98117,Ballard,Single Family,1,1926,3,1,1,1930,3800,1,816000,423,,,,Ted Meenk,RE/MAX Northwest,"Heaton Dainard, LLC",47.6850313,-122.3636117,https://www.redfin.com/WA/Seattle/7707-6th-Ave-NW-98117/home/495485
2026-09-19T19:54:21.154Z,NW Seattle,2026-06-02,98859,214580310,2513297,Closed,705 N 104th St,,Seattle,WA,98133,Greenwood,Single Family,1,1929,3,2,2,1520,3844,1,699950,460,,,,Neressa Carr,Lake & Company,Windermere Real Estate/HLC,47.7041503,-122.349699,https://www.redfin.com/WA/Seattle/705-N-104th-St-98133/home/98859
2026-09-19T19:54:21.154Z,NW Seattle,2026-06-01,100959,214468932,2514385,Closed,309 NW 92nd St,,Seattle,WA,98117,Greenwood,Single Family,1,2026,4,3,3,2009,2171,3,1250000,622,10,,,Q Pham,"Dove Realty, Inc.","Windermere R.E. Northeast, Inc",47.6958896,-122.3612846,https://www.redfin.com/WA/Seattle/309-NW-92nd-St-98117/home/100959
2026-09-19T19:54:21.154Z,Northgate,2026-06-01,103866,213744512,2500896,Closed,2171 N 122nd Pl,,Seattle,WA,98133,Haller Lake,Single Family,1,1924,4,2.5,2,2530,16343,1,2000000,791,,,,Bob Richards,Windermere Real Estate/East,Lake & Company,47.7187333,-122.3314055,https://www.redfin.com/WA/Seattle/2171-N-122nd-Pl-98133/home/103866
2026-09-19T19:54:21.154Z,Queen Anne,2026-06-01,11761625,216326868,2533724,Closed,201 Galer St #510,#510,Seattle,WA,98109,Queen Anne,Single Family,1,1908,1,1,1,824,,3,625000,758,1006,,,,Windermere Real Estate Midtown,Redfin,47.631528,-122.351979,https://www.redfin.com/WA/Seattle/201-Galer-St-98109/unit-510/home/11761625
2026-09-19T19:54:21.154Z,Central Seattle,2026-06-01,12088529,212880720,2466234,Closed,721 Harvard Ave E,,Seattle,WA,98102,Capitol Hill,Townhouse,3,2006,2,3.5,3,3890,2968,1.5,3100000,797,1650,,,,COMPASS,Redfin,47.6257064,-122.3227314,https://www.redfin.com/WA/Seattle/721-Harvard-Ave-E-98102/home/12088529
2026-09-19T19:54:21.154Z,Queen Anne,2026-06-01,132305,214406297,2512765,Closed,167 Prospect St,,Seattle,WA,98109,Queen Anne,Single Family,1,2010,4,7.5,6,6900,8784,2,6900000,1000,,,,Moira Holley,Realogics Sotheby's Int'l Rlty,"John L. Scott, Inc.",47.6287127,-122.3532686,https://www.redfin.com/WA/Seattle/167-Prospect-St-98109/home/132305
2026-09-19T19:54:21.154Z,Central Seattle,2026-06-01,139401,214266020,2501248,Closed,3717 E Prospect St,,Seattle,WA,98112,Washington Park,Single Family,1,1949,3,3.5,3,3370,14400,1,3800000,1128,,,,Tamara Marson,Windermere Real Estate Midtown,Windermere Real Estate/East,47.6282351,-122.284712,https://www.redfin.com/WA/Seattle/3717-E-Prospect-St-98112/home/139401
2026-09-19T19:54:21.154Z,Ballard (specific),2026-06-01,143614944,212476105,2484516,Closed,2441 NW 62nd St,,Seattle,WA,98107,Ballard,Townhouse,3,2017,3,3.5,3,1763,2025,1.5,870000,493,,,,Jennifer Maher,Windermere Real Estate Co.,"Ewing & Clark, Inc.",47.6736115,-122.3895574,https://www.redfin.com/WA/Seattle/2441-NW-62nd-St-98107/home/143614944
2026-09-19T19:54:21.154Z,Ballard (specific),2026-06-01,163810,214666170,2507639,Closed,7504 27th Ave NW,,Seattle,WA,98117,Loyal Heights,Single Family,1,1940,3,1,1,1560,3880,1,885000,567,,,,Yiota O'Laughlin,"RE/MAX Metro Realty, Inc.",Windermere Mercer Island,47.6833722,-122.390589,https://www.redfin.com/WA/Seattle/7504-27th-Ave-NW-98117/home/163810
2026-09-19T19:54:21.154Z,Ballard (specific),2026-06-01,171827154,212500999,2484603,Closed,806 NW 50th St Unit B,Unit B,Seattle,WA,98107,Ballard,Townhouse,3,2020,2,2,2,1541,836,1.5,759950,493,,,,Katherine Lisecki,COMPASS,"Wilson Realty Exchange, Inc.",47.6651066,-122.3667531,https://www.redfin.com/WA/Seattle/806-NW-50th-St-98107/unit-B/home/171827154
2026-09-19T19:54:21.154Z,NW Seattle,2026-06-01,200166177,211099573,2471316,Closed,11231 Greenwood Ave N Unit B,Unit B,Seattle,WA,98133,Greenwood,Townhouse,3,2025,3,3,3,1989,6703,1.5,795000,400,,,,Bentley Pugh,Keller Williams North Seattle,Real Broker LLC,47.7115539,-122.3559387,https://www.redfin.com/WA/Seattle/11231-Greenwood-Ave-N-98133/unit-B/home/200166177
2026-09-19T19:54:21.154Z,Ballard (specific),2026-06-01,200910047,213314348,2496407,Closed,3414 NW 56th St,,Seattle,WA,98107,Sunset Hill,Townhouse,3,2026,2,2,2,1056,795,1.5,760000,720,55,,,Sarah McCormick,"Real Property Associates, Inc.",Theory Real Estate,47.6697576,-122.4018914,https://www.redfin.com/WA/Seattle/3414-NW-56th-St-98107/home/200910047
2026-09-19T19:54:21.154Z,Magnolia,2026-06-01,201250755,213886457,2504204,Closed,3446 B 22nd Ave W,,Seattle,WA,98199,Magnolia,Townhouse,3,2015,3,3.5,3,1780,1582,1.5,895000,503,,,,Angie Holmstrom,Windermere RE Greenwood,TS Property Management,47.6517518,-122.3844294,https://www.redfin.com/WA/Seattle/3446B-22nd-Ave-W-98199/home/201250755
2026-09-19T19:54:21.154Z,Ballard (specific),2026-06-01,201381018,214029793,2507274,Closed,1127 NW 58th St Unit B,Unit B,Seattle,WA,98107,Ballard,Townhouse,3,2026,3,2.5,2,1731,1121,1.5,899000,519,24,,,Tony Ferrelli,"Windermere R.E. Northeast, Inc","John L. Scott, Inc.",47.6706969,-122.3720201,https://www.redfin.com/WA/Seattle/1127-NW-58th-St-98107/unit-B/home/201381018
2026-09-19T19:54:21.154Z,Central Seattle,2026-06-01,2116474,216810819,2539382,Closed,1420 E Pine St Unit E508,Unit E508,Seattle,WA,98122,Capitol Hill,Single Family,1,2005,1,1,1,824,,1,485000,589,661,,,Benjamin Young,Pointe3 Real Estate,Pointe3 Real Estate,47.6154086,-122.3134308,https://www.redfin.com/WA/Seattle/1420-E-Pine-St-98122/unit-E508/home/2116474
2026-09-19T19:54:21.154Z,NE Seattle,2026-06-01,312929,213889265,2498442,Closed,6028 31st Ave NE,,Seattle,WA,98115,Bryant,Single Family,1,1909,4,3,3,2719,5000,1,1195000,439,,,,Wes Jones,Keller Williams Rlty Bellevue,Portico Real Estate,47.6730093,-122.2939593,https://www.redfin.com/WA/Seattle/6028-31st-Ave-NE-98115/home/312929
2026-09-19T19:54:21.154Z,NE Seattle,2026-06-01,317228,214825821,2519150,Closed,2624 NE 82nd St,,Seattle,WA,98115,Wedgwood,Single Family,1,1950,4,2,2,3170,10525,1,1370000,432,,,,,Windermere Real Estate Co.,Redfin,47.6887055,-122.298888,https://www.redfin.com/WA/Seattle/2624-NE-82nd-St-98115/home/317228
2026-09-19T19:54:21.154Z,NE Seattle,2026-06-01,317399,214849631,2515306,Closed,7030 27th Ave NE,,Seattle,WA,98115,Bryant,Single Family,1,1947,4,2,2,2230,5488,1.5,1125000,504,,,,Sarah Lewis,SCOUT,Lake & Company,47.6803143,-122.2982932,https://www.redfin.com/WA/Seattle/7030-27th-Ave-NE-98115/home/317399
2026-09-19T19:54:21.154Z,Beacon Hill,2026-06-01,478044,214918725,2520182,Closed,2512 S Raymond St,,Seattle,WA,98108,Beacon Hill,Single Family,1,1957,4,2,2,2820,8316,1.5,775000,275,,,,Carol Yamamoto,Windermere Real Estate Co.,Windermere West Metro,47.5488206,-122.2991733,https://www.redfin.com/WA/Seattle/2512-S-Raymond-St-98108/home/478044
2026-09-19T19:54:21.154Z,Ballard (specific),2026-06-01,495881,214587291,2491609,Closed,8042 11th Ave NW,,Seattle,WA,98117,Whittier,Single Family,1,1928,4,1,1,2352,5000,1.5,1200000,510,,,,Gretta Graves,COMPASS,Real Broker LLC,47.6881558,-122.3701384,https://www.redfin.com/WA/Seattle/8042-11th-Ave-NW-98117/home/495881
2026-09-19T19:54:21.154Z,West Seattle,2026-06-01,55551387,214429667,2512127,Closed,4137 Fauntleroy Way SW,,Seattle,WA,98126,Genesee,Single Family,1,2014,4,3,2,2980,4000,2,1430000,480,,,,Marianne Barkman,"John L. Scott, Inc.",Kelly Right RE of Seattle LLC,47.5658443,-122.3754959,https://www.redfin.com/WA/Seattle/4137-Fauntleroy-Way-SW-98126/home/55551387
2026-09-19T19:54:21.154Z,Eastlake,2026-06-01,69356864,214359864,2506578,Closed,2830 Fairview Ave E,,Seattle,WA,98102,Eastlake,Townhouse,3,2017,3,2.5,2,2450,1991,1.5,2330000,951,450,,,James Stroupe,Realogics Sotheby's Int'l Rlty,Coldwell Banker Bain,47.6466006,-122.3260373,https://www.redfin.com/WA/Seattle/2830-Fairview-Ave-E-98102/home/69356864
2026-09-19T19:54:21.154Z,Central Seattle,2026-05-30,147520,209067382,2446968,Closed,1801 Martin Luther King Jr. Way,,Seattle,WA,98122,Madison Valley,Single Family,1,1903,3,2,2,1263,7037,1,850000,673,,,,Forey Duckett,Coldwell Banker Danforth,RE/MAX Northwest,47.6178112,-122.2964403,https://www.redfin.com/WA/Seattle/1801-Martin-Luther-King-Jr-Way-98122/home/147520
2026-09-19T19:54:21.154Z,Northgate,2026-05-29,102843,214520860,2512390,Closed,14347 Ashworth Ave N,,Seattle,WA,98133,Haller Lake,Single Family,1,1957,3,1,1,1340,4725,1.5,510000,381,,,,Ralph Castano,"RE/MAX Metro Realty, Inc.","Heaton Dainard, LLC",47.733705,-122.3400299,https://www.redfin.com/WA/Seattle/14347-Ashworth-Ave-N-98133/home/102843
2026-09-19T19:54:21.154Z,Northgate,2026-05-29,115731,214814334,2519214,Closed,12746 10th Ave NE,,Seattle,WA,98125,Pinehurst,Single Family,1,1951,6,2,2,2000,9051,2,960000,480,,,,Tyler Anderson,Windermere Real Estate Co.,Windermere RE Greenwood,47.7225843,-122.3178538,https://www.redfin.com/WA/Seattle/12746-10th-Ave-NE-98125/home/115731
2026-09-19T19:54:21.154Z,Wallingford,2026-05-29,119627,212960882,2491502,Closed,3714 Bagley Ave N,,Seattle,WA,98103,Wallingford,Single Family,1,2025,4,4,3,3298,3042,3,2375000,720,48,,,Rachel Olson,COMPASS,Windermere Real Estate Co.,47.6524293,-122.3324084,https://www.redfin.com/WA/Seattle/3714-Bagley-Ave-N-98103/home/119627
2026-09-19T19:54:21.154Z,NE Seattle,2026-05-29,122493,215398813,2523489,Closed,3711 NE 42nd St,,Seattle,WA,98105,Laurelhurst,Single Family,1,1945,4,2.5,2,2380,5000,1.5,1795000,754,,,,Sue Bethke,Windermere Real Estate Co.,Windermere Real Estate Co.,47.6589636,-122.2876637,https://www.redfin.com/WA/Seattle/3711-NE-42nd-St-98105/home/122493
2026-09-19T19:54:21.154Z,Magnolia,2026-05-29,126442,212757695,2486496,Closed,2803 Magnolia Blvd W,,Seattle,WA,98199,Magnolia,Single Family,1,1926,5,3,3,3740,7020,2,3488000,933,,,,Scott Shutes,Windermere RE Greenwood,COMPASS,47.6452689,-122.4146709,https://www.redfin.com/WA/Seattle/2803-Magnolia-Blvd-W-98199/home/126442
2026-09-19T19:54:21.154Z,Queen Anne,2026-05-29,133890,209571505,2457677,Closed,215 W Kinnear Pl,,Seattle,WA,98119,Queen Anne,Single Family,1,1937,5,3,3,3420,6800,2,1200000,351,,,,Kirk Patterson,Pure Real Estate,"Skyline Properties, Inc.",47.6275653,-122.3600124,https://www.redfin.com/WA/Seattle/215-W-Kinnear-Pl-98119/home/133890
2026-09-19T19:54:21.154Z,Queen Anne,2026-05-29,134502,214580020,2514383,Closed,1909 4th Ave N,,Seattle,WA,98109,Queen Anne,Single Family,1,1909,4,3.5,3,3040,6000,2,2595000,854,,,,Mary Lee,Windermere Real Estate Midtown,Windermere Real Estate/East,47.6360041,-122.3498119,https://www.redfin.com/WA/Seattle/1909-4th-Ave-N-98109/home/134502
2026-09-19T19:54:21.154Z,Central Seattle,2026-05-29,135513,212952802,2487003,Closed,1612 22nd Ave E,,Seattle,WA,98112,Capitol Hill,Single Family,1,1919,3,1.5,1,2500,10816,2,1716000,686,,,,Peter Phillips,Realogics Sotheby's Int'l Rlty,The Agency Seattle,47.6336425,-122.3033819,https://www.redfin.com/WA/Seattle/1612-22nd-Ave-E-98112/home/135513
2026-09-19T19:54:21.154Z,Central Seattle,2026-05-29,139369,215289119,2522897,Closed,3901 E McGilvra St,,Seattle,WA,98112,Madison Park,Single Family,1,1974,4,3.5,3,3505,9960,1.5,3725000,1063,,,,Shawna Ader,Windermere Real Estate Midtown,Windermere Real Estate Midtown,47.6404913,-122.2827565,https://www.redfin.com/WA/Seattle/3901-E-McGilvra-St-98112/home/139369
2026-09-19T19:54:21.154Z,Central Seattle,2026-05-29,139381,214055208,2507153,Closed,1030 Washington Pl E,,Seattle,WA,98112,Washington Park,Single Family,1,1941,4,3,3,3300,5000,2,2095000,635,,,,Chris Dalto,Real Broker LLC,Windermere Real Estate Midtown,47.6282798,-122.2930212,https://www.redfin.com/WA/Seattle/1030-Washington-Pl-E-98112/home/139381
2026-09-19T19:54:21.154Z,Central Seattle,2026-05-29,143299,213840332,2503128,Closed,817 20th Ave S,,Seattle,WA,98144,Judkins,Single Family,1,1904,4,3,3,2270,3000,2,860000,379,,,,Marcela Hoag,"Pellego, Inc.",Real Broker LLC,47.5953603,-122.3065167,https://www.redfin.com/WA/Seattle/817-20th-Ave-S-98144/home/143299
2026-09-19T19:54:21.154Z,Central Seattle,2026-05-29,145359,214554091,2515302,Closed,1108 18th Ave Unit A,Unit A,Seattle,WA,98122,Capitol Hill,Single Family,1,1992,3,2.5,2,1380,1849,3,895000,649,,,,,Coldwell Banker Bain,Redfin,47.6118349,-122.3083565,https://www.redfin.com/WA/Seattle/1108-18th-Ave-98122/unit-A/home/145359
2026-09-19T19:54:21.154Z,Central Seattle,2026-05-29,146714,214843016,2517802,Closed,1121 27th Ave,,Seattle,WA,98122,Capitol Hill,Single Family,1,1905,3,2.5,2,1900,3960,2,1050000,553,,,,Jessica Lum,Windermere Real Estate/East,Windermere Mercer Island,47.6122094,-122.2978344,https://www.redfin.com/WA/Seattle/1121-27th-Ave-98122/home/146714
2026-09-19T19:54:21.154Z,Magnolia,2026-05-29,147138283,213422341,2496920,Closed,2330 W Plymouth St Unit B,Unit B,Seattle,WA,98199,Magnolia,Townhouse,3,2018,3,2.5,2,1580,1450,1.5,900000,570,,,,Corey Patt,Coldwell Banker Bain,Windermere RE Magnolia,47.6365043,-122.387601,https://www.redfin.com/WA/Seattle/2330-W-Plymouth-St-98199/unit-B/home/147138283
2026-09-19T19:54:21.154Z,Central Seattle,2026-05-29,147625,213473040,2496749,Closed,913 24th Ave E,,Seattle,WA,98112,Madison Valley,Single Family,1,1909,3,3.5,3,1430,4000,2,970000,678,,,,Tony Nguyen,Keller Williams Eastside,Tribeca NW Real Estate,47.6271448,-122.3013735,https://www.redfin.com/WA/Seattle/913-24th-Ave-E-98112/home/147625
2026-09-19T19:54:21.154Z,Central Seattle,2026-05-29,148558,214670686,2504466,Closed,3115 E Jefferson,,Seattle,WA,98122,Madrona,Single Family,1,1911,3,2,2,2020,1920,2,1050000,520,,,,Demetri Georgakopoulos,Windermere Real Estate Co.,Tran Property Group,47.6060067,-122.2919083,https://www.redfin.com/WA/Seattle/3115-E-Jefferson-St-98122/home/148558
2026-09-19T19:54:21.154Z,West Seattle,2026-05-29,152518,213917597,2496183,Closed,6029 Atlas Pl SW,,Seattle,WA,98136,Beach Drive,Single Family,1,1994,4,5,5,3302,10437,1.5,2850000,863,,,,Jay McCaughey,Coldwell Banker Bain,KW Greater Seattle,47.5482386,-122.3970562,https://www.redfin.com/WA/Seattle/6029-Atlas-Pl-SW-98136/home/152518
2026-09-19T19:54:21.154Z,West Seattle,2026-05-29,156332,214363281,2505615,Closed,3519 SW Seola Ln,,Seattle,WA,98146,Seola Beach,Single Family,1,1989,5,3.5,3,3730,28455,1.5,3100000,831,,,,Hao Dang,Windermere Real Estate/East,Every Door Real Estate,47.4978342,-122.3775406,https://www.redfin.com/WA/Seattle/3519-SW-Seola-Ln-98146/home/156332
2026-09-19T19:54:21.154Z,West Seattle,2026-05-29,18661542,212813850,2489324,Closed,6830 31st Ave SW,,Seattle,WA,98126,High Point,Townhouse,3,2017,4,3,3,1990,2162,1.5,795000,399,374,,,Beth Grotelueschen,Keller Williams Seattle Metro,Coldwell Banker Bain,47.5414194,-122.3719868,https://www.redfin.com/WA/Seattle/6830-31st-Ave-SW-98126/home/18661542
2026-09-19T19:54:21.154Z,Fremont,2026-05-29,199466742,209835957,2460265,Closed,953 N 35th St,,Seattle,WA,98103,Fremont,Townhouse,3,2026,3,3,3,1650,760,1.5,999950,606,5,,,Grecia Thomas,"Real Property Associates, Inc.",COMPASS,47.649557,-122.345019,https://www.redfin.com/WA/Seattle/953-N-35th-St-98103/home/199466742
2026-09-19T19:54:21.154Z,Ballard (specific),2026-05-29,200227293,211196381,2472755,Closed,6911 30th Ave NW,,Seattle,WA,98117,Seattle,Single Family,1,2026,3,2.5,2,1289,,3,1050000,815,,,,Drew Smith,"Urban Commercial Partners, LLC",KW Greater Seattle,47.6790819,-122.3959391,https://www.redfin.com/WA/Seattle/6911-30th-Ave-NW-98117/home/200227293
2026-09-19T19:54:21.154Z,Green Lake,2026-05-29,200784544,212799412,2488909,Closed,6546 C Latona Ave NE,,Seattle,WA,98115,Green Lake,Townhouse,3,2026,3,2,2,1592,767,1.5,1048000,658,,,,Grecia Thomas,"Real Property Associates, Inc.",Windermere Real Estate Co.,47.6770986,-122.3262538,https://www.redfin.com/WA/Seattle/6546-C-Latona-Ave-NE-98115/home/200784544
2026-09-19T19:54:21.154Z,West Seattle,2026-05-29,201248169,213865182,2503839,Closed,3239 61st Ave SW,,Seattle,WA,98116,Alki,Townhouse,3,2023,3,3.5,3,1848,4778,1.5,1150000,622,25,,,Loren Ellingson,Redfin,RE/MAX Northwest,47.5746869,-122.4111201,https://www.redfin.com/WA/Seattle/3239-61st-Ave-SW-98116/home/201248169
2026-09-19T19:54:21.154Z,West Seattle,2026-05-29,201651298,214584894,2515834,Closed,4140 44th Ave SW,,Seattle,WA,98116,Alaska Junction,Single Family,1,2026,3,2,2,1086,1286,2,810000,746,27,,,Natalie English,Windermere West Metro,Real Broker LLC,47.565316,-122.3877992,https://www.redfin.com/WA/Seattle/4140-44th-Ave-SW-98116/home/201651298
2026-09-19T19:54:21.154Z,Wallingford,2026-05-29,201674266,214662779,2517120,Closed,1413 B N 48th St,,Seattle,WA,98103,Wallingford,Townhouse,3,2026,3,3.5,3,1781,1112,1.5,1195000,671,,,,Deborah Song,Windermere Real Estate/East,Windermere Real Estate/East,47.66329,-122.340015,https://www.redfin.com/WA/Seattle/1413-B-N-48th-St-98103/home/201674266
2026-09-19T19:54:21.154Z,Wallingford,2026-05-29,201852358,215385439,2524693,Closed,4116 B Burke Ave N,,Seattle,WA,98103,Wallingford,Townhouse,3,2026,2,2,2,1084,671,1.5,859000,792,103,,,Tom Cowan,Windermere Real Estate Co.,COMPASS,47.6574523,-122.3347545,https://www.redfin.com/WA/Seattle/4116B-Burke-Ave-N-98103/home/201852358
2026-09-19T19:54:21.154Z,Wallingford,2026-05-29,201916759,215566493,2520804,Closed,4118 Burke Ave N,,Seattle,WA,98103,Wallingford,Townhouse,3,2026,2,2,2,1092,1498,1.5,929000,851,38,,,Tom Cowan,Windermere Real Estate Co.,Lake & Company,47.6573356,-122.3344269,https://www.redfin.com/WA/Seattle/4118-Burke-Ave-N-98103/home/201916759
2026-09-19T19:54:21.154Z,Phinney Ridge,2026-05-29,299697,214838307,2518632,Closed,457 N 65th St,,Seattle,WA,98103,Phinney Ridge,Single Family,1,1916,2,2,2,1680,5000,1.5,924000,550,,,,Jonna Hood,Windermere Real Estate Midtown,Every Door Real Estate,47.6758748,-122.3528659,https://www.redfin.com/WA/Seattle/457-N-65th-St-98103/home/299697
2026-09-19T19:54:21.154Z,Wallingford,2026-05-29,304420,214918328,2520579,Closed,5726 Kirkwood Pl N,,Seattle,WA,98103,Green Lake,Single Family,1,2005,5,3.5,3,4600,5618,2,2720000,591,,,,Samantha Arango,"Windermere RE North, Inc.",Real Residential,47.670998,-122.3327114,https://www.redfin.com/WA/Seattle/5726-Kirkwood-Pl-N-98103/home/304420
2026-09-19T19:54:21.154Z,Wallingford,2026-05-29,305455,214400391,2512919,Closed,5119 Meridian Ave N,,Seattle,WA,98103,Wallingford,Single Family,1,1914,6,2,2,2860,4013,1.5,1590000,556,,,,Catherine Ferrera,COMPASS,Windermere Real Estate Co.,47.6663561,-122.3340037,https://www.redfin.com/WA/Seattle/5119-Meridian-Ave-N-98103/home/305455
2026-09-19T19:54:21.154Z,Green Lake,2026-05-29,306946,214336338,2509906,Closed,6522 5th Ave NE,,Seattle,WA,98115,Green Lake,Townhouse,3,2001,2,1.5,1,870,939,1.5,698000,802,,,,Tammy Heldridge,Windermere Real Estate Co.,Windermere West Metro,47.6769309,-122.3238223,https://www.redfin.com/WA/Seattle/6522-5th-Ave-NE-98115/home/306946
2026-09-19T19:54:21.154Z,West Seattle,2026-05-29,330603,214733161,2516892,Closed,3413 48th Ave SW,,Seattle,WA,98116,Genesee,Single Family,1,1952,3,2,2,1680,6466,1,1032300,614,,,,Stine Jackson,COMPASS,Windermere Real Estate/East,47.5734115,-122.3937106,https://www.redfin.com/WA/Seattle/3413-48th-Ave-SW-98116/home/330603
2026-09-19T19:54:21.154Z,West Seattle,2026-05-29,468458,214852054,2519693,Closed,4011 SW Webster St,,Seattle,WA,98136,Gatewood,Single Family,1,1996,3,2.5,2,2700,4088,3,1261000,467,,,,Scott Lansing,Berkshire Hathaway HS NW,Windermere Real Estate Midtown,47.5356167,-122.3842235,https://www.redfin.com/WA/Seattle/4011-SW-Webster-St-98136/home/468458
2026-09-19T19:54:21.154Z,West Seattle,2026-05-29,468816,214585989,2513277,Closed,8633 36th Ave SW,,Seattle,WA,98126,Fauntleroy,Single Family,1,1942,2,1,1,1440,5425,1,769000,534,,,,Jack Duggan,Real Broker LLC,Keller Williams Seattle Metro,47.525104,-122.3781593,https://www.redfin.com/WA/Seattle/8633-36th-Ave-SW-98126/home/468816
2026-09-19T19:54:21.154Z,West Seattle,2026-05-29,472069,214153668,2507076,Closed,8115 34th Ave SW,,Seattle,WA,98126,Westwood,Single Family,1,1941,2,1,1,840,4760,1,650000,774,,,,Michael Doyle,Windermere Real Estate Midtown,John L Scott RE West Seattle,47.5296252,-122.3756352,https://www.redfin.com/WA/Seattle/8115-34th-Ave-SW-98126/home/472069
2026-09-19T19:54:21.154Z,Ballard (specific),2026-05-29,493792,214866980,2520123,Closed,1421 NW 62nd St Unit A,Unit A,Seattle,WA,98107,Ballard,Townhouse,3,2005,3,2.5,2,1434,1213,1.5,833000,581,,,,Sara Fisher,Lake & Company,Windermere Real Estate Midtown,47.6736529,-122.3747167,https://www.redfin.com/WA/Seattle/1421-NW-62nd-St-98107/unit-A/home/493792
2026-09-19T19:54:21.154Z,Ballard (specific),2026-05-29,495291,215329267,2523692,Closed,7559 14th Ave NW,,Seattle,WA,98117,Whittier,Single Family,1,1918,3,2,2,2400,5461,1,1002499,418,,,,Rob Faw,Windermere Real Estate Co.,"Heaton Dainard, LLC",47.6849369,-122.3744627,https://www.redfin.com/WA/Seattle/7559-14th-Ave-NW-98117/home/495291
2026-09-19T19:54:21.154Z,NW Seattle,2026-05-29,495447,214636659,2514549,Closed,630 NW 76th St,,Seattle,WA,98117,Ballard,Single Family,1,1909,2,1,1,1460,3860,1,760000,521,,,,Clint Kinzel,Windermere R.E. Shoreline,Windermere Real Estate Midtown,47.6842098,-122.3647338,https://www.redfin.com/WA/Seattle/630-NW-76th-St-98117/home/495447
2026-09-19T19:54:21.154Z,Central Seattle,2026-05-29,52400289,213406755,2497036,Closed,1139 Bradner Pl S,,Seattle,WA,98144,Leschi,Townhouse,3,2013,2,2,2,1200,920,1.5,685500,571,,,,,Windermere RE Greenwood,Redfin,47.5923562,-122.2962597,https://www.redfin.com/WA/Seattle/1139-Bradner-Pl-S-98144/home/52400289
2026-09-19T19:54:21.154Z,Ballard (specific),2026-05-29,58848892,214332839,2511147,Closed,2653 NW 64th St Unit A,Unit A,Seattle,WA,98107,Ballard,Townhouse,3,2014,3,2,2,1440,1105,1.5,739000,513,,,,Michelle Codd,eXp Realty,KW Greater Seattle,47.6749226,-122.3923991,https://www.redfin.com/WA/Seattle/2653-NW-64th-St-98107/unit-A/home/58848892
2026-09-19T19:54:21.154Z,West Seattle,2026-05-29,69357042,216192668,2532104,Closed,2422 55th Ave SW,,Seattle,WA,98116,Alki,Townhouse,3,2015,3,2,2,1580,1219,1.5,1050000,665,,,,Kelly Malloy,Windermere West Metro,Windermere Real Estate/East,47.5816245,-122.4024629,https://www.redfin.com/WA/Seattle/2422-55th-Ave-SW-98116/home/69357042
2026-09-19T19:54:21.154Z,NW Seattle,2026-05-29,96332,214582214,2515457,Closed,215 NW 130th St,,Seattle,WA,98177,Broadview,Single Family,1,1945,3,2,2,1170,8160,1,790000,675,,,,Sally LaFramboise Gage,Real Residential,Windermere West Metro,47.7230883,-122.3604674,https://www.redfin.com/WA/Seattle/215-NW-130th-St-98177/home/96332
2026-09-19T19:54:21.154Z,NW Seattle,2026-05-29,98543,216181763,2531937,Closed,9239 Dayton Ave N,,Seattle,WA,98103,Greenwood,Single Family,1,1940,2,1,1,830,6281,1,375000,452,,,,Roger Morris,Windermere RE Greenwood,Windermere RE Greenwood,47.6971381,-122.3529611,https://www.redfin.com/WA/Seattle/9239-Dayton-Ave-N-98103/home/98543
2026-09-19T19:54:21.154Z,Maple Leaf,2026-05-28,109792,211737701,2467239,Closed,10219 15th Ave NE,,Seattle,WA,98125,Maple Leaf,Single Family,1,1950,2,1,1,860,4930,1,690000,802,,,,,Portico Real Estate,Redfin,47.7026857,-122.312695,https://www.redfin.com/WA/Seattle/10219-15th-Ave-NE-98125/home/109792
2026-09-19T19:54:21.154Z,Ballard (specific),2026-05-28,113753105,213872794,2503859,Closed,2033 NW 65th St,,Seattle,WA,98117,Ballard,Townhouse,3,2017,2,2.5,2,1460,1011,1.5,750000,514,,,,Boyang Hou,COMPASS,Windermere Real Estate Midtown,47.6758706,-122.3835292,https://www.redfin.com/WA/Seattle/2033-NW-65th-St-98117/home/113753105
2026-09-19T19:54:21.154Z,West Seattle,2026-05-28,113995615,213409630,2497218,Closed,4140 Delridge Way SW,,Seattle,WA,98106,Delridge,Single Family,1,2017,3,2.5,2,1540,5000,1.5,815000,529,,,,Kevin Lam,COMPASS,Windermere Real Estate/PSR Inc,47.5653326,-122.3630958,https://www.redfin.com/WA/Seattle/4140-Delridge-Way-SW-98106/home/113995615
2026-09-19T19:54:21.154Z,Wallingford,2026-05-28,117152,211926272,2472189,Closed,4003 Densmore Ave N,,Seattle,WA,98103,Wallingford,Single Family,1,1919,4,4,4,3360,3600,2,1969950,586,,,,Michael Fleming,Windermere Mercer Island,COMPASS,47.6558268,-122.3377586,https://www.redfin.com/WA/Seattle/4003-Densmore-Ave-N-98103/home/117152
2026-09-19T19:54:21.154Z,Fremont,2026-05-28,12304397,214110629,2503847,Closed,3615 Albion Pl N Unit B,Unit B,Seattle,WA,98103,Fremont,Townhouse,3,2007,3,2.5,2,1440,922,1.5,832500,578,,,,Mia Klarich,Windermere Real Estate Midtown,"John L. Scott, Inc.",47.6511539,-122.345171,https://www.redfin.com/WA/Seattle/3615-Albion-Pl-N-98103/unit-B/home/12304397
2026-09-19T19:54:21.154Z,West Seattle,2026-05-28,12318480,214348654,2512048,Closed,9010 18th Ave SW Unit C,Unit C,Seattle,WA,98106,Delridge,Townhouse,3,2007,3,2,2,1160,991,1.5,495000,427,,,,Bing Yu,KW Greater Seattle,Windermere R E Mount Baker,47.5223912,-122.3575427,https://www.redfin.com/WA/Seattle/9010-18th-Ave-SW-98106/unit-C/home/12318480
2026-09-19T19:54:21.154Z,Queen Anne,2026-05-28,132945,214310159,2510260,Closed,103 Crockett St,,Seattle,WA,98109,Queen Anne,Single Family,1,1907,5,3,3,3210,3600,2,2181000,679,,,,Jeff Smith,"Windermere RE/Capitol Hill,Inc",Windermere Real Estate/East,47.6372621,-122.3553803,https://www.redfin.com/WA/Seattle/103-Crockett-St-98109/home/132945
2026-09-19T19:54:21.154Z,Central Seattle,2026-05-28,137224,214804021,2518291,Closed,2613 Boyer Ave E,,Seattle,WA,98102,Montlake,Single Family,1,1941,4,2.5,2,2520,5500,1.5,1255000,498,,,,Kenna Pearson,Windermere Real Estate Midtown,Keller Williams North Seattle,47.643631,-122.3174917,https://www.redfin.com/WA/Seattle/2613-Boyer-Ave-E-98102/home/137224
2026-09-19T19:54:21.154Z,Central Seattle,2026-05-28,138670,214155745,2505641,Closed,2517 E Miller St,,Seattle,WA,98112,Capitol Hill,Single Family,1,1927,3,2,2,1613,4180,1.5,1079000,669,,,,Leo Yu,Kelly Right RE of Seattle LLC,Real Broker LLC,47.6414985,-122.2995423,https://www.redfin.com/WA/Seattle/2517-E-Miller-St-98112/home/138670
2026-09-19T19:54:21.154Z,West Seattle,2026-05-28,152325,214795374,2518638,Closed,6422 49th Ave SW,,Seattle,WA,98136,Seaview,Single Family,1,1915,4,2,2,2640,7350,1.5,1065000,403,,,,Kristy Jacobs,Kelly Right RE of Seattle LLC,West Seattle Realty,47.5451935,-122.3948694,https://www.redfin.com/WA/Seattle/6422-49th-Ave-SW-98136/home/152325
2026-09-19T19:54:21.154Z,West Seattle,2026-05-28,153110,214353269,2496894,Closed,4836 51st Ave SW,,Seattle,WA,98116,Genesee,Single Family,1,1947,4,2,2,2590,6100,1.5,1130000,436,,,,Scott Marvin,John L Scott RE West Seattle,Keller Williams Seattle Metro,47.5582657,-122.3973213,https://www.redfin.com/WA/Seattle/4836-51st-Ave-SW-98116/home/153110
2026-09-19T19:54:21.154Z,West Seattle,2026-05-28,156442,208447061,2444582,Closed,4602 SW Cloverdale St,,Seattle,WA,98136,West Seattle,Single Family,1,1953,4,2,2,1595,4232,1,860000,539,,,,Paul Poirier,Berkshire Hathaway HS NW,The Agency Seattle,47.5269705,-122.3917494,https://www.redfin.com/WA/Seattle/4602-SW-Cloverdale-St-98136/home/156442
2026-09-19T19:54:21.154Z,West Seattle,2026-05-28,156468,214789289,2513217,Closed,8809 42nd Ave SW,,Seattle,WA,98136,Fauntleroy,Single Family,1,1953,4,2.5,2,3050,11552,1,2377700,780,,,,Jennifer Huggins,COMPASS,Windermere West Metro,47.5248893,-122.3857767,https://www.redfin.com/WA/Seattle/8809-42nd-Ave-SW-98136/home/156468
2026-09-19T19:54:21.154Z,West Seattle,2026-05-28,158238,212901118,2485844,Closed,9604 44th Ave SW,,Seattle,WA,98136,Lincoln Park,Single Family,1,1931,3,2,2,2370,12240,1,1599000,675,,,,Lorna Ava,RSVP Brokers ERA,AgencyOne,47.5173464,-122.3888576,https://www.redfin.com/WA/Seattle/9604-44th-Ave-SW-98136/home/158238
2026-09-19T19:54:21.154Z,Ballard (specific),2026-05-28,163118,214847275,2517462,Closed,7217 28th Ave NW,,Seattle,WA,98117,Loyal Heights,Single Family,1,1951,3,2,2,1780,3750,1,1000000,562,,,,Kevin Yuen,YuenCo,Lake & Company,47.6815206,-122.3933124,https://www.redfin.com/WA/Seattle/7217-28th-Ave-NW-98117/home/163118
2026-09-19T19:54:21.154Z,Beacon Hill,2026-05-28,167479,214527281,2515167,Closed,3017 15th Ave S,,Seattle,WA,98144,N Beacon Hill,Single Family,1,1938,4,2,2,1280,3180,1,749900,586,,,,Junior Torres,Windermere RE Greenwood,Windermere Real Estate Midtown,47.5762681,-122.3136802,https://www.redfin.com/WA/Seattle/3017-15th-Ave-S-98144/home/167479
2026-09-19T19:54:21.154Z,West Seattle,2026-05-28,169191134,211757419,2475939,Closed,1612 California Ave SW Unit B,Unit B,Seattle,WA,98116,Admiral,Townhouse,3,2019,3,2.5,2,1530,905,1.5,879000,575,,,,Jacquelyn Phillips,Keller Williams Seattle Metro,KW Greater Seattle,47.5888944,-122.3859468,https://www.redfin.com/WA/Seattle/1612-California-Ave-SW-98116/unit-B/home/169191134
2026-09-19T19:54:21.154Z,Central Seattle,2026-05-28,179715881,213346700,2496425,Closed,916 B 14th Ave,,Seattle,WA,98122,Capitol Hill,Single Family,1,2019,4,3,3,2630,1790,1.5,1475000,561,,,,Bryan Loveless,"Windermere R.E. Northeast, Inc",Windermere Real Estate/Summit,47.6109278,-122.3138227,https://www.redfin.com/WA/Seattle/916-14th-Ave-98122/home/179715881
2026-09-19T19:54:21.154Z,Ballard (specific),2026-05-28,191517011,212570418,2485518,Closed,6716 Mary Ave NW Unit C,Unit C,Seattle,WA,98117,Ballard,Townhouse,3,2020,2,2,2,1340,1090,1.5,699000,522,,,,Kellan McCann,COMPASS,Windermere R E Mount Baker,47.6783635,-122.3757626,https://www.redfin.com/WA/Seattle/6716-Mary-Ave-NW-98117/unit-C/home/191517011
2026-09-19T19:54:21.154Z,Central Seattle,2026-05-28,197787536,210703200,2466263,Closed,920 34th Ave Unit B,Unit B,Seattle,WA,98122,Madrona,Single Family,1,2025,3,2,2,1906,1441,3,1215000,637,1,,,Andrew Young,WeLakeside,COMPASS,47.611023,-122.2890143,https://www.redfin.com/WA/Seattle/920-34th-Ave-98122/unit-B/home/197787536
2026-09-19T19:54:21.154Z,Fremont,2026-05-28,199999834,213686042,2502428,Closed,3646 Greenwood Ave N Unit A,Unit A,Seattle,WA,98103,Fremont,Townhouse,3,2025,3,3,3,1790,1399,1.5,1179000,659,0,,,,Specialty Real Estate Group,Redfin,47.6538332,-122.355177,https://www.redfin.com/WA/Seattle/3646A-Greenwood-Ave-N-98103/unit-A/home/199999834
2026-09-19T19:54:21.154Z,Beacon Hill,2026-05-28,201677858,214672056,2517200,Closed,5116 15th Ave S,,Seattle,WA,98108,Beacon Hill,Single Family,1,2026,2,2.5,2,1140,1612,2,649995,570,92,,,Samantha Gainsburg,Better Properties Eastside,KW Mountains to Sound Realty,47.5562728,-122.3132164,https://www.redfin.com/WA/Seattle/5116-15th-Ave-S-98108/home/201677858
2026-09-19T19:54:21.154Z,Phinney Ridge,2026-05-28,201702361,214737935,2518293,Closed,539 N 70th St,,Seattle,WA,98103,Green Lake,Townhouse,3,2026,2,2.5,2,1058,1,1.5,874900,827,,,,Andy Sather,"John L. Scott, Inc.",Windermere Real Estate Midtown,47.6794079,-122.3508214,https://www.redfin.com/WA/Seattle/539-N-70th-St-98103/home/201702361
2026-09-19T19:54:21.154Z,West Seattle,2026-05-28,202061839,216172605,2531784,Closed,4144 44th Ave SW,,Seattle,WA,98116,Alaska Junction,Townhouse,3,2026,4,3.5,3,2123,1745,1.5,1400000,659,109,,,Natalie English,Windermere West Metro,COMPASS,47.5652087,-122.3878004,https://www.redfin.com/WA/Seattle/4144-44th-Ave-SW-98116/home/202061839
2026-09-19T19:54:21.154Z,Fremont,2026-05-28,298504,214392929,2510335,Closed,715 N 48th St,,Seattle,WA,98103,Woodland Park,Single Family,1,1912,3,2,2,1820,4000,1,1135000,624,,,,Rachel McMillan,COMPASS,"Wilson Realty Exchange, Inc.",47.6633977,-122.3493097,https://www.redfin.com/WA/Seattle/715-N-48th-St-98103/home/298504
2026-09-19T19:54:21.154Z,Wallingford,2026-05-28,305723,213648510,2501095,Closed,348 NE 57th St,,Seattle,WA,98105,Green Lake,Single Family,1,1917,4,2.5,2,2430,5700,1.5,1150000,473,,,,James Redmond,COMPASS,Berkshire Hathaway HS NW,47.6702791,-122.3233837,https://www.redfin.com/WA/Seattle/348-NE-57th-St-98105/home/305723
2026-09-19T19:54:21.154Z,NE Seattle,2026-05-28,312805,214519347,2508948,Closed,6216 33rd Ave NE,,Seattle,WA,98115,Bryant,Single Family,1,1926,3,2,2,2300,5000,1.5,1250000,543,,,,Marie Davis,Windermere Real Estate Co.,YuenCo,47.6745658,-122.2919413,https://www.redfin.com/WA/Seattle/6216-33rd-Ave-NE-98115/home/312805
2026-09-19T19:54:21.154Z,NE Seattle,2026-05-28,318118,213409628,2491838,Closed,2545 NE 95th St,,Seattle,WA,98115,Wedgwood,Single Family,1,1985,4,3,3,1990,9704,2,1042000,524,,,,Arielle Albinger,Real Broker LLC,Every Door Real Estate,47.6972823,-122.2998347,https://www.redfin.com/WA/Seattle/2545-NE-95th-St-98115/home/318118
2026-09-19T19:54:21.154Z,West Seattle,2026-05-28,327556,214588584,2516205,Closed,4207 SW Manning St,,Seattle,WA,98116,Admiral,Single Family,1,1912,3,2,2,1490,5000,2,815000,547,,,,Michael Pearsall,Keller Williams Seattle Metro,COMPASS,47.5710873,-122.3861382,https://www.redfin.com/WA/Seattle/4207-SW-Manning-St-98116/home/327556
2026-09-19T19:54:21.154Z,West Seattle,2026-05-28,328695,216185060,2531977,Closed,3850 36th Ave SW,,Seattle,WA,98126,Belvidere,Single Family,1,1918,2,1,1,1940,4880,1,700000,361,,,,Stefan Hoerschelmann,Windermere Real Estate Co.,Windermere Real Estate Co.,47.5686218,-122.377164,https://www.redfin.com/WA/Seattle/3850-36th-Ave-SW-98126/home/328695
2026-09-19T19:54:21.154Z,Ballard (specific),2026-05-28,494128,214526151,2513676,Closed,911 NW 59th St,,Seattle,WA,98107,Ballard,Single Family,1,2010,4,2.5,2,2354,5000,2,1724000,732,,,,Suzanne Charnos,Windermere Real Estate Midtown,The Agency Seattle,47.6713975,-122.3691167,https://www.redfin.com/WA/Seattle/911-NW-59th-St-98107/home/494128
2026-09-19T19:54:21.154Z,NW Seattle,2026-05-28,96050,213638563,2500341,Closed,132 NW 143rd St,,Seattle,WA,98177,Broadview,Single Family,1,1948,4,2,2,2070,6075,1.5,810000,391,,,,,Every Door Real Estate,Redfin,47.7325372,-122.3591986,https://www.redfin.com/WA/Seattle/132-NW-143rd-St-98177/home/96050
2026-09-19T19:54:21.154Z,Wallingford,2026-05-27,117894,214304027,2510730,Closed,4005 Corliss Ave N,,Seattle,WA,98103,Wallingford,Single Family,1,2021,4,3.5,3,3000,4217,2,2335000,778,,,,Adam Hestad,COMPASS,Windermere R E Mount Baker,47.6557178,-122.3318172,https://www.redfin.com/WA/Seattle/4005-Corliss-Ave-N-98103/home/117894
2026-09-19T19:54:21.154Z,Magnolia,2026-05-27,127357,214155499,2506600,Closed,4206 36th Ave W,,Seattle,WA,98199,Magnolia,Townhouse,3,1996,3,2,2,1500,2000,1.5,845000,563,,,,Stephanie McRae,COMPASS,RE/MAX Gateway,47.657901,-122.4032801,https://www.redfin.com/WA/Seattle/4206-36th-Ave-W-98199/home/127357
2026-09-19T19:54:21.154Z,Queen Anne,2026-05-27,133137,214850655,2518586,Closed,1423 Nob Hill Ave N,,Seattle,WA,98109,Queen Anne,Single Family,1,1924,4,3,3,2760,4232,2,1750000,634,,,,Mary Lee,Windermere Real Estate Midtown,Windermere Real Estate Midtown,47.6321844,-122.3504849,https://www.redfin.com/WA/Seattle/1423-Nob-Hill-Ave-N-98109/home/133137
2026-09-19T19:54:21.154Z,Central Seattle,2026-05-27,139558,216088683,2530659,Closed,2014 41st Ave E,,Seattle,WA,98112,Madison Park,Single Family,1,1926,3,2,2,1800,4000,1,1390000,772,,,,Max Wurzburg,Windermere Real Estate Midtown,NWMLS-NonOffice,47.6374442,-122.2793545,https://www.redfin.com/WA/Seattle/2014-41st-Ave-E-98112/home/139558
2026-09-19T19:54:21.154Z,West Seattle,2026-05-27,152798,216089298,2530684,Closed,4339 SW Hudson St,,Seattle,WA,98116,Alaska Junction,Single Family,1,2008,5,3,3,3260,6600,1.5,1620000,497,,,,,,Windermere West Metro,47.5572528,-122.3886802,https://www.redfin.com/WA/Seattle/4339-SW-Hudson-St-98116/home/152798
2026-09-19T19:54:21.154Z,West Seattle,2026-05-27,159588,214306746,2510658,Closed,2619 SW Adams St,,Seattle,WA,98126,West Seattle,Townhouse,3,2018,3,2,2,1340,725,1.5,760000,567,,,,Matt Goyer,Urban Living,"Windermere RE/Capitol Hill,Inc",47.566041,-122.3662534,https://www.redfin.com/WA/Seattle/2619-SW-Adams-St-98126/home/159588
2026-09-19T19:54:21.154Z,Ballard (specific),2026-05-27,162505,214817667,2519433,Closed,2649 NW 64th St,,Seattle,WA,98107,Ballard,Townhouse,3,1993,3,2.5,2,1370,2350,1.5,860000,628,,,,Pieter Salverda,Windermere RE Greenwood,Windermere Real Estate Co.,47.6750006,-122.3922205,https://www.redfin.com/WA/Seattle/2649-NW-64th-St-98107/home/162505
2026-09-19T19:54:21.154Z,Ballard (specific),2026-05-27,166785,214568980,2511458,Closed,7515 17th Ave NW,,Seattle,WA,98117,Loyal Heights,Single Family,1,1950,3,2,2,2060,3840,1,1276000,619,,,,Tim Akins,RE/MAX Realty South,COMPASS,47.683684177,-122.3790602,https://www.redfin.com/WA/Seattle/7515-17th-Ave-NW-98117/home/166785
2026-09-19T19:54:21.154Z,Beacon Hill,2026-05-27,167539,213879910,2501861,Closed,3414 15th Ave S,,Seattle,WA,98144,N Beacon Hill,Single Family,1,1927,4,2,2,2680,3449,1.5,875000,326,,,,Yesay Semerjian,Redfin,Premier Real Estate Partners,47.5725819,-122.3131217,https://www.redfin.com/WA/Seattle/3414-15th-Ave-S-98144/home/167539
2026-09-19T19:54:21.154Z,Queen Anne,2026-05-27,16976,214359288,2507501,Closed,111 W Comstock St #111,#111,Seattle,WA,98119,Queen Anne,Townhouse,3,1998,3,2.5,2,2176,,1.5,1835000,843,1565,,,Dana Johnston,Windermere Real Estate Midtown,Windermere Real Estate Midtown,47.6303398,-122.358372,https://www.redfin.com/WA/Seattle/111-W-Comstock-St-98119/unit-111/home/16976
2026-09-19T19:54:21.154Z,Ballard (specific),2026-05-27,18658179,214342843,2511316,Closed,6209 7th Ave NW,,Seattle,WA,98107,Phinney Ridge,Townhouse,3,2008,2,1.5,1,1050,1193,1.5,605000,576,,,,Mark Hanses,"Windermere RE/Capitol Hill,Inc","John L. Scott, Inc.",47.6745704,-122.3653196,https://www.redfin.com/WA/Seattle/6209-7th-Ave-NW-98107/home/18658179
2026-09-19T19:54:21.154Z,Ballard (specific),2026-05-27,191421672,191341916,2269964,Closed,8045 F Mary Ave NW,,Seattle,WA,98117,Whittier,Townhouse,3,2026,2,2,2,1226,663,1.5,625000,510,,,,Ray York,"Windermere RE/Capitol Hill,Inc",Windermere Real Estate/HLC,47.6882185,-122.3758295,https://www.redfin.com/WA/Seattle/8045-Mary-Ave-NW-98117/unit-F/home/191421672
2026-09-19T19:54:21.154Z,Ballard (specific),2026-05-27,195907892,214443935,2513805,Closed,333 NW 47th St Unit C,Unit C,Seattle,WA,98107,Ballard,Townhouse,3,2025,2,2.5,2,1372,465,1.5,725000,528,98,,,John Cowan,Windermere Real Estate Co.,"John L. Scott, Inc",47.6626692,-122.3621519,https://www.redfin.com/WA/Seattle/333-NW-47th-St-98107/unit-C/home/195907892
2026-09-19T19:54:21.154Z,Wallingford,2026-05-27,199485446,213818091,2504121,Closed,1414 N 47th St Unit B,Unit B,Seattle,WA,98103,Wallingford,Townhouse,3,2026,2,2.5,2,1634,1104,1.5,1028000,629,,,,Deborah Song,Windermere Real Estate/East,Windermere Real Estate/East,47.6631162,-122.3399352,https://www.redfin.com/WA/Seattle/1414-N-47th-St-98103/unit-B/home/199485446
2026-09-19T19:54:21.154Z,NW Seattle,2026-05-27,202301951,214579201,2515035,Closed,9747 Evanston Ave N,,Seattle,WA,98103,Greenwood,Single Family,1,1946,2,1,1,770,4691,1,640000,831,30,,,,Coldwell Banker Danforth,Redfin,47.7010296,-122.3515769,https://www.redfin.com/WA/Seattle/9747-Evanston-Ave-N-98103/home/202301951
2026-09-19T19:54:21.154Z,Phinney Ridge,2026-05-27,299972,214800342,2517574,Closed,715 N 72nd St,,Seattle,WA,98103,Green Lake,Single Family,1,1906,3,1,1,1560,4500,1,1050000,673,,,,Reba Haas,"RE/MAX Metro Realty, Inc.",COMPASS,47.6808813,-122.3491453,https://www.redfin.com/WA/Seattle/715-N-72nd-St-98103/home/299972
2026-09-19T19:54:21.154Z,Wallingford,2026-05-27,305167,214330854,2511232,Closed,314 NE 56th St,,Seattle,WA,98105,Green Lake,Single Family,1,1924,5,3,3,3154,5100,2,1525000,484,,,,Kristin Munger,Windermere Real Estate Co.,"Skyline Properties, Inc.",47.6695358,-122.3248399,https://www.redfin.com/WA/Seattle/314-NE-56th-St-98105/home/305167
2026-09-19T19:54:21.154Z,Green Lake,2026-05-27,306554,214563839,2515684,Closed,1311 N 78th St,,Seattle,WA,98103,Green Lake,Single Family,1,1939,3,2,2,2460,5450,1.5,1475000,600,,,,John Manning,RE/MAX Gateway,Windermere Real Estate Co.,47.6853166,-122.3411595,https://www.redfin.com/WA/Seattle/1311-N-78th-St-98103/home/306554
2026-09-19T19:54:21.154Z,NE Seattle,2026-05-27,308311,214567403,2514310,Closed,5265 16th Ave NE,,Seattle,WA,98105,University District,Single Family,1,1923,4,3.5,3,2860,4320,2,1910000,668,,,,Tory Frol,Real Residential,Lake & Company,47.6682592,-122.3110525,https://www.redfin.com/WA/Seattle/5265-16th-Ave-NE-98105/home/308311
2026-09-19T19:54:21.154Z,West Seattle,2026-05-27,473217,214810784,2518915,Closed,7123 32nd Ave SW,,Seattle,WA,98126,West Seattle,Single Family,1,1929,3,1,1,1080,6625,1.5,685000,634,,,,SandraJean Daniels,Every Door Real Estate,Keller Williams Rty Tacoma,47.5385059,-122.3743984,https://www.redfin.com/WA/Seattle/7123-32nd-Ave-SW-98126/home/473217
2026-09-19T19:54:21.154Z,NW Seattle,2026-05-27,96626,213916292,2492580,Closed,13703 Palatine Ave N,,Seattle,WA,98133,Broadview,Single Family,1,1946,3,2,2,2440,6911,1,925000,379,,,,Melissa Waller,COMPASS,COMPASS,47.7288651,-122.3572717,https://www.redfin.com/WA/Seattle/13703-Palatine-Ave-N-98133/home/96626
2026-09-19T19:54:21.154Z,Northgate,2026-05-26,104163,212355344,2482499,Closed,8815 Densmore Ave N,,Seattle,WA,98103,Licton Springs,Single Family,1,2026,4,3.5,3,2634,1738,3,1530000,581,10,,,Adrian Chu,Specialty Real Estate Group,Windermere Real Estate Midtown,47.6928152,-122.3381273,https://www.redfin.com/WA/Seattle/8815-Densmore-Ave-N-98103/home/104163
2026-09-19T19:54:21.154Z,NE Seattle,2026-05-26,108390,214860116,2518937,Closed,551 NE 84th St,,Seattle,WA,98115,Maple Leaf,Single Family,1,1948,5,2,2,2720,6120,1,1633000,600,,,,Heather Dolin,"Windermere RE/Capitol Hill,Inc",Windermere Real Estate Midtown,47.689452,-122.3208125,https://www.redfin.com/WA/Seattle/551-NE-84th-St-98115/home/108390
2026-09-19T19:54:21.154Z,Maple Leaf,2026-05-26,110180,213812065,2496144,Closed,9102 12th Ave NE,,Seattle,WA,98115,Maple Leaf,Single Family,1,1947,3,2,2,2032,3625,1,1095000,539,,,,Kara Mumma,The Agency Seattle,Kelly Right RE of Seattle LLC,47.6950412,-122.3146344,https://www.redfin.com/WA/Seattle/9102-12th-Ave-NE-98115/home/110180
2026-09-19T19:54:21.154Z,Wallingford,2026-05-26,120258,214895002,2520100,Closed,2506 N 38th St,,Seattle,WA,98103,Wallingford,Single Family,1,2008,5,4.5,4,4420,3940,1.5,2890000,654,,,,Tom Skepetaris,Realogics Sotheby's Int'l Rlty,Windermere RE Greenwood,47.6532885,-122.3286193,https://www.redfin.com/WA/Seattle/2506-N-38th-St-98103/home/120258
2026-09-19T19:54:21.154Z,NE Seattle,2026-05-26,120850,213390450,2491291,Closed,5721 65th Ave NE,,Seattle,WA,98105,Windermere,Single Family,1,2022,6,4.5,4,6760,14000,2,6200000,917,,,,Brad Cahill,Real Residential,Windermere Real Estate Co.,47.6707993,-122.2585264,https://www.redfin.com/WA/Seattle/5721-65th-Ave-NE-98105/home/120850
2026-09-19T19:54:21.154Z,NE Seattle,2026-05-26,121669,214851137,2518259,Closed,4565 E Laurel Dr NE,,Seattle,WA,98105,Laurelhurst,Single Family,1,1951,3,2,2,2180,4769,1,1750000,803,8,,,Brittany Haun,COMPASS,KW Greater Seattle,47.6627639,-122.2700989,https://www.redfin.com/WA/Seattle/4565-E-Laurel-Dr-NE-98105/home/121669
2026-09-19T19:54:21.154Z,Queen Anne,2026-05-26,131830,214243855,2509076,Closed,1416 6th Ave N,,Seattle,WA,98109,Queen Anne,Townhouse,3,1996,3,2.5,2,2380,1580,1.5,1300000,546,150,,,Junior Torres,Windermere RE Greenwood,Berkshire Hathaway HS NW,47.631962,-122.344458,https://www.redfin.com/WA/Seattle/1416-6th-Ave-N-98109/home/131830
2026-09-19T19:54:21.154Z,Queen Anne,2026-05-26,135213,216129653,2531307,Closed,23 W Boston St,,Seattle,WA,98119,Queen Anne,Single Family,1,1906,3,2,2,2090,3600,2,1200000,574,,,,Susan Mudarri,Windermere Real Estate/East,NWMLS-NonOffice,47.6381716,-122.3580276,https://www.redfin.com/WA/Seattle/23-W-Boston-St-98119/home/135213
2026-09-19T19:54:21.154Z,Central Seattle,2026-05-26,136354,207557301,2433968,Closed,1225 E Roy St,,Seattle,WA,98102,North Capitol Hill,Townhouse,3,2025,3,2,2,1195,1186,1.5,699900,586,,,,Andy Sather,"John L. Scott, Inc.",KW Greater Seattle,47.6252501,-122.3161246,https://www.redfin.com/WA/Seattle/1225-E-Roy-St-98102/home/136354
2026-09-19T19:54:21.154Z,Central Seattle,2026-05-26,138494,214558489,2509833,Closed,2127 Boyer Ave E,,Seattle,WA,98112,Montlake,Single Family,1,1925,3,2,2,2260,4800,2,1495000,662,,,,Kim Knowles,Windermere Real Estate Midtown,Real Residential,47.6381863,-122.3084144,https://www.redfin.com/WA/Seattle/2127-Boyer-Ave-E-98112/home/138494
2026-09-19T19:54:21.154Z,Fremont,2026-05-26,145013628,214349589,2510815,Closed,4306 Evanston Ave N,,Seattle,WA,98103,Fremont,Single Family,1,2018,4,3.5,3,1975,1925,3,1295000,656,,,,Tava Goldstone,John L Scott Madrona Group,Columbia Partners Real Estate,47.659184,-122.3507099,https://www.redfin.com/WA/Seattle/4306-Evanston-Ave-N-98103/home/145013628
2026-09-19T19:54:21.154Z,West Seattle,2026-05-26,151806,214579480,2514068,Closed,5414 SW Charlestown St,,Seattle,WA,98116,Genesee,Single Family,1,1978,3,2.5,2,2140,5000,2,1652000,772,,,,Mara Haveson,COMPASS,Windermere West Metro,47.5706139,-122.4022034,https://www.redfin.com/WA/Seattle/5414-SW-Charlestown-St-98116/home/151806
2026-09-19T19:54:21.154Z,West Seattle,2026-05-26,160058,214081616,2507275,Closed,4746 Delridge Way SW,,Seattle,WA,98106,Delridge,Single Family,1,1921,3,1,1,2360,4800,1,735000,311,,,,Grecia Thomas,"Real Property Associates, Inc.","Real Property Associates, Inc.",47.5597434,-122.362527,https://www.redfin.com/WA/Seattle/4746-Delridge-Way-SW-98106/home/160058
2026-09-19T19:54:21.154Z,West Seattle,2026-05-26,160916,214365575,2508956,Closed,5457 21st Ave SW,,Seattle,WA,98106,Puget Ridge,Single Family,1,1951,3,2,2,1240,10923,1,683000,551,,,,Scott Rice,Realogics Sotheby's Int'l Rlty,Coldwell Banker Bain,47.5520612,-122.36026,https://www.redfin.com/WA/Seattle/5457-21st-Ave-SW-98106/home/160916
2026-09-19T19:54:21.154Z,Ballard (specific),2026-05-26,163464,214295339,2511311,Closed,2833 NW 71st St,,Seattle,WA,98117,Sunset Hill,Single Family,1,1915,4,4,4,2610,5000,2,1700000,651,,,,Jessica Tolbert,Redfin,COMPASS,47.6800648,-122.3945025,https://www.redfin.com/WA/Seattle/2833-NW-71st-St-98117/home/163464
2026-09-19T19:54:21.154Z,Ballard (specific),2026-05-26,200678382,212525981,2484608,Closed,7521 12th Ave NW,,Seattle,WA,98117,Whittier,Single Family,1,2026,3,2,2,1136,2426,2,715000,629,5,,,Renee Menti-Ruhl,Windermere Real Estate Midtown,Windermere Real Estate Midtown,47.6839451,-122.3718224,https://www.redfin.com/WA/Seattle/7521-12th-Ave-NW-98117/home/200678382
2026-09-19T19:54:21.154Z,West Seattle,2026-05-26,2072567,214655276,2515737,Closed,3312 Beach Dr SW,,Seattle,WA,98116,Alki,Single Family,1,2004,3,3.5,3,3390,2256,1.5,2270000,670,,,,Randi Weidner,COMPASS,Windermere Real Estate Co.,47.5749702,-122.4184185,https://www.redfin.com/WA/Seattle/3312-Beach-Dr-SW-98116/home/2072567
2026-09-19T19:54:21.154Z,NW Seattle,2026-05-26,300464,214600767,2515910,Closed,546 N 75th St,,Seattle,WA,98103,Phinney Ridge,Single Family,1,1927,3,2,2,2070,2987,1.5,1362000,658,,,,Tanya Thackeray Wilson,Windermere Real Estate Co.,Windermere Real Estate Co.,47.6834868,-122.3504311,https://www.redfin.com/WA/Seattle/546-N-75th-St-98103/home/300464
2026-09-19T19:54:21.154Z,Green Lake,2026-05-26,304341,214222303,2509386,Closed,6067 6th Ave NE,,Seattle,WA,98115,Green Lake,Single Family,1,1908,3,2,2,1720,3500,1,870000,506,,,,Gina Hasson,COMPASS,eXp Realty,47.6740948,-122.3226522,https://www.redfin.com/WA/Seattle/6067-6th-Ave-NE-98115/home/304341
2026-09-19T19:54:21.154Z,Green Lake,2026-05-26,305397,216083752,2530512,Closed,6053 6th Ave NE,,Seattle,WA,98115,Green Lake,Single Family,1,1912,3,1,1,1260,6000,1,760000,603,,,,David Cuthbert,Portico Real Estate,Portico Real Estate,47.6737872,-122.3226156,https://www.redfin.com/WA/Seattle/6053-6th-Ave-NE-98115/home/305397
2026-09-19T19:54:21.154Z,NE Seattle,2026-05-26,317134,214437661,2513634,Closed,9213 25TH Ave NE,,Seattle,WA,98115,Wedgwood,Single Family,1,1931,3,2,2,1667,8525,1.5,895000,537,,,,Jeremey Johnson,Windermere Real Estate Co.,Windermere Real Estate GH LLC,47.6961442,-122.3017586,https://www.redfin.com/WA/Seattle/9213-25th-Ave-NE-98115/home/317134
2026-09-19T19:54:21.154Z,West Seattle,2026-05-26,469668,213163576,2493199,Closed,4123 SW Rose St,,Seattle,WA,98136,Gatewood,Single Family,1,1927,3,2,2,1840,4234,1,940000,511,,,,Mara Haveson,COMPASS,Windermere R E Mount Baker,47.5290522,-122.3857817,https://www.redfin.com/WA/Seattle/4123-SW-Rose-St-98136/home/469668
2026-09-19T19:54:21.154Z,Eastlake,2026-05-26,69354179,216045098,2529731,Closed,2320 minor Ave,,Seattle,WA,98102,Eastlake,Single Family,1,1925,3,2,2,2400,2556,2,1000000,417,,,,Ling Drost,WeLakeside,NWMLS-NonOffice,47.6404062,-122.3280883,https://www.redfin.com/WA/Seattle/2320-Minor-Ave-E-98102/home/69354179
2026-09-19T19:54:21.154Z,Central Seattle,2026-05-24,147601,214029792,2506930,Closed,1226 25th Ave E,,Seattle,WA,98112,Arboretum,Single Family,1,1929,3,1.5,1,2250,4000,1.5,1199000,533,,,,Yael Chotzen,The Landmark Group,SCOUT,47.6311057,-122.3000868,https://www.redfin.com/WA/Seattle/1226-25th-Ave-E-98112/home/147601
2026-09-19T19:54:21.154Z,Northgate,2026-05-22,102290,213865550,2505015,Closed,116 NE 133rd St,,Seattle,WA,98125,Seattle,Single Family,1,1925,3,2,2,2410,8609,1,742500,308,,,,Sara Zhu,FIRST AND MAIN,Windermere Real Estate Co.,47.7252432,-122.328249,https://www.redfin.com/WA/Seattle/116-NE-133rd-St-98125/home/102290
2026-09-19T19:54:21.154Z,Northgate,2026-05-22,104323,207859947,2426416,Closed,10311 Midvale Ave N Unit A,Unit A,Seattle,WA,98133,Northgate,Townhouse,3,2002,3,2.5,2,1330,1206,1.5,515000,387,,,,Mandy Lind,Sound Point Real Estate LLC,Homes & Equity Real Estate Grp,47.7036133,-122.3438166,https://www.redfin.com/WA/Seattle/10311-Midvale-Ave-N-98133/unit-A/home/104323
2026-09-19T19:54:21.154Z,Maple Leaf,2026-05-22,106800,214572857,2515047,Closed,2011 NE 97th St,,Seattle,WA,98115,Maple Leaf,Single Family,1,1953,4,2,2,1480,6380,1,901000,609,,,,Ari Kirschenbaum,Windermere RE Greenwood,COMPASS,47.6991592,-122.3062599,https://www.redfin.com/WA/Seattle/2011-NE-97th-St-98115/home/106800
2026-09-19T19:54:21.154Z,Maple Leaf,2026-05-22,109204,214348152,2511785,Closed,8818 2nd Ave NE,,Seattle,WA,98115,Maple Leaf,Single Family,1,1955,3,1,1,2140,9214,1,988000,462,,,,John O'Brien,KW Greater Seattle,KW Greater Seattle,47.692803,-122.3267736,https://www.redfin.com/WA/Seattle/8818-2nd-Ave-NE-98115/home/109204
2026-09-19T19:54:21.154Z,Magnolia,2026-05-22,125753,214805790,2519068,Closed,1919 32nd Ave W,,Seattle,WA,98199,Magnolia,Single Family,1,1949,1,1,1,420,6413,1,570000,1357,,,,Stephanie Angelis,KW Greater Seattle,Coldwell Banker Bain,47.6365079,-122.3992102,https://www.redfin.com/WA/Seattle/1919-32nd-Ave-W-98199/home/125753
2026-09-19T19:54:21.154Z,Magnolia,2026-05-22,127638,212338444,2479317,Closed,2558 30th Ave W,,Seattle,WA,98199,Magnolia,Townhouse,3,2026,4,3.5,3,2901,2898,1.5,1750000,603,120,,,Michael Green,Windermere Real Estate Co.,Coldwell Banker Bain,47.6429082,-122.3953201,https://www.redfin.com/WA/Seattle/2558-30th-Ave-W-98199/home/127638
2026-09-19T19:54:21.154Z,Queen Anne,2026-05-22,133345,214816812,2519023,Closed,2430 Lorentz Pl N,,Seattle,WA,98109,Queen Anne,Single Family,1,1933,3,2,2,1900,4000,1,1550000,816,,,,Jane Johnson,Windermere Real Estate Co.,Windermere RE Greenwood,47.6408905,-122.3531636,https://www.redfin.com/WA/Seattle/2430-Lorentz-Pl-N-98109/home/133345
2026-09-19T19:54:21.154Z,Central Seattle,2026-05-22,135323,213602034,2484794,Closed,2333 Federal Ave E,,Seattle,WA,98102,Broadway,Single Family,1,1912,4,3.5,3,3190,5000,2,2100000,658,,,,Forrest Moody,Redfin,COMPASS,47.6405632,-122.319358,https://www.redfin.com/WA/Seattle/2333-Federal-Ave-E-98102/home/135323
2026-09-19T19:54:21.154Z,Central Seattle,2026-05-22,135573,213431490,2495338,Closed,2307 Broadway E,,Seattle,WA,98102,Capitol Hill,Single Family,1,1904,4,4,4,3633,4000,2,2325000,640,,,,Graham Gregg,COMPASS,"Windermere RE/Capitol Hill,Inc",47.6398445,-122.3216414,https://www.redfin.com/WA/Seattle/2307-Broadway-E-98102/home/135573
2026-09-19T19:54:21.154Z,Central Seattle,2026-05-22,141364,214167939,2509119,Closed,603 Wellington Ave,,Seattle,WA,98122,Leschi,Single Family,1,1989,3,3,2,3780,5646,2,2237500,592,,,,Dana Fitzpatrick,COMPASS,COMPASS,47.6069385,-122.2846883,https://www.redfin.com/WA/Seattle/603-Wellington-Ave-98122/home/141364
2026-09-19T19:54:21.154Z,Phinney Ridge,2026-05-22,143500279,214138254,2505471,Closed,7107 Aurora Ave N,,Seattle,WA,98103,Green Lake,Single Family,1,2021,5,4,4,3070,3766,1.5,1709000,557,,,,Yueru Hu,Best Choice Network LLC,"Windermere RE/Capitol Hill,Inc",47.6805726,-122.345487,https://www.redfin.com/WA/Seattle/7107-Aurora-Ave-N-98103/home/143500279
2026-09-19T19:54:21.154Z,West Seattle,2026-05-22,150126,214905291,2518602,Closed,1428 Palm Ave SW,,Seattle,WA,98116,North Admiral,Single Family,1,2022,5,3.5,3,4060,3400,1.5,2752000,678,,,,Julie Granahan,Redfin,Every Door Real Estate,47.5910814,-122.3843172,https://www.redfin.com/WA/Seattle/1428-Palm-Ave-SW-98116/home/150126
2026-09-19T19:54:21.154Z,West Seattle,2026-05-22,150402,204739233,2397729,Closed,2159 52nd Ave SW,,Seattle,WA,98116,Alki,Single Family,1,1918,2,2,2,1470,5775,1,755000,514,,,,Jonathan Bye,"John L. Scott, Inc",Real Broker LLC,47.5836949,-122.3981529,https://www.redfin.com/WA/Seattle/2159-52nd-Ave-SW-98116/home/150402
2026-09-19T19:54:21.154Z,West Seattle,2026-05-22,156461,214318051,2511308,Closed,4241 SW Donovan St,,Seattle,WA,98136,Fauntleroy,Single Family,1,1961,3,3,3,2570,7200,1,1535000,597,,,,Michael Mallagh,Windermere West Metro,The Agency Seattle,47.5252712,-122.3865872,https://www.redfin.com/WA/Seattle/4241-SW-Donovan-St-98136/home/156461
2026-09-19T19:54:21.154Z,West Seattle,2026-05-22,156810,213429843,2497780,Closed,10431 Marine View Dr SW,,Seattle,WA,98146,Marine View,Single Family,1,1944,5,4,4,4990,20800,2,2595000,520,,,,Kelly Malloy,Windermere West Metro,Realogics Sotheby's Int'l Rlty,47.5091281,-122.3885468,https://www.redfin.com/WA/Seattle/10431-Marine-View-Dr-SW-98146/home/156810
2026-09-19T19:54:21.154Z,Ballard (specific),2026-05-22,162307,214393198,2510356,Closed,2821 NW 65th St,,Seattle,WA,98117,Sunset Hill,Single Family,1,1922,4,3,3,2630,4354,2,1349000,513,,,,Paul Hart,Coldwell Banker Bain,Windermere RE Greenwood,47.6757221,-122.3940171,https://www.redfin.com/WA/Seattle/2821-NW-65th-St-98117/home/162307
2026-09-19T19:54:21.154Z,Ballard (specific),2026-05-22,164062,204144614,2392655,Closed,7324 27th Ave NW,,Seattle,WA,98117,Sunset Hill,Single Family,1,1928,4,2,2,1900,4360,1,775000,408,,,,Missi Huff,Coldwell Banker Bain,"Windermere R.E. Northeast, Inc",47.6821137,-122.3905828,https://www.redfin.com/WA/Seattle/7324-27th-Ave-NW-98117/home/164062
2026-09-19T19:54:21.154Z,Ballard (specific),2026-05-22,165000,214632140,2514380,Closed,6531 27th Ave NW,,Seattle,WA,98117,Ballard,Single Family,1,1925,4,3,3,2250,5100,2,1400000,622,,,,Kristen Eichelberger,Windermere RE Magnolia,Windermere Real Estate Co.,47.6768161,-122.3910872,https://www.redfin.com/WA/Seattle/6531-27th-Ave-NW-98117/home/165000
2026-09-19T19:54:21.154Z,Ballard (specific),2026-05-22,165215,214362758,2512759,Closed,7007 26th Ave NW,,Seattle,WA,98117,Loyal Heights,Single Family,1,1915,5,4,4,3780,5100,2,2197501,581,,,,Megan Halter,"Heaton Dainard, LLC",Windermere RE Greenwood,47.6797983,-122.3900671,https://www.redfin.com/WA/Seattle/7007-26th-Ave-NW-98117/home/165215
2026-09-19T19:54:21.154Z,Beacon Hill,2026-05-22,169964,211246990,2464065,Closed,4559 12th Ave S,,Seattle,WA,98108,Beacon Hill,Single Family,1,1941,2,1,1,1800,4933,1,700000,389,,,,Carol Peoples-Procter,COMPASS,"Liberty Real Estate, LLC",47.5618244,-122.3177055,https://www.redfin.com/WA/Seattle/4559-12th-Ave-S-98108/home/169964
2026-09-19T19:54:21.154Z,NW Seattle,2026-05-22,176359986,214132054,2496624,Closed,10055 8th Ave NW Unit A,Unit A,Seattle,WA,98177,Crown Hill,Single Family,1,2020,5,3,3,3064,4488,2,1760000,574,,,,Angie Holmstrom,Windermere RE Greenwood,Windermere RE Magnolia,47.7031949,-122.3664338,https://www.redfin.com/WA/Seattle/10055-8th-Ave-NW-98177/unit-A/home/176359986
2026-09-19T19:54:21.154Z,West Seattle,2026-05-22,184479511,213192955,2494231,Closed,4018 Beach Dr SW,,Seattle,WA,98116,Beach Drive,Townhouse,3,2023,4,2.5,2,1960,1259,1.5,1020000,520,,,,Renate Reitinger,COMPASS,RSVP Brokers ERA,47.5679407,-122.4091038,https://www.redfin.com/WA/Seattle/4018-Beach-Dr-SW-98116/home/184479511
2026-09-19T19:54:21.154Z,NW Seattle,2026-05-22,197093385,214384676,2512981,Closed,9020 13th Ave NW Unit C,Unit C,Seattle,WA,98117,Crown Hill,Townhouse,3,2025,3,2,2,1575,1175,1.5,774950,492,,,,James Coleman,Windermere Real Estate Co.,Berkshire Hathaway HS NW,47.694927,-122.3722278,https://www.redfin.com/WA/Seattle/9020-13th-Ave-NW-98117/unit-C/home/197093385
2026-09-19T19:54:21.154Z,NE Seattle,2026-05-22,199485497,209472053,2456172,Closed,6514 23rd Ave NE,,Seattle,WA,98115,Ravenna,Townhouse,3,2025,3,3.5,3,2142,1850,1.5,1249500,583,0,,,Josh Bolton,Windermere Real Estate Co.,Realogics Sotheby's Int'l Rlty,47.6762371,-122.3024826,https://www.redfin.com/WA/Seattle/6514-23rd-Ave-NE-98115/home/199485497
2026-09-19T19:54:21.154Z,NW Seattle,2026-05-22,199485796,212336646,2481464,Closed,359 NW 76th St,,Seattle,WA,98117,Ballard,Townhouse,3,2026,2,2,2,1041,669,1.5,679950,653,,,,Grecia Thomas,"Real Property Associates, Inc.",Coldwell Banker Bain,47.683778,-122.3631289,https://www.redfin.com/WA/Seattle/359-NW-76th-St-98117/home/199485796
2026-09-19T19:54:21.154Z,West Seattle,2026-05-22,201408875,214119801,2508333,Closed,4113 Chilberg Ave SW Unit D,Unit D,Seattle,WA,98116,Beach Drive,Townhouse,3,2026,3,3.5,3,1731,1204,1.5,1125000,650,,,,,John L Scott RE West Seattle,Redfin,47.5670742,-122.4084448,https://www.redfin.com/WA/Seattle/4113-Chilberg-Ave-SW-98116/unit-D/home/201408875
2026-09-19T19:54:21.154Z,Northgate,2026-05-22,22222145,213930581,2498174,Closed,10719 Densmore Ave N,,Seattle,WA,98133,Haller Lake,Single Family,1,2019,5,3,2,3470,7202,,1625000,468,,,,Sarah Odegaard,RE/MAX Northwest,COMPASS,47.7073543,-122.338274,https://www.redfin.com/WA/Seattle/10719-Densmore-Ave-N-98133/home/22222145
2026-09-19T19:54:21.154Z,NW Seattle,2026-05-22,291075,220545147,2550895,Closed,710 NW 125th St,,Seattle,WA,98177,Broadview,Single Family,1,1953,3,2,2,1830,7140,1,915000,500,,,,Ben Hoefer,"John L. Scott, Inc.",NWMLS-NonOffice,47.7198792,-122.3655627,https://www.redfin.com/WA/Seattle/710-NW-125th-St-98177/home/291075
2026-09-19T19:54:21.154Z,NW Seattle,2026-05-22,291564,216042909,2529690,Closed,12727 3rd Ave NW,,Seattle,WA,98177,Broadview,Single Family,1,1946,4,2.5,2,2240,8840,2,850000,379,,,,Stacey Koutlas,Coldwell Banker Danforth,NWMLS-NonOffice,47.7222395,-122.3612865,https://www.redfin.com/WA/Seattle/12727-3rd-Ave-NW-98177/home/291564
2026-09-19T19:54:21.154Z,Phinney Ridge,2026-05-22,300279,213247331,2495348,Closed,910 N 74th St,,Seattle,WA,98103,Green Lake,Townhouse,3,2000,3,2.5,2,1500,1501,1.5,779000,519,,,,Darnell Samuelson,Lake & Company,Coldwell Banker Bain,47.6828411,-122.3457525,https://www.redfin.com/WA/Seattle/910-N-74th-St-98103/home/300279
2026-09-19T19:54:21.154Z,Wallingford,2026-05-22,305197,212574387,2477477,Closed,5019 5th Ave NE,,Seattle,WA,98105,Wallingford,Single Family,1,1922,5,2,2,1920,3600,1,815000,424,,,,Adam Cobb,Windermere Real Estate GH LLC,eXp Realty,47.6655605,-122.3232017,https://www.redfin.com/WA/Seattle/5019-5th-Ave-NE-98105/home/305197
2026-09-19T19:54:21.154Z,Green Lake,2026-05-22,306514,214532554,2496664,Closed,7421 Bagley Ave N,,Seattle,WA,98103,Green Lake,Single Family,1,2023,4,3.5,3,2960,2900,2,2700000,912,,,,Sarah Vincent,Redfin,Coldwell Banker Danforth,47.6832729,-122.3318568,https://www.redfin.com/WA/Seattle/7421-Bagley-Ave-N-98103/home/306514
2026-09-19T19:54:21.154Z,NE Seattle,2026-05-22,309878,212568675,2485218,Closed,2337 NE 86th St,,Seattle,WA,98115,Wedgwood,Single Family,1,1939,2,1,1,890,6732,1,620000,697,,,,Debbie Russell,Lake & Company,Berkshire Hathaway HS SP,47.6910139,-122.3025176,https://www.redfin.com/WA/Seattle/2337-NE-86th-St-98115/home/309878
2026-09-19T19:54:21.154Z,NE Seattle,2026-05-22,316812,214576007,2515921,Closed,6827 36th Ave NE,,Seattle,WA,98115,Bryant,Single Family,1,1947,2,1,1,1500,3948,1,837500,558,,,,Laura Kinzel,Windermere R.E. Shoreline,Real Broker LLC,47.6784111,-122.2895623,https://www.redfin.com/WA/Seattle/6827-36th-Ave-NE-98115/home/316812
2026-09-19T19:54:21.154Z,NE Seattle,2026-05-22,317307,214858082,2511497,Closed,4220 NE 85th St,,Seattle,WA,98115,Wedgwood,Single Family,1,1949,4,2,2,1486,7451,1,1320000,888,,,,Kimberly Shaeffer,"John L. Scott, Inc.",Portico Real Estate,47.6903694,-122.2826695,https://www.redfin.com/WA/Seattle/4220-NE-85th-St-98115/home/317307
2026-09-19T19:54:21.154Z,West Seattle,2026-05-22,473040,214129257,2503240,Closed,9431 21st Ave SW,,Seattle,WA,98106,White Center,Single Family,1,1941,3,1,1,1790,4000,1,665000,372,,,,Christina Sylvester,"John L. Scott, Inc.","First Exclusive, Inc.",47.518284,-122.3608354,https://www.redfin.com/WA/Seattle/9431-21st-Ave-SW-98106/home/473040
2026-09-19T19:54:21.154Z,Beacon Hill,2026-05-22,478340,214913336,2520368,Closed,2503 S Edmunds St,,Seattle,WA,98108,Beacon Hill,Single Family,1,1954,3,1.5,1,2370,5560,1,950000,401,,,,David Palmer,Redfin,Windermere R E Mount Baker,47.5593209,-122.3000899,https://www.redfin.com/WA/Seattle/2503-S-Edmunds-St-98108/home/478340
2026-09-19T19:54:21.154Z,Ballard (specific),2026-05-22,494702,215205324,2521730,Closed,6241 6th Ave NW,,Seattle,WA,98107,Phinney Ridge,Single Family,1,1900,3,1.5,1,1310,3500,1.5,699900,534,,,,Vera Brodsky,Coldwell Banker Bain,Lake & Company,47.6753849,-122.3644241,https://www.redfin.com/WA/Seattle/6241-6th-Ave-NW-98107/home/494702
2026-09-19T19:54:21.154Z,NW Seattle,2026-05-22,496903,214160270,2507975,Closed,144 NW 79th St,,Seattle,WA,98117,Greenwood,Single Family,1,1926,3,2.5,2,1620,3120,1,1080000,667,,,,Ian MacMillan,Windermere Real Estate Co.,Windermere Real Estate Co.,47.6863967,-122.3598842,https://www.redfin.com/WA/Seattle/144-NW-79th-St-98117/home/496903
2026-09-19T19:54:21.154Z,Central Seattle,2026-05-22,69353880,214047115,2506273,Closed,1115 30th Ave S,,Seattle,WA,98144,Leschi,Single Family,1,2015,3,2.5,2,2830,4495,2,2100000,742,,,,Terry McMahan,Coldwell Banker Bain,"Windermere RE/Capitol Hill,Inc",47.5929155,-122.2936769,https://www.redfin.com/WA/Seattle/1115-30th-Ave-S-98144/home/69353880
2026-09-19T19:54:21.154Z,NW Seattle,2026-05-22,95624,214080537,2500395,Closed,9601 12th Ave NW,,Seattle,WA,98117,Crown Hill,Single Family,1,1929,3,1,1,910,5452,1,699500,769,3,,,Michael Haas,COMPASS,COMPASS,47.6994329,-122.372112,https://www.redfin.com/WA/Seattle/9601-12th-Ave-NW-98117/home/95624
2026-09-19T19:54:21.154Z,NW Seattle,2026-05-22,97085,214574041,2515529,Closed,10002 9th Ave NW,,Seattle,WA,98177,Crown Hill,Single Family,1,1949,4,2.5,2,2472,4267,1,1187000,480,1,,,Chris Randall,Lake & Company,Windermere Real Estate Co.,47.7016971,-122.3684807,https://www.redfin.com/WA/Seattle/10002-9th-Ave-NW-98177/home/97085
2026-09-19T19:54:21.154Z,Northgate,2026-05-21,103122,213376744,2496827,Closed,13525 4th Ave NE,,Seattle,WA,98125,Haller Lake,Single Family,1,1954,4,2,2,2497,9760,1,959950,384,,,,Chris Medawar,Medawar Real Estate,Windermere RE Greenwood,47.7271299,-122.3251173,https://www.redfin.com/WA/Seattle/13525-4th-Ave-NE-98125/home/103122
2026-09-19T19:54:21.154Z,NE Seattle,2026-05-21,103954937,216893849,2540589,Closed,5839 NE Park Point Dr Unit G-204,Unit G-204,Seattle,WA,98115,Sand Point,Single Family,1,1974,2,2,2,1554,,1,740000,476,1357,,,Jennifer Wen,Berkshire Hathaway HS NW,Windermere Real Estate Co.,47.6770456,-122.2647642,https://www.redfin.com/WA/Seattle/5839-NE-Park-Point-Dr-98115/unit-G-204/home/103954937
2026-09-19T19:54:21.154Z,NE Seattle,2026-05-21,108257,214488556,2514022,Closed,8218 Latona Ave NE,,Seattle,WA,98115,Maple Leaf,Single Family,1,1939,4,2,2,2780,4960,2,980000,353,,,,Darcie Wells,RE/MAX Northwest,Windermere Real Estate Co.,47.6888776,-122.3253476,https://www.redfin.com/WA/Seattle/8218-Latona-Ave-NE-98115/home/108257
2026-09-19T19:54:21.154Z,West Seattle,2026-05-21,112863469,214344172,2511228,Closed,8141 Delridge Way SW,,Seattle,WA,98106,Westwood,Townhouse,3,2016,4,3.5,3,1970,2042,1.5,749950,381,,,,Jeremy Johnson,eXp Realty,Ensemble,47.5288998,-122.3609534,https://www.redfin.com/WA/Seattle/8141-Delridge-Way-SW-98106/home/112863469
2026-09-19T19:54:21.154Z,Northgate,2026-05-21,114732,214574127,2503469,Closed,12719 12th Ave NE,,Seattle,WA,98125,Pinehurst,Single Family,1,1938,3,2,2,1760,7237,1,829150,471,,,,Mia Klarich,Windermere Real Estate Midtown,Windermere Real Estate Co.,47.7219291,-122.3156894,https://www.redfin.com/WA/Seattle/12719-12th-Ave-NE-98125/home/114732
2026-09-19T19:54:21.154Z,Wallingford,2026-05-21,117448,214342374,2511934,Closed,4514 Bagley Ave N,,Seattle,WA,98103,Wallingford,Single Family,1,2020,4,3.5,3,1940,1873,3,1575000,812,,,,David Hogan,Windermere Real Estate/East,Kelly Right RE of Seattle LLC,47.6619593,-122.3323234,https://www.redfin.com/WA/Seattle/4514-Bagley-Ave-N-98103/home/117448
2026-09-19T19:54:21.154Z,Magnolia,2026-05-21,125377,214294661,2510324,Closed,3240 W Viewmont Way W,,Seattle,WA,98199,Magnolia,Single Family,1,1939,3,2,2,2160,5800,1,1370000,634,,,,Susan T. Jones,Windermere Real Estate/East,Coldwell Banker Bain,47.649891,-122.4092608,https://www.redfin.com/WA/Seattle/3240-W-Viewmont-Way-W-98199/home/125377
2026-09-19T19:54:21.154Z,Magnolia,2026-05-21,125493,215882093,2528521,Closed,2425 43rd Ave W,,Seattle,WA,98199,Magnolia,Single Family,1,1935,4,2,2,2150,5350,2,1700000,791,,,,Portia Gray,Windermere RE Magnolia,NWMLS-NonOffice,47.6407146,-122.4108996,https://www.redfin.com/WA/Seattle/2425-43rd-Ave-W-98199/home/125493
2026-09-19T19:54:21.154Z,Central Seattle,2026-05-21,137610,214380943,2509427,Closed,2046 26th Ave E,,Seattle,WA,98112,Montlake,Single Family,1,1924,4,2,2,2330,4416,2,1500000,644,,,,Kim Knowles,Windermere Real Estate Midtown,Windermere Real Estate Midtown,47.6392553,-122.2991728,https://www.redfin.com/WA/Seattle/2046-26th-Ave-E-98112/home/137610
2026-09-19T19:54:21.154Z,Central Seattle,2026-05-21,140968,214265542,2508075,Closed,412 36th Ave,,Seattle,WA,98122,Madrona,Single Family,1,1916,4,1.5,1,3390,14122,2,1950000,575,,,,Spafford Robbins,COMPASS,Urban Living,47.6058277,-122.2866656,https://www.redfin.com/WA/Seattle/412-36th-Ave-98122/home/140968
2026-09-19T19:54:21.154Z,West Seattle,2026-05-21,152532,214368227,2512213,Closed,5919 46th Ave SW,,Seattle,WA,98136,Seaview,Single Family,1,1918,4,3,3,2163,4800,1,1215000,562,,,,Dale Wampler,Keller Williams Seattle Metro,COMPASS,47.5497423,-122.3915429,https://www.redfin.com/WA/Seattle/5919-46th-Ave-SW-98136/home/152532
2026-09-19T19:54:21.154Z,West Seattle,2026-05-21,158688,215967187,2528809,Closed,7704 46th Ave SW,,Seattle,WA,98136,Lincoln Park,Single Family,1,1954,2,1.5,1,2170,5760,1,825000,380,,,,Reis McCullough,eXp Realty,NWMLS-NonOffice,47.5338146,-122.3912822,https://www.redfin.com/WA/Seattle/7704-46th-Ave-SW-98136/home/158688
2026-09-19T19:54:21.154Z,West Seattle,2026-05-21,160871,214327221,2510079,Closed,1281 SW Othello St,,Seattle,WA,98106,Highland Park,Single Family,1,1995,3,2,2,1840,9350,1.5,905000,492,,,,Stefan Petrut,Coldwell Banker Bain,Real Broker LLC,47.536661,-122.3537658,https://www.redfin.com/WA/Seattle/1281-SW-Othello-St-98106/home/160871
2026-09-19T19:54:21.154Z,Queen Anne,2026-05-21,170474482,213929995,2505023,Closed,305 Lee St,,Seattle,WA,98109,Seattle,Single Family,1,2019,3,4,3,2362,1288,1.5,1800000,762,,,,Randi Weidner,COMPASS,Windermere Mercer Island,47.6312741,-122.350902,https://www.redfin.com/WA/Seattle/305-Lee-St-98109/home/170474482
2026-09-19T19:54:21.154Z,Magnolia,2026-05-21,175242113,212762167,2488177,Closed,2409 W Boston St Unit A,Unit A,Seattle,WA,98199,Magnolia,Townhouse,3,2021,2,2,2,1172,906,1.5,760000,648,,,,Lisa Song,RSVP Brokers ERA,Bushnell Real Estate Solutions,47.6381701,-122.3886051,https://www.redfin.com/WA/Seattle/2409-W-Boston-St-98199/unit-A/home/175242113
2026-09-19T19:54:21.154Z,West Seattle,2026-05-21,191420864,212537789,2484795,Closed,4203 SW Raymond St,,Seattle,WA,98136,Seaview,Townhouse,3,2024,3,2.5,2,1520,1033,1.5,765000,503,,,,Claire Kather,WaLaw Realty LLC,Coldwell Banker Bain,47.548325,-122.385914,https://www.redfin.com/WA/Seattle/4203-SW-Raymond-St-98136/home/191420864
2026-09-19T19:54:21.154Z,Central Seattle,2026-05-21,192259545,213890126,2503528,Closed,738 22nd Ave E,,Seattle,WA,98112,Capitol Hill,Single Family,1,2026,5,3.5,3,4456,5088,2,3950000,886,,,,Junior Torres,Windermere RE Greenwood,Windermere RE Greenwood,47.626272,-122.303248,https://www.redfin.com/WA/Seattle/738-22nd-Ave-E-98112/home/192259545
2026-09-19T19:54:21.154Z,Maple Leaf,2026-05-21,200847257,213889622,2505385,Closed,524 NE 89th St Unit B,Unit B,Seattle,WA,98115,Maple Leaf,Single Family,1,2026,2,2.5,2,1098,5008,2,799000,728,12,,,Tyler Anderson,Windermere Real Estate Co.,Windermere Real Estate/East,47.6933643,-122.3219394,https://www.redfin.com/WA/Seattle/524-NE-89th-St-98115/unit-B/home/200847257
2026-09-19T19:54:21.154Z,Ballard (specific),2026-05-21,201076648,213561114,2498661,Closed,1206 A NW 83rd St,,Seattle,WA,98117,Ballard,Townhouse,3,2026,2,2.5,2,955,699,1.5,609950,639,,,,Grecia Thomas,"Real Property Associates, Inc.","Real Property Associates, Inc.",47.6888784,-122.371736,https://www.redfin.com/WA/Seattle/1206-A-NW-83rd-St-98117/home/201076648
2026-09-19T19:54:21.154Z,Central Seattle,2026-05-21,2091141,213630410,2496464,Closed,1507 E Union St Unit A,Unit A,Seattle,WA,98122,Capitol Hill,Townhouse,3,2005,3,3,3,1346,998,1.5,840000,624,,,,Scott Hoang,COMPASS,Windermere RE Greenwood,47.6127365,-122.3122674,https://www.redfin.com/WA/Seattle/1507-E-Union-St-98122/unit-A/home/2091141
2026-09-19T19:54:21.154Z,Wallingford,2026-05-21,22695269,213785388,2497051,Closed,421 NE 60th St,,Seattle,WA,98115,Green Lake,Single Family,1,2013,5,3.5,3,3010,4275,,1750000,581,,,,Joseph Goldberg,Lake & Company,ZNonMember-Office-MLS,47.6719183,-122.3235742,https://www.redfin.com/WA/Seattle/421-NE-60th-St-98115/home/22695269
2026-09-19T19:54:21.154Z,Phinney Ridge,2026-05-21,299552,215312989,2522867,Closed,5910 Dayton Ave N,,Seattle,WA,98103,Phinney Ridge,Single Family,1,1918,2,2,2,1910,3250,1,1112500,582,,,,Eduardo Avilez,CENTURY 21 Real Estate Center,Lake & Company,47.6721874,-122.3526665,https://www.redfin.com/WA/Seattle/5910-Dayton-Ave-N-98103/home/299552
2026-09-19T19:54:21.154Z,NE Seattle,2026-05-21,313405,215914737,2528647,Closed,6243 39th Ave NE,,Seattle,WA,98115,Bryant,Single Family,1,1922,6,1.5,1,2670,5600,1.5,950000,356,,,,Jack Duggan,Real Broker LLC,"Heaton Dainard, LLC",47.6752279,-122.286115,https://www.redfin.com/WA/Seattle/6243-39th-Ave-NE-98115/home/313405
2026-09-19T19:54:21.154Z,NE Seattle,2026-05-21,320790,212807339,2489169,Closed,6917 57th Ave NE,,Seattle,WA,98115,View Ridge,Single Family,1,1961,6,3,3,3417,6125,3,2745000,803,,,,John Williams,Coldwell Banker Danforth,John L Scott Madrona Group,47.6789924,-122.2673368,https://www.redfin.com/WA/Seattle/6917-57th-Ave-NE-98115/home/320790
2026-09-19T19:54:21.154Z,West Seattle,2026-05-21,330379,214558328,2512624,Closed,4052 44th Ave SW,,Seattle,WA,98116,Genesee,Single Family,1,1927,4,2,2,2200,5750,2,950000,432,,,,Emily Austin,COMPASS,COMPASS,47.5668884,-122.3878207,https://www.redfin.com/WA/Seattle/4052-44th-Ave-SW-98116/home/330379
2026-09-19T19:54:21.154Z,West Seattle,2026-05-21,331379,214404174,2512995,Closed,2635 46th Ave SW,,Seattle,WA,98116,Admiral,Single Family,1,1908,3,2.5,2,2240,5750,2,1565000,699,,,,James De Maria,"Windermere RE/Capitol Hill,Inc",Windermere West Metro,47.5801432,-122.3909949,https://www.redfin.com/WA/Seattle/2635-46th-Ave-SW-98116/home/331379
2026-09-19T19:54:21.154Z,West Seattle,2026-05-21,475647,214303647,2511928,Closed,8848 20th Ave SW,,Seattle,WA,98106,Highland Park,Single Family,1,2022,3,2.5,2,2076,2853,2,885000,426,,,,Sarah Rudinoff,Windermere R E Mount Baker,Coldwell Banker Danforth,47.5233585,-122.3586759,https://www.redfin.com/WA/Seattle/8848-20th-Ave-SW-98106/home/475647
2026-09-19T19:54:21.154Z,NW Seattle,2026-05-21,498514,214355931,2512438,Closed,140 NW 78th St,,Seattle,WA,98117,Phinney Ridge,Single Family,1,1925,3,2,2,1650,4635,1,1291000,782,,,,Dan Gunderson,"Windermere Real Estate/M2, LLC",Windermere Real Estate/East,47.685677,-122.3597942,https://www.redfin.com/WA/Seattle/140-NW-78th-St-98117/home/498514
2026-09-19T19:54:21.154Z,NW Seattle,2026-05-21,96176,212944289,2490936,Closed,14051 1st Ave NW,,Seattle,WA,98177,Broadview,Single Family,1,1933,2,1,1,889,8100,1.5,725000,816,,,,Jim Myers,RE/MAX All City,"Windermere RE/Lake Tapps, Inc",47.7320275,-122.3586791,https://www.redfin.com/WA/Seattle/14051-1st-Ave-NW-98177/home/96176
2026-09-19T19:54:21.154Z,NW Seattle,2026-05-21,98053,216195340,2532201,Closed,11042 Fremont Ave N,,Seattle,WA,98133,Bitter Lake,Single Family,1,1940,2,1,1,1640,7337,1,560000,341,,,,Mark Bensadon,Keller Williams North Seattle,NWMLS-NonOffice,47.7099956,-122.349898,https://www.redfin.com/WA/Seattle/11042-Fremont-Ave-N-98133/home/98053
2026-09-19T19:54:21.154Z,NW Seattle,2026-05-20,100638,213884861,2496161,Closed,9053 7th Ave NW,,Seattle,WA,98117,Greenwood,Single Family,1,1966,4,2,2,2140,5040,1.5,975000,456,,,,Mariah O'Keefe,Redfin,Redfin,47.695822,-122.3650719,https://www.redfin.com/WA/Seattle/9053-7th-Ave-NW-98117/home/100638
2026-09-19T19:54:21.154Z,NW Seattle,2026-05-20,101546,214409202,2513364,Closed,319 NW 87th St,,Seattle,WA,98117,Greenwood,Townhouse,3,2026,3,3.5,3,2108,1540,1.5,1099000,521,50,,,John Cowan,Windermere Real Estate Co.,Realogics Sotheby's Int'l Rlty,47.6918847,-122.3615008,https://www.redfin.com/WA/Seattle/319-NW-87th-St-98117/home/101546
2026-09-19T19:54:21.154Z,Wallingford,2026-05-20,117568,214578549,2514474,Closed,4045 2nd Ave NE,,Seattle,WA,98105,Wallingford,Single Family,1,1937,4,3,3,2196,4000,1.5,1245000,567,,,,Lauren GeRoy,SPIRE ONE Realty,COMPASS,47.6569242,-122.3270948,https://www.redfin.com/WA/Seattle/4045-2nd-Ave-NE-98105/home/117568
2026-09-19T19:54:21.154Z,NE Seattle,2026-05-20,122119,213841587,2496570,Closed,4181 42nd Ave NE,,Seattle,WA,98105,Laurelhurst,Single Family,1,1941,4,3,3,3772,10560,1,2350000,623,,,,Mollie Huppert,COMPASS,Windermere Real Estate Co.,47.6607376,-122.2830369,https://www.redfin.com/WA/Seattle/4181-42nd-Ave-NE-98105/home/122119
2026-09-19T19:54:21.154Z,West Seattle,2026-05-20,12306500,213194641,2494319,Closed,6531 42nd Ave SW Unit C,Unit C,Seattle,WA,98136,Gatewood,Townhouse,3,2008,3,1.5,1,1480,1686,1.5,695000,470,,,,Javila Creer,Windermere Real Estate Midtown,Keller Williams Realty PS,47.5437918,-122.3862672,https://www.redfin.com/WA/Seattle/6531-42nd-Ave-SW-98136/unit-C/home/12306500
2026-09-19T19:54:21.154Z,Magnolia,2026-05-20,125351,214293683,2510705,Closed,1536 Thorndyke Ave W,,Seattle,WA,98199,Magnolia,Single Family,1,1930,4,2.5,2,2860,5750,2,1672500,585,,,,Will Aufhammer,COMPASS,Windermere Real Estate Co.,47.6334587,-122.3915245,https://www.redfin.com/WA/Seattle/1536-Thorndyke-Ave-W-98199/home/125351
2026-09-19T19:54:21.154Z,Queen Anne,2026-05-20,131184,214249404,2509690,Closed,803 W Armour St,,Seattle,WA,98119,Queen Anne,Single Family,1,1929,4,3.5,3,3260,4343,2,2400000,736,,,,Holley Ring,Windermere Real Estate Midtown,Windermere Real Estate Midtown,47.6448364,-122.367765,https://www.redfin.com/WA/Seattle/803-W-Armour-St-98119/home/131184
2026-09-19T19:54:21.154Z,Central Seattle,2026-05-20,136299,205340917,2406616,Closed,1617 Federal Ave E,,Seattle,WA,98102,Capitol Hill,Single Family,1,1910,5,5,4,8100,11300,,4400000,543,,,,Terry Allen,Coldwell Banker Bain,Real Residential,47.6335579,-122.3193887,https://www.redfin.com/WA/Seattle/1617-Federal-Ave-E-98102/home/136299
2026-09-19T19:54:21.154Z,Central Seattle,2026-05-20,140091,214151313,2497423,Closed,2341 43rd Ave E,,Seattle,WA,98112,Madison Park,Single Family,1,1992,3,3.5,3,1880,2133,3,1675000,891,133,,,Jane A. Johnson,Windermere Real Estate Co.,"Ewing & Clark, Inc.",47.6403763,-122.2775575,https://www.redfin.com/WA/Seattle/2341-43rd-Ave-E-98112/home/140091
2026-09-19T19:54:21.154Z,Central Seattle,2026-05-20,143794,213924639,2505506,Closed,401 23rd Ave E,,Seattle,WA,98112,Capitol Hill,Single Family,1,1922,4,1,1,2830,4200,1.5,789950,279,,,,Albert Clark,Real Residential,Designed Realty,47.622778,-122.3027864,https://www.redfin.com/WA/Seattle/401-23rd-Ave-E-98112/home/143794
2026-09-19T19:54:21.154Z,Central Seattle,2026-05-20,147510,213601047,2476477,Closed,616 25th Ave E,,Seattle,WA,98112,Arboretum,Single Family,1,2017,4,3.5,3,3650,4197,2,2960000,811,,,,Rayne Hicks,COMPASS,Windermere RE Magnolia,47.6249156,-122.2995571,https://www.redfin.com/WA/Seattle/616-25th-Ave-E-98112/home/147510
2026-09-19T19:54:21.154Z,West Seattle,2026-05-20,150834,213686703,2502275,Closed,1623 Ferry Ave SW,,Seattle,WA,98116,Admiral,Single Family,1,1904,3,2,2,1720,3330,2,1041000,605,,,,Michael Ross,KW Greater Seattle,WeLakeside,47.5885095,-122.3830586,https://www.redfin.com/WA/Seattle/1623-Ferry-Ave-SW-98116/home/150834
2026-09-19T19:54:21.154Z,West Seattle,2026-05-20,151042,214348012,2511490,Closed,4064 SW Hill St,,Seattle,WA,98116,North Admiral,Single Family,1,1927,4,2.5,2,2520,3300,1.5,1500000,595,,,,Beth Britt,John L Scott RE West Seattle,Windermere West Metro,47.5855008,-122.3832494,https://www.redfin.com/WA/Seattle/4064-SW-Hill-St-98116/home/151042
2026-09-19T19:54:21.154Z,West Seattle,2026-05-20,154570,214139183,2506857,Closed,6521 Beach Dr SW,,Seattle,WA,98136,Beach Drive,Single Family,1,1918,3,2,2,2110,33200,1.5,2050000,972,,,,Kari Scott,John L Scott RE West Seattle,KW Greater Seattle,47.5444517,-122.398433,https://www.redfin.com/WA/Seattle/6521-Beach-Dr-SW-98136/home/154570
2026-09-19T19:54:21.154Z,West Seattle,2026-05-20,158466,213873522,2500487,Closed,8605 46th Ave SW,,Seattle,WA,98136,Fauntleroy,Single Family,1,1951,3,2,2,1980,4410,1,950000,480,,,,Dawn Tinebra,Redfin,Engel & Voelkers Seattle DT,47.5266189,-122.3917999,https://www.redfin.com/WA/Seattle/8605-46th-Ave-SW-98136/home/158466
2026-09-19T19:54:21.154Z,Ballard (specific),2026-05-20,162412,214289950,2504966,Closed,2613 NW 65th St,,Seattle,WA,98117,Ballard,Townhouse,3,2015,3,2.5,2,1350,1031,1.5,825000,611,,,,Codi Nelson,Windermere Mercer Island,Coldwell Banker Bain,47.6757944,-122.3908156,https://www.redfin.com/WA/Seattle/2613-NW-65th-St-98117/home/162412
2026-09-19T19:54:21.154Z,Beacon Hill,2026-05-20,167677,214131510,2507695,Closed,3110 12th Ave S,,Seattle,WA,98144,N Beacon Hill,Single Family,1,1953,4,3,3,2240,4000,1,1212500,541,,,,Ian Gordon,Coldwell Banker Bain,"John L. Scott, Inc.",47.5756093,-122.317115,https://www.redfin.com/WA/Seattle/3110-12th-Ave-S-98144/home/167677
2026-09-19T19:54:21.154Z,Beacon Hill,2026-05-20,169705,213227614,2494039,Closed,1357 S Shelton St,,Seattle,WA,98108,Beacon Hill,Single Family,1,1906,5,1,1,2430,6512,2,640000,263,,,,Paul Lau,John L. Scott Des Moines,"Pellego, Inc.",47.5577346,-122.3136895,https://www.redfin.com/WA/Seattle/1357-S-Shelton-St-98108/home/169705
2026-09-19T19:54:21.154Z,Central Seattle,2026-05-20,172712225,213018355,2492143,Closed,551 28th Ave,,Seattle,WA,98122,Madrona,Townhouse,3,2020,2,2,2,1440,912,1.5,749000,520,100,,,,COMPASS,Redfin,47.6075974,-122.2961094,https://www.redfin.com/WA/Seattle/551-28th-Ave-98122/home/172712225
2026-09-19T19:54:21.154Z,NE Seattle,2026-05-20,180783444,213587411,2500793,Closed,7207 12th Ave NE,,Seattle,WA,98115,Roosevelt,Townhouse,3,2022,2,2,2,1225,755,1.5,755000,616,,,,,Alchemy Real Estate,Redfin,47.681133,-122.3158937,https://www.redfin.com/WA/Seattle/7207-12th-Ave-NE-98115/home/180783444
2026-09-19T19:54:21.154Z,West Seattle,2026-05-20,18661540,212895387,2488604,Closed,6908 31st Ave SW,,Seattle,WA,98126,High Point,Townhouse,3,2017,4,3,3,1990,2340,1.5,825000,415,373,,,Robyn MacIntire,COMPASS,Every Door Real Estate,47.540842,-122.371655,https://www.redfin.com/WA/Seattle/6908-31st-Ave-SW-98126/home/18661540
2026-09-19T19:54:21.154Z,West Seattle,2026-05-20,201247692,213861075,2504058,Closed,4834 25th Ave SW,,Seattle,WA,98106,Delridge,Single Family,1,2026,3,2.5,2,1089,1843,2,605000,556,,,,Felicia Ng,"Skyline Properties, Inc.",Windermere Real Estate Co.,47.5582203,-122.3639905,https://www.redfin.com/WA/Seattle/4834-25th-Ave-SW-98106/home/201247692
2026-09-19T19:54:21.154Z,West Seattle,2026-05-20,2081437,214593691,2506731,Closed,6551 17th Ave SW,,Seattle,WA,98106,Puget Ridge,Single Family,1,2004,4,2.5,2,2610,5002,2,1135000,435,,,,Kara Huang Machida,"John L. Scott, Inc.","Boutique Brokerage, LLC",47.5433823,-122.3563852,https://www.redfin.com/WA/Seattle/6551-17th-Ave-SW-98106/home/2081437
2026-09-19T19:54:21.154Z,NW Seattle,2026-05-20,290737,214588748,2507487,Closed,11501 4th Ave NW,,Seattle,WA,98177,Broadview,Single Family,1,1959,4,3,3,3656,11309,1,1775000,486,,,,Alex Fotouhi,Lake & Company,"Windermere RE North, Inc.",47.712503,-122.3625613,https://www.redfin.com/WA/Seattle/11501-4th-Ave-NW-98177/home/290737
2026-09-19T19:54:21.154Z,Fremont,2026-05-20,302528,214175024,2504842,Closed,4436 Baker Ave NW,,Seattle,WA,98107,Fremont,Single Family,1,1927,4,3,3,2302,3335,2,1320000,573,4,,,Eric Nissen,"Real Property Associates, Inc.",KW Greater Seattle,47.6613141,-122.3593111,https://www.redfin.com/WA/Seattle/4436-Baker-Ave-NW-98107/home/302528
2026-09-19T19:54:21.154Z,Ballard (specific),2026-05-20,303615,214334366,2512158,Closed,366 NW 47th St,,Seattle,WA,98107,Fremont,Single Family,1,1918,4,2,2,1800,3880,1,1214000,674,,,,Jessica Dodge,Windermere Real Estate Co.,eXp Realty,47.663106,-122.3635895,https://www.redfin.com/WA/Seattle/366-NW-47th-St-98107/home/303615
2026-09-19T19:54:21.154Z,NE Seattle,2026-05-20,312892,214108965,2508470,Closed,2920 NE 60th St,,Seattle,WA,98115,Bryant,Single Family,1,1919,3,3,3,2030,5000,2,1170000,576,,,,Kristin Clark,COMPASS,COMPASS,47.6723354,-122.2956007,https://www.redfin.com/WA/Seattle/2920-NE-60th-St-98115/home/312892
2026-09-19T19:54:21.154Z,NE Seattle,2026-05-20,313514,214376203,2505323,Closed,4754 35th Ave NE,,Seattle,WA,98105,Bryant,Single Family,1,1945,3,2,2,2000,4128,1,971000,486,,,,Debbie Culp,Windermere Real Estate Co.,Windermere Real Estate Midtown,47.6642124,-122.2898904,https://www.redfin.com/WA/Seattle/4754-35th-Ave-NE-98105/home/313514
2026-09-19T19:54:21.154Z,NE Seattle,2026-05-20,313753,214554100,2515072,Closed,4008 NE 56th St,,Seattle,WA,98105,Hawthorne Hills,Single Family,1,1925,2,1,1,950,5120,1,765000,805,,,,Andree Hurley,RSVP Brokers ERA,Every Door Real Estate,47.6696658,-122.2844146,https://www.redfin.com/WA/Seattle/4008-NE-56th-St-98105/home/313753
2026-09-19T19:54:21.154Z,West Seattle,2026-05-20,329177,214393471,2510245,Closed,4060 39th Ave SW,,Seattle,WA,98116,Belvidere,Single Family,1,1949,4,3.5,3,3567,5750,2,1900000,533,,,,Shelley E. Godwin,Windermere West Metro,Whisper Real Estate,47.5666364,-122.3813877,https://www.redfin.com/WA/Seattle/4060-39th-Ave-SW-98116/home/329177
2026-09-19T19:54:21.154Z,West Seattle,2026-05-20,330771,214556782,2503657,Closed,3016 50th Ave SW,,Seattle,WA,98116,Admiral,Single Family,1,1953,3,2,2,1760,5500,1,1157000,657,,,,Michael Witt,"Windermere RE/Capitol Hill,Inc",Lake & Company,47.5770033,-122.3951324,https://www.redfin.com/WA/Seattle/3016-50th-Ave-SW-98116/home/330771
2026-09-19T19:54:21.154Z,West Seattle,2026-05-20,472608,214365369,2511968,Closed,7142 31st Ave SW,,Seattle,WA,98126,High Point,Single Family,1,1964,3,2,2,1270,5140,1,875000,689,,,,Kari Scott,John L Scott RE West Seattle,eXp Realty,47.5379548,-122.3722139,https://www.redfin.com/WA/Seattle/7142-31st-Ave-SW-98126/home/472608
2026-09-19T19:54:21.154Z,West Seattle,2026-05-20,474490,213641214,2499787,Closed,7737 12th Ave SW,,Seattle,WA,98106,Highland Park,Single Family,1,1989,4,2,2,2040,4020,1.5,790000,387,,,,Don Kenney,Windermere Real Estate Co.,Windermere R E Mount Baker,47.5329356,-122.3509158,https://www.redfin.com/WA/Seattle/7737-12th-Ave-SW-98106/home/474490
2026-09-19T19:54:21.154Z,Beacon Hill,2026-05-20,480604,214155979,2505466,Closed,8607 42nd Ave S,,Seattle,WA,98118,Beacon Hill,Single Family,1,1902,4,1,1,1780,8050,1,613000,344,,,,Lisa Serratos-McGregor,Timber Real Estate,Keller Williams Realty Bothell,47.5257817,-122.2812413,https://www.redfin.com/WA/Seattle/8607-42nd-Ave-S-98118/home/480604
2026-09-19T19:54:21.154Z,Ballard (specific),2026-05-20,493778,214577802,2516018,Closed,5639 3rd Ave NW,,Seattle,WA,98107,Phinney Ridge,Single Family,1,1930,4,3.5,3,2530,3720,2,1330000,526,,,,Victoria Loder,"Heaton Dainard, LLC",COMPASS,47.6706255,-122.3610764,https://www.redfin.com/WA/Seattle/5639-3rd-Ave-NW-98107/home/493778
2026-09-19T19:54:21.154Z,Ballard (specific),2026-05-20,493857,214575901,2515969,Closed,808 NW 64th St,,Seattle,WA,98107,Ballard,Single Family,1,1910,2,1,1,850,3500,1,877750,1033,,,,Ken Graff,Coldwell Banker Bain,Real Broker LLC,47.6754669,-122.3666055,https://www.redfin.com/WA/Seattle/808-NW-64th-St-98107/home/493857
2026-09-19T19:54:21.154Z,NW Seattle,2026-05-20,59704091,214384968,2511585,Closed,2503 NW 91st St,,Seattle,WA,98117,North Beach,Single Family,1,2016,3,2.5,2,2140,2933,1.5,1360000,636,,,,Shannon Hill,Windermere RE Greenwood,COMPASS,47.6950506,-122.3888882,https://www.redfin.com/WA/Seattle/2503-NW-91st-St-98117/home/59704091
2026-09-19T19:54:21.154Z,NE Seattle,2026-05-19,108964,213652279,2501965,Closed,8053 Brooklyn Ave NE,,Seattle,WA,98115,Roosevelt,Single Family,1,1925,3,1,1,2030,3760,2,955000,470,,,,Macartney McQuery,Redfin,"Skyline Properties, Inc.",47.6882165,-122.3145816,https://www.redfin.com/WA/Seattle/8053-Brooklyn-Ave-NE-98115/home/108964
2026-09-19T19:54:21.154Z,NE Seattle,2026-05-19,121740,214843026,2517419,Closed,5125 NE Latimer Pl,,Seattle,WA,98105,Laurelhurst,Single Family,1,1938,4,3.5,3,3400,5247,2,2300000,676,,,,Tory Frol,Real Residential,Coldwell Banker Bain,47.6573026,-122.272399,https://www.redfin.com/WA/Seattle/5125-NE-Latimer-Pl-98105/home/121740
2026-09-19T19:54:21.154Z,NE Seattle,2026-05-19,121933,215595475,2527727,Closed,3101 W Laurelhurst Dr NE,,Seattle,WA,98105,Laurelhurst,Single Family,1,1982,4,3.5,3,8080,10395,1,12550000,1553,,,,Terry Allen,Coldwell Banker Bain,Windermere RE Magnolia,47.649779,-122.2783024,https://www.redfin.com/WA/Seattle/3101-W-Laurelhurst-Dr-NE-98105/home/121933
2026-09-19T19:54:21.154Z,Magnolia,2026-05-19,127088,214635117,2514235,Closed,3219 34th Ave W,,Seattle,WA,98199,Magnolia,Single Family,1,1911,4,2,2,1770,6000,2,1380000,780,,,,Jennifer Sandmeyer,Windermere RE Magnolia,Lake & Company,47.6492995,-122.4013032,https://www.redfin.com/WA/Seattle/3219-34th-Ave-W-98199/home/127088
2026-09-19T19:54:21.154Z,Magnolia,2026-05-19,128323,214855270,2517934,Closed,2660 36th Ave W,,Seattle,WA,98199,Magnolia,Single Family,1,1941,3,3,3,2190,8580,1,1800000,822,,,,Stewart Karstens,Windermere Bellevue Commons,Windermere Real Estate/East,47.644829,-122.4033855,https://www.redfin.com/WA/Seattle/2660-36th-Ave-W-98199/home/128323
2026-09-19T19:54:21.154Z,Queen Anne,2026-05-19,130323,214131431,2507032,Closed,2621 2nd Ave N,,Seattle,WA,98109,Queen Anne,Single Family,1,1910,3,1.5,1,1560,2240,2,1050000,673,,,,Susan A. Cole,Windermere R E Mount Baker,KW Greater Seattle,47.6438997,-122.3540724,https://www.redfin.com/WA/Seattle/2621-2nd-Ave-N-98109/home/130323
2026-09-19T19:54:21.154Z,Central Seattle,2026-05-19,136549,213873968,2502383,Closed,1529 Grandview Pl E,,Seattle,WA,98112,North Capitol Hill,Townhouse,3,2012,2,3,3,1579,1087,1.5,1050000,665,,,,Heather Dolin,"Windermere RE/Capitol Hill,Inc",Windermere Real Estate Midtown,47.6332405,-122.3121024,https://www.redfin.com/WA/Seattle/1529-Grandview-Pl-E-98112/home/136549
2026-09-19T19:54:21.154Z,Ballard (specific),2026-05-19,143457271,214137314,2499106,Closed,7729 16th Ave NW,,Seattle,WA,98117,Loyal Heights,Single Family,1,2017,4,3.5,3,2910,3750,3,1715000,589,,,,Shu Liu,WeLakeside,"John L. Scott, Inc.",47.6859412,-122.3782103,https://www.redfin.com/WA/Seattle/7729-16th-Ave-NW-98117/home/143457271
2026-09-19T19:54:21.154Z,West Seattle,2026-05-19,145530681,212816786,2488629,Closed,3070 SW Avalon Way Unit A,Unit A,Seattle,WA,98126,West Seattle,Townhouse,3,2018,3,2,2,1440,771,1.5,715000,497,33,,,Cara Wass de Czege,Windermere West Metro,Windermere Real Estate/East,47.5657989,-122.3723269,https://www.redfin.com/WA/Seattle/3070-SW-Avalon-Way-98126/unit-A/home/145530681
2026-09-19T19:54:21.154Z,West Seattle,2026-05-19,151892,214294860,2511470,Closed,3831 58th Ave SW,,Seattle,WA,98116,Alki,Single Family,1,1954,3,3,2,2960,11916,1,2600000,878,,,,,COMPASS,Redfin,47.5691567,-122.4072601,https://www.redfin.com/WA/Seattle/3831-58th-Ave-SW-98116/home/151892
2026-09-19T19:54:21.154Z,West Seattle,2026-05-19,157270,214501835,2513643,Closed,8627 Fauntlee Crst SW,,Seattle,WA,98136,Fauntleroy,Single Family,1,1960,3,3,3,3460,10880,1,2295000,663,,,,Sally Hardwick,Windermere West Metro,Windermere Real Estate Co.,47.5265256,-122.3868869,https://www.redfin.com/WA/Seattle/8627-Fauntlee-Crst-SW-98136/home/157270
2026-09-19T19:54:21.154Z,Beacon Hill,2026-05-19,168440,214865811,2513496,Closed,2351 18th Ave S,,Seattle,WA,98144,Beacon Hill,Single Family,1,1959,3,2,2,2360,6000,1,929000,394,,,,Jonathan French,Windermere West Metro,Windermere West Metro,47.581449,-122.3098116,https://www.redfin.com/WA/Seattle/2351-18th-Ave-S-98144/home/168440
2026-09-19T19:54:21.154Z,Beacon Hill,2026-05-19,193014046,214039662,2507412,Closed,1313 14th Ave S Unit B,Unit B,Seattle,WA,98144,N Beacon Hill,Townhouse,3,2025,4,2,2,2100,1150,1.5,880000,419,,,,Tom Skepetaris,Realogics Sotheby's Int'l Rlty,Coldwell Banker Bain,47.5911399,-122.3152076,https://www.redfin.com/WA/Seattle/1313-14th-Ave-S-98144/unit-B/home/193014046
2026-09-19T19:54:21.154Z,Magnolia,2026-05-19,201547240,214348011,2511709,Closed,2114 B 26th Ave W,,Seattle,WA,98199,Magnolia,Single Family,1,2021,2,1.5,1,1068,2117,2,825000,772,2,,,Mary Avedesian,Kelly Right RE of Seattle LLC,COMPASS,47.6380965,-122.3900986,https://www.redfin.com/WA/Seattle/2114B-26th-Ave-W-98199/home/201547240
2026-09-19T19:54:21.154Z,Queen Anne,2026-05-19,21883872,214079849,2506297,Closed,924 2nd Ave W,,Seattle,WA,98119,Queen Anne,Townhouse,3,2009,3,3.5,3,1603,1408,1.5,1100000,686,,,,Murat Dabagoglu,Realty ONE Group Orca Gold,VerraTerra,47.627429,-122.358706,https://www.redfin.com/WA/Seattle/924-2nd-Ave-W-98119/home/21883872
2026-09-19T19:54:21.154Z,NE Seattle,2026-05-19,315896,214579011,2515978,Closed,3803 NE 82nd St,,Seattle,WA,98115,Wedgwood,Single Family,1,1945,3,2,2,1880,6596,1.5,1455000,774,,,,Justin Mellon,Lake & Company,Windermere Real Estate Midtown,47.6882335,-122.2871759,https://www.redfin.com/WA/Seattle/3803-NE-82nd-St-98115/home/315896
2026-09-19T19:54:21.154Z,NE Seattle,2026-05-19,318586,214266989,2511218,Closed,7039 39th Ave NE,,Seattle,WA,98115,View Ridge,Single Family,1,1963,4,3,3,3040,5900,1,1550000,510,,,,Kelly Pournoor,Windermere RE Greenwood,Windermere Real Estate/East,47.6806036,-122.2864594,https://www.redfin.com/WA/Seattle/7039-39th-Ave-NE-98115/home/318586
2026-09-19T19:54:21.154Z,West Seattle,2026-05-19,470095,214164806,2509394,Closed,6771 38th Ave SW,,Seattle,WA,98126,Gatewood,Single Family,1,1944,3,3,3,2510,8445,1,1800000,717,,,,Julie Granahan,Redfin,COMPASS,47.5408867,-122.3808389,https://www.redfin.com/WA/Seattle/6771-38th-Ave-SW-98126/home/470095
2026-09-19T19:54:21.154Z,West Seattle,2026-05-19,473584,214589593,2516104,Closed,7508 30th Ave SW,,Seattle,WA,98126,West Seattle,Single Family,1,1941,2,1.5,1,1490,5000,1,765000,513,,,,Aaron Wilder,eXp Realty,COMPASS,47.5352053,-122.3708802,https://www.redfin.com/WA/Seattle/7508-30th-Ave-SW-98126/home/473584
2026-09-19T19:54:21.154Z,Beacon Hill,2026-05-19,480908,211101001,2470981,Closed,1516 S Bennett St,,Seattle,WA,98108,Beacon Hill,Single Family,1,1925,3,2,2,1430,3060,1.5,719950,503,,,,Carrie Watt,"Skyline Properties, Inc.",Designed Realty,47.5549233,-122.3126841,https://www.redfin.com/WA/Seattle/1516-S-Bennett-St-98108/home/480908
2026-09-19T19:54:21.154Z,Ballard (specific),2026-05-19,493962,213855251,2503068,Closed,1101 NW 59th St,,Seattle,WA,98107,Ballard,Single Family,1,1991,3,4,3,4002,5000,2,1375000,344,,,,Kelli Howison,Windermere Real Estate/East,Ensemble,47.6713957,-122.3710115,https://www.redfin.com/WA/Seattle/1101-NW-59th-St-98107/home/493962
2026-09-19T19:54:21.154Z,Ballard (specific),2026-05-19,494194,214535198,2510278,Closed,832 NW 63rd St,,Seattle,WA,98107,Ballard,Single Family,1,1906,3,2.5,2,2100,2996,2,1050000,500,,,,Susan T. Jones,Windermere Real Estate/East,Lake & Company,47.6747207,-122.3675515,https://www.redfin.com/WA/Seattle/832-NW-63rd-St-98107/home/494194
2026-09-19T19:54:21.154Z,Ballard (specific),2026-05-19,494829,214099230,2506396,Closed,6122 8th Ave NW,,Seattle,WA,98107,Ballard,Single Family,1,1904,3,2,2,1725,3915,1.5,795000,461,,,,Steve Hill,Windermere RE Greenwood,Real Broker LLC,47.673799,-122.3658536,https://www.redfin.com/WA/Seattle/6122-8th-Ave-NW-98107/home/494829
2026-09-19T19:54:21.154Z,NW Seattle,2026-05-19,96706,214600811,2515030,Closed,10720 11 Ave NW,,Seattle,WA,98177,Crown Hill,Single Family,1,1954,4,2,2,2860,7945,1,1120000,392,,,,David Ayers,eXp Realty,"Heaton Dainard, LLC",47.7071021,-122.3694398,https://www.redfin.com/WA/Seattle/10720-11th-Ave-NW-98177/home/96706
2026-09-19T19:54:21.154Z,Northgate,2026-05-18,12304052,213161686,2494418,Closed,12315 10th Pl NE Unit A,Unit A,Seattle,WA,98125,Pinehurst,Townhouse,3,2006,3,2.5,2,1500,1444,1.5,605000,403,,,,Yang Song,MY REALTY GROUP LLC,Designed Realty,47.7182132,-122.3172472,https://www.redfin.com/WA/Seattle/12315-10th-Pl-NE-98125/unit-A/home/12304052
2026-09-19T19:54:21.154Z,Magnolia,2026-05-18,127525,214079751,2508251,Closed,3629 35th Ave W,,Seattle,WA,98199,Magnolia,Single Family,1,2016,5,3.5,3,4020,6000,2,2195000,546,,,,Sam Konswa,Queen Anne Real Estate,"Boardwalk Real Estate, LLC",47.6531043,-122.402633,https://www.redfin.com/WA/Seattle/3629-35th-Ave-W-98199/home/127525
2026-09-19T19:54:21.154Z,Queen Anne,2026-05-18,131288,214816654,2515634,Closed,2702 4th Ave W,,Seattle,WA,98119,Queen Anne,Single Family,1,1949,3,2,2,2350,6350,1,1505700,641,,,,Andy Sather,"John L. Scott, Inc.",Windermere Real Estate Midtown,47.6442521,-122.3619636,https://www.redfin.com/WA/Seattle/2702-4th-Ave-W-98119/home/131288
2026-09-19T19:54:21.154Z,Central Seattle,2026-05-18,135734,214402840,2508559,Closed,1219 23rd Ave E,,Seattle,WA,98112,North Capitol Hill,Single Family,1,2003,5,3.5,3,3790,5126,2,3600000,950,,,,Michael Harris,"Windermere RE/Capitol Hill,Inc","Heritage Residential, LLC",47.6309022,-122.3025977,https://www.redfin.com/WA/Seattle/1219-23rd-Ave-E-98112/home/135734
2026-09-19T19:54:21.154Z,Central Seattle,2026-05-18,136026,213404338,2496917,Closed,1251 21st Ave E,,Seattle,WA,98112,Capitol Hill,Single Family,1,1909,5,3.5,3,6290,7590,,4575000,727,,,,Deirdre Doyle,Windermere Real Estate Midtown,Real Broker LLC,47.6321082,-122.3050765,https://www.redfin.com/WA/Seattle/1251-21st-Ave-E-98112/home/136026
2026-09-19T19:54:21.154Z,Central Seattle,2026-05-18,143990,214581871,2514060,Closed,2434 S Irving St,,Seattle,WA,98144,Judkins,Single Family,1,1905,3,1.5,1,2370,4600,1,974000,411,,,,Katy Cooper,"RE/MAX Metro Realty, Inc.",Real Broker LLC,47.5914226,-122.2998124,https://www.redfin.com/WA/Seattle/2434-S-Irving-St-98144/home/143990
2026-09-19T19:54:21.154Z,Phinney Ridge,2026-05-18,301524,214136912,2508969,Closed,717 N 73rd St,,Seattle,WA,98103,Phinney Ridge,Single Family,1,1906,3,2,2,1750,6120,1.5,1325000,757,,,,Donovan Shelton,Windermere Real Estate Co.,Windermere Real Estate Midtown,47.6816009,-122.3490683,https://www.redfin.com/WA/Seattle/717-N-73rd-St-98103/home/301524
2026-09-19T19:54:21.154Z,NE Seattle,2026-05-18,309371,214288206,2510468,Closed,8232 21st Ave NE,,Seattle,WA,98115,Ravenna,Single Family,1,2026,5,4.5,4,3010,6600,2,2389000,794,,,,John Cowan,Windermere Real Estate Co.,"Windermere RE/Capitol Hill,Inc",47.6895104,-122.3054127,https://www.redfin.com/WA/Seattle/8232-21st-Ave-NE-98115/home/309371
2026-09-19T19:54:21.154Z,NE Seattle,2026-05-18,310446,214478663,2494977,Closed,8205 18th Ave NE,,Seattle,WA,98115,Ravenna,Single Family,1,1949,5,4,4,2750,4300,2,1500000,545,,,,Brad Cahill,Real Residential,COMPASS,47.6887822,-122.309291,https://www.redfin.com/WA/Seattle/8205-18th-Ave-NE-98115/home/310446
2026-09-19T19:54:21.154Z,NE Seattle,2026-05-18,313253,212236858,2479898,Closed,5121 27th Ave NE,,Seattle,WA,98105,Ravenna,Single Family,1,1994,3,2,2,1460,2500,2,925000,634,,,,Seetha Chittar,The Agency Seattle,Real Residential,47.6669186,-122.2988373,https://www.redfin.com/WA/Seattle/5121-27th-Ave-NE-98105/home/313253
2026-09-19T19:54:21.154Z,West Seattle,2026-05-18,330538,213461782,2497725,Closed,2756 44th Ave SW,,Seattle,WA,98116,Admiral,Single Family,1,1918,1,1,1,1320,2825,1,579000,439,,,,Jimmy Stark,John L Scott RE West Seattle,Keller Williams Seattle Metro,47.5776995,-122.3876795,https://www.redfin.com/WA/Seattle/2756-44th-Ave-SW-98116/home/330538
2026-09-19T19:54:21.154Z,Ballard (specific),2026-05-18,40519889,214010252,2506509,Closed,804 NW 63rd St Unit B,Unit B,Seattle,WA,98107,Ballard,Townhouse,3,2012,3,2,2,1210,1225,1.5,737000,609,,,,Yael Chotzen,The Landmark Group,Windermere Real Estate Midtown,47.6748429,-122.3664326,https://www.redfin.com/WA/Seattle/804-NW-63rd-St-98107/unit-B/home/40519889
2026-09-19T19:54:21.154Z,NW Seattle,2026-05-18,495794,214349753,2512550,Closed,342 NW 76th St,,Seattle,WA,98117,Phinney Ridge,Single Family,1,1926,3,3,3,2270,4120,1.5,1645000,725,,,,John Blacksmith,Lake & Company,Lake & Company,47.6842059,-122.3625308,https://www.redfin.com/WA/Seattle/342-NW-76th-St-98117/home/495794
2026-09-19T19:54:21.154Z,NW Seattle,2026-05-18,99340,213592089,2500495,Closed,739 N 94th St Unit B,Unit B,Seattle,WA,98103,Greenwood,Townhouse,3,2007,3,2.5,2,1460,1354,1.5,715000,490,,,,Monika MacGuffie,Every Door Real Estate,Coldwell Banker Bain,47.696769,-122.348276,https://www.redfin.com/WA/Seattle/739-N-94th-St-98103/unit-B/home/99340
2026-09-19T19:54:21.154Z,NE Seattle,2026-05-15,120823,213350376,2488221,Closed,5010 NE 52nd St,,Seattle,WA,98105,Laurelhurst,Single Family,1,1928,6,4.5,4,3930,10150,1,3900000,992,,,,Shawn Filer,Real Residential,"Skyline Properties, Inc.",47.666904,-122.2733594,https://www.redfin.com/WA/Seattle/5010-NE-52nd-St-98105/home/120823
2026-09-19T19:54:21.154Z,Magnolia,2026-05-15,124096,213645195,2501086,Closed,2418 W Boston,,Seattle,WA,98199,Magnolia Bluff,Single Family,1,1944,2,1,1,1060,4000,3,855000,807,,,,Doug Holman,"Real Property Associates, Inc.",Windermere Real Estate Midtown,47.6385815,-122.3890383,https://www.redfin.com/WA/Seattle/2418-W-Boston-St-98199/home/124096
2026-09-19T19:54:21.154Z,Central Seattle,2026-05-15,136034,211898730,2478461,Closed,1147 Federal Ave E,,Seattle,WA,98102,Capitol Hill,Single Family,1,1906,5,5,4,5440,5000,2,2612500,480,,,,Jodi Hill,Keller Williams Seattle Metro,Windermere Real Estate Midtown,47.6300335,-122.3194874,https://www.redfin.com/WA/Seattle/1147-Federal-Ave-E-98102/home/136034
2026-09-19T19:54:21.154Z,Central Seattle,2026-05-15,140043,214663546,2514933,Closed,1206 37th Ave E,,Seattle,WA,98112,Washington Park,Single Family,1,1928,5,3.5,3,3880,6000,2,3450000,889,,,,Terry Allen,Coldwell Banker Bain,Real Broker LLC,47.6301465,-122.2851123,https://www.redfin.com/WA/Seattle/1206-37th-Ave-E-98112/home/140043
2026-09-19T19:54:21.154Z,Central Seattle,2026-05-15,142701,214322438,2510914,Closed,213 21st Ave,,Seattle,WA,98122,Central Area,Townhouse,3,2006,3,2.5,2,1413,2088,1.5,1060000,750,,,,Kimberly Johnson,Windermere Real Estate Midtown,Lake & Company,47.6040462,-122.3053222,https://www.redfin.com/WA/Seattle/213-21st-Ave-98122/home/142701
2026-09-19T19:54:21.154Z,Central Seattle,2026-05-15,144928,214310005,2504700,Closed,923 26th Ave S,,Seattle,WA,98144,Judkins,Single Family,1,1910,2,1,1,1970,4340,1.5,900000,457,,,,Steven Gorecki,Windermere R E Mount Baker,Real Broker LLC,47.5938344,-122.2993732,https://www.redfin.com/WA/Seattle/923-26th-Ave-S-98144/home/144928
2026-09-19T19:54:21.154Z,Central Seattle,2026-05-15,145230,213828632,2494313,Closed,328 26th Ave,,Seattle,WA,98122,Central Area,Single Family,1,1912,5,1.5,1,2680,4500,1,1175000,438,,,,Matt Goyer,Urban Living,Keller Williams North Seattle,47.6051672,-122.298585,https://www.redfin.com/WA/Seattle/328-26th-Ave-98122/home/145230
2026-09-19T19:54:21.154Z,West Seattle,2026-05-15,145296007,213474622,2496629,Closed,3250 SW Graham St #104,#104,Seattle,WA,98126,West Seattle,Townhouse,3,2019,2,2.5,2,1377,113080,1.5,549950,399,550,,,Terry McMahan,Coldwell Banker Bain,Windermere Real Estate/Summit,47.547168,-122.375033,https://www.redfin.com/WA/Seattle/3250-SW-Graham-St-98126/unit-104/home/145296007
2026-09-19T19:54:21.154Z,Central Seattle,2026-05-15,146041,213863566,2498270,Closed,1070 25th Ave E,,Seattle,WA,98112,Madison Park,Single Family,1,1925,4,3,3,2240,4560,1.5,1560000,696,,,,Julie Taylor,Windermere Real Estate/East,"John L. Scott, Inc.",47.6287731,-122.3000682,https://www.redfin.com/WA/Seattle/1070-25th-Ave-E-98112/home/146041
2026-09-19T19:54:21.154Z,Central Seattle,2026-05-15,147539,214332903,2509984,Closed,800 32nd Ave,,Seattle,WA,98122,Madrona,Single Family,1,1919,3,2.5,2,1787,3000,1,1450000,811,,,,Don Kenney,Windermere Real Estate Co.,Windermere Real Estate Midtown,47.6093947,-122.2912246,https://www.redfin.com/WA/Seattle/800-32nd-Ave-98122/home/147539
2026-09-19T19:54:21.154Z,West Seattle,2026-05-15,153256,214163373,2503916,Closed,4634 SW Frontenac St,,Seattle,WA,98136,Lincoln Park,Single Family,1,1910,5,3,3,3480,5250,2,1300000,374,,,,Alicia Terry,"Windermere RE/Capitol Hill,Inc",Best Choice Realty LLC,47.5407466,-122.3929814,https://www.redfin.com/WA/Seattle/4634-SW-Frontenac-St-98136/home/153256
2026-09-19T19:54:21.154Z,West Seattle,2026-05-15,154083,214173158,2509416,Closed,6010 49th Ave SW,,Seattle,WA,98136,Seaview,Single Family,1,1924,4,3,3,2468,4772,3,1200000,486,5,,,Anna Sullivan,John L Scott RE West Seattle,Windermere Real Estate Central,47.5482303,-122.3948045,https://www.redfin.com/WA/Seattle/6010-49th-Ave-SW-98136/home/154083
2026-09-19T19:54:21.154Z,West Seattle,2026-05-15,156327,213680367,2501111,Closed,10702 39th Ave SW,,Seattle,WA,98146,West Seattle,Single Family,1,1952,4,2,2,2310,9313,1,900000,390,,,,,STM Real Estate,Redfin,47.5071629,-122.3812209,https://www.redfin.com/WA/Seattle/10702-39th-Ave-SW-98146/home/156327
2026-09-19T19:54:21.154Z,West Seattle,2026-05-15,158765,213237117,2494757,Closed,9318 47th Ave SW,,Seattle,WA,98136,Fauntleroy,Single Family,1,2026,4,5,5,2307,3016,2,1810000,785,,,,Danielle Lamp,Windermere Real Estate Midtown,Windermere Real Estate/East,47.518902,-122.3925984,https://www.redfin.com/WA/Seattle/9318-47th-Ave-SW-98136/home/158765
2026-09-19T19:54:21.154Z,West Seattle,2026-05-15,159429,212339846,2479974,Closed,4721 26th Ave SW,,Seattle,WA,98106,West Seattle,Single Family,1,1955,3,1,1,940,5480,1,587000,624,,,,Eldridge Recasner,"John L. Scott, Inc.",Windermere West Metro,47.5604139,-122.3659354,https://www.redfin.com/WA/Seattle/4721-26th-Ave-SW-98106/home/159429
2026-09-19T19:54:21.154Z,Ballard (specific),2026-05-15,166714,214530889,2509937,Closed,6703 17th Ave NW,,Seattle,WA,98117,Ballard,Single Family,1,1912,4,2,2,2390,5100,2,1675000,701,,,,Penney Shelly,Windermere Real Estate Co.,ZNonMember-Office-MLS,47.6778705,-122.3791894,https://www.redfin.com/WA/Seattle/6703-17th-Ave-NW-98117/home/166714
2026-09-19T19:54:21.154Z,Central Seattle,2026-05-15,170802,212756051,2477996,Closed,2608 S Grand St,,Seattle,WA,98144,Mt Baker,Single Family,1,1908,3,2,2,2440,2800,1.5,773000,317,,,,Lemlem Tesfay,"Skyline Properties, Inc.",Coldwell Banker Bain,47.587031,-122.2986163,https://www.redfin.com/WA/Seattle/2608-S-Grand-St-98144/home/170802
2026-09-19T19:54:21.154Z,West Seattle,2026-05-15,171935207,212756205,2487994,Closed,9248 17th Ave SW Unit A,Unit A,Seattle,WA,98106,Highland Park,Townhouse,3,2020,3,2.5,2,1715,1416,3,635000,370,,,,Apryl Tolstoy,Keller Williams Rlty Bellevue,Urban Living,47.5195715,-122.3562645,https://www.redfin.com/WA/Seattle/9248-17th-Ave-SW-98106/unit-A/home/171935207
2026-09-19T19:54:21.154Z,Magnolia,2026-05-15,172704547,213593630,2498131,Closed,3310 W Government Way Unit A,Unit A,Seattle,WA,98199,Magnolia,Townhouse,3,2020,3,2,2,1473,1212,1.5,875000,594,,,,Patty Groesbeck,Windermere RE Magnolia,Windermere RE Magnolia,47.6600591,-122.4001589,https://www.redfin.com/WA/Seattle/3310-W-Government-Way-98199/unit-A/home/172704547
2026-09-19T19:54:21.154Z,West Seattle,2026-05-15,18661674,213419365,2496379,Closed,6592 High Point Dr SW,,Seattle,WA,98126,High Point,Townhouse,3,2014,2,2.5,2,1380,1180,1.5,599000,434,476,,,Brennen Clouse,Real Broker LLC,Keller Williams North Seattle,47.5437691,-122.3672395,https://www.redfin.com/WA/Seattle/6592-High-Point-Dr-SW-98126/home/18661674
2026-09-19T19:54:21.154Z,Central Seattle,2026-05-15,195887856,208311426,2443702,Closed,1108 C 34th Ave,,Seattle,WA,98122,Madrona,Townhouse,3,2026,3,2,2,1586,548,1.5,1025000,646,,,,Dustin Van Wyck,"Windermere RE/Capitol Hill,Inc","John L. Scott, Inc.",47.6119861,-122.2891178,https://www.redfin.com/WA/Seattle/1108-34th-Ave-98122/home/195887856
2026-09-19T19:54:21.154Z,NW Seattle,2026-05-15,195903704,213637544,2499539,Closed,11242 Evanston Ave N Unit B,Unit B,Seattle,WA,98133,Broadview,Single Family,1,2025,2,1.5,1,1000,2915,2,705000,705,4,,,Ian Love,Keller Williams Rlty Bellevue,Keller Williams Rlty Bellevue,47.7118035,-122.35128,https://www.redfin.com/WA/Seattle/11242-Evanston-Ave-N-98133/unit-B/home/195903704
2026-09-19T19:54:21.154Z,Magnolia,2026-05-15,195910765,213881543,2504666,Closed,2644 34th Ave W,,Seattle,WA,98199,Magnolia,Single Family,1,2024,3,2.5,2,1083,1917,2,910000,840,4,,,Andrew Knutzen,"Real Property Associates, Inc.",Real Broker LLC,47.6446324,-122.4006183,https://www.redfin.com/WA/Seattle/2644-34th-Ave-W-98199/home/195910765
2026-09-19T19:54:21.154Z,NW Seattle,2026-05-15,197937821,207465183,2431720,Closed,9735 Evanston Ave N,,Seattle,WA,98103,Greenwood,Single Family,1,2025,3,2.5,2,1088,3565,2,725000,666,4,,,Chris Seubert,"Pellego, Inc.",Every Door Real Estate,47.7006681,-122.3515473,https://www.redfin.com/WA/Seattle/9735-Evanston-Ave-N-98103/home/197937821
2026-09-19T19:54:21.154Z,NW Seattle,2026-05-15,197938413,207465461,2432998,Closed,9737 Evanston Ave N,,Seattle,WA,98103,Greenwood,Single Family,1,2025,3,2.5,2,1088,,2,715000,657,4,,,,Windermere Real Estate GH LLC,Redfin,47.7007157,-122.3515469,https://www.redfin.com/WA/Seattle/9737-Evanston-Ave-N-98103/home/197938413
2026-09-19T19:54:21.154Z,NW Seattle,2026-05-15,199485794,211194310,2471230,Closed,7526 6th Ave NW,,Seattle,WA,98117,Ballard,Townhouse,3,2026,2,2,2,1029,699,1.5,695000,675,,,,,"Real Property Associates, Inc.",Redfin,47.683802,-122.363108,https://www.redfin.com/WA/Seattle/7526-6th-Ave-NW-98117/home/199485794
2026-09-19T19:54:21.154Z,Maple Leaf,2026-05-15,200352218,211735919,2476862,Closed,10815 11th Ave NE,,Seattle,WA,98125,Victory Heights,Townhouse,3,2025,2,2,2,1181,1133,1.5,649000,550,65,,,John Cowan,Windermere Real Estate Co.,eXp Realty,47.7077696,-122.3166086,https://www.redfin.com/WA/Seattle/10815-11th-Ave-NE-98125/home/200352218
2026-09-19T19:54:21.154Z,Magnolia,2026-05-15,200893680,213101527,2491171,Closed,2844 35th Ave W Unit B,Unit B,Seattle,WA,98199,Magnolia,Townhouse,3,2025,2,2,2,1125,,1.5,799999,711,28,,,Tim Mangold,"Pellego, Inc.",Century 21 Real Estate Center,47.6463558,-122.4020109,https://www.redfin.com/WA/Seattle/2844-35th-Ave-W-98199/unit-B/home/200893680
2026-09-19T19:54:21.154Z,West Seattle,2026-05-15,201856595,215400092,2511944,Closed,6006 49th Ave SW,,Seattle,WA,98136,Seaview,Single Family,1,2024,2,2,2,1100,2529,2,800000,727,5,,,Anna Sullivan,John L Scott RE West Seattle,Windermere Real Estate Central,47.5482925,-122.3946123,https://www.redfin.com/WA/Seattle/6006-49th-Ave-SW-98136/home/201856595
2026-09-19T19:54:21.154Z,West Seattle,2026-05-15,2070215,213211329,2490373,Closed,4415 40th Ave SW,,Seattle,WA,98116,Alaska Junction,Single Family,1,2005,3,3.5,3,2310,3075,2,985000,426,,,,Sierra Shea,"John L. Scott, Inc",Windermere Real Estate Co.,47.5640879,-122.3832476,https://www.redfin.com/WA/Seattle/4415-40th-Ave-SW-98116/home/2070215
2026-09-19T19:54:21.154Z,West Seattle,2026-05-15,2096956,213420552,2496476,Closed,5217 23rd Ave SW,,Seattle,WA,98106,Delridge,Single Family,1,2004,3,2.5,2,2140,5500,2,950000,444,,,,David Palmer,Redfin,Windermere R E Mount Baker,47.5551255,-122.3620075,https://www.redfin.com/WA/Seattle/5217-23rd-Ave-SW-98106/home/2096956
2026-09-19T19:54:21.154Z,Wallingford,2026-05-15,21470931,213785958,2499332,Closed,3431 Meridian Ave N,,Seattle,WA,98103,Wallingford,Townhouse,3,2008,2,1.5,1,1130,1361,1.5,729000,645,,,,Shelly Hu,Globenex Realty,Real Broker LLC,47.6486972,-122.3343916,https://www.redfin.com/WA/Seattle/3431-Meridian-Ave-N-98103/home/21470931
2026-09-19T19:54:21.154Z,NW Seattle,2026-05-15,21883709,214112720,2507213,Closed,925 N 85th St Unit B,Unit B,Seattle,WA,98103,Green Lake,Townhouse,3,2008,3,3,3,1230,1198,1.5,600000,488,,,,,COMPASS,Redfin,47.6903168,-122.3461613,https://www.redfin.com/WA/Seattle/925-N-85th-St-98103/unit-B/home/21883709
2026-09-19T19:54:21.154Z,NW Seattle,2026-05-15,300745,213924110,2503359,Closed,942 N 81st St,,Seattle,WA,98103,Greenwood,Single Family,1,1910,3,2,2,1640,6120,1,829000,505,,,,Amy McDavid,Windermere RE Greenwood,Realogics Sotheby's Int'l Rlty,47.687858,-122.3453263,https://www.redfin.com/WA/Seattle/942-N-81st-St-98103/home/300745
2026-09-19T19:54:21.154Z,Fremont,2026-05-15,303423,214282011,2511416,Closed,4426 3rd Ave NW,,Seattle,WA,98107,Fremont,Single Family,1,1927,3,2,2,2570,4400,2,1350000,525,,,,Katy Roberts,COMPASS,Windermere RE Greenwood,47.6610221,-122.3605031,https://www.redfin.com/WA/Seattle/4426-3rd-Ave-NW-98107/home/303423
2026-09-19T19:54:21.154Z,NE Seattle,2026-05-15,310554,214112290,2507620,Closed,7049 Ravenna Ave NE Unit B,Unit B,Seattle,WA,98115,Ravenna,Single Family,1,1926,2,1,1,1420,2250,1,727500,512,,,,Stefan Hoerschelmann,Windermere Real Estate Co.,Fellow Real Estate Services,47.6808128,-122.3042644,https://www.redfin.com/WA/Seattle/7049-Ravenna-Ave-NE-98115/unit-B/home/310554
2026-09-19T19:54:21.154Z,NE Seattle,2026-05-15,312055,214564425,2514362,Closed,1113 NE Ravenna Blvd,,Seattle,WA,98105,Ravenna,Single Family,1,1915,3,2,2,2340,4000,1,1150000,491,,,,Candace Hagen,Windermere Real Estate Midtown,Windermere Real Estate Co.,47.6714079,-122.3157576,https://www.redfin.com/WA/Seattle/1113-NE-Ravenna-Blvd-98105/home/312055
2026-09-19T19:54:21.154Z,NE Seattle,2026-05-15,317806,214081571,2508171,Closed,2326 NE 91st St,,Seattle,WA,98115,Wedgwood,Single Family,1,1948,2,2,2,1490,6380,1,1000000,671,,,,Brent Lumley,Windermere RE Greenwood,COMPASS,47.6950626,-122.3030307,https://www.redfin.com/WA/Seattle/2326-NE-91st-St-98115/home/317806
2026-09-19T19:54:21.154Z,NE Seattle,2026-05-15,320764,214061395,2507179,Closed,7310 51st Ave NE,,Seattle,WA,98115,View Ridge,Single Family,1,1949,5,3.5,3,4910,9375,2,4125000,840,,,,Jeri Smith,Windermere Real Estate Co.,Windermere Real Estate Co.,47.6816132,-122.272674,https://www.redfin.com/WA/Seattle/7310-51st-Ave-NE-98115/home/320764
2026-09-19T19:54:21.154Z,NE Seattle,2026-05-15,321669,209508286,2456990,Closed,7503 Fairway Dr NE,,Seattle,WA,98115,Sand Point Country Club,Single Family,1,1949,5,3.5,3,3030,10554,1,2485000,820,150,,,Edward Krigsman,Windermere Real Estate Co.,Windermere Real Estate Co.,47.6832271,-122.2776878,https://www.redfin.com/WA/Seattle/7503-Fairway-Dr-NE-98115/home/321669
2026-09-19T19:54:21.154Z,NE Seattle,2026-05-15,321715,214389584,2513009,Closed,6542 50th Ave NE,,Seattle,WA,98115,View Ridge,Single Family,1,1996,3,3,3,3748,6200,2,2895000,772,,,,Ben Buckley,Windermere Real Estate Co.,COMPASS,47.6770303,-122.2739434,https://www.redfin.com/WA/Seattle/6542-50th-Ave-NE-98115/home/321715
2026-09-19T19:54:21.154Z,West Seattle,2026-05-15,328823,214355159,2512405,Closed,3821 34th Ave SW,,Seattle,WA,98126,Belvidere,Single Family,1,1985,3,1,1,1080,4000,1,860000,796,,,,,Keller Williams Downtown Sea,Redfin,47.5694069,-122.375406,https://www.redfin.com/WA/Seattle/3821-34th-Ave-SW-98126/home/328823
2026-09-19T19:54:21.154Z,Queen Anne,2026-05-15,35624915,212717373,2485182,Closed,2046 14th Ave W Unit B,Unit B,Seattle,WA,98119,Queen Anne,Townhouse,3,2010,2,1.5,1,980,878,1.5,657000,670,,,,Don Kenney,Windermere Real Estate Co.,Coldwell Banker Danforth,47.6380201,-122.3747804,https://www.redfin.com/WA/Seattle/2046-14th-Ave-W-98119/unit-B/home/35624915
2026-09-19T19:54:21.154Z,West Seattle,2026-05-15,468959,213456713,2497697,Closed,7247 36th Ave SW,,Seattle,WA,98126,Gatewood,Single Family,1,1951,5,2,2,2530,9157,1,1300000,514,,,,,Windermere West Metro,Redfin,47.5372694,-122.3788128,https://www.redfin.com/WA/Seattle/7247-36th-Ave-SW-98126/home/468959
2026-09-19T19:54:21.154Z,West Seattle,2026-05-15,474573,215434411,2525479,Closed,9215 9th Ave SW,,Seattle,WA,98106,Highland Park,Single Family,1,1955,3,1,1,930,7620,1,615000,661,,,,Susi Musi,COMPASS,RE/MAX All City,47.5205028,-122.3470448,https://www.redfin.com/WA/Seattle/9215-9th-Ave-SW-98106/home/474573
2026-09-19T19:54:21.154Z,Ballard (specific),2026-05-15,494779,212540736,2484126,Closed,1127 NW 58th St Unit A,Unit A,Seattle,WA,98107,Ballard,Townhouse,3,2026,3,2.5,2,1695,1408,1.5,899000,530,24,,,Tony Ferrelli,"Windermere R.E. Northeast, Inc",COMPASS,47.6706969,-122.3720201,https://www.redfin.com/WA/Seattle/1127-NW-58th-St-98107/unit-A/home/494779
2026-09-19T19:54:21.154Z,NW Seattle,2026-05-15,95998,214357360,2509257,Closed,823 NW 107th St,,Seattle,WA,98177,Crown Hill,Single Family,1,1953,2,1,1,2220,13770,1,1112500,501,,,,Andrew Hafzalla,Real Broker LLC,COMPASS,47.706162,-122.3671474,https://www.redfin.com/WA/Seattle/823-NW-107th-St-98177/home/95998
2026-09-19T19:54:21.154Z,NW Seattle,2026-05-15,97810,213887066,2503269,Closed,12012 North Park Ave N,,Seattle,WA,98133,Bitter Lake,Single Family,1,1938,5,2.5,2,2418,8953,1,1275000,527,,,,Ray York,"Windermere RE/Capitol Hill,Inc",Every Door Real Estate,47.7163815,-122.3491642,https://www.redfin.com/WA/Seattle/12012-N-Park-Ave-N-98133/home/97810
2026-09-19T19:54:21.154Z,Northgate,2026-05-14,106196,213881251,2504122,Closed,1027 NE 113th St,,Seattle,WA,98125,Pinehurst,Single Family,1,1984,3,2.5,2,1520,3300,2,780000,513,,,,Jane Johnson,Windermere Real Estate Co.,eXp Realty,47.7103525,-122.31626,https://www.redfin.com/WA/Seattle/1027-NE-113th-St-98125/home/106196
2026-09-19T19:54:21.154Z,Maple Leaf,2026-05-14,109016,212985414,2491918,Closed,828 NE 95th St,,Seattle,WA,98115,Maple Leaf,Single Family,1,1939,3,2.5,2,1660,2500,1,880000,530,21,,,Victoria Loder,"Heaton Dainard, LLC",The Landmark Group,47.6978496,-122.3190551,https://www.redfin.com/WA/Seattle/828-NE-95th-St-98115/home/109016
2026-09-19T19:54:21.154Z,NE Seattle,2026-05-14,121592,212738512,2486939,Closed,3419 E Laurelhurst Dr NE,,Seattle,WA,98105,Laurelhurst,Single Family,1,1929,4,3.5,3,4610,5760,2,3250000,705,,,,Marianne Francis,Realogics Sotheby's Int'l Rlty,Windermere Real Estate Co.,47.6538963,-122.2762837,https://www.redfin.com/WA/Seattle/3419-E-Laurelhurst-Dr-NE-98105/home/121592
2026-09-19T19:54:21.154Z,West Seattle,2026-05-14,12304985,213867527,2502885,Closed,2946 SW Raymond St #805,#805,Seattle,WA,98126,High Point,Townhouse,3,2007,2,2,2,964,,1.5,510000,529,610,,,,Windermere Mercer Island,Redfin,47.5487576,-122.3703566,https://www.redfin.com/WA/Seattle/2946-SW-Raymond-St-98126/unit-805/home/12304985
2026-09-19T19:54:21.154Z,Magnolia,2026-05-14,125413,214352402,2508466,Closed,3016 42nd Ave W,,Seattle,WA,98199,Magnolia,Single Family,1,1941,3,2,2,2640,5800,1,1619600,613,,,,Maggie Grimm,"Windermere RE/Capitol Hill,Inc",COMPASS,47.6473672,-122.4104574,https://www.redfin.com/WA/Seattle/3016-42nd-Ave-W-98199/home/125413
2026-09-19T19:54:21.154Z,Magnolia,2026-05-14,125831,213405365,2496612,Closed,2849 36th Ave W,,Seattle,WA,98199,Magnolia,Single Family,1,1943,3,1,1,960,5060,1,845000,880,,,,Courtney Williams,Windermere RE Magnolia,Windermere RE Magnolia,47.6465135,-122.4039478,https://www.redfin.com/WA/Seattle/2849-36th-Ave-W-98199/home/125831
2026-09-19T19:54:21.154Z,Magnolia,2026-05-14,126337,213870914,2504527,Closed,2710 W Blaine St,,Seattle,WA,98199,Magnolia,Single Family,1,1939,3,2,2,2510,3200,2,1450000,578,,,,Tyler Davis Jones,COMPASS,COMPASS,47.6352803,-122.3919119,https://www.redfin.com/WA/Seattle/2710-W-Blaine-St-98199/home/126337
2026-09-19T19:54:21.154Z,Magnolia,2026-05-14,129113,214159051,2508749,Closed,2462 36th Ave W,,Seattle,WA,98199,Magnolia,Single Family,1,1948,4,2,2,2160,5123,1,1380000,639,,,,Dawn Bourdo,COMPASS,COMPASS,47.6413695,-122.4035849,https://www.redfin.com/WA/Seattle/2462-36th-Ave-W-98199/home/129113
2026-09-19T19:54:21.154Z,Queen Anne,2026-05-14,131254,214296849,2511559,Closed,2609 10th Ave W,,Seattle,WA,98119,Queen Anne,Single Family,1,1910,4,3.5,3,2450,3500,2,1550000,633,,,,Victoria Loder,"Heaton Dainard, LLC",Windermere Real Estate GH LLC,47.643249,-122.3705201,https://www.redfin.com/WA/Seattle/2609-10th-Ave-W-98119/home/131254
2026-09-19T19:54:21.154Z,Central Seattle,2026-05-14,149220,213646510,2500347,Closed,933 Yakima Pl S,,Seattle,WA,98144,Leschi,Single Family,1,1926,4,3,3,2020,2760,2,1255000,621,,,,Colin Dalrymple,Windermere Real Estate/East,Lake & Company,47.5934759,-122.2939008,https://www.redfin.com/WA/Seattle/933-Yakima-Pl-S-98144/home/149220
2026-09-19T19:54:21.154Z,West Seattle,2026-05-14,152797,214359538,2512411,Closed,4333 SW Hudson St,,Seattle,WA,98116,Alaska Junction,Single Family,1,1940,3,2,2,1940,6600,1,1100000,567,,,,Jay Nemitz,Windermere Real Estate Co.,Engel & Voelkers Seattle DT,47.5573437,-122.3884986,https://www.redfin.com/WA/Seattle/4333-SW-Hudson-St-98116/home/152797
2026-09-19T19:54:21.154Z,West Seattle,2026-05-14,156350,212757741,2486878,Closed,11271 35th Ave SW,,Seattle,WA,98146,Arbor Heights,Single Family,1,1942,3,2.5,2,1770,8100,1,890000,503,,,,Sierra Shea,"John L. Scott, Inc",Realogics Sotheby's Int'l Rlty,47.500668,-122.3765044,https://www.redfin.com/WA/Seattle/11271-35th-Ave-SW-98146/home/156350
2026-09-19T19:54:21.154Z,Ballard (specific),2026-05-14,162474,214172356,2508567,Closed,3244 NW 64th St,,Seattle,WA,98107,Sunset Hill,Single Family,1,1904,4,2,2,2710,8100,2,1700000,627,,,,Maggie Mallett,Windermere RE Magnolia,Blue Pacific Real Estate,47.675053,-122.4003357,https://www.redfin.com/WA/Seattle/3244-NW-64th-St-98107/home/162474
2026-09-19T19:54:21.154Z,Ballard (specific),2026-05-14,166163,214030914,2507468,Closed,2851 NW 70th St Unit C,Unit C,Seattle,WA,98117,Sunset Hill,Townhouse,3,2026,3,3,3,1570,1085,1.5,915000,583,92,,,David Leon,"Skyline Properties, Inc.","Windermere RE/Capitol Hill,Inc",47.6792941,-122.395275,https://www.redfin.com/WA/Seattle/2851-NW-70th-St-98117/unit-C/home/166163
2026-09-19T19:54:21.154Z,Fremont,2026-05-14,175542355,212477894,2478625,Closed,728 N 43rd St,,Seattle,WA,98103,Fremont,Townhouse,3,2021,2,2,2,1110,663,1.5,770000,694,,,,Adam Bradley,KW Greater Seattle,KW Greater Seattle,47.6594742,-122.3488785,https://www.redfin.com/WA/Seattle/728-N-43rd-St-98103/home/175542355
2026-09-19T19:54:21.154Z,West Seattle,2026-05-14,176739316,212763688,2486667,Closed,4805 B Delridge Way SW,,Seattle,WA,98106,Delridge,Townhouse,3,2021,3,2.5,2,1166,660,1.5,615000,527,,,,,Brink Realty Group,Redfin,47.5590649,-122.3632056,https://www.redfin.com/WA/Seattle/4805-Delridge-Way-SW-98106/home/176739316
2026-09-19T19:54:21.154Z,West Seattle,2026-05-14,18662387,213249731,2495261,Closed,3042 SW Manning St,,Seattle,WA,98126,Belvidere,Single Family,1,2008,4,3.5,3,3340,4120,2,1420000,425,,,,Scott Monroe,Windermere West Metro,COMPASS,47.5714535,-122.3724456,https://www.redfin.com/WA/Seattle/3042-SW-Manning-St-98126/home/18662387
2026-09-19T19:54:21.154Z,Queen Anne,2026-05-14,194154527,212734543,2488306,Closed,2108 1st Ave N,,Seattle,WA,98109,Queen Anne,Townhouse,3,2025,3,3,3,1568,971,1.5,1170000,746,,,,Sharon Gentry,Intracorp Marketing&Sales LLC,Real Broker LLC,47.6377184,-122.3553817,https://www.redfin.com/WA/Seattle/2108-1st-Ave-N-98109/home/194154527
2026-09-19T19:54:21.154Z,Magnolia,2026-05-14,200997295,213381264,2497526,Closed,2560 30th Ave W,,Seattle,WA,98199,Magnolia,Townhouse,3,2026,2,2.5,2,1096,1194,1.5,799000,729,120,,,Michael Green,Windermere Real Estate Co.,Jason Mitchell Real Estate WA,47.6429183,-122.3952896,https://www.redfin.com/WA/Seattle/2560-30th-Ave-W-98199/home/200997295
2026-09-19T19:54:21.154Z,Ballard (specific),2026-05-14,201477744,214245664,2510795,Closed,2649 B NW 63rd St,,Seattle,WA,98107,Ballard,Townhouse,3,2026,3,3,3,1765,1339,1.5,1025000,581,,,,Ray York,"Windermere RE/Capitol Hill,Inc",Windermere Real Estate Midtown,47.6742948,-122.3921899,https://www.redfin.com/WA/Seattle/2649-NW-63rd-St-98107/home/201477744
2026-09-19T19:54:21.154Z,Wallingford,2026-05-14,201564724,214407020,2512752,Closed,1414 A N 47th St,,Seattle,WA,98103,Wallingford,Townhouse,3,2026,3,3.5,3,1787,1380,1.5,1195000,669,,,,Deborah Song,Windermere Real Estate/East,Windermere Real Estate/East,47.663173,-122.339843,https://www.redfin.com/WA/Seattle/1414-A-N-47th-St-98103/home/201564724
2026-09-19T19:54:21.154Z,Wallingford,2026-05-14,201653612,214596559,2510144,Closed,1004 N 48th St Unit B,Unit B,Seattle,WA,98103,Wallingford,Single Family,1,2026,2,2,2,1024,1,1.5,705000,688,134,,,Luis Guzman Rivera,COMPASS,Windermere Real Estate/East,47.66378,-122.3457323,https://www.redfin.com/WA/Seattle/1004-N-48th-St-98103/unit-B/home/201653612
2026-09-19T19:54:21.154Z,NW Seattle,2026-05-14,202247450,216855893,2540018,Closed,721 N 88th Unit B,Unit B,Seattle,WA,98103,Greenwood,Single Family,1,1945,1,1,1,475,2176,1,355000,747,21,,,Royce Moriarty,COMPASS,NWMLS-NonOffice,47.6925335,-122.3492943,https://www.redfin.com/WA/Seattle/721-N-88th-St-98103/unit-B/home/202247450
2026-09-19T19:54:21.154Z,NW Seattle,2026-05-14,291361,215433662,2525460,Closed,622 NW 116th St,,Seattle,WA,98177,Broadview,Single Family,1,1951,4,3.5,3,4600,13309,1,1200000,261,,,,Mitzi Felts,John L. Scott Snohomish,NWMLS-NonOffice,47.713312,-122.3647251,https://www.redfin.com/WA/Seattle/622-NW-116th-St-98177/home/291361
2026-09-19T19:54:21.154Z,NW Seattle,2026-05-14,301374,214126926,2506810,Closed,906 N 76th St,,Seattle,WA,98103,Green Lake,Single Family,1,1980,3,1.5,1,1480,3000,2,1030000,696,,,,Casey Bui,"Windermere RE North, Inc.",COMPASS,47.6842311,-122.3467899,https://www.redfin.com/WA/Seattle/906-N-76th-St-98103/home/301374
2026-09-19T19:54:21.154Z,NE Seattle,2026-05-14,310365,213939219,2506146,Closed,7318 20th Ave NE,,Seattle,WA,98115,Ravenna,Single Family,1,1929,3,1,1,2230,5891,1.5,939900,421,,,,Hyeyeon Sung,Century 21 Real Estate Center,Keller Williams North Seattle,47.6818491,-122.306439,https://www.redfin.com/WA/Seattle/7318-20th-Ave-NE-98115/home/310365
2026-09-19T19:54:21.154Z,NE Seattle,2026-05-14,311634,213643915,2497666,Closed,823 NE 58th St,,Seattle,WA,98105,Green Lake,Single Family,1,1926,3,2,2,1820,3570,1,965000,530,,,,Kristine Stevens,"Windermere RE North, Inc.","Windermere RE North, Inc.",47.670572,-122.3190704,https://www.redfin.com/WA/Seattle/823-NE-58th-St-98105/home/311634
2026-09-19T19:54:21.154Z,NE Seattle,2026-05-14,316198,214164634,2506295,Closed,7701 37th Ave NE,,Seattle,WA,98115,Wedgwood,Single Family,1,1987,3,2.5,2,2110,3000,2,1413000,670,,,,Mark Potvin,COMPASS,Windermere Real Estate/East,47.6849932,-122.2887551,https://www.redfin.com/WA/Seattle/7701-37th-Ave-NE-98115/home/316198
2026-09-19T19:54:21.154Z,NE Seattle,2026-05-14,320931,214345977,2510092,Closed,8028 45th Ave NE,,Seattle,WA,98115,View Ridge,Single Family,1,1953,3,2.5,2,2670,7200,1,2320000,869,,,,Joanna Dooley,"John L. Scott, Inc.",Windermere Real Estate Co.,47.6874574,-122.2795808,https://www.redfin.com/WA/Seattle/8028-45th-Ave-NE-98115/home/320931
2026-09-19T19:54:21.154Z,West Seattle,2026-05-14,329806,214341562,2512133,Closed,3003 50th Ave SW,,Seattle,WA,98116,Admiral,Single Family,1,1950,4,3.5,3,3040,4290,2,1485000,488,,,,Roy Towse,COMPASS,Allode,47.5773519,-122.3956906,https://www.redfin.com/WA/Seattle/3003-50th-Ave-SW-98116/home/329806
2026-09-19T19:54:21.154Z,Phinney Ridge,2026-05-14,497489,214324722,2510726,Closed,609 NW 74th St,,Seattle,WA,98117,Phinney Ridge,Single Family,1,1929,4,3.5,3,2436,3000,1.5,1961000,805,,,,Adam Weissman,Coldwell Banker Bain,COMPASS,47.6823528,-122.3639004,https://www.redfin.com/WA/Seattle/609-NW-74th-St-98117/home/497489
2026-09-19T19:54:21.154Z,Ballard (specific),2026-05-14,52428532,213866821,2505155,Closed,7002 23rd Ave NW,,Seattle,WA,98117,Ballard,Single Family,1,2014,4,2.5,2,2830,3750,,1720000,608,,,,Christopher Rigby,"Windermere RE North, Inc.",WeLakeside,47.6797556,-122.3850721,https://www.redfin.com/WA/Seattle/7002-23rd-Ave-NW-98117/home/52428532
2026-09-19T19:54:21.154Z,NW Seattle,2026-05-14,95362,214190759,2509746,Closed,10055 8th Ave NW Unit B,Unit B,Seattle,WA,98177,Crown Hill,Single Family,1,2020,2,1,1,800,2000,2,565000,706,,,,Angie Holmstrom,Windermere RE Greenwood,Windermere Real Estate GH LLC,47.7031855,-122.3664275,https://www.redfin.com/WA/Seattle/10055-8th-Ave-NW-98177/unit-B/home/95362
2026-09-19T19:54:21.154Z,Northgate,2026-05-13,104015,213864280,2505118,Closed,12204 Ashworth Ave N,,Seattle,WA,98133,Haller Lake,Single Family,1,2014,5,3,3,3330,10360,2,1500000,450,,,,Maggie Sun,Keller Williams Rlty Bellevue,COMPASS,47.7172697,-122.339045,https://www.redfin.com/WA/Seattle/12204-Ashworth-Ave-N-98133/home/104015
2026-09-19T19:54:21.154Z,Northgate,2026-05-13,105626,213646170,2501900,Closed,10341 Stone Ave N,,Seattle,WA,98133,Licton Springs,Single Family,1,1993,5,4,4,1780,5043,1.5,799999,449,,,,Jay Bennett,Kidder Mathews,Windermere Real Estate Co.,47.7044838,-122.3423628,https://www.redfin.com/WA/Seattle/10341-Stone-Ave-N-98133/home/105626
2026-09-19T19:54:21.154Z,NE Seattle,2026-05-13,108977,213588205,2496599,Closed,8041 12th Ave NE,,Seattle,WA,98115,Maple Leaf,Single Family,1,1942,3,2,2,2120,5000,1,1117000,527,,,,Kimberly Shaeffer,"John L. Scott, Inc.","John L. Scott, Inc",47.6879633,-122.3152752,https://www.redfin.com/WA/Seattle/8041-12th-Ave-NE-98115/home/108977
2026-09-19T19:54:21.154Z,Magnolia,2026-05-13,125329,214068571,2506902,Closed,2833 W Viewmont Way W,,Seattle,WA,98199,Magnolia,Single Family,1,1948,4,2.5,2,3600,8609,1,2385000,663,,,,Devon Kruse,Windermere Real Estate Co.,COMPASS,47.6459802,-122.4099685,https://www.redfin.com/WA/Seattle/2833-W-Viewmont-Way-W-98199/home/125329
2026-09-19T19:54:21.154Z,Central Seattle,2026-05-13,144202,212392473,2482857,Closed,2508 E Yesler Way Unit A,Unit A,Seattle,WA,98122,Leschi,Townhouse,3,2007,2,2.5,2,1340,1326,1.5,680000,507,,,,,Windermere RE Greenwood,Redfin,47.6018373,-122.2995544,https://www.redfin.com/WA/Seattle/2508-E-Yesler-Way-98122/unit-A/home/144202
2026-09-19T19:54:21.154Z,Central Seattle,2026-05-13,192259527,213024258,2492308,Closed,1233 E Roy St,,Seattle,WA,98102,North Capitol Hill,Townhouse,3,2025,3,2,2,1532,706,1.5,975000,636,,,,Andy Sather,"John L. Scott, Inc.","Windermere RE/Capitol Hill,Inc",47.625127,-122.31614,https://www.redfin.com/WA/Seattle/1233-E-Roy-St-98102/home/192259527
2026-09-19T19:54:21.154Z,NW Seattle,2026-05-13,195912142,213449760,2498411,Closed,9020 13th Ave NW Unit B,Unit B,Seattle,WA,98117,Crown Hill,Townhouse,3,2025,3,3,3,1666,1013,1.5,859950,516,,,,James Coleman,Windermere Real Estate Co.,RE/MAX Northwest,47.694927,-122.3722278,https://www.redfin.com/WA/Seattle/9020-13th-Ave-NW-98117/unit-B/home/195912142
2026-09-19T19:54:21.154Z,Central Seattle,2026-05-13,197774822,213713481,2502490,Closed,730 A Broadway E,,Seattle,WA,98102,Broadway,Townhouse,3,2026,3,2,2,1485,575,1.5,830000,559,,,,,"Windermere RE/Capitol Hill,Inc",Redfin,47.625877,-122.320918,https://www.redfin.com/WA/Seattle/730A-Broadway-E-98102/home/197774822
2026-09-19T19:54:21.154Z,Phinney Ridge,2026-05-13,22073705,214286993,2510575,Closed,751 N 71st St,,Seattle,WA,98103,Green Lake,Townhouse,3,2008,2,1.5,1,1030,1049,1.5,700000,680,,,,Jeremey Johnson,Windermere Real Estate Co.,Real Broker LLC,47.6799811,-122.3477471,https://www.redfin.com/WA/Seattle/751-N-71st-St-98103/home/22073705
2026-09-19T19:54:21.154Z,NW Seattle,2026-05-13,300780,213912336,2491426,Closed,749 N 76th St,,Seattle,WA,98103,Phinney Ridge,Single Family,1,1906,4,2,2,1860,6000,1.5,1475000,793,,,,Gretta Graves,COMPASS,COMPASS,47.6838177,-122.3478505,https://www.redfin.com/WA/Seattle/749-N-76th-St-98103/home/300780
2026-09-19T19:54:21.154Z,Green Lake,2026-05-13,306823,212948724,2483551,Closed,8004 Burke Ave N,,Seattle,WA,98103,Green Lake,Single Family,1,2019,5,4.5,4,4749,4675,,2600000,547,,,,Mia Klarich,Windermere Real Estate Midtown,Windermere Real Estate Midtown,47.6871099,-122.335329,https://www.redfin.com/WA/Seattle/8004-Burke-Ave-N-98103/home/306823
2026-09-19T19:54:21.154Z,NE Seattle,2026-05-13,310795,214361640,2509692,Closed,6823 16th Ave NE,,Seattle,WA,98115,Ravenna,Single Family,1,1925,4,2,2,2350,4590,1.5,1515000,645,,,,Matthew Smith,Redfin,Realogics Sotheby's Int'l Rlty,47.6783291,-122.3111979,https://www.redfin.com/WA/Seattle/6823-16th-Ave-NE-98115/home/310795
2026-09-19T19:54:21.154Z,NE Seattle,2026-05-13,321940,213260823,2495617,Closed,7315 51st Ave NE,,Seattle,WA,98115,View Ridge,Single Family,1,1950,4,3,3,3840,11000,1,3225000,840,,,,Christine Henn,Windermere Real Estate Co.,Windermere Real Estate Central,47.6819018,-122.2734727,https://www.redfin.com/WA/Seattle/7315-51st-Ave-NE-98115/home/321940
2026-09-19T19:54:21.154Z,West Seattle,2026-05-13,329537,214390289,2509560,Closed,3215 40th Ave SW,,Seattle,WA,98116,Belvidere,Single Family,1,1975,4,2,2,1830,5180,1.5,1251000,684,,,,Marie Dennis,"Ewing & Clark, Inc.",KW Greater Seattle,47.5751375,-122.382848,https://www.redfin.com/WA/Seattle/3215-40th-Ave-SW-98116/home/329537
2026-09-19T19:54:21.154Z,NW Seattle,2026-05-13,495297,214163374,2508083,Closed,105 N 84th St,,Seattle,WA,98103,Greenwood,Single Family,1,1910,2,1,1,1350,3840,2,891000,660,,,,Bente Stangeland-Mullally,"John L. Scott, Inc.","John L. Scott, Inc.",47.6896588,-122.3576062,https://www.redfin.com/WA/Seattle/105-N-84th-St-98103/home/495297
2026-09-19T19:54:21.154Z,NW Seattle,2026-05-13,96363,214295342,2487343,Closed,14014 Palatine Ave N,,Seattle,WA,98133,Broadview,Single Family,1,1923,3,2,2,1860,7200,2,735000,395,,,,Deborah Grover,Windermere Real Estate/East,eXp Realty,47.7310051,-122.3566427,https://www.redfin.com/WA/Seattle/14014-Palatine-Ave-N-98133/home/96363
2026-09-19T19:54:21.154Z,Magnolia,2026-05-12,128318,214090329,2502600,Closed,3019 31st Ave W,,Seattle,WA,98199,Magnolia,Single Family,1,1900,3,2,2,2329,7680,2,1210000,520,,,,Candace Hagen,Windermere Real Estate Midtown,Windermere Real Estate Midtown,47.6474471,-122.3972793,https://www.redfin.com/WA/Seattle/3019-31st-Ave-W-98199/home/128318
2026-09-19T19:54:21.154Z,Queen Anne,2026-05-12,129236,213884969,2504399,Closed,2528 1st Ave W,,Seattle,WA,98119,Queen Anne,Single Family,1,1923,4,3,3,3120,4800,2,1714000,549,,,,Colin Dalrymple,Windermere Real Estate/East,Realty One Group Orca,47.642335,-122.3579349,https://www.redfin.com/WA/Seattle/2528-1st-Ave-W-98119/home/129236
2026-09-19T19:54:21.154Z,West Seattle,2026-05-12,152938,214081402,2507385,Closed,4803 SW Alaska St,,Seattle,WA,98116,Alaska Junction,Single Family,1,1953,3,2.5,2,2280,6200,1,1045000,458,,,,Christine Wilson,Hawkins Poe,eXp Realty,47.5609613,-122.3938266,https://www.redfin.com/WA/Seattle/4803-SW-Alaska-St-98116/home/152938
2026-09-19T19:54:21.154Z,West Seattle,2026-05-12,153465,213803320,2503360,Closed,4725 SW Graham St,,Seattle,WA,98136,Seaview,Single Family,1,1925,3,2,2,2240,4959,1,1225000,547,,,,Darrin Stumpf,Real Broker LLC,"John L. Scott, Inc.",47.5465866,-122.3937005,https://www.redfin.com/WA/Seattle/4725-SW-Graham-St-98136/home/153465
2026-09-19T19:54:21.154Z,West Seattle,2026-05-12,158255,214060822,2507270,Closed,9272 Fauntleroy Way SW,,Seattle,WA,98136,Fauntleroy,Single Family,1,1927,3,2,2,2540,5000,1.5,1250000,492,,,,Pia VanHanen,KW Greater Seattle,Lake & Company,47.5199118,-122.3936,https://www.redfin.com/WA/Seattle/9272-Fauntleroy-Way-SW-98136/home/158255
2026-09-19T19:54:21.154Z,Central Seattle,2026-05-12,167388776,213195910,2486154,Closed,1638 20th Ave Unit B,Unit B,Seattle,WA,98122,Capitol Hill,Townhouse,3,2019,2,2,2,1291,812,1.5,779500,604,43,,,Cherie Hasson,Windermere R E Mount Baker,Windermere Real Estate/Summit,47.6164835,-122.3059573,https://www.redfin.com/WA/Seattle/1638-20th-Ave-98122/unit-B/home/167388776
2026-09-19T19:54:21.154Z,West Seattle,2026-05-12,179602182,214289774,2511602,Closed,5954 SW 49th Ave Unit A,Unit A,Seattle,WA,98136,Seaview,Single Family,1,1943,3,2,2,1160,5702,1,850000,733,22,,,Lorena Lee,SCOUT,Designed Realty,47.5487422,-122.3948092,https://www.redfin.com/WA/Seattle/5954-49th-Ave-SW-98136/unit-A/home/179602182
2026-09-19T19:54:21.154Z,Ballard (specific),2026-05-12,199082419,212886840,2490474,Closed,8003 25th Ave NW,,Seattle,WA,98117,Loyal Heights,Townhouse,3,2026,2,2.5,2,1090,1068,1.5,685000,628,14,,,Tony Ferrelli,"Windermere R.E. Northeast, Inc",Equity Washington Real Estate,47.686984,-122.3890308,https://www.redfin.com/WA/Seattle/8003-25th-Ave-NW-98117/home/199082419
2026-09-19T19:54:21.154Z,Ballard (specific),2026-05-12,2082141,213866131,2502010,Closed,2614 NW 57th St Unit B,Unit B,Seattle,WA,98107,Ballard,Townhouse,3,2005,3,2.5,2,1320,1313,1.5,785000,595,,,,Nicole McCormick,COMPASS,"Windermere Real Estate/M2, LLC",47.6704686,-122.3907473,https://www.redfin.com/WA/Seattle/2614-NW-57th-St-98107/unit-B/home/2082141
2026-09-19T19:54:21.154Z,Fremont,2026-05-12,301931,214331533,2511473,Closed,208 NW 43rd St,,Seattle,WA,98107,Fremont,Single Family,1,1946,4,3,3,2130,5500,2,1610000,756,,,,Natalie English,Windermere West Metro,Windermere Real Estate Midtown,47.6591392,-122.3588355,https://www.redfin.com/WA/Seattle/208-NW-43rd-St-98107/home/301931
2026-09-19T19:54:21.154Z,NE Seattle,2026-05-12,309417,214066277,2503363,Closed,6551 24th Ave NE,,Seattle,WA,98115,Ravenna,Single Family,1,1910,7,4,4,3990,7140,2,1867000,468,,,,Steve Laevastu,Windermere RE Greenwood,COMPASS,47.6772236,-122.3019724,https://www.redfin.com/WA/Seattle/6551-24th-Ave-NE-98115/home/309417
2026-09-19T19:54:21.154Z,NE Seattle,2026-05-12,312201,214101884,2507732,Closed,6058 34th Ave NE,,Seattle,WA,98115,Bryant,Single Family,1,1928,4,2,1,2520,4750,2,1705000,677,,,,Robin Sheridan,COMPASS,COMPASS,47.6738221,-122.2908694,https://www.redfin.com/WA/Seattle/6058-34th-Ave-NE-98115/home/312201
2026-09-19T19:54:21.154Z,NE Seattle,2026-05-12,317293,206186254,2416873,Closed,6833 36th Ave NE,,Seattle,WA,98115,Bryant,Single Family,1,2025,5,3.5,3,3630,4080,1.5,2470000,680,,,,Jay Ellingson,HomeSmart Real Estate Assoc,Windermere Real Estate Co.,47.6785257,-122.2896166,https://www.redfin.com/WA/Seattle/6833-36th-Ave-NE-98115/home/317293
2026-09-19T19:54:21.154Z,West Seattle,2026-05-12,329683,214052707,2507624,Closed,4437 47th Ave SW,,Seattle,WA,98116,Genesee,Single Family,1,1942,3,2,2,1700,4600,1,810000,476,,,,Jen Shaughnessy,John L Scott RE West Seattle,Windermere Real Estate/Summit,47.5636493,-122.3925074,https://www.redfin.com/WA/Seattle/4437-47th-Ave-SW-98116/home/329683
2026-09-19T19:54:21.154Z,Beacon Hill,2026-05-12,8186231,215279715,2522988,Closed,5528 31st Ave S,,Seattle,WA,98108,Beacon Hill,Single Family,1,2005,5,3.5,3,2150,3390,2,1030000,479,,,,Tova Williamson,eXp Realty,"Skyline Properties, Inc.",47.551733,-122.292364,https://www.redfin.com/WA/Seattle/5528-31st-Ave-S-98108/home/8186231
2026-09-19T19:54:21.154Z,Wallingford,2026-05-11,118117,214398036,2494550,Closed,4747 Latona Ave NE,,Seattle,WA,98105,Wallingford,Single Family,1,1912,3,2,2,2570,4080,1.5,1270000,494,,,,Ian Gettis,COMPASS,"Windermere Real Estate/M2, LLC",47.6645231,-122.3253764,https://www.redfin.com/WA/Seattle/4747-Latona-Ave-NE-98105/home/118117
2026-09-19T19:54:21.154Z,Wallingford,2026-05-11,119540,213861083,2502954,Closed,2313 N 39th St,,Seattle,WA,98103,Wallingford,Single Family,1,2001,4,2.5,2,2930,6950,2,2275000,776,,,,Sherrie Chen,AgencyOne,Windermere RE Greenwood,47.6541024,-122.3308067,https://www.redfin.com/WA/Seattle/2313-N-39th-St-98103/home/119540
2026-09-19T19:54:21.154Z,Wallingford,2026-05-11,119854,212339505,2477991,Closed,3815 Sunnyside Ave N,,Seattle,WA,98103,Wallingford,Single Family,1,1901,4,2,2,2040,4560,1,1332000,653,,,,Ben Hoefer,"John L. Scott, Inc.",COMPASS,47.6536597,-122.3306925,https://www.redfin.com/WA/Seattle/3815-Sunnyside-Ave-N-98103/home/119854
2026-09-19T19:54:21.154Z,Queen Anne,2026-05-11,12306646,216428974,2534368,Closed,125 Warren Ave N Unit M,Unit M,Seattle,WA,98109,Queen Anne,Single Family,1,1907,1,1,1,636,,1,250000,393,1,,,Troy Knight,"Skyline Properties, Inc.",Windermere R E Mount Baker,47.6192791,-122.3545021,https://www.redfin.com/WA/Seattle/125-Warren-Ave-N-98109/unit-M/home/12306646
2026-09-19T19:54:21.154Z,Magnolia,2026-05-11,124622,213870044,2505101,Closed,3622 23rd Ave W,,Seattle,WA,98199,Magnolia,Single Family,1,1944,4,2.5,2,2200,6000,1,1185000,539,,,,Kimberly Morgan Storey,Coldwell Banker Danforth,COMPASS,47.6528593,-122.3856855,https://www.redfin.com/WA/Seattle/3622-23rd-Ave-W-98199/home/124622
2026-09-19T19:54:21.154Z,Magnolia,2026-05-11,127724,215216861,2522022,Closed,3819 33rd Ave W,,Seattle,WA,98199,Magnolia,Single Family,1,1943,2,2,2,1400,6000,1,985000,704,,,,Ted Bash,"Windermere RE/Capitol Hill,Inc",Lake & Company,47.6547399,-122.3998284,https://www.redfin.com/WA/Seattle/3819-33rd-Ave-W-98199/home/127724
2026-09-19T19:54:21.154Z,Magnolia,2026-05-11,127843,214581530,2494474,Closed,3020 36th Ave W,,Seattle,WA,98199,Magnolia,Single Family,1,1943,4,2,2,1620,6000,1,1075000,664,,,,Eric Akines,Real Residential,Windermere Real Estate Co.,47.6475459,-122.4033364,https://www.redfin.com/WA/Seattle/3020-36th-Ave-W-98199/home/127843
2026-09-19T19:54:21.154Z,Queen Anne,2026-05-11,133980,213835789,2493932,Closed,810 W Lee,,Seattle,WA,98119,Queen Anne,Single Family,1,2013,3,2.5,2,2080,2156,1,2350000,1130,,,,Doreen Alhadeff,Windermere Real Estate Midtown,Windermere Real Estate Co.,47.6312918,-122.3683189,https://www.redfin.com/WA/Seattle/810-W-Lee-St-98119/home/133980
2026-09-19T19:54:21.154Z,Central Seattle,2026-05-11,136025,213548338,2499874,Closed,1527 E Howe St,,Seattle,WA,98112,Capitol Hill,Single Family,1,2011,3,2.5,2,2860,4486,2,3500000,1224,,,,Kim Wesselman,Windermere Real Estate Midtown,COMPASS,47.6358947,-122.3123631,https://www.redfin.com/WA/Seattle/1527-E-Howe-St-98112/home/136025
2026-09-19T19:54:21.154Z,Central Seattle,2026-05-11,140271,212319246,2481552,Closed,1702 Lake Washington Blvd,,Seattle,WA,98122,Denny Blaine,Single Family,1,1937,4,3.5,3,3460,6660,2,2225000,643,,,,Caroline Weil,Windermere Real Estate Midtown,Real Broker LLC,47.6166769,-122.2814943,https://www.redfin.com/WA/Seattle/1702-Lake-Washington-Blvd-98122/home/140271
2026-09-19T19:54:21.154Z,Central Seattle,2026-05-11,146154,213880248,2503851,Closed,2641 E Valley St,,Seattle,WA,98112,Madison Valley,Single Family,1,2000,3,2.5,2,1988,4000,2,1301000,654,,,,Bryan Loveless,"Windermere R.E. Northeast, Inc","John L. Scott, Inc.",47.6256967,-122.2969764,https://www.redfin.com/WA/Seattle/2641-E-Valley-St-98112/home/146154
2026-09-19T19:54:21.154Z,West Seattle,2026-05-11,161120,214091028,2492705,Closed,6005 21st St SW,,Seattle,WA,98106,West Seattle,Single Family,1,1941,2,1,1,720,6960,1,610000,847,,,,Darcy LaBelle,Windermere Real Estate Co.,Columbia Partners Real Estate,47.5479866,-122.3600535,https://www.redfin.com/WA/Seattle/6005-21st-Ave-SW-98106/home/161120
2026-09-19T19:54:21.154Z,Ballard (specific),2026-05-11,164121,213879438,2505359,Closed,7359 20th Ave NW,,Seattle,WA,98117,Ballard,Townhouse,3,2022,4,3.5,3,2470,3696,1.5,1795000,727,309,,,Matthew Chapman,Windermere Real Estate/East,"John L. Scott, Inc.",47.6830168,-122.3824532,https://www.redfin.com/WA/Seattle/7359-20th-Ave-NW-98117/home/164121
2026-09-19T19:54:21.154Z,Beacon Hill,2026-05-11,168832,212347925,2481959,Closed,1901 S Plum St,,Seattle,WA,98144,N Beacon Hill,Single Family,1,1948,2,2,2,1160,6000,1,622500,537,,,,Minako McCoy Young,Keller Williams Eastside,"John L. Scott, Inc",47.585359,-122.3078931,https://www.redfin.com/WA/Seattle/1901-S-Plum-St-98144/home/168832
2026-09-19T19:54:21.154Z,West Seattle,2026-05-11,192273727,213621631,2499961,Closed,8856 32ND Ave SW Unit A,Unit A,Seattle,WA,98126,Westwood,Single Family,1,1923,3,2,2,2480,7741,2,860000,347,1,,,Tanya Abraham,Windermere Real Estate Co.,Real Broker LLC,47.5230387,-122.3737413,https://www.redfin.com/WA/Seattle/8856-32nd-Ave-SW-98126/unit-A/home/192273727
2026-09-19T19:54:21.154Z,West Seattle,2026-05-11,200946012,213211685,2494088,Closed,3810 SW Morgan St,,Seattle,WA,98126,Gatewood,Townhouse,3,2026,2,2,2,1161,,1.5,755000,650,3,,,Jodi Hill,Keller Williams Seattle Metro,COMPASS,47.5449356,-122.3806664,https://www.redfin.com/WA/Seattle/3810-SW-Morgan-St-98126/home/200946012
2026-09-19T19:54:21.154Z,Maple Leaf,2026-05-11,201072527,213538744,2499252,Closed,524 NE 89th St Unit A,Unit A,Seattle,WA,98115,Maple Leaf,Townhouse,3,2026,4,2.5,2,1984,2240,1.5,1280000,645,12,,,Tyler Anderson,Windermere Real Estate Co.,Keller Williams Rlty Bellevue,47.6933643,-122.3219394,https://www.redfin.com/WA/Seattle/524-NE-89th-St-98115/unit-A/home/201072527
2026-09-19T19:54:21.154Z,NE Seattle,2026-05-11,2061977,213601492,2496027,Closed,4037 7th Ave NE Unit A,Unit A,Seattle,WA,98105,University District,Townhouse,3,2008,2,2.5,2,1170,1162,1.5,585000,500,,,,Michael Haas,COMPASS,Real Broker LLC,47.6567559,-122.3212544,https://www.redfin.com/WA/Seattle/4037-7th-Ave-NE-98105/unit-A/home/2061977
2026-09-19T19:54:21.154Z,NW Seattle,2026-05-11,291468,213765420,2503106,Closed,414 NW 117th St,,Seattle,WA,98177,Broadview,Single Family,1,1952,3,2.5,2,2040,9425,2,1157500,567,,,,Colin McCabe,Berkshire Hathaway HS NW,"John L. Scott, Inc.",47.7143962,-122.3628457,https://www.redfin.com/WA/Seattle/414-NW-117th-St-98177/home/291468
2026-09-19T19:54:21.154Z,Green Lake,2026-05-11,306886,211249140,2473420,Closed,1125 N 77th St,,Seattle,WA,98103,Green Lake,Single Family,1,1926,6,3,3,1930,3920,2,1275000,661,,,,John Paul,Redfin,ZNonMember-Office-MLS,47.6845752,-122.3432863,https://www.redfin.com/WA/Seattle/1125-N-77th-St-98103/home/306886
2026-09-19T19:54:21.154Z,Green Lake,2026-05-11,307196,214112722,2508582,Closed,1134 N 78th St,,Seattle,WA,98103,Green Lake,Single Family,1,1929,3,2.5,2,1760,4386,2,1195000,679,,,,Justyna Kieko,Lake & Company,Windermere Mercer Island,47.6856889,-122.3429135,https://www.redfin.com/WA/Seattle/1134-N-78th-St-98103/home/307196
2026-09-19T19:54:21.154Z,NE Seattle,2026-05-11,313618,214352978,2500219,Closed,5501 37th Ave NE,,Seattle,WA,98105,Bryant,Single Family,1,1948,2,2,2,1300,4000,2,925000,712,,,,Tory Frol,Real Residential,Windermere Real Estate Co.,47.6687167,-122.2882273,https://www.redfin.com/WA/Seattle/5501-37th-Ave-NE-98105/home/313618
2026-09-19T19:54:21.154Z,NE Seattle,2026-05-11,321418,214100216,2503953,Closed,5001 NE Park Pl,,Seattle,WA,98115,Sand Point Country Club,Single Family,1,1951,3,2,2,1790,7920,3,1950000,1089,254,,,Tracy Erickson,Real Broker LLC,Portico Real Estate,47.6832614,-122.2742262,https://www.redfin.com/WA/Seattle/5001-NE-Park-Pl-98115/home/321418
2026-09-19T19:54:21.154Z,West Seattle,2026-05-11,8188049,214159716,2509300,Closed,7114 California Ave SW Unit F,Unit F,Seattle,WA,98136,Morgan Junction,Townhouse,3,2006,2,2,2,1030,1066,1.5,567000,550,,,,Tammy Wallick,"Windermere R.E. Northeast, Inc",Lake & Company,47.5396467,-122.3866424,https://www.redfin.com/WA/Seattle/7114-California-Ave-SW-98136/unit-F/home/8188049
2026-09-19T19:54:21.154Z,NW Seattle,2026-05-11,96624,214263428,2503286,Closed,13715 Palatine Ave N,,Seattle,WA,98133,Broadview,Single Family,1,1947,4,2,2,2340,7484,1,975000,417,,,,Adam Cobb,Windermere Real Estate GH LLC,Keller Williams Downtown Sea,47.7292392,-122.3572663,https://www.redfin.com/WA/Seattle/13715-Palatine-Ave-N-98133/home/96624
2026-09-19T19:54:21.154Z,NW Seattle,2026-05-08,101821,213832675,2503464,Closed,14331 Evanston Ave N,,Seattle,WA,98133,Bitter Lake,Single Family,1,1949,2,1.5,1,1140,9120,1,745000,654,,,,,Real Broker LLC,Redfin,47.7333034,-122.3520898,https://www.redfin.com/WA/Seattle/14331-Evanston-Ave-N-98133/home/101821
2026-09-19T19:54:21.154Z,Maple Leaf,2026-05-08,110610,214123284,2499365,Closed,846 NE 89th St,,Seattle,WA,98115,Maple Leaf,Single Family,1,1905,3,2,2,1790,6462,1,1025000,573,,,,Natalia von Somoff,"Skyline Properties, Inc.",The Agency Seattle/Eastside,47.6934096,-122.3183563,https://www.redfin.com/WA/Seattle/846-NE-89th-St-98115/home/110610
2026-09-19T19:54:21.154Z,Fremont,2026-05-08,119364,213922122,2504513,Closed,3919 Midvale Ave N,,Seattle,WA,98103,Fremont,Single Family,1,1941,3,2,2,1640,4218,1,1295000,790,,,,,Windermere Real Estate/HLC,Redfin,47.6545952,-122.3438548,https://www.redfin.com/WA/Seattle/3919-Midvale-Ave-N-98103/home/119364
2026-09-19T19:54:21.154Z,Magnolia,2026-05-08,128628,214144828,2497140,Closed,3711 31st Ave W,,Seattle,WA,98199,Magnolia,Single Family,1,1950,3,2,2,1720,6000,1,1375000,799,,,,Portia Gray,Windermere RE Magnolia,COMPASS,47.6536158,-122.3972222,https://www.redfin.com/WA/Seattle/3711-31st-Ave-W-98199/home/128628
2026-09-19T19:54:21.154Z,Queen Anne,2026-05-08,133769,214349044,2511349,Closed,1823 Warren Ave N,,Seattle,WA,98109,Queen Anne,Single Family,1,1900,3,2,2,1950,4000,2,2040888,1047,,,,Mary Lee,Windermere Real Estate Midtown,Windermere Real Estate Midtown,47.6355623,-122.3546631,https://www.redfin.com/WA/Seattle/1823-Warren-Ave-N-98109/home/133769
2026-09-19T19:54:21.154Z,Central Seattle,2026-05-08,139335,213795230,2499377,Closed,2209 38th Pl E,,Seattle,WA,98112,Madison Park,Single Family,1,1960,3,2.5,2,3290,12352,1,3399900,1033,,,,Hoady Spencer,Realogics Sotheby's Int'l Rlty,Windermere R E Mount Baker,47.6382122,-122.2841633,https://www.redfin.com/WA/Seattle/2209-38th-Pl-E-98112/home/139335
2026-09-19T19:54:21.154Z,West Seattle,2026-05-08,150443,213411983,2497939,Closed,4200 SW Atlantic St,,Seattle,WA,98116,North Admiral,Single Family,1,1945,4,3,3,2250,4710,1.5,1350000,600,,,,Julie Granahan,Redfin,RE/MAX Exclusive,47.5907543,-122.3857804,https://www.redfin.com/WA/Seattle/4200-SW-Atlantic-St-98116/home/150443
2026-09-19T19:54:21.154Z,West Seattle,2026-05-08,153288,213866074,2504118,Closed,6025 Beach Dr SW,,Seattle,WA,98136,Seaview,Single Family,1,2016,3,3,3,2520,15792,2,2599000,1031,,,,Tamara Dean,Windermere Real Estate/East,"John L. Scott, Inc.",47.5476859,-122.3986273,https://www.redfin.com/WA/Seattle/6025-Beach-Dr-SW-98136/home/153288
2026-09-19T19:54:21.154Z,West Seattle,2026-05-08,153780,213690846,2500901,Closed,4717 Beach Dr SW,,Seattle,WA,98116,Beach Drive,Single Family,1,2023,3,2,2,3116,25568,1,3375000,1083,,,,Sandra Hines,The Agency Seattle,Coldwell Banker Bain,47.5604315,-122.4037901,https://www.redfin.com/WA/Seattle/4717-Beach-Dr-SW-98116/home/153780
2026-09-19T19:54:21.154Z,Ballard (specific),2026-05-08,165998,214097017,2503767,Closed,6737 27th Ave NW,,Seattle,WA,98117,Ballard,Single Family,1,1927,5,3,3,2920,5100,1.5,1475000,505,,,,Adam Weissman,Coldwell Banker Bain,Coldwell Banker Danforth,47.6787949,-122.3911011,https://www.redfin.com/WA/Seattle/6737-27th-Ave-NW-98117/home/165998
2026-09-19T19:54:21.154Z,West Seattle,2026-05-08,167146369,214126250,2506033,Closed,3912 SW Brandon St,,Seattle,WA,98136,Fairmount,Townhouse,3,2019,3,2.5,2,1320,870,1.5,739950,561,,,,Albert Clark,Real Residential,"John L. Scott, Inc",47.5539813,-122.3820832,https://www.redfin.com/WA/Seattle/3912-SW-Brandon-St-98136/home/167146369
2026-09-19T19:54:21.154Z,Beacon Hill,2026-05-08,169628,216680749,2537655,Closed,3322 20th Ave S,,Seattle,WA,98144,Beacon Hill,Single Family,1,1959,3,1,1,1870,3175,1.5,550000,294,,,,,,COMPASS,47.5733376,-122.3055303,https://www.redfin.com/WA/Seattle/3322-20th-Ave-S-98144/home/169628
2026-09-19T19:54:21.154Z,West Seattle,2026-05-08,170550544,213793856,2503973,Closed,5017 Fauntleroy Way SW Unit B,Unit B,Seattle,WA,98136,West Seattle,Townhouse,3,2019,4,3,2,1630,1916,1.5,775000,475,,,,Nicole Li,COMPASS,Windermere West Metro,47.556946345,-122.3818384,https://www.redfin.com/WA/Seattle/5017-Fauntleroy-Way-SW-98136/unit-B/home/170550544
2026-09-19T19:54:21.154Z,West Seattle,2026-05-08,197833439,213871294,2500883,Closed,6408 Fauntleroy Way SW,,Seattle,WA,98136,Morgan Junction,Townhouse,3,2026,3,2.5,2,1312,1129,1.5,688000,524,,,,Jeff Wolfe,Windermere R E Mount Baker,Every Door Real Estate,47.5450179,-122.3856784,https://www.redfin.com/WA/Seattle/6408-Fauntleroy-Way-SW-98136/home/197833439
2026-09-19T19:54:21.154Z,Wallingford,2026-05-08,199959363,210651011,2465759,Closed,4222 Meridian Ave N Unit B,Unit B,Seattle,WA,98103,Wallingford,Townhouse,3,2025,2,2,2,1103,749,1.5,734950,666,135,,,Michael Espada,Array Real Estate,Real Broker LLC,47.6586931,-122.3334777,https://www.redfin.com/WA/Seattle/4222-Meridian-Ave-N-98103/unit-B/home/199959363
2026-09-19T19:54:21.154Z,Northgate,2026-05-08,200865083,213034744,2462946,Closed,922 NE 117th St,,Seattle,WA,98125,Pinehurst,Single Family,1,1947,3,1,1,1065,3696,1,744950,699,10,,,David Mulcahy,"Pellego, Inc.",Windermere West Metro,47.7141961,-122.3182904,https://www.redfin.com/WA/Seattle/922-NE-117th-St-98125/home/200865083
2026-09-19T19:54:21.154Z,Central Seattle,2026-05-08,201113603,213751442,2503225,Closed,1528 25th Ave,,Seattle,WA,98122,Central Area,Single Family,1,2026,3,2,2,1073,3600,2,789000,735,28,,,Steven Brown,The Dwelling Group LLC,360 Pacific,47.6150151,-122.2997801,https://www.redfin.com/WA/Seattle/1528-25th-Ave-98122/home/201113603
2026-09-19T19:54:21.154Z,NE Seattle,2026-05-08,21883889,214246959,2483646,Closed,3655 NE 73rd St,,Seattle,WA,98115,View Ridge,Single Family,1,2010,5,3,3,3000,5477,2,2025000,675,,,,Nicholas Glant,Real Residential,Lake & Company,47.6804468,-122.2879576,https://www.redfin.com/WA/Seattle/3655-NE-73rd-St-98115/home/21883889
2026-09-19T19:54:21.154Z,NW Seattle,2026-05-08,300296,213680211,2502241,Closed,8401 Linden Ave N,,Seattle,WA,98103,Green Lake,Single Family,1,1926,4,3,3,2450,3300,1.5,1325000,541,,,,John Blacksmith,Lake & Company,Real Residential,47.6899991,-122.3475247,https://www.redfin.com/WA/Seattle/8401-Linden-Ave-N-98103/home/300296
2026-09-19T19:54:21.154Z,NE Seattle,2026-05-08,312044,213880914,2500005,Closed,715 NE 60th St,,Seattle,WA,98115,Roosevelt,Single Family,1,1922,3,2.5,2,1930,3500,1.5,925000,479,,,,Stewart McCullum,Dupont Realty & Property Mgmt,Windermere Real Estate Midtown,47.672052,-122.3203953,https://www.redfin.com/WA/Seattle/715-NE-60th-St-98115/home/312044
2026-09-19T19:54:21.154Z,NE Seattle,2026-05-08,313958,213300053,2496162,Closed,4053 NE 55th St,,Seattle,WA,98105,Hawthorne Hills,Single Family,1,1950,2,1,1,1640,3332,1,792000,483,,,,Robert Murray,"John L. Scott, Inc.","John L. Scott, Inc",47.6683428,-122.2825029,https://www.redfin.com/WA/Seattle/4053-NE-55th-St-98105/home/313958
2026-09-19T19:54:21.154Z,NE Seattle,2026-05-08,315520,212968300,2491522,Closed,6539 40th Ave NE,,Seattle,WA,98115,Bryant,Single Family,1,1954,4,3,3,2300,4998,2,1158500,504,,,,David Rush,Windermere Real Estate Co.,First Team Real Estate,47.6769358,-122.2852685,https://www.redfin.com/WA/Seattle/6539-40th-Ave-NE-98115/home/315520
2026-09-19T19:54:21.154Z,NE Seattle,2026-05-08,316996,215257438,2522580,Closed,3816 NE 86th St,,Seattle,WA,98115,Wedgwood,Single Family,1,1941,3,2,2,1550,6630,1.5,861600,556,,,,Rob McGarty,Bushwick,Windermere Real Estate Co.,47.6911454,-122.2872176,https://www.redfin.com/WA/Seattle/3816-NE-86th-St-98115/home/316996
2026-09-19T19:54:21.154Z,West Seattle,2026-05-08,328694,214096247,2506378,Closed,3854 36th Ave SW,,Seattle,WA,98126,Belvidere,Single Family,1,1919,3,1,1,1900,5405,1,850000,447,,,,Danny Jon Dallum,Keller Williams Rlty Bellevue,Every Door Real Estate,47.5685072,-122.3771501,https://www.redfin.com/WA/Seattle/3854-36th-Ave-SW-98126/home/328694
2026-09-19T19:54:21.154Z,West Seattle,2026-05-08,330682,214376978,2512799,Closed,4132 44th Ave SW,,Seattle,WA,98116,Alaska Junction,Single Family,1,1989,2,2.5,2,2250,2903,,1095000,487,,,,Vinece Campbell,Lynnmac Commercial LLC,Windermere Real Estate Central,47.5655708,-122.3877836,https://www.redfin.com/WA/Seattle/4132-44th-Ave-SW-98116/home/330682
2026-09-19T19:54:21.154Z,Northgate,2026-05-07,104050,213482486,2495032,Closed,12213 Densmore Ave N,,Seattle,WA,98133,Haller Lake,Single Family,1,1978,3,2.5,2,2180,8001,1.5,895000,411,,,,Hyeyeon Sung,Century 21 Real Estate Center,Windermere Real Estate Midtown,47.7175383,-122.337897,https://www.redfin.com/WA/Seattle/12213-Densmore-Ave-N-98133/home/104050
2026-09-19T19:54:21.154Z,Ballard (specific),2026-05-07,105612775,212622269,2485245,Closed,6312 32nd Ave NW Unit F,Unit F,Seattle,WA,98107,Sunset Hill,Townhouse,3,2016,2,2,2,1217,812,1.5,725000,596,100,,,Adrian Jensen,Windermere RE Greenwood,COMPASS,47.6748718,-122.3980632,https://www.redfin.com/WA/Seattle/6312-32nd-Ave-NW-98107/unit-F/home/105612775
2026-09-19T19:54:21.154Z,Maple Leaf,2026-05-07,109985,213597382,2497479,Closed,1035 NE 100th St,,Seattle,WA,98125,Maple Leaf,Single Family,1,1939,4,2,2,1796,5093,2,899950,501,54,,,Zachary Becker,Berkshire Hathaway HS NW,Windermere Real Estate Co.,47.7010702,-122.3163569,https://www.redfin.com/WA/Seattle/1035-NE-100th-St-98125/home/109985
2026-09-19T19:54:21.154Z,NW Seattle,2026-05-07,112863427,213068639,2492043,Closed,9212 11th Ave NW,,Seattle,WA,98117,Crown Hill,Single Family,1,2018,5,3.5,3,3098,5425,,1725000,557,,,,Jason Liberty,Berkshire Hathaway HS NW,Real Broker LLC,47.6965389,-122.3697595,https://www.redfin.com/WA/Seattle/9212-11th-Ave-NW-98117/home/112863427
2026-09-19T19:54:21.154Z,Wallingford,2026-05-07,118933,214117674,2506844,Closed,4203 Corliss Ave N,,Seattle,WA,98103,Wallingford,Single Family,1,1913,5,2,2,2470,3600,1.5,1600000,648,,,,Kenna Pearson,Windermere Real Estate Midtown,RE/MAX Northwest,47.6581198,-122.3317286,https://www.redfin.com/WA/Seattle/4203-Corliss-Ave-N-98103/home/118933
2026-09-19T19:54:21.154Z,NE Seattle,2026-05-07,122713,213427523,2498003,Closed,4737 46th Ave NE,,Seattle,WA,98105,Laurelhurst,Single Family,1,1929,5,3.5,3,2543,5000,1.5,2070000,814,,,,,Windermere Real Estate Midtown,Redfin,47.6642192,-122.2786551,https://www.redfin.com/WA/Seattle/4737-46th-Ave-NE-98105/home/122713
2026-09-19T19:54:21.154Z,Magnolia,2026-05-07,123321,213416762,2496251,Closed,4402 31st Ave W,,Seattle,WA,98199,Magnolia,Single Family,1,1946,2,1,1,840,4000,1,795000,946,,,,JP Gerling,KW Greater Seattle,COMPASS,47.6602135,-122.3969084,https://www.redfin.com/WA/Seattle/4402-31st-Ave-W-98199/home/123321
2026-09-19T19:54:21.154Z,Magnolia,2026-05-07,123802,213643592,2500754,Closed,3439 24th Ave W,,Seattle,WA,98199,Magnolia,Single Family,1,1964,3,2,2,2240,4325,1.5,1350000,603,,,,Matt Mather,COMPASS,COMPASS,47.6514682,-122.387835,https://www.redfin.com/WA/Seattle/3439-24th-Ave-W-98199/home/123802
2026-09-19T19:54:21.154Z,Queen Anne,2026-05-07,129361,214112955,2508792,Closed,2556 10th Ave W,,Seattle,WA,98119,Queen Anne,Single Family,1,1911,4,2,2,1960,2400,1.5,1300000,663,,,,Kimberly Johnson,Windermere Real Estate Midtown,COMPASS,47.642269,-122.3698276,https://www.redfin.com/WA/Seattle/2556-10th-Ave-W-98119/home/129361
2026-09-19T19:54:21.154Z,Central Seattle,2026-05-07,136160,213602382,2499496,Closed,1204 17th Ave E,,Seattle,WA,98112,North Capitol Hill,Single Family,1,1905,3,2.5,2,2800,3200,2,1425000,509,,,,Ted Bash,"Windermere RE/Capitol Hill,Inc",COMPASS,47.6308929,-122.3096094,https://www.redfin.com/WA/Seattle/1204-17th-Ave-E-98112/home/136160
2026-09-19T19:54:21.154Z,Central Seattle,2026-05-07,142163,213846058,2504854,Closed,318 18th Ave E,,Seattle,WA,98112,Capitol Hill,Single Family,1,1907,4,2,2,2350,2600,2,1110000,472,,,,Byuri Kim,Windermere Real Estate Co.,Bushwick,47.6210852,-122.3084685,https://www.redfin.com/WA/Seattle/318-18th-Ave-E-98112/home/142163
2026-09-19T19:54:21.154Z,Central Seattle,2026-05-07,143266,212729116,2480397,Closed,2101 E Jefferson St,,Seattle,WA,98122,Central Area,Single Family,1,2001,3,3.5,3,1740,2061,,895000,514,,,,Melissa Clark,Ensemble,Urban Living,47.6060093,-122.3047863,https://www.redfin.com/WA/Seattle/2101-E-Jefferson-St-98122/home/143266
2026-09-19T19:54:21.154Z,Central Seattle,2026-05-07,144787,214128288,2505869,Closed,1432 S King St,,Seattle,WA,98144,Seattle,Townhouse,3,2017,3,2,2,1500,1239,1.5,799950,533,,,,Jasen Oda,Redfin,Windermere Real Estate/East,47.5984988,-122.3119421,https://www.redfin.com/WA/Seattle/1432-S-King-St-98144/home/144787
2026-09-19T19:54:21.154Z,Central Seattle,2026-05-07,145709300,213628083,2498298,Closed,2706 S Washington St Unit A,Unit A,Seattle,WA,98144,Central Area,Townhouse,3,2019,3,2.5,2,1423,1172,1.5,790000,555,,,,Angelica Thrasher,Berkshire Hathaway HS NW,Berkshire Hathaway HS NW,47.601169,-122.2974609,https://www.redfin.com/WA/Seattle/2706-S-Washington-St-98144/unit-A/home/145709300
2026-09-19T19:54:21.154Z,West Seattle,2026-05-07,151431,214331824,2511086,Closed,4052 54th Ave SW,,Seattle,WA,98116,Genesee,Single Family,1,1930,2,1,1,1300,5000,1,875000,673,,,,Francisco Dictado,KW Lake Washington So,COMPASS,47.5671094,-122.4015241,https://www.redfin.com/WA/Seattle/4052-54th-Ave-SW-98116/home/151431
2026-09-19T19:54:21.154Z,West Seattle,2026-05-07,154403,213473461,2493190,Closed,5320 47th Ave SW,,Seattle,WA,98136,Seaview,Single Family,1,1950,4,2.5,2,2050,5950,1,1400000,683,,,,Gail Sanders,Better Properties Solutions,COMPASS,47.5542226,-122.3920387,https://www.redfin.com/WA/Seattle/5320-47th-Ave-SW-98136/home/154403
2026-09-19T19:54:21.154Z,West Seattle,2026-05-07,154448,213431481,2497712,Closed,6939 Fauntleroy Way SW,,Seattle,WA,98136,West Seattle,Single Family,1,1912,4,2,2,2090,6280,2,1000000,478,,,,Sam Lamb,Lake & Company,Real Broker LLC,47.5411041,-122.3906464,https://www.redfin.com/WA/Seattle/6939-Fauntleroy-Way-SW-98136/home/154448
2026-09-19T19:54:21.154Z,Ballard (specific),2026-05-07,162463,214862837,2520252,Closed,5708 32nd Ave NW,,Seattle,WA,98107,Sunset Hill,Single Family,1,1927,4,2.5,2,1910,2720,2,1200000,628,,,,Amber Eckert,Windermere Real Estate Midtown,COMPASS,47.6704828,-122.3980564,https://www.redfin.com/WA/Seattle/5708-32nd-Ave-NW-98107/home/162463
2026-09-19T19:54:21.154Z,Ballard (specific),2026-05-07,163102,213886536,2504196,Closed,2106 NW 77th St,,Seattle,WA,98117,Loyal Heights,Single Family,1,1940,4,2,2,1880,3690,1,1219780,649,,,,Nicole LaChasse,Windermere RE Greenwood,Windermere Real Estate Co.,47.6851798,-122.3836959,https://www.redfin.com/WA/Seattle/2106-NW-77th-St-98117/home/163102
2026-09-19T19:54:21.154Z,Central Seattle,2026-05-07,183995312,213673616,2502059,Closed,208 35th Ave E,,Seattle,WA,98112,Denny Blaine,Single Family,1,2025,4,3.5,3,3481,4000,,3087500,887,,,,Dan Wilcynski,Windermere Real Estate Midtown,COMPASS,47.6204201,-122.2876973,https://www.redfin.com/WA/Seattle/208-35th-Ave-E-98112/home/183995312
2026-09-19T19:54:21.154Z,Ballard (specific),2026-05-07,195912447,213673972,2501911,Closed,6509 19th Ave NW,,Seattle,WA,98117,Ballard,Townhouse,3,2026,3,2,2,1490,1270,1.5,940000,631,100,,,Adrian Chu,Specialty Real Estate Group,Coldwell Banker Danforth,47.676221,-122.381375,https://www.redfin.com/WA/Seattle/6509-19th-Ave-NW-98117/home/195912447
2026-09-19T19:54:21.154Z,Central Seattle,2026-05-07,200614140,212433469,2483755,Closed,313 17th Ave E Unit B,Unit B,Seattle,WA,98112,Capitol Hill,Townhouse,3,2025,3,2.5,2,1667,1536,1.5,980000,588,0,,,Adrian Chu,Specialty Real Estate Group,Windermere RE Greenwood,47.6208713,-122.3103855,https://www.redfin.com/WA/Seattle/313-17th-Ave-E-98112/unit-B/home/200614140
2026-09-19T19:54:21.154Z,Maple Leaf,2026-05-07,201112849,213682456,2501645,Closed,8508 1st Ave NE,,Seattle,WA,98115,Maple Leaf,Single Family,1,2026,3,2.5,2,1088,2517,2,795000,731,9,,,Tristan Hoyle,eXp Realty,Realty One Group Enterprise,47.6907193,-122.3280319,https://www.redfin.com/WA/Seattle/8508-1st-Ave-NE-98115/home/201112849
2026-09-19T19:54:21.154Z,NW Seattle,2026-05-07,201247910,213863164,2504022,Closed,10332 14th Ave NW,,Seattle,WA,98177,Blue Ridge,Townhouse,3,2026,2,2.5,2,1210,1623,1.5,805000,665,45,,,Gary Sunde,"Real Property Associates, Inc.",Windermere Real Estate Co.,47.7043555,-122.3737714,https://www.redfin.com/WA/Seattle/10332-14th-Ave-NW-98177/home/201247910
2026-09-19T19:54:21.154Z,NW Seattle,2026-05-07,2064452,212510840,2478857,Closed,13435 Greenwood Ave N Unit E,Unit E,Seattle,WA,98133,Bitter Lake,Townhouse,3,2005,3,2.5,2,1470,1171,1.5,575000,391,,,,Aaron Freeman,Redfin,Coldwell Banker Bain,47.7274937,-122.3567627,https://www.redfin.com/WA/Seattle/13435-Greenwood-Ave-N-98133/unit-E/home/2064452
2026-09-19T19:54:21.154Z,Queen Anne,2026-05-07,2091227,213883765,2505363,Closed,2200 11th Ave W Unit A,Unit A,Seattle,WA,98119,Queen Anne,Townhouse,3,2006,3,3.5,3,2100,1843,1.5,1160000,552,,,,Kevin Farber,Every Door Real Estate,COMPASS,47.6387086,-122.3713908,https://www.redfin.com/WA/Seattle/2200-11th-Ave-W-98119/unit-A/home/2091227
2026-09-19T19:54:21.154Z,NW Seattle,2026-05-07,300620,214173066,2508240,Closed,919 N 77th St,,Seattle,WA,98103,Green Lake,Single Family,1,1906,3,2,2,2526,5000,2,1300000,515,,,,Cindy Cyr,Realogics Sotheby's Int'l Rlty,Coldwell Banker Bain,47.6845727,-122.3462866,https://www.redfin.com/WA/Seattle/919-N-77th-St-98103/home/300620
2026-09-19T19:54:21.154Z,Fremont,2026-05-07,302299,213649915,2501904,Closed,4220 Francis Ave N,,Seattle,WA,98103,Fremont,Single Family,1,1919,5,2,2,2930,5279,2,1195000,408,,,,Kyle Moore,MacPherson's Real Estate Serv.,Every Door Real Estate,47.6584238,-122.3530581,https://www.redfin.com/WA/Seattle/4220-Francis-Ave-N-98103/home/302299
2026-09-19T19:54:21.154Z,Fremont,2026-05-07,303328,213931834,2500095,Closed,518 NW Bright St,,Seattle,WA,98107,Fremont,Townhouse,3,2018,1,2,2,1063,1136,1.5,615000,579,125,,,,Windermere Real Estate Co.,Redfin,47.6601675,-122.3635782,https://www.redfin.com/WA/Seattle/518-NW-Bright-St-98107/home/303328
2026-09-19T19:54:21.154Z,Fremont,2026-05-07,303521,213933696,2504193,Closed,4218 Linden Ave N,,Seattle,WA,98103,Fremont,Single Family,1,2021,3,3.5,3,1820,1740,1.5,1255000,690,,,,Bliss Ong,Redfin,COMPASS,47.6583697,-122.3482691,https://www.redfin.com/WA/Seattle/4218-Linden-Ave-N-98103/home/303521
2026-09-19T19:54:21.154Z,NE Seattle,2026-05-07,310909,212903914,2490233,Closed,8221 22nd Ave NE,,Seattle,WA,98115,Ravenna,Single Family,1,2026,5,4,4,3733,6600,2,2925000,784,,,,Codi Nelson,Windermere Mercer Island,ZNonMember-Office-MLS,47.6891818,-122.3048368,https://www.redfin.com/WA/Seattle/8221-22nd-Ave-NE-98115/home/310909
2026-09-19T19:54:21.154Z,NE Seattle,2026-05-07,317090,214056876,2507684,Closed,7739 40th Ave NE,,Seattle,WA,98115,Wedgwood,Single Family,1,1978,4,2.5,2,1890,5000,2,1270000,672,,,,Liz Suver,Windermere Real Estate Co.,Windermere Real Estate Midtown,47.6860276,-122.2856084,https://www.redfin.com/WA/Seattle/7739-40th-Ave-NE-98115/home/317090
2026-09-19T19:54:21.154Z,NE Seattle,2026-05-07,320470,211752223,2475849,Closed,4915 NE 60th St,,Seattle,WA,98115,Hawthorne Hills,Single Family,1,1931,4,2.5,2,3220,7378,1.5,2330000,724,,,,Brad Knowles,Windermere Real Estate Midtown,COMPASS,47.6730854,-122.2749832,https://www.redfin.com/WA/Seattle/4915-NE-60th-St-98115/home/320470
2026-09-19T19:54:21.154Z,NE Seattle,2026-05-07,321386,213616058,2500694,Closed,7756 58th Ave NE,,Seattle,WA,98115,View Ridge,Single Family,1,1987,4,4,4,3716,5398,1.5,2295000,618,,,,Tamara Canero,Windermere Real Estate Midtown,Every Door Real Estate,47.6865187,-122.266178,https://www.redfin.com/WA/Seattle/7756-58th-Ave-NE-98115/home/321386
2026-09-19T19:54:21.154Z,West Seattle,2026-05-07,331613,222966803,2575478,Closed,4416 48th Ave SW,,Seattle,WA,98116,Genesee,Single Family,1,1915,3,2,2,1960,4255,1,900000,459,,,,,,The Agency Seattle,47.5642076,-122.3931572,https://www.redfin.com/WA/Seattle/4416-48th-Ave-SW-98116/home/331613
2026-09-19T19:54:21.154Z,West Seattle,2026-05-07,470064,213644549,2501338,Closed,6746 41st Ave SW,,Seattle,WA,98136,Gatewood,Single Family,1,1924,3,3,3,2500,10910,2,2005000,802,,,,Chad Dierickx,Windermere West Metro,John L Scott RE West Seattle,47.5416069,-122.3841927,https://www.redfin.com/WA/Seattle/6746-41st-Ave-SW-98136/home/470064
2026-09-19T19:54:21.154Z,West Seattle,2026-05-07,471060,213416757,2496203,Closed,5956 37th Ave SW,,Seattle,WA,98126,Fairmount,Single Family,1,1944,2,1,1,1330,6656,1,765000,575,,,,Aaron Calvo,Windermere West Metro,CENTURY 21 Real Estate Center,47.5485262,-122.3787917,https://www.redfin.com/WA/Seattle/5956-37th-Ave-SW-98126/home/471060
2026-09-19T19:54:21.154Z,West Seattle,2026-05-07,474619,212976594,2487853,Closed,9412 4th Ave SW,,Seattle,WA,98106,White Center,Single Family,1,1954,3,1,1,1000,7800,1,565000,565,,,,Jayme Johnson,Windermere West Metro,Berkshire Hathaway HS NW,47.5187026,-122.3399203,https://www.redfin.com/WA/Seattle/9412-4th-Ave-SW-98106/home/474619
2026-09-19T19:54:21.154Z,Fremont,2026-05-06,144466703,211905759,2457143,Closed,4416 Francis Ave N Unit B,Unit B,Seattle,WA,98103,Fremont,Townhouse,3,2017,3,2.5,2,1760,1261,1.5,950000,540,,,,Yujing Sun,WeLakeside,KW Greater Seattle,47.6607697,-122.3527027,https://www.redfin.com/WA/Seattle/4416-Francis-Ave-N-98103/unit-B/home/144466703
2026-09-19T19:54:21.154Z,West Seattle,2026-05-06,156993,213836233,2503808,Closed,10618 35th Ave SW,,Seattle,WA,98146,Arbor Heights,Single Family,1,1956,3,1.5,1,1133,5300,1,723000,638,,,,Sarah Georger-Clark,COMPASS,Windermere West Metro,47.507712,-122.3756592,https://www.redfin.com/WA/Seattle/10618-35th-Ave-SW-98146/home/156993
2026-09-19T19:54:21.154Z,West Seattle,2026-05-06,157266,213872085,2501063,Closed,8659 Fauntlee Crst SW,,Seattle,WA,98136,Fauntleroy,Single Family,1,1960,5,3,3,2920,7200,1,1825000,625,,,,,KW Greater Seattle,Redfin,47.5255147,-122.3871128,https://www.redfin.com/WA/Seattle/8659-Fauntlee-Crst-SW-98136/home/157266
2026-09-19T19:54:21.154Z,West Seattle,2026-05-06,158014,212185920,2479787,Closed,4411 SW Othello St,,Seattle,WA,98136,Gatewood,Single Family,1,1920,3,2.5,2,2440,7500,2,1275000,523,,,,Katherine Lisecki,COMPASS,Real Broker LLC,47.5378269,-122.3889411,https://www.redfin.com/WA/Seattle/4411-SW-Othello-St-98136/home/158014
2026-09-19T19:54:21.154Z,West Seattle,2026-05-06,159151,213543070,2500013,Closed,5416 30th Ave SW,,Seattle,WA,98126,Delridge,Single Family,1,1970,4,2,2,1450,5750,1,825000,569,,,,Sarah-Cate Davis,Lake & Company,"Windermere Real Estate/M2, LLC",47.5532012,-122.3705525,https://www.redfin.com/WA/Seattle/5416-30th-Ave-SW-98126/home/159151
2026-09-19T19:54:21.154Z,Ballard (specific),2026-05-06,165538,213582644,2500757,Closed,7525 17th Ave NW,,Seattle,WA,98117,Loyal Heights,Single Family,1,1949,3,2,2,2160,3840,1,1225000,567,,,,Danny Adamson,Lake & Company,Engel & Voelkers Seattle DT,47.6840287,-122.3792382,https://www.redfin.com/WA/Seattle/7525-17th-Ave-NW-98117/home/165538
2026-09-19T19:54:21.154Z,Central Seattle,2026-05-06,171935751,213649695,2501633,Closed,115 27th Ave E Unit D,Unit D,Seattle,WA,98112,Seattle,Townhouse,3,2019,2,2,2,1517,1242,1.5,805000,531,,,,Yang Song,MY REALTY GROUP LLC,Ensemble,47.6193592,-122.2975637,https://www.redfin.com/WA/Seattle/115-27th-Ave-E-98112/unit-D/home/171935751
2026-09-19T19:54:21.154Z,Ballard (specific),2026-05-06,200155701,213782110,2503716,Closed,928 NW 57th St Unit A,Unit A,Seattle,WA,98107,Ballard,Townhouse,3,2026,3,2.5,2,1702,1400,1.5,880000,517,,,,Tony Ferrelli,"Windermere R.E. Northeast, Inc",COMPASS,47.6703731,-122.3699473,https://www.redfin.com/WA/Seattle/928-NW-57th-St-98107/unit-A/home/200155701
2026-09-19T19:54:21.154Z,Ballard (specific),2026-05-06,201213045,213779331,2503629,Closed,1129 NW 58th St Unit A,Unit A,Seattle,WA,98107,Ballard,Townhouse,3,2026,3,3.5,3,1786,1377,1.5,1069950,599,24,,,Tony Ferrelli,"Windermere R.E. Northeast, Inc",Windermere Real Estate Midtown,47.6706912,-122.3721209,https://www.redfin.com/WA/Seattle/1129-NW-58th-St-98107/unit-A/home/201213045
2026-09-19T19:54:21.154Z,Magnolia,2026-05-06,201393505,214080935,2507337,Closed,2314 Thorndyke Ave W Unit E,Unit E,Seattle,WA,98199,Magnolia,Townhouse,3,2020,3,2,2,1958,2688,1.5,1002000,512,,,,Kris Murphy,KW Greater Seattle,KW Greater Seattle,47.6396036,-122.386652,https://www.redfin.com/WA/Seattle/2314-Thorndyke-Ave-W-98199/unit-E/home/201393505
2026-09-19T19:54:21.154Z,Wallingford,2026-05-06,201478436,214302764,2511888,Closed,4418 1st Ave NE Unit B,Unit B,Seattle,WA,98105,Wallingford,Townhouse,3,2026,3,2,2,1223,879,1.5,799000,653,72,,,John Cowan,Windermere Real Estate Co.,eXp Realty,47.6607494,-122.3282886,https://www.redfin.com/WA/Seattle/4418-1st-Ave-NE-98103/unit-B/home/201478436
2026-09-19T19:54:21.154Z,Maple Leaf,2026-05-06,202078634,216233966,2532664,Closed,522 NE 89th St Unit B,Unit B,Seattle,WA,98115,Maple Leaf,Single Family,1,2026,2,2.5,2,1089,1858,2,784000,720,12,,,Tyler Anderson,Windermere Real Estate Co.,COMPASS,47.693331,-122.3220512,https://www.redfin.com/WA/Seattle/522-NE-89th-St-98115/unit-B/home/202078634
2026-09-19T19:54:21.154Z,Green Lake,2026-05-06,307454,214173156,2509590,Closed,8207 Meridian Ave N,,Seattle,WA,98103,Green Lake,Single Family,1,1913,3,2,2,1847,4320,1.5,1098000,594,,,,Andrew Ball,John L Scott Madrona Group,Bushwick,47.6889315,-122.3335006,https://www.redfin.com/WA/Seattle/8207-Meridian-Ave-N-98103/home/307454
2026-09-19T19:54:21.154Z,NE Seattle,2026-05-06,321119,211757305,2472795,Closed,6833 47th Ave NE,,Seattle,WA,98115,View Ridge,Single Family,1,1944,4,3,3,2994,6435,1,1349000,451,,,,Sheri Putzke,Windermere Real Estate/East,CENTURY 21 North Homes Realty,47.6785482,-122.278292,https://www.redfin.com/WA/Seattle/6833-47th-Ave-NE-98115/home/321119
2026-09-19T19:54:21.154Z,West Seattle,2026-05-06,328196,213854051,2504921,Closed,4418 40th Ave SW,,Seattle,WA,98116,Genesee,Single Family,1,1910,3,2.5,2,1970,4313,1,1200000,609,,,,John Manning,RE/MAX Gateway,"Windermere RE North, Inc.",47.5640654,-122.3824696,https://www.redfin.com/WA/Seattle/4418-40th-Ave-SW-98116/home/328196
2026-09-19T19:54:21.154Z,West Seattle,2026-05-06,329035,214819618,2519603,Closed,3446 39th Ave SW,,Seattle,WA,98116,Belvidere,Single Family,1,1910,2,2,2,1950,5000,1.5,650000,333,,,,Scott Monroe,Windermere West Metro,RSVP Brokers ERA,47.5717803,-122.3811041,https://www.redfin.com/WA/Seattle/3446-39th-Ave-SW-98116/home/329035
2026-09-19T19:54:21.154Z,West Seattle,2026-05-06,470470,213865738,2504378,Closed,5211 40th Ave SW,,Seattle,WA,98136,Fairmount,Single Family,1,1956,4,1.5,1,2160,6000,1,1110000,514,,,,Brent Fosso,John L Scott RE West Seattle,eXp Realty,47.5552337,-122.3832133,https://www.redfin.com/WA/Seattle/5211-40th-Ave-SW-98136/home/470470
2026-09-19T19:54:21.154Z,West Seattle,2026-05-06,474257,211066902,2470813,Closed,8829 20th Ave SW,,Seattle,WA,98106,Delridge,Single Family,1,1959,4,2,2,1870,7680,1,575000,307,,,,Veronica Songco,"Newberry Realty, Inc.",ZNonMember-Office-MLS,47.5238262,-122.359426,https://www.redfin.com/WA/Seattle/8829-20th-Ave-SW-98106/home/474257
2026-09-19T19:54:21.154Z,Beacon Hill,2026-05-05,12301491,212528353,2484481,Closed,1530 18th Ave S,,Seattle,WA,98144,N Beacon Hill,Townhouse,3,2007,3,2.5,2,1760,1541,1.5,825000,469,,,,Aaron Ebert,SPIRE ONE Realty,COMPASS,47.5891164,-122.3092599,https://www.redfin.com/WA/Seattle/1530-18th-Ave-S-98144/home/12301491
2026-09-19T19:54:21.154Z,Queen Anne,2026-05-05,133183,213876607,2502668,Closed,1953 9th Ave W,,Seattle,WA,98119,Queen Anne,Single Family,1,1988,4,2.5,2,3454,3720,2,2225000,644,,,,Sandra Cugier,COMPASS,KW Greater Seattle,47.6374691,-122.3694531,https://www.redfin.com/WA/Seattle/1953-9th-Ave-W-98119/home/133183
2026-09-19T19:54:21.154Z,Central Seattle,2026-05-05,136247,213825969,2496912,Closed,1212 21st Ave E,,Seattle,WA,98112,North Capitol Hill,Single Family,1,1908,5,3.5,3,6130,8100,,3195000,521,,,,Scott Perret,COMPASS,Realogics Sotheby's Int'l Rlty,47.6310383,-122.3043944,https://www.redfin.com/WA/Seattle/1212-21st-Ave-E-98112/home/136247
2026-09-19T19:54:21.154Z,Central Seattle,2026-05-05,148135,213214326,2493616,Closed,1724 31st Ave,,Seattle,WA,98122,Madrona,Single Family,1,1928,4,2,2,2160,4000,2,1395000,646,,,,Jacquelyn Phillips,Keller Williams Seattle Metro,COMPASS,47.6172527,-122.2921378,https://www.redfin.com/WA/Seattle/1724-31st-Ave-98122/home/148135
2026-09-19T19:54:21.154Z,Central Seattle,2026-05-05,148209,213876416,2504353,Closed,1826 31st Ave,,Seattle,WA,98122,Madrona,Single Family,1,1908,2,2,2,1523,4000,1,1157000,760,,,,Matthew Miner,COMPASS,COMPASS,47.6184248,-122.2920525,https://www.redfin.com/WA/Seattle/1826-31st-Ave-98122/home/148209
2026-09-19T19:54:21.154Z,West Seattle,2026-05-05,149520,214021841,2506298,Closed,5041 SW Prince St,,Seattle,WA,98116,North Admiral,Single Family,1,1928,3,1.5,1,2380,5000,2,1330000,559,,,,Anna Schwartz,John L Scott RE West Seattle,Designed Realty,47.58249,-122.3962335,https://www.redfin.com/WA/Seattle/5041-SW-Prince-St-98116/home/149520
2026-09-19T19:54:21.154Z,West Seattle,2026-05-05,150854,211684701,2475567,Closed,3010 SW City View St,,Seattle,WA,98126,West Seattle,Single Family,1,1946,0,1,1,740,2992,1,425000,574,,,,Brett Faulds,Real Residential,Lake & Company,47.5737785,-122.3720788,https://www.redfin.com/WA/Seattle/3010-SW-City-View-St-98126/home/150854
2026-09-19T19:54:21.154Z,Beacon Hill,2026-05-05,169921,213884809,2504117,Closed,3909 13th Ave S,,Seattle,WA,98108,Beacon Hill,Single Family,1,1953,3,2,2,1850,4200,1,800000,432,,,,David Palmer,Redfin,Keller Williams Seattle Metro,47.5686085,-122.3164825,https://www.redfin.com/WA/Seattle/3909-13th-Ave-S-98108/home/169921
2026-09-19T19:54:21.154Z,Central Seattle,2026-05-05,171913757,212508313,2485011,Closed,1422 E Cherry St,,Seattle,WA,98122,Capitol Hill,Townhouse,3,2021,3,2.5,2,1420,800,1.5,925000,651,,,,Jennifer Graves,Terrafin,Windermere Real Estate/Summit,47.6081914,-122.3132534,https://www.redfin.com/WA/Seattle/1422-E-Cherry-St-98122/home/171913757
2026-09-19T19:54:21.154Z,West Seattle,2026-05-05,197345470,213320129,2496171,Closed,4123 B Chilberg Ave SW,,Seattle,WA,98116,Beach Drive,Townhouse,3,2025,3,2.5,2,1728,1,1.5,964950,558,0,,,Albert Clark,Real Residential,Lake & Company,47.5668318,-122.4082178,https://www.redfin.com/WA/Seattle/4123-Chilberg-Ave-SW-98116/home/197345470
2026-09-19T19:54:21.154Z,Ballard (specific),2026-05-05,200842440,212978759,2489818,Closed,1129 NW 58th St Unit B,Unit B,Seattle,WA,98107,Ballard,Townhouse,3,2026,3,2.5,2,1644,1096,1.5,889850,541,24,,,Tony Ferrelli,"Windermere R.E. Northeast, Inc",Windermere Real Estate/Summit,47.6706912,-122.3721209,https://www.redfin.com/WA/Seattle/1129-NW-58th-St-98107/unit-B/home/200842440
2026-09-19T19:54:21.154Z,Eastlake,2026-05-05,201389471,214059683,2506056,Closed,2321 Fairview Ave E #4,#4,Seattle,WA,98102,Eastlake,Single Family,1,1950,2,1,1,920,19500,1,1020000,1109,622,,,Melissa Ahlers,COMPASS,Every Door Real Estate,47.640468,-122.330187,https://www.redfin.com/WA/Seattle/2321-Fairview-Ave-E-98102/unit-4/home/201389471
2026-09-19T19:54:21.154Z,Ballard (specific),2026-05-05,290578,213904404,2494533,Closed,3511 NW 67th St,,Seattle,WA,98117,Sunset Hill,Single Family,1,1953,4,3,3,2230,8500,1,1560000,700,,,,Debbie Jefferson,Lake & Company,Windermere Real Estate Midtown,47.6766856,-122.4027299,https://www.redfin.com/WA/Seattle/3511-NW-67th-St-98117/home/290578
2026-09-19T19:54:21.154Z,Fremont,2026-05-05,298780,213805589,2503918,Closed,521 N 47th St,,Seattle,WA,98103,Fremont,Single Family,1,1921,3,2.5,2,2430,3500,2,1407000,579,,,,Chris Conroy,Ensemble,Every Door Real Estate,47.6627099,-122.3517417,https://www.redfin.com/WA/Seattle/521-N-47th-St-98103/home/298780
2026-09-19T19:54:21.154Z,NE Seattle,2026-05-05,311599,213626928,2500740,Closed,5519 12th Ave NE,,Seattle,WA,98105,University District,Single Family,1,1907,4,1.5,1,2100,4000,2,775000,369,,,,Stacey Koutlas,Coldwell Banker Danforth,Marketplace Sotheby's Intl Rty,47.6691744,-122.31546,https://www.redfin.com/WA/Seattle/5519-12th-Ave-NE-98105/home/311599
2026-09-19T19:54:21.154Z,NE Seattle,2026-05-05,313460,213872848,2504521,Closed,4340 NE 56th St,,Seattle,WA,98105,Hawthorne Hills,Single Family,1,1942,2,1,1,1300,6400,1.5,1131000,870,,,,Kim Dales,Windermere Real Estate Co.,Windermere Real Estate Midtown,47.6696797,-122.2803153,https://www.redfin.com/WA/Seattle/4340-NE-56th-St-98105/home/313460
2026-09-19T19:54:21.154Z,West Seattle,2026-05-05,469075,212736610,2486986,Closed,3960 SW Austin St,,Seattle,WA,98136,Gatewood,Single Family,1,1960,5,3,3,2540,5327,1,1150000,453,,,,Sarah Mosley,Windermere West Metro,KW Greater Seattle,47.5352965,-122.3846283,https://www.redfin.com/WA/Seattle/3960-SW-Austin-St-98136/home/469075
2026-09-19T19:54:21.154Z,West Seattle,2026-05-05,474001,213497391,2499158,Closed,8620 35th Ave SW,,Seattle,WA,98126,Westwood,Single Family,1,1921,2,1,1,930,7200,1,522000,561,,,,Nadia Rizk,Inspire Realty,Coldwell Banker Bain,47.5257938,-122.3763043,https://www.redfin.com/WA/Seattle/8620-35th-Ave-SW-98126/home/474001
2026-09-19T19:54:21.154Z,NW Seattle,2026-05-05,97175,213883343,2504476,Closed,117 NW 130th St,,Seattle,WA,98133,Broadview,Single Family,1,1963,3,2,2,1790,7200,1,1000000,559,,,,Briana Schiavone,Keller Williams Realty PS,Realty ONE Group Orca Gold,47.722995,-122.357446,https://www.redfin.com/WA/Seattle/117-N-130th-St-98133/home/97175
2026-09-19T19:54:21.154Z,Northgate,2026-05-05,99741,212567398,2485751,Closed,11917 Stendall Pl N,,Seattle,WA,98133,Haller Lake,Townhouse,3,1980,2,2,2,1460,3200,1.5,665000,455,600,,,Lino Guidero,Realogics Sotheby's Int'l Rlty,Ensemble,47.7157842,-122.3401245,https://www.redfin.com/WA/Seattle/11917-Stendall-Pl-N-98133/home/99741
2026-09-19T19:54:21.154Z,West Seattle,2026-05-04,113995301,213411570,2495725,Closed,7724 16th Ave SW,,Seattle,WA,98106,Highland Park,Single Family,1,2019,5,3,3,2400,4000,2,900000,375,,,,Paul Bettinson,Redfin,"Skyline Properties, Inc.",47.5329944,-122.3547309,https://www.redfin.com/WA/Seattle/7724-16th-Ave-SW-98106/home/113995301
2026-09-19T19:54:21.154Z,NE Seattle,2026-05-04,121573,213136449,2490784,Closed,4006 NE 38th St,,Seattle,WA,98105,Laurelhurst,Single Family,1,1935,3,1.5,1,2226,5000,2,1650000,741,,,,Dillon Chatriand,Windermere West Metro,Windermere Real Estate Co.,47.6567994,-122.2846015,https://www.redfin.com/WA/Seattle/4006-NE-38th-St-98105/home/121573
2026-09-19T19:54:21.154Z,Magnolia,2026-05-04,123943,213416491,2496744,Closed,2507 27th Ave W,,Seattle,WA,98199,Magnolia,Single Family,1,1940,4,4,4,3137,3900,2,2300222,733,,,,Ginger Ard,Windermere RE Magnolia,Windermere Real Estate Co.,47.6415401,-122.3919679,https://www.redfin.com/WA/Seattle/2507-27th-Ave-W-98199/home/123943
2026-09-19T19:54:21.154Z,Magnolia,2026-05-04,126771,213674577,2499223,Closed,3046 43rd Ave W,,Seattle,WA,98199,Magnolia,Single Family,1,1999,5,4.5,4,5775,5800,,3200000,554,,,,Kristen Eichelberger,Windermere RE Magnolia,The Agency Seattle,47.6481865,-122.4116055,https://www.redfin.com/WA/Seattle/3046-43rd-Ave-W-98199/home/126771
2026-09-19T19:54:21.154Z,West Seattle,2026-05-04,154883,211754467,2473028,Closed,3112 SW 97th St,,Seattle,WA,98126,Arbor Heights,Single Family,1,1942,2,1,1,740,2783,1,515000,696,21,,,Tristan Hoyle,eXp Realty,Windermere Real Estate Midtown,47.5168307,-122.3728688,https://www.redfin.com/WA/Seattle/3112-SW-97th-St-98126/home/154883
2026-09-19T19:54:21.154Z,West Seattle,2026-05-04,159138,213879575,2502956,Closed,4409 26th Ave SW,,Seattle,WA,98106,Delridge,Single Family,1,1920,3,2.5,2,1660,5360,1,825000,497,,,,Bliss Ong,Redfin,Redfin,47.5643688,-122.3658142,https://www.redfin.com/WA/Seattle/4409-26th-Ave-SW-98106/home/159138
2026-09-19T19:54:21.154Z,Ballard (specific),2026-05-04,163578,214723681,2518134,Closed,2200 NW 67th St,,Seattle,WA,98117,Ballard,Single Family,1,1915,3,1,1,1540,5100,1.5,1010000,656,,,,Angela Woodard,COMPASS,COMPASS,47.677856,-122.3845187,https://www.redfin.com/WA/Seattle/2200-NW-67th-St-98117/home/163578
2026-09-19T19:54:21.154Z,Northgate,2026-05-04,22496117,212046252,2478684,Closed,11740 Burke Ave N,,Seattle,WA,98133,Haller Lake,Single Family,1,2009,4,3.5,3,2080,2448,1.5,900000,433,,,,Jim Conlan,CENTURY 21 North Homes Realty,CENTURY 21 North Homes Realty,47.7151711,-122.3350192,https://www.redfin.com/WA/Seattle/11740-Burke-Ave-N-98133/home/22496117
2026-09-19T19:54:21.154Z,Fremont,2026-05-04,303562,213690967,2501766,Closed,3955 Phinney Ave N,,Seattle,WA,98103,Fremont,Single Family,1,1930,2,2,2,1810,4000,1.5,1205000,666,,,,Doron Weisbarth,Weisbarth & Associates,Windermere Real Estate Midtown,47.6548562,-122.3547609,https://www.redfin.com/WA/Seattle/3955-Phinney-Ave-N-98103/home/303562
2026-09-19T19:54:21.154Z,NE Seattle,2026-05-04,310818,213414428,2497314,Closed,7012 Ravenna Ave NE,,Seattle,WA,98115,Ravenna,Single Family,1,2024,4,3.5,3,3210,4326,2,2411000,751,,,,Chandra Gordon,Redfin,COMPASS,47.6798775,-122.3036408,https://www.redfin.com/WA/Seattle/7012-Ravenna-Ave-NE-98115/home/310818
2026-09-19T19:54:21.154Z,NE Seattle,2026-05-04,312260,213156927,2494045,Closed,5727 33rd Ave NE,,Seattle,WA,98105,Bryant,Single Family,1,2003,5,3,3,3220,6720,2,2600000,807,,,,Byuri Kim,Windermere Real Estate Co.,Windermere R E Mount Baker,47.6712093,-122.2929478,https://www.redfin.com/WA/Seattle/5727-33rd-Ave-NE-98105/home/312260
2026-09-19T19:54:21.154Z,West Seattle,2026-05-04,330280,213833107,2490479,Closed,3019 Garlough Ave SW,,Seattle,WA,98116,Admiral,Single Family,1,1925,4,3,3,2957,5000,1,1495000,506,,,,Forrest Moody,Redfin,Windermere West Metro,47.5768972,-122.3970113,https://www.redfin.com/WA/Seattle/3019-Garlough-Ave-SW-98116/home/330280
2026-09-19T19:54:21.154Z,West Seattle,2026-05-04,471037,213123801,2490697,Closed,4725 37th Ave SW,,Seattle,WA,98126,Alaska Junction,Single Family,1,1925,4,2,2,1680,4223,1,990000,589,,,,Russ O'Ja,"Eklund Real Estate, Inc.",Acre Real Estate,47.5602659,-122.3791437,https://www.redfin.com/WA/Seattle/4725-37th-Ave-SW-98126/home/471037
2026-09-19T19:54:21.154Z,West Seattle,2026-05-04,51691,213417232,2497135,Closed,5642 California Ave SW #3,#3,Seattle,WA,98136,Fairmount,Single Family,1,1980,2,1,1,772,7500,1,396000,513,446,,,Aaron Calvo,Windermere West Metro,Windermere West Metro,47.55086,-122.386714,https://www.redfin.com/WA/Seattle/5642-California-Ave-SW-98136/unit-3/home/51691
2026-09-19T19:54:21.154Z,Wallingford,2026-05-03,303972,214059002,2507755,Closed,5801 Kensington Pl N,,Seattle,WA,98103,Green Lake,Single Family,1,2016,5,3.5,3,4560,7500,2,3882000,851,,,,Maria Rippee,Windermere Real Estate Co.,Every Door Real Estate,47.6709445,-122.3319798,https://www.redfin.com/WA/Seattle/5801-Kensington-Pl-N-98103/home/303972
2026-09-19T19:54:21.154Z,NW Seattle,2026-05-01,101526,213830429,2501854,Closed,8752 2nd Ave NW,,Seattle,WA,98117,Greenwood,Single Family,1,1932,2,1,1,1006,6350,1,882000,877,,,,Earnest Watts,Redfin,Lake & Company,47.6939805,-122.3590994,https://www.redfin.com/WA/Seattle/8752-2nd-Ave-NW-98117/home/101526
2026-09-19T19:54:21.154Z,Northgate,2026-05-01,104395,213217361,2492770,Closed,1502 N 107th St,,Seattle,WA,98133,Northgate,Single Family,1,1946,2,1,1,1390,7500,1,785000,565,,,,Dana Johnston,Windermere Real Estate Midtown,Coldwell Banker Danforth,47.7070401,-122.3390964,https://www.redfin.com/WA/Seattle/1502-N-107th-St-98133/home/104395
2026-09-19T19:54:21.154Z,Maple Leaf,2026-05-01,107433,213911489,2504001,Closed,9524 20th Ave NE,,Seattle,WA,98115,Maple Leaf,Single Family,1,1940,2,2,2,1460,9520,1,1055000,723,,,,Aubrey Shanks,"Windermere Real Estate/M2, LLC",Ensemble,47.698303,-122.3066114,https://www.redfin.com/WA/Seattle/9524-20th-Ave-NE-98115/home/107433
2026-09-19T19:54:21.154Z,Maple Leaf,2026-05-01,107568,213873520,2499837,Closed,10317 Roosevelt Way NE,,Seattle,WA,98125,Maple Leaf,Single Family,1,1972,3,2,2,2020,4930,1.5,742000,367,,,,Marisa Callaghan,Coldwell Banker Danforth,Windermere Real Estate Midtown,47.7036078,-122.3181156,https://www.redfin.com/WA/Seattle/10317-Roosevelt-Way-NE-98125/home/107568
2026-09-19T19:54:21.154Z,Maple Leaf,2026-05-01,109685,213601191,2497552,Closed,8535 4th Ave NE,,Seattle,WA,98115,Maple Leaf,Single Family,1,2013,5,3,3,3300,7006,2,2150000,652,,,,David Marks,Portico Real Estate,Real Residential,47.6915507,-122.3246918,https://www.redfin.com/WA/Seattle/8535-4th-Ave-NE-98115/home/109685
2026-09-19T19:54:21.154Z,Ballard (specific),2026-05-01,113995044,212339510,2481577,Closed,2634 NW 58th St Unit B,Unit B,Seattle,WA,98107,Ballard,Townhouse,3,2018,3,2.5,2,1460,1000,1.5,830000,568,,,,Maynard Wagner,Real Broker LLC,Coldwell Banker Bain,47.67123,-122.391692,https://www.redfin.com/WA/Seattle/2634-NW-58th-St-98107/unit-B/home/113995044
2026-09-19T19:54:21.154Z,Magnolia,2026-05-01,122929,212637734,2486354,Closed,3606 W Commodore Way,,Seattle,WA,98199,Magnolia,Single Family,1,1970,3,3,3,3170,7375,1,1946000,614,,,,Dawn Bourdo,COMPASS,Portico Real Estate,47.6660964,-122.4038916,https://www.redfin.com/WA/Seattle/3606-W-Commodore-Way-98199/home/122929
2026-09-19T19:54:21.154Z,Magnolia,2026-05-01,127310,213468637,2498528,Closed,4015 W Prosper St,,Seattle,WA,98199,Magnolia,Single Family,1,1948,3,2,2,2070,4612,1,1150000,556,,,,Dawn Bourdo,COMPASS,"Real Property Associates, Inc.",47.6493899,-122.4087067,https://www.redfin.com/WA/Seattle/4015-W-Prosper-St-98199/home/127310
2026-09-19T19:54:21.154Z,Central Seattle,2026-05-01,138599,212967085,2483730,Closed,1633 E Calhoun St,,Seattle,WA,98112,Montlake,Single Family,1,1940,4,3.5,3,3159,5000,2,2650000,839,,,,Brad Cahill,Real Residential,Windermere Real Estate Co.,47.6408353,-122.3092343,https://www.redfin.com/WA/Seattle/1633-E-Calhoun-St-98112/home/138599
2026-09-19T19:54:21.154Z,Central Seattle,2026-05-01,140225,213387648,2495955,Closed,2315 38th Ave E,,Seattle,WA,98112,Madison Park,Single Family,1,2005,5,3.5,3,3220,5850,2,3075000,955,,,,David Hale,Windermere Real Estate Co.,COMPASS,47.6399518,-122.2851483,https://www.redfin.com/WA/Seattle/2315-38th-Ave-E-98112/home/140225
2026-09-19T19:54:21.154Z,Central Seattle,2026-05-01,147487,214053264,2503986,Closed,2620 E Roy St,,Seattle,WA,98112,Capitol Hill,Single Family,1,1904,3,2,2,1550,3300,1.5,1000000,645,,,,Benjamin Chotzen,COMPASS,Windermere Real Estate Midtown,47.6253368,-122.2977625,https://www.redfin.com/WA/Seattle/2620-E-Roy-St-98112/home/147487
2026-09-19T19:54:21.154Z,West Seattle,2026-05-01,158409,214169433,2508820,Closed,3918 SW 107th St,,Seattle,WA,98146,Arbor Heights,Single Family,1,1952,3,2.5,2,2370,8176,2,1415000,597,,,,Sarah Georger-Clark,COMPASS,"John L. Scott, Inc",47.5076432,-122.3823865,https://www.redfin.com/WA/Seattle/3918-SW-107th-St-98146/home/158409
2026-09-19T19:54:21.154Z,Central Seattle,2026-05-01,167315864,210942121,2467242,Closed,1117 34th Ave Unit B,Unit B,Seattle,WA,98122,Madrona,Townhouse,3,2019,2,1.5,1,1130,889,1.5,800000,708,445,,,Anne Willoughby Nelson,COMPASS,Windermere Real Estate Midtown,47.6121567,-122.2896404,https://www.redfin.com/WA/Seattle/1117-34th-Ave-98122/unit-B/home/167315864
2026-09-19T19:54:21.154Z,Central Seattle,2026-05-01,174044605,213210950,2495006,Closed,609 15th Ave E,,Seattle,WA,98112,Capitol Hill,Townhouse,3,2021,2,2,2,1722,1184,1.5,997500,579,,,,Barb Pexa,Keller Williams Rlty Bellevue,Seattle Works Real Estate,47.6246354,-122.312738,https://www.redfin.com/WA/Seattle/609-15th-Ave-E-98112/home/174044605
2026-09-19T19:54:21.154Z,Central Seattle,2026-05-01,183989286,212051862,2472929,Closed,901 28th Ave S Unit H,Unit H,Seattle,WA,98144,Leschi,Townhouse,3,2022,3,2,2,1350,2294,1.5,739000,547,,,,Melissa Rupcich,Redfin,COMPASS,47.594501,-122.296857,https://www.redfin.com/WA/Seattle/901-28th-Ave-S-98144/unit-H/home/183989286
2026-09-19T19:54:21.154Z,West Seattle,2026-05-01,200660225,212475955,2483002,Closed,6530 18th Ave SW Unit B,Unit B,Seattle,WA,98106,West Seattle,Townhouse,3,2025,3,2.5,2,1000,3522,1.5,690000,690,,,,Janie Lee,"John L. Scott, Inc",Windermere Real Estate Midtown,47.5438591,-122.3569124,https://www.redfin.com/WA/Seattle/6530-18th-Ave-SW-98106/unit-B/home/200660225
2026-09-19T19:54:21.154Z,West Seattle,2026-05-01,200728665,212647213,2474999,Closed,3619 SW Dakota,,Seattle,WA,98126,Belvidere,Townhouse,3,2026,2,2,2,1056,876,1.5,799000,757,128,,,,Windermere Real Estate Co.,Redfin,47.5663305,-122.3784434,https://www.redfin.com/WA/Seattle/3619-SW-Dakota-St-98126/home/200728665
2026-09-19T19:54:21.154Z,Central Seattle,2026-05-01,200785969,212805830,2488922,Closed,1104 C 34th Ave,,Seattle,WA,98122,Madrona,Townhouse,3,2026,2,2,2,1586,548,1.5,1025000,646,,,,Dustin Van Wyck,"Windermere RE/Capitol Hill,Inc",Windermere Real Estate Co.,47.6119185,-122.2891241,https://www.redfin.com/WA/Seattle/1104-C-34th-Ave-98122/home/200785969
2026-09-19T19:54:21.154Z,Fremont,2026-05-01,201677969,214672733,2517222,Closed,1200 N Allen Pl,,Seattle,WA,98103,Wallingford,Single Family,1,2025,4,3,3,2449,1638,3,1545000,631,,,,Ed Flanigan,Keller Williams North Seattle,Pointe3 Real Estate,47.6608642,-122.3436176,https://www.redfin.com/WA/Seattle/1200-N-Allen-Pl-98103/home/201677969
2026-09-19T19:54:21.154Z,NE Seattle,2026-05-01,315010,213613089,2501050,Closed,8049 44th Ave NE,,Seattle,WA,98115,Wedgwood,Single Family,1,2014,5,3.5,3,2535,6534,2,1720000,679,,,,Donovan Shelton,Windermere Real Estate Co.,Windermere RE Greenwood,47.6880442,-122.2814954,https://www.redfin.com/WA/Seattle/8049-44th-Ave-NE-98115/home/315010
2026-09-19T19:54:21.154Z,NE Seattle,2026-05-01,317427,213208078,2494822,Closed,7003 37th Ave NE,,Seattle,WA,98115,Bryant,Single Family,1,2025,5,4.5,4,4207,3972,3,2559900,608,25,,,Chris Randall,Lake & Company,WaLaw Realty LLC,47.6796114,-122.2885084,https://www.redfin.com/WA/Seattle/7003-37th-Ave-NE-98115/home/317427
2026-09-19T19:54:21.154Z,West Seattle,2026-05-01,329470,213911490,2505504,Closed,3719 38th Ave SW,,Seattle,WA,98126,Belvidere,Single Family,1,1954,4,1.5,1,1710,5650,1.5,1055000,617,,,,Bill Pallis,Windermere Real Estate/East,COMPASS,47.5706833,-122.3808046,https://www.redfin.com/WA/Seattle/3719-38th-Ave-SW-98126/home/329470
2026-09-19T19:54:21.154Z,West Seattle,2026-05-01,330903,214742717,2518399,Closed,2724 44th Ave SW,,Seattle,WA,98116,Admiral,Single Family,1,1914,3,2,2,1596,5650,1.5,951000,596,,,,,,Keller Williams Seattle Metro,47.5785742,-122.3876023,https://www.redfin.com/WA/Seattle/2724-44th-Ave-SW-98116/home/330903
2026-09-19T19:54:21.154Z,West Seattle,2026-05-01,471712,213200147,2494073,Closed,6357 38th Ave SW,,Seattle,WA,98126,Gatewood,Townhouse,3,2026,5,3.5,3,2834,,1.5,1550000,547,3,,,Jodi Hill,Keller Williams Seattle Metro,COMPASS,47.5449419,-122.3808385,https://www.redfin.com/WA/Seattle/6357-38th-Ave-SW-98126/home/471712
2026-09-19T19:54:21.154Z,Ballard (specific),2026-05-01,494728,213806727,2500636,Closed,927 NW 58th St,,Seattle,WA,98107,Ballard,Single Family,1,1970,2,2,2,2700,5000,1,1005000,372,,,,Jed Kliman,Windermere RE Greenwood,Lake & Company,47.6706713,-122.3699242,https://www.redfin.com/WA/Seattle/927-NW-58th-St-98107/home/494728
2026-09-19T19:54:21.154Z,NW Seattle,2026-05-01,96987,213691646,2502562,Closed,11007 2nd Ave NW,,Seattle,WA,98177,Broadview,Single Family,1,1950,4,3,3,2140,9063,1,1295000,605,,,,Megan Halter,"Heaton Dainard, LLC",ZNonMember-Office-MLS,47.7091056,-122.3597671,https://www.redfin.com/WA/Seattle/11007-2nd-Ave-NW-98177/home/96987
2026-09-19T19:54:21.154Z,Northgate,2026-04-30,103967,212815338,2489026,Closed,12250 Densmore Ave N,,Seattle,WA,98133,Haller Lake,Single Family,1,1947,4,2.5,2,2440,10457,1,1149950,471,,,,James Dainard,"Heaton Dainard, LLC",Windermere Real Estate/East,47.7186503,-122.3377882,https://www.redfin.com/WA/Seattle/12250-Densmore-Ave-N-98133/home/103967
2026-09-19T19:54:21.154Z,NE Seattle,2026-04-30,108682,213292717,2491672,Closed,1111 NE 80th St,,Seattle,WA,98115,Maple Leaf,Single Family,1,1925,1,1,1,1540,3200,1,450000,292,,,,Laura Henderson,Designed Realty,ZNonMember-Office-MLS,47.6865472,-122.3157283,https://www.redfin.com/WA/Seattle/1111-NE-80th-St-98115/home/108682
2026-09-19T19:54:21.154Z,Wallingford,2026-04-30,117346,213645388,2501230,Closed,4726 Thackeray Pl NE,,Seattle,WA,98105,Wallingford,Single Family,1,1920,5,3,3,3216,4080,,1695000,527,,,,Stacey Brower,KW Greater Seattle,Real Residential,47.663977,-122.3258127,https://www.redfin.com/WA/Seattle/4726-Thackeray-Pl-NE-98105/home/117346
2026-09-19T19:54:21.154Z,Magnolia,2026-04-30,124650,213129216,2493873,Closed,3411 21st Ave W Unit A,Unit A,Seattle,WA,98199,Magnolia,Townhouse,3,2008,3,3.5,3,1760,1601,1.5,825000,469,,,,Chris Dalto,Real Broker LLC,Timber Real Estate,47.6507359,-122.3836659,https://www.redfin.com/WA/Seattle/3411-21st-Ave-W-98199/unit-A/home/124650
2026-09-19T19:54:21.154Z,Magnolia,2026-04-30,127036,212977813,2490586,Closed,2419 28th Ave W,,Seattle,WA,98199,Magnolia,Single Family,1,1927,3,2,2,2840,5452,2,1448000,510,,,,Gunnar Hadley,Windermere Real Estate Co.,COMPASS,47.6402033,-122.3933542,https://www.redfin.com/WA/Seattle/2419-28th-Ave-W-98199/home/127036
2026-09-19T19:54:21.154Z,Fremont,2026-04-30,12837,214153331,2500441,Closed,4800 Fremont Ave N #202,#202,Seattle,WA,98103,Fremont,Townhouse,3,1924,3,2,2,1826,,1.5,1065000,583,600,,,Patrick Corr,Windermere Real Estate Co.,Designed Realty,47.663942,-122.349291,https://www.redfin.com/WA/Seattle/4800-Fremont-Ave-N-98103/unit-202/home/12837
2026-09-19T19:54:21.154Z,Magnolia,2026-04-30,128618,211888055,2478742,Closed,2515 35th Ave W,,Seattle,WA,98199,Magnolia,Single Family,1,2025,7,5,5,3965,5000,2,2730000,689,,,,Mushtary Karimi,"John L. Scott, Inc.",Windermere Real Estate Midtown,47.641675,-122.4026583,https://www.redfin.com/WA/Seattle/2515-35th-Ave-W-98199/home/128618
2026-09-19T19:54:21.154Z,Queen Anne,2026-04-30,131538,213929951,2505954,Closed,1403 W Dravus St,,Seattle,WA,98119,Queen Anne,Single Family,1,1953,2,1,1,880,3000,1,649950,739,,,,Kelly Pournoor,Windermere RE Greenwood,Portico Real Estate,47.6482632,-122.3751723,https://www.redfin.com/WA/Seattle/1403-W-Dravus-St-98119/home/131538
2026-09-19T19:54:21.154Z,Queen Anne,2026-04-30,131598,209856138,2458242,Closed,807 W Armour St,,Seattle,WA,98119,Queen Anne,Single Family,1,2025,5,3.5,3,3270,3027,1.5,2410000,737,5,,,Ryan Gillis,Gillis Real Estate LLC,Lake & Company,47.6448312,-122.367962,https://www.redfin.com/WA/Seattle/807-W-Armour-St-98119/home/131598
2026-09-19T19:54:21.154Z,Queen Anne,2026-04-30,134280,209692628,2457662,Closed,2016 14th Ave W,,Seattle,WA,98119,Queen Anne,Single Family,1,1891,3,2,2,1740,4200,2,929000,534,,,,Kimberleigh King,Realogics Sotheby's Int'l Rlty,Windermere Real Estate/PSK Inc,47.6372969,-122.3746975,https://www.redfin.com/WA/Seattle/2016-14th-Ave-W-98119/home/134280
2026-09-19T19:54:21.154Z,Central Seattle,2026-04-30,137279,214647291,2516920,Closed,1205 21st Ave E,,Seattle,WA,98112,North Capitol Hill,Single Family,1,1910,5,4,3,6698,8050,,4050000,605,,,,Deirdre Doyle,Windermere Real Estate Midtown,Coldwell Banker Bain,47.6308176,-122.3050869,https://www.redfin.com/WA/Seattle/1205-21st-Ave-E-98112/home/137279
2026-09-19T19:54:21.154Z,Central Seattle,2026-04-30,146626,213858344,2503619,Closed,1427 MLK Jr Way,,Seattle,WA,98122,Madrona,Single Family,1,1909,3,3,3,2100,4800,1.5,1110500,529,,,,Heather Maddox,Windermere Real Estate/PSR Inc,Windermere Real Estate/East,47.6138058,-122.2966054,https://www.redfin.com/WA/Seattle/1427-Martin-Luther-King-Jr-Way-98122/home/146626
2026-09-19T19:54:21.154Z,West Seattle,2026-04-30,158664,213777727,2502922,Closed,8718 43rd Pl SW,,Seattle,WA,98136,Fauntleroy,Single Family,1,1972,3,2.5,2,1959,7458,,1649000,842,,,,Christy Shiers,Windermere Real Estate/East,"Windermere RE/Capitol Hill,Inc",47.5255912,-122.3879219,https://www.redfin.com/WA/Seattle/8718-43rd-Pl-SW-98136/home/158664
2026-09-19T19:54:21.154Z,West Seattle,2026-04-30,159701,212945121,2491323,Closed,4808 25th Ave SW,,Seattle,WA,98106,Delridge,Single Family,1,1984,3,3,3,1730,4800,2,791013,457,,,,Sam Forselius,"John L. Scott, Inc.",Berkshire Hathaway HS NW,47.5589321,-122.3638915,https://www.redfin.com/WA/Seattle/4808-25th-Ave-SW-98106/home/159701
2026-09-19T19:54:21.154Z,Ballard (specific),2026-04-30,162845,213901725,2505113,Closed,3449 NW 62nd St,,Seattle,WA,98107,Sunset Hill,Single Family,1,1949,3,2,2,2320,4020,1,1225000,528,,,,Mary Schile,"RE/MAX Metro Realty, Inc.",John L Scott RE West Seattle,47.6737411,-122.4032934,https://www.redfin.com/WA/Seattle/3449-NW-62nd-St-98107/home/162845
2026-09-19T19:54:21.154Z,Ballard (specific),2026-04-30,165098,213202129,2494781,Closed,2857 NW 73rd St,,Seattle,WA,98117,Sunset Hill,Single Family,1,1912,2,1,1,1100,2500,1,725000,659,,,,Sinead Keogh,COMPASS,Windermere Real Estate/East,47.6815255,-122.395507,https://www.redfin.com/WA/Seattle/2857-NW-73rd-St-98117/home/165098
2026-09-19T19:54:21.154Z,Ballard (specific),2026-04-30,165487,213881676,2504784,Closed,6511 26th Ave NW,,Seattle,WA,98117,Ballard,Single Family,1,1986,3,2.5,2,1470,3060,2,1060000,721,,,,Stephanie Moe,Rockwell Realty LLC,eXp Realty,47.6763284,-122.3900335,https://www.redfin.com/WA/Seattle/6511-26th-Ave-NW-98117/home/165487
2026-09-19T19:54:21.154Z,West Seattle,2026-04-30,169478675,212743579,2488361,Closed,2455 Wickstrom Pl SW,,Seattle,WA,98116,Alki,Townhouse,3,2019,2,2.5,2,1690,1391,1.5,955000,565,,,,,Windermere Real Estate Central,Redfin,47.5811731,-122.4022482,https://www.redfin.com/WA/Seattle/2455-Wickstrom-Pl-SW-98116/home/169478675
2026-09-19T19:54:21.154Z,Central Seattle,2026-04-30,181270260,210705694,2464573,Closed,901 28th Ave S Unit G,Unit G,Seattle,WA,98144,Leschi,Townhouse,3,2022,3,2,2,1350,779,1.5,679000,503,,,,Osama Khalaf,Redfin,"Skyline Properties, Inc.",47.594501,-122.296857,https://www.redfin.com/WA/Seattle/901-28th-Ave-S-98144/unit-G/home/181270260
2026-09-19T19:54:21.154Z,Central Seattle,2026-04-30,182390472,212731009,2483896,Closed,3110 Portage Bay Pl E Unit C,Unit C,Seattle,WA,98102,Portage Bay,Single Family,1,1975,2,1.5,1,1557,1271,1,1880263,1208,,,,Heidi Thomson-Daly,Ensemble,Windermere Real Estate/East,47.6492853,-122.3178107,https://www.redfin.com/WA/Seattle/3110-Portage-Bay-Pl-E-98102/unit-C/home/182390472
2026-09-19T19:54:21.154Z,NW Seattle,2026-04-30,193668353,213147466,2494182,Closed,9029 8th Ave NW Unit C,Unit C,Seattle,WA,98117,Crown Hill,Townhouse,3,2024,2,2,2,1165,1293,1.5,599950,515,45,,,John Cowan,Windermere Real Estate Co.,RE/MAX Northwest,47.6952461,-122.3664468,https://www.redfin.com/WA/Seattle/9029-8th-Ave-NW-98117/unit-C/home/193668353
2026-09-19T19:54:21.154Z,Wallingford,2026-04-30,199485442,213799152,2503424,Closed,1412 N 47th St Unit B,Unit B,Seattle,WA,98103,Wallingford,Townhouse,3,2026,3,3.5,3,1782,1099,1.5,1168000,655,,,,Deborah Song,Windermere Real Estate/East,Real Broker LLC,47.6631896,-122.340006,https://www.redfin.com/WA/Seattle/1412-N-47th-St-98103/unit-B/home/199485442
2026-09-19T19:54:21.154Z,NW Seattle,2026-04-30,199485792,214035929,2504036,Closed,7520 6th Ave NW,,Seattle,WA,98117,Ballard,Townhouse,3,2026,2,2,2,1029,1293,1.5,725000,705,,,,Grecia Thomas,"Real Property Associates, Inc.",Windermere Real Estate Central,47.6838662,-122.3631419,https://www.redfin.com/WA/Seattle/7522-6th-Ave-NW-98117/home/199485792
2026-09-19T19:54:21.154Z,West Seattle,2026-04-30,200584536,213434888,2498156,Closed,2628 58th Ave SW,,Seattle,WA,98116,Alki,Single Family,1,2025,3,2.5,2,1559,1692,,1100000,706,21,,,Rachel Olson,COMPASS,Coldwell Banker Bain,47.5799652,-122.4059213,https://www.redfin.com/WA/Seattle/2628-58th-Ave-SW-98116/home/200584536
2026-09-19T19:54:21.154Z,Ballard (specific),2026-04-30,200947860,213224003,2472085,Closed,8327 C 12th Ave NW,,Seattle,WA,98117,Whittier,Townhouse,3,2026,3,2.5,2,1870,1242,1.5,930000,497,5,,,Ray York,"Windermere RE/Capitol Hill,Inc",Windermere Real Estate/Summit,47.6895361,-122.3716589,https://www.redfin.com/WA/Seattle/8327-C-12th-Ave-NW-98117/home/200947860
2026-09-19T19:54:21.154Z,Northgate,2026-04-30,201101144,213625599,2501148,Closed,9732 Ashworth Ave N,,Seattle,WA,98103,Licton Springs,Townhouse,3,1981,1,1.5,1,1066,,1.5,438000,411,250,,,Chelsey Ryskalczyk,Pointe3 Real Estate,Realty One Group Orca,47.7006409,-122.3394352,https://www.redfin.com/WA/Seattle/9732-Ashworth-Ave-N-98103/home/201101144
2026-09-19T19:54:21.154Z,Green Lake,2026-04-30,201106127,213761797,2503466,Closed,2340 N 64th St Unit A,Unit A,Seattle,WA,98103,Green Lake,Townhouse,3,2026,5,3.5,3,2284,1642,1.5,1525000,668,107,,,John Cowan,Windermere Real Estate Co.,KW Greater Seattle,47.6753996,-122.3292215,https://www.redfin.com/WA/Seattle/2340-N-64th-St-98103/unit-A/home/201106127
2026-09-19T19:54:21.154Z,West Seattle,2026-04-30,201383391,213529981,2499511,Closed,4584 22nd Ave SW,,Seattle,WA,98106,Puget Ridge,Townhouse,3,2026,4,3.5,3,2097,1,1.5,949950,453,1,,,Tom Skepetaris,Realogics Sotheby's Int'l Rlty,COMPASS,47.5609497,-122.3614548,https://www.redfin.com/WA/Seattle/4584-22nd-Ave-SW-98106/home/201383391
2026-09-19T19:54:21.154Z,Northgate,2026-04-30,201991288,215876125,2528488,Closed,14054 Wallingford Ave N,,Seattle,WA,98133,Haller Lake,Single Family,1,1942,0,0.5,,19269,24150,1,1500000,78,,,,Carrie Gendron,FIRST AND MAIN,FIRST AND MAIN,47.732082,-122.3365669,https://www.redfin.com/WA/Seattle/14054-Wallingford-Ave-N-98133/home/201991288
2026-09-19T19:54:21.154Z,Ballard (specific),2026-04-30,2092908,214149118,2501432,Closed,2427 NW 57th St Unit B,Unit B,Seattle,WA,98107,Ballard,Townhouse,3,2000,3,2.5,2,1520,1300,1.5,850000,559,,,,Feng Zhang,KW Greater Seattle,Real Broker LLC,47.6700233,-122.3889262,https://www.redfin.com/WA/Seattle/2427-NW-57th-St-98107/unit-B/home/2092908
2026-09-19T19:54:21.154Z,Central Seattle,2026-04-30,22594317,213461945,2498706,Closed,1601 E Jefferson St,,Seattle,WA,98122,Central Area,Single Family,1,2022,4,2.5,2,2293,1917,1.5,1450000,632,117,,,Renee Rossi,Redfin,Lake & Company,47.6059112,-122.3113844,https://www.redfin.com/WA/Seattle/1601-E-Jefferson-St-98122/home/22594317
2026-09-19T19:54:21.154Z,West Seattle,2026-04-30,22690410,212978833,2490389,Closed,5059 37th Ave SW,,Seattle,WA,98126,Fairmount,Single Family,1,2022,5,4.5,4,3690,8636,2,1880000,509,,,,Samantha Mountain,KW Greater Seattle,Berkshire Hathaway HS NW,47.5557755,-122.379195,https://www.redfin.com/WA/Seattle/5059-37th-Ave-SW-98126/home/22690410
2026-09-19T19:54:21.154Z,Beacon Hill,2026-04-30,26773574,211061503,2468989,Closed,1211 S Grand St,,Seattle,WA,98144,Beacon Hill,Townhouse,3,2009,3,2,2,1590,888,1.5,740000,465,,,,Beth Ellis,KW Greater Seattle,KW Mountains to Sound Realty,47.5868965,-122.3168886,https://www.redfin.com/WA/Seattle/1211-S-Grand-St-98144/home/26773574
2026-09-19T19:54:21.154Z,West Seattle,2026-04-30,28581603,212992968,2489637,Closed,5955 Delridge Way SW,,Seattle,WA,98106,West Seattle,Townhouse,3,2009,3,3,3,1600,2250,1.5,655000,409,,,,Kevin Donovan,"Windermere R.E. Northeast, Inc",Real Broker LLC,47.5485394,-122.3633846,https://www.redfin.com/WA/Seattle/5955-Delridge-Way-SW-98106/home/28581603
2026-09-19T19:54:21.154Z,Wallingford,2026-04-30,304995,213144792,2488068,Closed,132 NE 52nd St,,Seattle,WA,98105,Wallingford,Single Family,1,2020,4,3.5,3,2950,3060,2,1999950,678,,,,Tamara Marson,Windermere Real Estate Midtown,COMPASS,47.6666759,-122.3271305,https://www.redfin.com/WA/Seattle/132-NE-52nd-St-98105/home/304995
2026-09-19T19:54:21.154Z,Green Lake,2026-04-30,307004,213478154,2498070,Closed,1341 N 78th St,,Seattle,WA,98103,Green Lake,Single Family,1,1924,4,2,2,1740,3605,1,1095000,629,,,,Doron Weisbarth,Weisbarth & Associates,Real Broker LLC,47.6853309,-122.3399631,https://www.redfin.com/WA/Seattle/1341-N-78th-St-98103/home/307004
2026-09-19T19:54:21.154Z,NE Seattle,2026-04-30,308832,213475541,2490345,Closed,810 NE Ravenna Blvd,,Seattle,WA,98115,Green Lake,Single Family,1,1921,3,2,2,1590,2760,1,865000,544,,,,Andrew Hafzalla,Real Broker LLC,COMPASS,47.6737072,-122.3195658,https://www.redfin.com/WA/Seattle/810-NE-Ravenna-Blvd-98115/home/308832
2026-09-19T19:54:21.154Z,NE Seattle,2026-04-30,318466,213472638,2498759,Closed,9101 30th Ave NE,,Seattle,WA,98115,Wedgwood,Single Family,1,1966,4,3,3,2150,5265,1.5,1325000,616,,,,Megan Halter,"Heaton Dainard, LLC","Real Property Associates, Inc.",47.6949669,-122.2962569,https://www.redfin.com/WA/Seattle/9101-30th-Ave-NE-98115/home/318466
2026-09-19T19:54:21.154Z,West Seattle,2026-04-30,327959,214593135,2516403,Closed,4438 40th Ave SW,,Seattle,WA,98116,West Seattle,Single Family,1,1926,2,1,1,1410,4313,1,725000,514,,,,Angela Cramer,Redfin,Pointe3 Real Estate,47.5635619,-122.3825532,https://www.redfin.com/WA/Seattle/4438-40th-Ave-SW-98116/home/327959
2026-09-19T19:54:21.154Z,West Seattle,2026-04-30,330229,213464979,2496994,Closed,4546 47th Ave SW,,Seattle,WA,98116,West Seattle,Single Family,1,1908,2,2,2,1730,4329,1,535000,309,,,,Christine Andreasen,eXp Realty,"Pellego, Inc.",47.5615464,-122.3918717,https://www.redfin.com/WA/Seattle/4546-47th-Ave-SW-98116/home/330229
2026-09-19T19:54:21.154Z,West Seattle,2026-04-30,470968,213715739,2502503,Closed,4731 35th Ave SW,,Seattle,WA,98126,West Seattle,Single Family,1,1940,2,1,1,870,4723,1,590000,678,,,,Trisha Quigley,COMPASS,W Real Estate Services,47.5600902,-122.3765679,https://www.redfin.com/WA/Seattle/4731-35th-Ave-SW-98126/home/470968
2026-09-19T19:54:21.154Z,West Seattle,2026-04-30,473697,213471714,2497805,Closed,7147 30th Ave SW,,Seattle,WA,98126,West Seattle,Single Family,1,1963,3,1,1,1270,5140,1,800000,630,,,,Bonnie Beddall,"RE/MAX Metro Realty, Inc.",West Seattle Realty,47.537841,-122.3715716,https://www.redfin.com/WA/Seattle/7147-30th-Ave-SW-98126/home/473697
2026-09-19T19:54:21.154Z,Beacon Hill,2026-04-30,478776,213628413,2501072,Closed,6014 31st Ave S,,Seattle,WA,98108,Beacon Hill,Single Family,1,1953,3,3,3,1840,5814,1,895000,486,,,,Ralph Castano,"RE/MAX Metro Realty, Inc.",Kelly Right RE of Seattle LLC,47.5475197,-122.2923564,https://www.redfin.com/WA/Seattle/6014-31st-Ave-S-98108/home/478776
2026-09-19T19:54:21.154Z,Beacon Hill,2026-04-30,480189,214738227,2518303,Closed,8006 36th Ave S,,Seattle,WA,98118,Beacon Hill,Single Family,1,1957,3,1,1,2040,6040,1,350000,172,,,,,,"John L. Scott, Inc",47.5306913,-122.2863842,https://www.redfin.com/WA/Seattle/8006-36th-Ave-S-98118/home/480189
2026-09-19T19:54:21.154Z,Ballard (specific),2026-04-30,496920,213658383,2499621,Closed,7316 Alonzo Ave NW,,Seattle,WA,98117,Whittier,Single Family,1,2018,3,2.5,2,1530,2500,2,1035000,676,,,,Margo Christophilis,KW Greater Seattle,KW Greater Seattle,47.6819586,-122.3743916,https://www.redfin.com/WA/Seattle/7316-Alonzo-Ave-NW-98117/home/496920
2026-09-19T19:54:21.154Z,NW Seattle,2026-04-30,97334,213640353,2497190,Closed,9612 15th Ave NW,,Seattle,WA,98117,Crown Hill,Single Family,1,1955,2,1.5,1,1540,8811,1,1030000,669,,,,G. Todd Young,Windermere Real Estate Midtown,Windermere RE Greenwood,47.6994196,-122.3763802,https://www.redfin.com/WA/Seattle/9612-15th-Ave-NW-98117/home/97334
2026-09-19T19:54:21.154Z,NW Seattle,2026-04-30,98634,213832187,2499697,Closed,347 N 103rd St,,Seattle,WA,98133,Greenwood,Single Family,1,2005,5,3,3,2250,3844,2,1225000,544,,,,Kris Murphy,KW Greater Seattle,Keller Williams Rlty Bellevue,47.7034238,-122.3532947,https://www.redfin.com/WA/Seattle/347-N-103rd-St-98133/home/98634
2026-09-19T19:54:21.154Z,Maple Leaf,2026-04-29,107431,213777809,2503272,Closed,2018 NE 97th St,,Seattle,WA,98115,Maple Leaf,Single Family,1,1948,3,2,2,1420,9570,1,910000,641,,,,Jeremy Kuhn,Every Door Real Estate,Every Door Real Estate,47.6995939,-122.305997,https://www.redfin.com/WA/Seattle/2018-NE-97th-St-98115/home/107431
2026-09-19T19:54:21.154Z,NE Seattle,2026-04-29,108855,212047594,2478056,Closed,7532 9th Ave NE,,Seattle,WA,98115,Maple Leaf,Single Family,1,1924,5,3,3,2680,4120,2,1075000,401,,,,Carla Geraghty,RE/MAX Northwest,Keller Williams North Seattle,47.6840666,-122.3183339,https://www.redfin.com/WA/Seattle/7532-9th-Ave-NE-98115/home/108855
2026-09-19T19:54:21.154Z,Central Seattle,2026-04-29,113995129,214725965,2518182,Closed,2814 E union St Unit C,Unit C,Seattle,WA,98122,Madrona,Single Family,1,2017,4,3,3,2018,1350,1.5,950000,471,,,,Siddhant Bahadur,"Pellego, Inc.","Pellego, Inc.",47.6131523,-122.2955924,https://www.redfin.com/WA/Seattle/2814-E-Union-St-98122/unit-C/home/113995129
2026-09-19T19:54:21.154Z,Magnolia,2026-04-29,126262,213339068,2496448,Closed,2686 44th Ave W,,Seattle,WA,98199,Magnolia,Single Family,1,1935,5,3.5,3,3990,14672,2,3250000,815,,,,Deborah Young,Windermere Real Estate Midtown,Kelly Right RE of Seattle LLC,47.645074,-122.413078,https://www.redfin.com/WA/Seattle/2686-44th-Ave-W-98199/home/126262
2026-09-19T19:54:21.154Z,Queen Anne,2026-04-29,129182,211076567,2470913,Closed,3020 14th Ave W Unit B,Unit B,Seattle,WA,98119,Queen Anne,Townhouse,3,2006,3,2.5,2,1760,1472,1.5,899000,511,,,,Meghan Waddle,Windermere Real Estate Co.,COMPASS,47.6473172,-122.3744245,https://www.redfin.com/WA/Seattle/3020-14th-Ave-W-98119/unit-B/home/129182
2026-09-19T19:54:21.154Z,Central Seattle,2026-04-29,138672,211767324,2477076,Closed,2463 26th Ave E,,Seattle,WA,98112,Montlake,Single Family,1,1925,4,2.5,2,3500,6000,2,1525000,436,,,,Mick Walls,Windermere RE Greenwood,The Preview Group,47.6414236,-122.2989417,https://www.redfin.com/WA/Seattle/2463-26th-Ave-E-98112/home/138672
2026-09-19T19:54:21.154Z,Beacon Hill,2026-04-29,148535741,213576158,2498299,Closed,2030 15th Ave S,,Seattle,WA,98144,Beacon Hill,Townhouse,3,2018,3,2,2,1349,1004,1.5,725000,537,,,,Cory Quinn,eXp Realty,Real Broker LLC,47.5846985,-122.3131662,https://www.redfin.com/WA/Seattle/2030-15th-Ave-S-98144/home/148535741
2026-09-19T19:54:21.154Z,West Seattle,2026-04-29,150637,213912953,2503063,Closed,2200 41st Ave SW,,Seattle,WA,98116,North Admiral,Single Family,1,1936,4,3,3,2420,5500,2,1850000,764,,,,Scott Haveson,Windermere Real Estate Midtown,Real Residential,47.5839086,-122.3834783,https://www.redfin.com/WA/Seattle/2200-41st-Ave-SW-98116/home/150637
2026-09-19T19:54:21.154Z,West Seattle,2026-04-29,159390,213906992,2468317,Closed,6528 23rd Ave SW,,Seattle,WA,98106,Delridge,Single Family,1,1970,3,2,2,1030,7250,1,775000,752,,,,Cherie Hasson,Windermere R E Mount Baker,Real Broker LLC,47.5436034,-122.3622821,https://www.redfin.com/WA/Seattle/6528-23rd-Ave-SW-98106/home/159390
2026-09-19T19:54:21.154Z,Ballard (specific),2026-04-29,162187,213148233,2483341,Closed,2646 NW 56th St Unit B,Unit B,Seattle,WA,98107,Ballard,Townhouse,3,2001,3,2.5,2,1270,1180,1.5,789000,621,,,,,Real Broker LLC,Redfin,47.6696381,-122.3921136,https://www.redfin.com/WA/Seattle/2646-NW-56th-St-98107/unit-B/home/162187
2026-09-19T19:54:21.154Z,Eastlake,2026-04-29,167232760,213690995,2502623,Closed,2512 Yale Ave E Unit B,Unit B,Seattle,WA,98102,Eastlake,Townhouse,3,2018,3,2.5,2,1583,1458,1.5,1100000,695,,,,Rob McGarty,Bushwick,Olympic Sotheby's Int'l Realty,47.6424744,-122.3265904,https://www.redfin.com/WA/Seattle/2512-Yale-Ave-E-98102/unit-B/home/167232760
2026-09-19T19:54:21.154Z,NE Seattle,2026-04-29,16881699,212992860,2491798,Closed,4005 7th Ave NE,,Seattle,WA,98105,University District,Townhouse,3,2008,3,2.5,2,1300,1164,1.5,635000,488,,,,Claire Kather,WaLaw Realty LLC,ZNonMember-Office-MLS,47.6561171,-122.3210979,https://www.redfin.com/WA/Seattle/4005-7th-Ave-NE-98105/home/16881699
2026-09-19T19:54:21.154Z,Ballard (specific),2026-04-29,175242311,213671860,2502183,Closed,8324 14th Ave NW,,Seattle,WA,98117,Crown Hill,Townhouse,3,2021,3,3.5,3,2050,1279,1.5,975000,476,,,,Franz Diessner,Coldwell Banker Bain,eXp Realty,47.6895418,-122.3736026,https://www.redfin.com/WA/Seattle/8324-14th-Ave-NW-98117/home/175242311
2026-09-19T19:54:21.154Z,Ballard (specific),2026-04-29,18657832,213204579,2486193,Closed,1409 NW 63rd St Unit A,Unit A,Seattle,WA,98107,Ballard,Townhouse,3,2008,3,3.5,3,1310,1072,1.5,815000,622,,,,Aaron De Nunzio,Windermere Real Estate GH LLC,Rain Town Realty + JPAR,47.6743884,-122.3740419,https://www.redfin.com/WA/Seattle/1409-NW-63rd-St-98107/unit-A/home/18657832
2026-09-19T19:54:21.154Z,Ballard (specific),2026-04-29,191421038,213204832,2494067,Closed,7753 26th Ave NW Unit B,Unit B,Seattle,WA,98117,Loyal Heights,Townhouse,3,2023,2,2,2,1119,3870,1.5,650000,581,56,,,Mia Pelt,Windermere Real Estate Co.,Trellis + Vine Real Estate,47.6865115,-122.3900757,https://www.redfin.com/WA/Seattle/7753-26th-Ave-NW-98117/unit-B/home/191421038
2026-09-19T19:54:21.154Z,NW Seattle,2026-04-29,196246227,212921359,2491037,Closed,8733 13th Ave NW Unit A,Unit A,Seattle,WA,98117,Crown Hill,Townhouse,3,2025,2,2.5,2,1100,1470,1.5,555000,505,55,,,Tim Bower,Berkshire Hathaway HS NW,Realogics Sotheby's Int'l Rlty,47.693316,-122.373276,https://www.redfin.com/WA/Seattle/8733-13th-Ave-NW-98117/unit-A/home/196246227
2026-09-19T19:54:21.154Z,NW Seattle,2026-04-29,199459887,211744069,2476054,Closed,939 N 87th St Unit A,Unit A,Seattle,WA,98103,Greenwood,Townhouse,3,2025,3,2.5,2,1341,1157,1.5,670000,500,,,,Brandon Phan,"Dove Realty, Inc.",COMPASS,47.691694,-122.34563,https://www.redfin.com/WA/Seattle/939-N-87th-St-98103/unit-A/home/199459887
2026-09-19T19:54:21.154Z,NW Seattle,2026-04-29,201089761,213605642,2499828,Closed,2755 NW 90th St,,Seattle,WA,98117,North Beach,Single Family,1,2026,3,2,2,1100,2290,2,880000,800,12,,,Ron Rubin,"RE/MAX Metro Realty, Inc.",The Joseph Group,47.6940144,-122.3924196,https://www.redfin.com/WA/Seattle/2755-NW-90th-St-98117/home/201089761
2026-09-19T19:54:21.154Z,Fremont,2026-04-29,201703287,214741430,2518363,Closed,4466 Midvale Ave N,,Seattle,WA,98103,Wallingford,Townhouse,3,2025,4,2,2,2449,3276,1.5,1595000,651,,,,,Keller Williams North Seattle,Redfin,47.6610395,-122.3436227,https://www.redfin.com/WA/Seattle/4466-Midvale-Ave-N-98103/home/201703287
2026-09-19T19:54:21.154Z,Queen Anne,2026-04-29,2087698,212716238,2487956,Closed,708 Warren Ave N,,Seattle,WA,98109,Queen Anne,Single Family,1,1905,4,3,3,2360,2802,2,947000,401,,,,Teo Okamura,"John L. Scott, Inc.","John L. Scott, Inc",47.6257807,-122.3538518,https://www.redfin.com/WA/Seattle/708-Warren-Ave-N-98109/home/2087698
2026-09-19T19:54:21.154Z,NW Seattle,2026-04-29,291292,213457104,2485065,Closed,12721 3rd Ave NW,,Seattle,WA,98177,Broadview,Single Family,1,1961,5,2.5,2,2760,8215,1,1195500,433,,,,Jamie Reece,Keller Williams North Seattle,Unlock Seattle Real Estate LLC,47.7220846,-122.361304,https://www.redfin.com/WA/Seattle/12721-3rd-Ave-NW-98177/home/291292
2026-09-19T19:54:21.154Z,Fremont,2026-04-29,302719,213636004,2500937,Closed,3636 Palatine Ave N Unit A,Unit A,Seattle,WA,98103,Fremont,Townhouse,3,2008,3,2.5,2,1270,1216,1.5,885000,697,,,,Monica Church,Real Broker LLC,Bushwick,47.6538255,-122.356381,https://www.redfin.com/WA/Seattle/3636-Palatine-Ave-N-98103/unit-A/home/302719
2026-09-19T19:54:21.154Z,NE Seattle,2026-04-29,310055,214546128,2515706,Closed,7558 Ravenna Ave NE,,Seattle,WA,98115,Ravenna,Single Family,1,1906,4,2.5,2,2510,6201,1.5,910000,363,,,,Molly Cartwright,Windermere Real Estate Midtown,Windermere Real Estate Midtown,47.6847034,-122.3036688,https://www.redfin.com/WA/Seattle/7558-Ravenna-Ave-NE-98115/home/310055
2026-09-19T19:54:21.154Z,NE Seattle,2026-04-29,313779,212727450,2483285,Closed,4738 35th Ave NE,,Seattle,WA,98105,Bryant,Single Family,1,1927,4,3,3,2350,3315,2,1299900,553,,,,,Coldwell Banker Danforth,Redfin,47.6638349,-122.2898955,https://www.redfin.com/WA/Seattle/4738-35th-Ave-NE-98105/home/313779
2026-09-19T19:54:21.154Z,Eastlake,2026-04-29,35624963,213900399,2503907,Closed,2042 Franklin Ave E Unit A,Unit A,Seattle,WA,98102,Eastlake,Townhouse,3,2011,1,1.5,1,930,881,1.5,569950,613,,,,Chelsey Ryskalczyk,Pointe3 Real Estate,Windermere Real Estate/East,47.6378821,-122.3243338,https://www.redfin.com/WA/Seattle/2042-Franklin-Ave-E-98102/unit-A/home/35624963
2026-09-19T19:54:21.154Z,West Seattle,2026-04-29,475684,213600814,2500153,Closed,9432 13th Ave SW,,Seattle,WA,98106,Highland Park,Single Family,1,1962,3,2.5,2,2128,6448,1,883000,415,,,,Jody Baker,Windermere RE Greenwood,Windermere Real Estate Midtown,47.5181855,-122.3514628,https://www.redfin.com/WA/Seattle/9432-13th-Ave-SW-98106/home/475684
2026-09-19T19:54:21.154Z,NE Seattle,2026-04-28,120908,213410592,2497720,Closed,5218 Ivanhoe Pl NE,,Seattle,WA,98105,Laurelhurst,Single Family,1,1947,3,2,2,2350,7800,1,1650000,702,,,,,Windermere Real Estate Co.,Redfin,47.667163,-122.2722176,https://www.redfin.com/WA/Seattle/5218-Ivanhoe-Pl-NE-98105/home/120908
2026-09-19T19:54:21.154Z,Magnolia,2026-04-28,123883,212502502,2484421,Closed,4570 36th Ave W,,Seattle,WA,98199,Magnolia,Single Family,1,1950,4,3,3,2136,6000,1.5,1132000,530,,,,Russ Katz,Windermere RE Magnolia,COMPASS,47.6631001,-122.4033171,https://www.redfin.com/WA/Seattle/4570-36th-Ave-W-98199/home/123883
2026-09-19T19:54:21.154Z,Central Seattle,2026-04-28,136905,213821768,2499654,Closed,1939 14th Ave E,,Seattle,WA,98112,North Capitol Hill,Single Family,1,1910,5,3.5,3,3630,4232,4,2270000,625,,,,Brad Hinckley,COMPASS,"John L. Scott, Inc.",47.6370943,-122.3149827,https://www.redfin.com/WA/Seattle/1939-14th-Ave-E-98112/home/136905
2026-09-19T19:54:21.154Z,Central Seattle,2026-04-28,140727,213903966,2496773,Closed,719 35th Ave,,Seattle,WA,98122,Madrona,Single Family,1,1927,3,2,2,2560,4500,1,1850000,723,,,,Lance Neely,"Heritage Residential, LLC",KW Greater Seattle,47.6085292,-122.2886306,https://www.redfin.com/WA/Seattle/719-35th-Ave-98122/home/140727
2026-09-19T19:54:21.154Z,Central Seattle,2026-04-28,145045,220426168,2549169,Closed,1100 19th Ave,,Seattle,WA,98122,Central Area,Single Family,1,1903,4,2.5,2,1400,4840,2,665000,475,,,,Eamonn Noonan,"Pellego, Inc.","Pellego, Inc.",47.6288031,-122.3069901,https://www.redfin.com/WA/Seattle/1100-19th-Ave-98122/home/145045
2026-09-19T19:54:21.154Z,Central Seattle,2026-04-28,148008,213775663,2502859,Closed,1606 33rd Ave,,Seattle,WA,98122,Madrona,Single Family,1,1909,4,3.5,3,2960,3750,2,1821000,615,,,,Kristine Losh,"Ewing & Clark, Inc.",COMPASS,47.6155208,-122.2900195,https://www.redfin.com/WA/Seattle/1606-33rd-Ave-98122/home/148008
2026-09-19T19:54:21.154Z,NW Seattle,2026-04-28,165510,213045160,2492709,Closed,8838 28th Ave NW,,Seattle,WA,98117,North Beach,Single Family,1,2026,5,4,4,3369,5813,2,1935000,574,12,,,,"RE/MAX Metro Realty, Inc.",Redfin,47.6940156,-122.392626,https://www.redfin.com/WA/Seattle/8838-28th-Ave-NW-98117/home/165510
2026-09-19T19:54:21.154Z,Northgate,2026-04-28,194345539,212275533,2481379,Closed,8823 Ashworth Ave N Unit B,Unit B,Seattle,WA,98103,Green Lake,Townhouse,3,2025,2,2,2,1104,909,1.5,625000,566,67,,,John Cowan,Windermere Real Estate Co.,"Windermere RE South Sound, Inc",47.6930665,-122.3394786,https://www.redfin.com/WA/Seattle/8823-Ashworth-Ave-N-98103/unit-B/home/194345539
2026-09-19T19:54:21.154Z,West Seattle,2026-04-28,198915710,213226923,2495256,Closed,8407 42nd Ave SW,,Seattle,WA,98136,Fauntleroy,Single Family,1,2025,3,2,2,1067,4288,2,699000,655,1,,,Jarrett Coulson,Every Door Real Estate,Real Broker LLC,47.5282876,-122.386254,https://www.redfin.com/WA/Seattle/8407-42nd-Ave-SW-98136/home/198915710
2026-09-19T19:54:21.154Z,West Seattle,2026-04-28,2116735,213195495,2493138,Closed,6035 Fauntleroy Way SW Unit B,Unit B,Seattle,WA,98136,Morgan Junction,Townhouse,3,2005,3,2.5,2,1650,1459,1.5,689000,418,,,,Pam Bigatel,COMPASS,COMPASS,47.5473345,-122.3836316,https://www.redfin.com/WA/Seattle/6035-Fauntleroy-Way-SW-98136/unit-B/home/2116735
2026-09-19T19:54:21.154Z,Ballard (specific),2026-04-28,290544,213477696,2496883,Closed,3220 NW 69th St,,Seattle,WA,98117,Sunset Hill,Single Family,1,1923,4,2,2,2800,5000,2,1420000,507,,,,Doron Weisbarth,Weisbarth & Associates,Windermere Real Estate Midtown,47.6788905,-122.3993514,https://www.redfin.com/WA/Seattle/3220-NW-69th-St-98117/home/290544
2026-09-19T19:54:21.154Z,Phinney Ridge,2026-04-28,298681,213363031,2496984,Closed,201 N 57th St,,Seattle,WA,98103,Phinney Ridge,Single Family,1,1908,4,2,2,2160,3012,1,1543000,714,,,,Jordan Malloch,Windermere Real Estate Co.,Windermere Real Estate Midtown,47.6701109,-122.3563876,https://www.redfin.com/WA/Seattle/201-N-57th-St-98103/home/298681
2026-09-19T19:54:21.154Z,Fremont,2026-04-28,303669,213692454,2501847,Closed,114 N 39th St,,Seattle,WA,98103,Fremont,Townhouse,3,2012,1,1.5,1,910,1176,1.5,690000,758,,,,Emily Wang,Windermere Real Estate Midtown,Windermere Real Estate Midtown,47.6543151,-122.3565528,https://www.redfin.com/WA/Seattle/114-N-39th-St-98103/home/303669
2026-09-19T19:54:21.154Z,NE Seattle,2026-04-28,320817,214498204,2514932,Closed,8519 54TH Ave NE,,Seattle,WA,98115,Inverness,Single Family,1,1979,4,3.5,3,3310,6740,2,2350000,710,125,,,Shelly Hu,Globenex Realty,Real Residential,47.6911945,-122.2708274,https://www.redfin.com/WA/Seattle/8519-54th-Ave-NE-98115/home/320817
2026-09-19T19:54:21.154Z,West Seattle,2026-04-28,474673,213630948,2498954,Closed,7758 Highland Park Way SW,,Seattle,WA,98106,Highland Park,Single Family,1,1948,2,2,2,1480,4160,1,638000,431,,,,Julie Granahan,Redfin,Windermere Real Estate Midtown,47.5329633,-122.3465454,https://www.redfin.com/WA/Seattle/7758-Highland-Park-Way-SW-98106/home/474673
2026-09-19T19:54:21.154Z,NW Seattle,2026-04-28,98933,213247432,2490478,Closed,9808 Linden Ave N,,Seattle,WA,98103,Greenwood,Single Family,1,1949,3,2,2,1200,7150,1,890000,742,,,,Jessica Livingston,Windermere Mercer Island,eXp Realty,47.700882,-122.3470485,https://www.redfin.com/WA/Seattle/9808-Linden-Ave-N-98103/home/98933
2026-09-19T19:54:21.154Z,Ballard (specific),2026-04-27,113178660,213857100,2499947,Closed,7354 Alonzo Ave NW,,Seattle,WA,98117,Whittier,Single Family,1,2021,3,2.5,2,1658,3385,1.5,1200000,724,,,,Denise Simens,Real Broker LLC,Real Broker LLC,47.6829596,-122.374281,https://www.redfin.com/WA/Seattle/7354-Alonzo-Ave-NW-98117/home/113178660
2026-09-19T19:54:21.154Z,Wallingford,2026-04-27,120204,213151817,2491868,Closed,3609 Burke Ave N,,Seattle,WA,98103,Wallingford,Single Family,1,1926,3,2.5,2,2686,6270,2,2125000,791,,,,Beth Bylund,Windermere Real Estate Midtown,Windermere RE Greenwood,47.6508251,-122.3354151,https://www.redfin.com/WA/Seattle/3609-Burke-Ave-N-98103/home/120204
2026-09-19T19:54:21.154Z,Central Seattle,2026-04-27,136132,213592617,2489314,Closed,928 17th Ave E,,Seattle,WA,98112,North Capitol Hill,Single Family,1,1984,4,2.5,2,3103,6000,2,2300000,741,,,,Irma Suntay,Windermere Real Estate Co.,Lake & Company,47.6277021,-122.3096414,https://www.redfin.com/WA/Seattle/928-17th-Ave-E-98112/home/136132
2026-09-19T19:54:21.154Z,Central Seattle,2026-04-27,138235,213874943,2502665,Closed,2422 E Louisa St,,Seattle,WA,98112,Montlake,Single Family,1,1924,4,2,2,3450,4500,1.5,1255000,364,,,,Kris Murphy,KW Greater Seattle,eXp Realty,47.642637,-122.3009896,https://www.redfin.com/WA/Seattle/2422-E-Louisa-St-98112/home/138235
2026-09-19T19:54:21.154Z,Central Seattle,2026-04-27,139443,209087894,2448686,Closed,1615 39th Ave E,,Seattle,WA,98112,Madison Park,Single Family,1,1978,4,3.5,3,4000,7200,1.5,3295000,824,,,,,COMPASS,Redfin,47.6338791,-122.2830091,https://www.redfin.com/WA/Seattle/1615-39th-Ave-E-98112/home/139443
2026-09-19T19:54:21.154Z,Central Seattle,2026-04-27,143173,213463974,2498309,Closed,721 24th Ave S,,Seattle,WA,98144,Judkins,Townhouse,3,2018,3,2,2,1524,1507,1.5,800000,525,,,,Chelsea Moon,Keller Williams Seattle Metro,eXp Realty,47.5958926,-122.3014236,https://www.redfin.com/WA/Seattle/721-24th-Ave-S-98144/home/143173
2026-09-19T19:54:21.154Z,Ballard (specific),2026-04-27,173678676,212349970,2482303,Closed,2636 NW 62nd St,,Seattle,WA,98107,Ballard,Townhouse,3,2020,2,2,2,1207,513,1.5,688000,570,,,,Chandra Gordon,Redfin,Windermere R E Mount Baker,47.6739768,-122.3916701,https://www.redfin.com/WA/Seattle/2636-NW-62nd-St-98107/home/173678676
2026-09-19T19:54:21.154Z,West Seattle,2026-04-27,18657484,213404953,2496569,Closed,9057 17th Ave SW,,Seattle,WA,98106,Delridge,Townhouse,3,2008,2,2,2,1070,649,1.5,515000,481,,,,Nathan Porter,KW Greater Seattle,Specialty Real Estate Group,47.521287,-122.3568034,https://www.redfin.com/WA/Seattle/9057-17th-Ave-SW-98106/home/18657484
2026-09-19T19:54:21.154Z,Eastlake,2026-04-27,192269670,209735215,2459244,Closed,2817 Franklin Ave E Unit B,Unit B,Seattle,WA,98102,Eastlake,Townhouse,3,2025,2,2.5,2,1293,832,1.5,799950,619,,,,Pat Bauman,RE/MAX Northwest,CENTURY 21 North Homes Realty,47.6462514,-122.3246151,https://www.redfin.com/WA/Seattle/2817-Franklin-Ave-E-98102/unit-B/home/192269670
2026-09-19T19:54:21.154Z,Eastlake,2026-04-27,200585473,212385588,2482987,Closed,2010 Fairview Ave E Unit C,Unit C,Seattle,WA,98102,Eastlake,Townhouse,3,2026,3,3.5,3,2051,1481,1.5,1690000,824,1,,,Tom Skepetaris,Realogics Sotheby's Int'l Rlty,"Skyline Properties, Inc.",47.6371963,-122.3290806,https://www.redfin.com/WA/Seattle/2010-Fairview-Ave-E-98102/unit-C/home/200585473
2026-09-19T19:54:21.154Z,Magnolia,2026-04-27,200661121,213371657,2497373,Closed,2562 30th Ave W,,Seattle,WA,98199,Magnolia,Single Family,1,2026,2,2.5,2,1096,1194,2,839000,766,37,,,Michael Green,Windermere Real Estate Co.,COMPASS,47.6429614,-122.3953091,https://www.redfin.com/WA/Seattle/2562-30th-Ave-W-98199/home/200661121
2026-09-19T19:54:21.154Z,Central Seattle,2026-04-27,200665063,212493181,2481098,Closed,171 21st Ave,,Seattle,WA,98122,Central Area,Townhouse,3,2015,3,2.5,2,1780,1008,1.5,950000,534,,,,Kelley Meister,COMPASS,Coldwell Banker Bain,47.6031887,-122.305298,https://www.redfin.com/WA/Seattle/171-21st-Ave-98122/home/200665063
2026-09-19T19:54:21.154Z,Ballard (specific),2026-04-27,290252,212922596,2489842,Closed,3501 NW 67th St,,Seattle,WA,98117,Sunset Hill,Single Family,1,2013,4,4,3,3280,4750,2,2800000,854,,,,,Windermere Real Estate/East,Redfin,47.6768206,-122.4022389,https://www.redfin.com/WA/Seattle/3501-NW-67th-St-98117/home/290252
2026-09-19T19:54:21.154Z,Ballard (specific),2026-04-27,495217,213862959,2504941,Closed,7032 12th Ave NW,,Seattle,WA,98117,Whittier,Single Family,1,1931,3,2,2,2370,5000,1.5,1420000,599,,,,Danny Adamson,Lake & Company,Windermere Real Estate Co.,47.680545,-122.3712244,https://www.redfin.com/WA/Seattle/7032-12th-Ave-NW-98117/home/495217
2026-09-19T19:54:21.154Z,NW Seattle,2026-04-27,99235,213000810,2490337,Closed,9418 Fremont Ave N,,Seattle,WA,98103,Greenwood,Single Family,1,2008,3,2,2,1360,1499,3,665000,489,,,,Danielle Williams,Lake & Company,"Windermere RE/Lake Tapps, Inc",47.6973943,-122.3497641,https://www.redfin.com/WA/Seattle/9418-Fremont-Ave-N-98103/home/99235
2026-09-19T19:54:21.154Z,Wallingford,2026-04-24,119700,212341281,2480744,Closed,3532 Meridian Ave N,,Seattle,WA,98103,Wallingford,Single Family,1,2000,5,4.5,4,3950,4800,1.5,2325000,589,,,,Shelly Baker,KW Greater Seattle,Tribeca NW Real Estate,47.6501507,-122.3335772,https://www.redfin.com/WA/Seattle/3532-Meridian-Ave-N-98103/home/119700
2026-09-19T19:54:21.154Z,Ballard (specific),2026-04-24,12319638,213841161,2503624,Closed,836 NW 52nd St Unit B,Unit B,Seattle,WA,98107,Ballard,Townhouse,3,2007,3,3.5,3,1530,1555,1.5,850000,556,,,,Lynly Callaway,Windermere Real Estate/East,Real Broker LLC,47.6666035,-122.3679219,https://www.redfin.com/WA/Seattle/836-NW-52nd-St-98107/unit-B/home/12319638
2026-09-19T19:54:21.154Z,Magnolia,2026-04-24,126626,213829627,2499929,Closed,3227 Magnolia Blvd W,,Seattle,WA,98199,Magnolia,Single Family,1,1954,5,2.5,2,2854,7490,1,1537000,539,,,,Colleen McCann,Windermere RE Magnolia,COMPASS,47.6495412,-122.4146094,https://www.redfin.com/WA/Seattle/3227-Magnolia-Blvd-W-98199/home/126626
2026-09-19T19:54:21.154Z,Magnolia,2026-04-24,128881,213326544,2496180,Closed,3442 40th Ave W,,Seattle,WA,98199,Magnolia,Single Family,1,1951,2,1,1,1840,4592,1,1025000,557,,,,Dawn Bourdo,COMPASS,Windermere RE Greenwood,47.6517264,-122.4076255,https://www.redfin.com/WA/Seattle/3442-40th-Ave-W-98199/home/128881
2026-09-19T19:54:21.154Z,Queen Anne,2026-04-24,132861,212334162,2478254,Closed,2121 1st Ave W,,Seattle,WA,98119,Queen Anne,Single Family,1,1904,5,3.5,3,2948,5400,2,2365000,802,,,,Robert Knoles,Vis A Vis Real Estate LLC,ZNonMember-Office-MLS,47.637845,-122.3585942,https://www.redfin.com/WA/Seattle/2121-1st-Ave-W-98119/home/132861
2026-09-19T19:54:21.154Z,Queen Anne,2026-04-24,134976,213258830,2495543,Closed,1238 3rd Ave N,,Seattle,WA,98109,Queen Anne,Single Family,1,2004,4,2,2,2290,1911,1.5,1735000,758,,,,Javila Creer,Windermere Real Estate Midtown,Kelly Right RE of Seattle LLC,47.6308909,-122.3508171,https://www.redfin.com/WA/Seattle/1238-3rd-Ave-N-98109/home/134976
2026-09-19T19:54:21.154Z,Central Seattle,2026-04-24,135830,213595824,2501062,Closed,952 16th Ave E,,Seattle,WA,98112,North Capitol Hill,Single Family,1,1904,3,3.5,3,3510,6000,2,2800000,798,,,,Hutton Moyer,Coldwell Banker Bain,Windermere RE Greenwood,47.6283992,-122.3109504,https://www.redfin.com/WA/Seattle/952-16th-Ave-E-98112/home/135830
2026-09-19T19:54:21.154Z,Central Seattle,2026-04-24,141702,213403490,2495631,Closed,407 35th Ave S,,Seattle,WA,98144,Leschi,Single Family,1,1926,4,3.5,3,3030,6000,2,1795000,592,,,,Kale Corey,Ensemble,"Windermere RE North, Inc.",47.5987912,-122.2880174,https://www.redfin.com/WA/Seattle/407-35th-Ave-S-98144/home/141702
2026-09-19T19:54:21.154Z,West Seattle,2026-04-24,151690,213217924,2494367,Closed,3847 Beach Dr SW,,Seattle,WA,98116,Alki,Single Family,1,1910,3,2.5,2,1680,6477,2,1806000,1075,,,,Julie Granahan,Redfin,Windermere West Metro,47.5689794,-122.4094698,https://www.redfin.com/WA/Seattle/3847-Beach-Dr-SW-98116/home/151690
2026-09-19T19:54:21.154Z,West Seattle,2026-04-24,155863,213420126,2492261,Closed,10409 39th Ave SW,,Seattle,WA,98146,Arbor Heights,Single Family,1,1951,3,1,1,960,9180,1,740000,771,,,,Sarah Rudinoff,Windermere R E Mount Baker,Windermere West Metro,47.5097073,-122.3818307,https://www.redfin.com/WA/Seattle/10409-39th-Ave-SW-98146/home/155863
2026-09-19T19:54:21.154Z,West Seattle,2026-04-24,161121,214461485,2514162,Closed,6338 18th Ave SW,,Seattle,WA,98106,West Seattle,Single Family,1,1962,3,1,1,1770,6893,1,540000,305,,,,,,Redfin,47.5454273,-122.3568821,https://www.redfin.com/WA/Seattle/6338-18th-Ave-SW-98106/home/161121
2026-09-19T19:54:21.154Z,Ballard (specific),2026-04-24,162262,208483076,2445521,Closed,2426 B NW 64th,,Seattle,WA,98107,Ballard,Townhouse,3,2015,3,2.5,2,1913,1654,1.5,837500,438,,,,Laurie Boyd,Coldwell Banker Bain,KW Greater Seattle,47.6754345,-122.388903,https://www.redfin.com/WA/Seattle/2426-NW-64th-St-98107/unit-B/home/162262
2026-09-19T19:54:21.154Z,NW Seattle,2026-04-24,163365,213659693,2501565,Closed,8508 29th Ave NW,,Seattle,WA,98117,North Beach,Townhouse,3,1995,3,2.5,2,1410,1478,1.5,740000,525,,,,Elise Lassiter,Rain Town Realty + JPAR,"RE/MAX Metro Realty, Inc.",47.6908985,-122.3938529,https://www.redfin.com/WA/Seattle/8508-29th-Ave-NW-98117/home/163365
2026-09-19T19:54:21.154Z,Beacon Hill,2026-04-24,167450,216680759,2537647,Closed,2921 15th Ave S,,Seattle,WA,98144,Beacon Hill,Single Family,1,1937,2,2,2,2250,3200,1.5,501000,223,,,,,,COMPASS,47.5770315,-122.3136513,https://www.redfin.com/WA/Seattle/2921-15th-Ave-S-98144/home/167450
2026-09-19T19:54:21.154Z,Central Seattle,2026-04-24,175622158,201699754,2361839,Closed,1128 31st Ave S,,Seattle,WA,98144,Leschi,Single Family,1,2025,4,3.5,3,2605,3939,2,1800000,691,,,,Michael Orbino,COMPASS,ZNonMember-Office-MLS,47.5925263,-122.2922626,https://www.redfin.com/WA/Seattle/1128-31st-Ave-S-98144/home/175622158
2026-09-19T19:54:21.154Z,Fremont,2026-04-24,18658363,213345861,2495983,Closed,4243 Palatine Ave N,,Seattle,WA,98103,Fremont,Townhouse,3,1960,2,1,1,800,1239,1.5,585000,731,,,,Cari Sulcer,Windermere Real Estate Co.,eXp Realty,47.6590002,-122.3564246,https://www.redfin.com/WA/Seattle/4243-Palatine-Ave-N-98103/home/18658363
2026-09-19T19:54:21.154Z,Ballard (specific),2026-04-24,192265805,210445342,2464303,Closed,8337 B 12th Ave NW,,Seattle,WA,98117,Whittier,Townhouse,3,2026,4,2.5,2,1793,1021,1.5,864900,482,5,,,Ray York,"Windermere RE/Capitol Hill,Inc",KW Greater Seattle,47.6899587,-122.3719152,https://www.redfin.com/WA/Seattle/8337-12th-Ave-NW-98117/home/192265805
2026-09-19T19:54:21.154Z,Central Seattle,2026-04-24,195112683,212793510,2480039,Closed,115 22nd Ave Unit B,Unit B,Seattle,WA,98122,Central Area,Townhouse,3,2024,3,3,3,1600,3600,1.5,850000,531,,,,,Berkshire Hathaway HS NW,Redfin,47.6021772,-122.3040103,https://www.redfin.com/WA/Seattle/115-22nd-Ave-98122/unit-B/home/195112683
2026-09-19T19:54:21.154Z,Ballard (specific),2026-04-24,195912565,201659762,2357531,Closed,8324 16th Ave NW Unit D,Unit D,Seattle,WA,98117,Loyal Heights,Townhouse,3,2025,2,2,2,1311,855,1.5,690000,526,,,,,"RE/MAX Metro Realty, Inc.",Redfin,47.6893445,-122.3774581,https://www.redfin.com/WA/Seattle/8324-16th-Ave-NW-98117/unit-D/home/195912565
2026-09-19T19:54:21.154Z,Central Seattle,2026-04-24,197503000,210890185,2468477,Closed,1110 B 34th Ave,,Seattle,WA,98122,Madrona,Townhouse,3,2025,2,2,2,1188,807,1.5,750000,631,1,,,Xi Peng,"Windermere RE/Capitol Hill,Inc",Keller Williams Seattle Metro,47.6120598,-122.2890903,https://www.redfin.com/WA/Seattle/1110-34th-Ave-98122/home/197503000
2026-09-19T19:54:21.154Z,West Seattle,2026-04-24,199479501,213166051,2494092,Closed,3908 SW Hanford St Unit A,Unit A,Seattle,WA,98116,Belvidere,Single Family,1,1925,3,2,2,1290,2533,1,700000,543,4,,,Kevin Yang,Best Choice Network LLC,KW Greater Seattle,47.5757714,-122.3819277,https://www.redfin.com/WA/Seattle/3908-SW-Hanford-St-98116/unit-A/home/199479501
2026-09-19T19:54:21.154Z,Central Seattle,2026-04-24,199481753,212335784,2465932,Closed,1810 E Mercer St,,Seattle,WA,98112,North Capitol Hill,Townhouse,3,2026,4,2.5,2,1865,1353,1.5,1435000,769,,,,Melissa McMurray,Lake & Company,Windermere Real Estate Midtown,47.624582,-122.308099,https://www.redfin.com/WA/Seattle/1810-E-Mercer-St-98112/home/199481753
2026-09-19T19:54:21.154Z,NW Seattle,2026-04-24,200610038,211226997,2473403,Closed,9752 B Holman Rd NW,,Seattle,WA,98117,Greenwood,Townhouse,3,2026,3,2,2,1557,550,1.5,719900,462,47,,,Ray York,"Windermere RE/Capitol Hill,Inc",Keller Williams Rlty Bellevue,47.7003423,-122.3637658,https://www.redfin.com/WA/Seattle/9752-B-Holman-Rd-NW-98117/home/200610038
2026-09-19T19:54:21.154Z,West Seattle,2026-04-24,200784860,212800862,2488575,Closed,3110 SW 97th St,,Seattle,WA,98126,Arbor Heights,Single Family,1,2026,3,2.5,2,1080,3517,2,689000,638,21,,,Tristan Hoyle,eXp Realty,"Skyline Properties, Inc.",47.5168878,-122.3727865,https://www.redfin.com/WA/Seattle/3110-SW-97th-St-98126/home/200784860
2026-09-19T19:54:21.154Z,Eastlake,2026-04-24,200916039,213164212,2494505,Closed,2016 Fairview Ave E Unit A,Unit A,Seattle,WA,98102,Eastlake,Townhouse,3,2026,2,2,2,998,789,1.5,899000,901,104,,,Tom Skepetaris,Realogics Sotheby's Int'l Rlty,COMPASS,47.637307,-122.3294008,https://www.redfin.com/WA/Seattle/2016-Fairview-Ave-E-98102/unit-A/home/200916039
2026-09-19T19:54:21.154Z,West Seattle,2026-04-24,200954361,213563852,2500625,Closed,7341 California Ave SW Unit B,Unit B,Seattle,WA,98136,Gatewood,Townhouse,3,2026,2,2.5,2,1120,1583,1.5,699900,625,15,,,Bill Reid,Windermere West Metro,KW Mountains to Sound Realty,47.5373041,-122.3874509,https://www.redfin.com/WA/Seattle/7341-California-Ave-SW-98136/unit-B/home/200954361
2026-09-19T19:54:21.154Z,NE Seattle,2026-04-24,202016892,212785284,2486689,Closed,4709 B 8th Ave NE,,Seattle,WA,98105,University District,Townhouse,3,2020,8,2.5,2,1800,1000,1.5,900000,500,,,,Matt Townsend,Windermere Real Estate Co.,Kelly Right RE of Seattle LLC,47.6635037,-122.319953,https://www.redfin.com/WA/Seattle/4709B-8th-Ave-NE-98105/home/202016892
2026-09-19T19:54:21.154Z,West Seattle,2026-04-24,22589452,204505011,2395276,Closed,7023 16th Ave SW,,Seattle,WA,98106,Delridge,Single Family,1,2013,9,9,9,3300,5368,2,1172500,355,,,,Becca Pitts,eXp Realty,"John L. Scott, Inc",47.5403372,-122.3555445,https://www.redfin.com/WA/Seattle/7023-16th-Ave-SW-98106/home/22589452
2026-09-19T19:54:21.154Z,NW Seattle,2026-04-24,288165,211762110,2475589,Closed,13739 Northwood Rd NW,,Seattle,WA,98177,Broadview,Single Family,1,1951,3,2.5,2,3850,58806,1,3000000,779,,,,Tamara Dean,Windermere Real Estate/East,Lake & Company,47.7298808,-122.366145,https://www.redfin.com/WA/Seattle/13739-Northwood-Rd-NW-98177/home/288165
2026-09-19T19:54:21.154Z,NW Seattle,2026-04-24,288373,213210857,2488796,Closed,12656 Blakely Pl NW,,Seattle,WA,98177,Broadview,Single Family,1,1977,3,3,3,2200,13870,1.5,1625000,739,11,,,Lynda Pack Dowell,KW Greater Seattle,Windermere RE Greenwood,47.7222862,-122.3725733,https://www.redfin.com/WA/Seattle/12656-Blakely-Pl-NW-98177/home/288373
2026-09-19T19:54:21.154Z,Ballard (specific),2026-04-24,290172,213356510,2496059,Closed,7736 33rd Ave NW,,Seattle,WA,98117,Sunset Hill,Single Family,1,1929,4,2,2,2080,5000,2,1180000,567,,,,Lia Huang,Globenex Realty,KW Greater Seattle,47.6860492,-122.3991053,https://www.redfin.com/WA/Seattle/7736-33rd-Ave-NW-98117/home/290172
2026-09-19T19:54:21.154Z,Ballard (specific),2026-04-24,290473,213872802,2504520,Closed,3604 NW 65th Ct,,Seattle,WA,98117,Sunset Hill,Single Family,1,2000,4,3,2,3080,3000,,1911000,620,,,,,Windermere Real Estate Midtown,Redfin,47.6760131,-122.4038463,https://www.redfin.com/WA/Seattle/3604-NW-65th-Ct-98117/home/290473
2026-09-19T19:54:21.154Z,NW Seattle,2026-04-24,290932,213445695,2495100,Closed,13536 Northshire Rd NW,,Seattle,WA,98177,Broadview,Single Family,1,1963,3,2,2,2160,9608,1,1275000,590,,,,Steve Hill,Windermere RE Greenwood,Windermere Real Estate Co.,47.7279227,-122.3622099,https://www.redfin.com/WA/Seattle/13536-Northshire-Rd-NW-98177/home/290932
2026-09-19T19:54:21.154Z,NE Seattle,2026-04-24,317732,213636208,2498530,Closed,3818 NE 94th St,,Seattle,WA,98115,Wedgwood,Single Family,1,1954,4,1.5,1,2170,6120,1,1075000,495,,,,Mia Klarich,Windermere Real Estate Midtown,Coldwell Banker Bain,47.6968973,-122.2869026,https://www.redfin.com/WA/Seattle/3818-NE-94th-St-98115/home/317732
2026-09-19T19:54:21.154Z,West Seattle,2026-04-24,328764,213225369,2494717,Closed,3057 36th Ave SW,,Seattle,WA,98126,Belvidere,Single Family,1,2014,5,4,4,3210,4416,1.5,2400000,748,,,,Rich Watson,COMPASS,Windermere Real Estate Midtown,47.5757392,-122.3773966,https://www.redfin.com/WA/Seattle/3057-36th-Ave-SW-98126/home/328764
2026-09-19T19:54:21.154Z,Beacon Hill,2026-04-24,479540,213383037,2497597,Closed,4942 Beacon Ave,,Seattle,WA,98108,Beacon Hill,Single Family,1,1950,2,2,2,1540,4800,1,650000,422,,,,Pam Dorgan,Realty One Group Imagine,"Skyline Properties, Inc.",47.5568201,-122.3032165,https://www.redfin.com/WA/Seattle/4942-Beacon-Ave-S-98108/home/479540
2026-09-19T19:54:21.154Z,Beacon Hill,2026-04-24,480294,213648716,2496188,Closed,9231 39th Ave S,,Seattle,WA,98118,Beacon Hill,Single Family,1,1928,2,1,1,1340,4000,1,648274,484,,,,Sarah Smith,Lake & Company,Lake & Company,47.5204457,-122.2840528,https://www.redfin.com/WA/Seattle/9231-39th-Ave-S-98118/home/480294
2026-09-19T19:54:21.154Z,Beacon Hill,2026-04-24,481462,213267747,2494683,Closed,7809 Beacon Ave S,,Seattle,WA,98118,Beacon Hill,Single Family,1,1961,3,1.5,1,1230,5014,1,380000,309,,,,Alvin Yap,Kelly Right RE of Seattle LLC,Better Properties Eastside,47.5321081,-122.2890086,https://www.redfin.com/WA/Seattle/7809-Beacon-Ave-S-98118/home/481462
2026-09-19T19:54:21.154Z,Ballard (specific),2026-04-24,493134,213218804,2494845,Closed,907 NW 61st St,,Seattle,WA,98107,Ballard,Single Family,1,1912,3,2,2,2120,3737,1,972000,458,,,,Betina Finley,Coldwell Banker Bain,Keller Williams Eastside,47.6728847,-122.3691553,https://www.redfin.com/WA/Seattle/907-NW-61st-St-98107/home/493134
2026-09-19T19:54:21.154Z,Ballard (specific),2026-04-24,494096,213375156,2497416,Closed,5625 7th Ave NW,,Seattle,WA,98107,Woodland Park,Single Family,1,1905,4,3,3,2566,5000,2,1710000,666,,,,Rachel Hartwich,Lake & Company,"Windermere RE North, Inc.",47.6702197,-122.3654203,https://www.redfin.com/WA/Seattle/5625-7th-Ave-NW-98107/home/494096
2026-09-19T19:54:21.154Z,Green Lake,2026-04-24,60402,211931300,2477908,Closed,7700 E Green Lake Dr N Unit D13,Unit D13,Seattle,WA,98103,Green Lake,Townhouse,3,1990,2,2.5,2,1534,,1.5,970000,632,988,,,Sarah Ford,Coldwell Banker Bain,Windermere Real Estate Co.,47.6847462,-122.3347566,https://www.redfin.com/WA/Seattle/7700-E-Green-Lake-Dr-N-98103/unit-D13/home/60402
2026-09-19T19:54:21.154Z,NW Seattle,2026-04-24,96133,211686353,2472775,Closed,118 N 104th St Unit A,Unit A,Seattle,WA,98133,Greenwood,Townhouse,3,2005,3,3.5,3,1260,1668,1.5,534000,424,,,,Kevin Zelko,Lake & Company,Century 21 Blue Chip,47.7044901,-122.3572998,https://www.redfin.com/WA/Seattle/118-N-104th-St-98133/unit-A/home/96133
2026-09-19T19:54:21.154Z,NW Seattle,2026-04-24,96134,213420744,2496193,Closed,9716 14th Ave NW,,Seattle,WA,98117,Crown Hill,Single Family,1,1945,4,3,3,3090,8910,2,1460000,472,,,,Tammy Heldridge,Windermere Real Estate Co.,COMPASS,47.7006922,-122.3737074,https://www.redfin.com/WA/Seattle/9716-14th-Ave-NW-98117/home/96134
2026-09-19T19:54:21.154Z,NW Seattle,2026-04-24,97311,213221690,2487942,Closed,11513 Palatine Ave N,,Seattle,WA,98133,Broadview,Single Family,1,1944,4,3,3,2860,6250,1.5,1150000,402,,,,Andrew Hafzalla,Real Broker LLC,Windermere R E Mount Baker,47.7127835,-122.3571802,https://www.redfin.com/WA/Seattle/11513-Palatine-Ave-N-98133/home/97311
2026-09-19T19:54:21.154Z,Northgate,2026-04-23,102079,213649335,2499671,Closed,1409 N 135th Pl,,Seattle,WA,98133,Haller Lake,Single Family,1,1953,4,2,2,1590,11383,1,645000,406,,,,Don Lonam,KW Greater Seattle,"Matrix Real Estate, LLC",47.7270525,-122.3405283,https://www.redfin.com/WA/Seattle/1409-N-135th-Pl-98133/home/102079
2026-09-19T19:54:21.154Z,Fremont,2026-04-23,109003266,213274957,2495838,Closed,4329 Woodland Park Ave N,,Seattle,WA,98103,Wallingford,Townhouse,3,2016,2,2,2,1472,876,1.5,785000,533,,,,,Keller Williams Realty Bothell,Redfin,47.6601792,-122.3448086,https://www.redfin.com/WA/Seattle/4329-Woodland-Park-Ave-N-98103/home/109003266
2026-09-19T19:54:21.154Z,Ballard (specific),2026-04-23,12448026,211902024,2478761,Closed,2017 NW 59th St Unit A,Unit A,Seattle,WA,98107,Ballard,Townhouse,3,2007,3,2.5,2,1140,1182,1.5,709000,622,,,,Tyler Anderson,Windermere Real Estate Co.,"Skyline Properties, Inc.",47.6713542,-122.382905,https://www.redfin.com/WA/Seattle/2017-NW-59th-St-98107/unit-A/home/12448026
2026-09-19T19:54:21.154Z,Magnolia,2026-04-23,124984,213459825,2495889,Closed,4006 26th Ave W,,Seattle,WA,98199,Magnolia,Single Family,1,1954,4,2,2,1948,5500,1,1327000,681,,,,Kristen Eichelberger,Windermere RE Magnolia,Coldwell Banker Bain,47.6561864,-122.3896474,https://www.redfin.com/WA/Seattle/4006-26th-Ave-W-98199/home/124984
2026-09-19T19:54:21.154Z,Central Seattle,2026-04-23,138867,212945118,2489901,Closed,1403 Shenandoah Dr E,,Seattle,WA,98112,Broadmoor,Single Family,1,1940,4,6.5,6,4565,13969,2,6150000,1347,403,,,Reilly Schanno,Windermere Real Estate Midtown,COMPASS,47.6314296,-122.2896068,https://www.redfin.com/WA/Seattle/1403-Shenandoah-Dr-E-98112/home/138867
2026-09-19T19:54:21.154Z,Central Seattle,2026-04-23,141916,213160914,2493075,Closed,3312 S Lane St,,Seattle,WA,98144,Leschi,Single Family,1,1904,4,2,2,2030,8774,2,1065000,525,,,,Tianyu Chen,Keller Williams Realty Bothell,ZNonMember-Office-MLS,47.596876,-122.2896596,https://www.redfin.com/WA/Seattle/3312-S-Lane-St-98144/home/141916
2026-09-19T19:54:21.154Z,Central Seattle,2026-04-23,145006,213152866,2486598,Closed,310 21st Ave E,,Seattle,WA,98112,Capitol Hill,Single Family,1,1986,5,4.5,4,3090,4920,1.5,1950000,631,,,,Jeanne Tiscareno,Keller Williams Eastside,Real Property Associates,47.6217529,-122.3044484,https://www.redfin.com/WA/Seattle/310-21st-Ave-E-98112/home/145006
2026-09-19T19:54:21.154Z,West Seattle,2026-04-23,157582,213144146,2492335,Closed,3514 SW 112th St,,Seattle,WA,98146,Arbor Heights,Single Family,1,1951,3,1,1,1031,7920,1,685000,664,,,,Irma Suntay,Windermere Real Estate Co.,Lake & Company,47.5030223,-122.3768418,https://www.redfin.com/WA/Seattle/3514-SW-112th-St-98146/home/157582
2026-09-19T19:54:21.154Z,NW Seattle,2026-04-23,164568,213635795,2499924,Closed,9009 30th Ave NW,,Seattle,WA,98117,North Beach,Single Family,1,1963,4,3,3,2260,6680,1.5,1370000,606,,,,Ted Coronel,Redfin,Windermere Real Estate Co.,47.6949885,-122.3959944,https://www.redfin.com/WA/Seattle/9009-30th-Ave-NW-98117/home/164568
2026-09-19T19:54:21.154Z,Beacon Hill,2026-04-23,167623,214339448,2512404,Closed,3314 Lafayette Ave S,,Seattle,WA,98144,Beacon Hill,Single Family,1,1947,2,0.5,,1340,2600,1,680000,507,,,,,,Windermere Real Estate Co.,47.5735554,-122.3100264,https://www.redfin.com/WA/Seattle/3314-Lafayette-Ave-S-98144/home/167623
2026-09-19T19:54:21.154Z,Beacon Hill,2026-04-23,167701,213408059,2492993,Closed,1425 S Hanford St,,Seattle,WA,98144,N Beacon Hill,Single Family,1,1925,4,1,1,2490,4877,1,1017750,409,,,,Rosemary Pham,Windermere R E Mount Baker,Windermere RE Greenwood,47.574923,-122.3136673,https://www.redfin.com/WA/Seattle/1425-S-Hanford-St-98144/home/167701
2026-09-19T19:54:21.154Z,Fremont,2026-04-23,170469629,213164586,2493122,Closed,3609 N Whitman Ave,,Seattle,WA,98103,Fremont,Townhouse,3,2018,3,2,2,1540,1083,1.5,1139000,740,,,,Katie Browne,Windermere Real Estate Co.,Keller Williams Eastside,47.6511495,-122.3463104,https://www.redfin.com/WA/Seattle/3609-Whitman-Ave-N-98103/home/170469629
2026-09-19T19:54:21.154Z,West Seattle,2026-04-23,182756382,212330118,2475660,Closed,4810 C Delridge Way SW,,Seattle,WA,98106,Delridge,Townhouse,3,2019,2,2,2,1170,600,1.5,575000,491,,,,Angela Cramer,Redfin,Real Broker LLC,47.5589177,-122.3625529,https://www.redfin.com/WA/Seattle/4810C-Delridge-Way-SW-98106/home/182756382
2026-09-19T19:54:21.154Z,Northgate,2026-04-23,195438078,208799277,2447132,Closed,1913 A N 120th St,,Seattle,WA,98133,Haller Lake,Townhouse,3,2025,4,2,2,1537,1056,1.5,719950,468,,,,Grecia Thomas,Real Property Associates,Windermere Real Estate Co.,47.715786,-122.334435,https://www.redfin.com/WA/Seattle/1913-A-N-120th-St-98133/home/195438078
2026-09-19T19:54:21.154Z,West Seattle,2026-04-23,195503072,209147653,2453282,Closed,9241 B 16th Ave SW,,Seattle,WA,98106,Highland Park,Townhouse,3,2024,3,3,3,1844,1200,1.5,674900,366,99,,,Shannon Renner,Real Broker LLC,SASH Realty,47.519909,-122.3553761,https://www.redfin.com/WA/Seattle/9241-16th-Ave-SW-98106/home/195503072
2026-09-19T19:54:21.154Z,Northgate,2026-04-23,202011904,212736930,2487993,Closed,14044 Lenora Pl N,,Seattle,WA,98133,Northgate,Single Family,1,1955,2,1,1,810,5100,1,527000,651,,,,Larry Morritt,Real Property Associates,Windermere Real Estate Midtown,47.7317,-122.3431719,https://www.redfin.com/WA/Seattle/14044-Lenora-Pl-N-98133/home/202011904
2026-09-19T19:54:21.154Z,Fremont,2026-04-23,27906,212347028,2482619,Closed,3824 Evanston Ave N #6,#6,Seattle,WA,98103,Fremont,Single Family,1,1999,3,2.5,2,1408,1,1.5,935000,664,898,,,Mariah O'Keefe,Redfin,Every Door Real Estate,47.6535257,-122.3507717,https://www.redfin.com/WA/Seattle/3824-Evanston-Ave-N-98103/unit-6/home/27906
2026-09-19T19:54:21.154Z,Fremont,2026-04-23,303077,213132239,2492851,Closed,4411 2nd Ave NW,,Seattle,WA,98107,Fremont,Single Family,1,1927,3,2,2,2020,3850,1.5,1420000,703,,,,Nancy Williams,Windermere Real Estate Midtown,Windermere Real Estate Co.,47.6606206,-122.3586706,https://www.redfin.com/WA/Seattle/4411-2nd-Ave-NW-98107/home/303077
2026-09-19T19:54:21.154Z,Wallingford,2026-04-23,304820,213632388,2501164,Closed,2158 N 50th St,,Seattle,WA,98103,Wallingford,Single Family,1,1923,5,2.5,2,1720,4160,1.5,1050000,610,,,,Ray Poletti,"Ballard Realty, Inc.",KW Greater Seattle,47.6652288,-122.3312535,https://www.redfin.com/WA/Seattle/2158-N-50th-St-98103/home/304820
2026-09-19T19:54:21.154Z,Green Lake,2026-04-23,306329,213527576,2475172,Closed,1142 N 77th St,,Seattle,WA,98103,Green Lake,Single Family,1,1926,2,1,1,2360,5100,1,855000,362,,,,Michael Good,Coldwell Banker Danforth,COMPASS,47.6849612,-122.3425813,https://www.redfin.com/WA/Seattle/1142-N-77th-St-98103/home/306329
2026-09-19T19:54:21.154Z,NE Seattle,2026-04-23,309435,213638909,2501482,Closed,8016 17th Ave NE,,Seattle,WA,98115,Ravenna,Single Family,1,1918,4,3,3,2322,4305,2,1510000,650,,,,Sarah Nickel Smith,Lake & Company,Windermere Real Estate Co.,47.6872167,-122.3097073,https://www.redfin.com/WA/Seattle/8016-17th-Ave-NE-98115/home/309435
2026-09-19T19:54:21.154Z,West Seattle,2026-04-23,329483,212647211,2474998,Closed,3617 SW Dakota,,Seattle,WA,98126,Belvidere,Townhouse,3,2026,3,2.5,2,1124,1208,1.5,799000,711,49,,,Chris Austin,Windermere Real Estate Co.,Real Property Associates,47.5663564,-122.3783827,https://www.redfin.com/WA/Seattle/3617-SW-Dakota-St-98126/home/329483
2026-09-19T19:54:21.154Z,West Seattle,2026-04-23,470870,213836232,2503388,Closed,5202 38th Ave SW,,Seattle,WA,98126,Fairmount,Single Family,1,1961,4,3,3,2080,6719,1,1200000,577,,,,Junior Torres,Windermere RE Greenwood,"Windermere RE/Capitol Hill,Inc",47.5555166,-122.3800249,https://www.redfin.com/WA/Seattle/5202-38th-Ave-SW-98126/home/470870
2026-09-19T19:54:21.154Z,West Seattle,2026-04-23,472547,213369242,2495193,Closed,9240 30th Ave SW,,Seattle,WA,98126,West Seattle,Single Family,1,1954,2,2,2,1111,7800,1,750000,675,,,,Simone Bouterse,Windermere R E Mount Baker,SCOUT,47.519837967,-122.3710462,https://www.redfin.com/WA/Seattle/9240-30th-Ave-SW-98126/home/472547
2026-09-19T19:54:21.154Z,NW Seattle,2026-04-23,495553,213357115,2497265,Closed,339 NW 77th St,,Seattle,WA,98117,Phinney Ridge,Single Family,1,1928,4,2.5,2,2230,3860,1.5,1515000,679,,,,Dustin Ziegelmann,Windermere Real Estate Midtown,KW Greater Seattle,47.6845415,-122.3623887,https://www.redfin.com/WA/Seattle/339-NW-77th-St-98117/home/495553
2026-09-19T19:54:21.154Z,Phinney Ridge,2026-04-23,496036,213214866,2494567,Closed,6557 6th Ave NW,,Seattle,WA,98117,Phinney Ridge,Single Family,1,2000,3,2,2,1310,2415,2,870000,664,,,,Katie Kepler,"Heaton Dainard, LLC","Windermere RE North, Inc.",47.6776058,-122.3638282,https://www.redfin.com/WA/Seattle/6557-6th-Ave-NW-98117/home/496036
2026-09-19T19:54:21.154Z,NW Seattle,2026-04-23,496434,213617907,2495038,Closed,622 NW 75th St,,Seattle,WA,98117,Whittier,Single Family,1,2004,3,2,2,1440,2575,2,1005000,698,,,,Sarah Smith,Lake & Company,KW Greater Seattle,47.6834953,-122.3644345,https://www.redfin.com/WA/Seattle/622-NW-75th-St-98117/home/496434
2026-09-19T19:54:21.154Z,Phinney Ridge,2026-04-23,498409,213013840,2490404,Closed,154 NW 73rd St,,Seattle,WA,98117,Seattle,Single Family,1,1928,4,1,1,2136,3750,1.5,1250000,585,,,,Jon Minerick,homecoin.com,John L. Scott Snohomish,47.6820078,-122.3586592,https://www.redfin.com/WA/Seattle/154-NW-73rd-St-98117/home/498409
2026-09-19T19:54:21.154Z,Maple Leaf,2026-04-22,109797,213419007,2497917,Closed,1202 NE 97th St,,Seattle,WA,98115,Maple Leaf,Single Family,1,1919,5,2.5,2,3665,9304,2,1175000,321,,,,Danielle Williams,Lake & Company,KW Greater Seattle,47.6996639,-122.3146858,https://www.redfin.com/WA/Seattle/1202-NE-97th-St-98115/home/109797
2026-09-19T19:54:21.154Z,Wallingford,2026-04-22,119114,213653981,2501902,Closed,1910 N 38th St,,Seattle,WA,98103,Wallingford,Single Family,1,1922,4,4,4,2849,3625,2,1880000,660,,,,David Todd,Lake & Company,COMPASS,47.65332,-122.3345891,https://www.redfin.com/WA/Seattle/1910-N-38th-St-98103/home/119114
2026-09-19T19:54:21.154Z,Magnolia,2026-04-22,125353,213221449,2494129,Closed,3055 44th Ave W,,Seattle,WA,98199,Magnolia,Single Family,1,1961,3,2.5,2,3460,6000,1,2125000,614,,,,Heidi Ward,Windermere Real Estate Midtown,Keller Williams Seattle Metro,47.6484399,-122.4134731,https://www.redfin.com/WA/Seattle/3055-44th-Ave-W-98199/home/125353
2026-09-19T19:54:21.154Z,Central Seattle,2026-04-22,141694,212972915,2491011,Closed,1423 37th Ave,,Seattle,WA,98122,Madrona,Single Family,1,2007,5,4.5,4,5760,5000,1.5,2700000,469,,,,Jacob Donahue,Windermere Real Estate Midtown,Windermere Real Estate/East,47.61359,-122.2863307,https://www.redfin.com/WA/Seattle/1423-37th-Ave-98122/home/141694
2026-09-19T19:54:21.154Z,Central Seattle,2026-04-22,146562,214315618,2512215,Closed,336 25th Ave E,,Seattle,WA,98112,Capitol Hill,Single Family,1,1951,2,1,1,1400,5000,1,675000,482,,,,Sabrina GrandkeBawab,"Skyline Properties, Inc.","Skyline Properties, Inc.",47.6225129,-122.299629,https://www.redfin.com/WA/Seattle/336-25th-Ave-E-98112/home/146562
2026-09-19T19:54:21.154Z,Central Seattle,2026-04-22,199485593,213580828,2497434,Closed,1627 B 21st Ave,,Seattle,WA,98122,Capitol Hill,Townhouse,3,2026,3,2,2,1767,1792,1.5,1135000,642,,,,Diana Rayo,"Windermere RE/Capitol Hill,Inc",eXp Realty,47.6161476,-122.3052018,https://www.redfin.com/WA/Seattle/1627-21st-Ave-98122/unit-B/home/199485593
2026-09-19T19:54:21.154Z,West Seattle,2026-04-22,2077578,212804580,2483338,Closed,1601 California Ave SW,,Seattle,WA,98116,North Admiral,Townhouse,3,2008,4,2.5,2,1920,1251,1.5,1020000,531,,,,RaeAnne Marcum,Real Broker LLC,Lake & Company,47.5891757,-122.3865561,https://www.redfin.com/WA/Seattle/1601-California-Ave-SW-98116/home/2077578
2026-09-19T19:54:21.154Z,West Seattle,2026-04-22,21883830,212747089,2485878,Closed,4735 Delridge Way SW Unit A,Unit A,Seattle,WA,98106,Delridge,Townhouse,3,2008,3,2.5,2,1100,750,1.5,530000,482,,,,Julie Granahan,Redfin,KW Lake Washington So,47.5600755,-122.3634082,https://www.redfin.com/WA/Seattle/4735-Delridge-Way-SW-98106/unit-A/home/21883830
2026-09-19T19:54:21.154Z,NW Seattle,2026-04-22,289758,213625309,2500618,Closed,1910 NW 97th St,,Seattle,WA,98117,North Beach,Single Family,1,1938,3,2,2,2140,6500,1,1278000,597,,,,Cori Whitaker,"Windermere RE North, Inc.",COMPASS,47.6999712,-122.3813451,https://www.redfin.com/WA/Seattle/1910-NW-97th-St-98117/home/289758
2026-09-19T19:54:21.154Z,NW Seattle,2026-04-22,291344,213206880,2494571,Closed,320 NW 110th St,,Seattle,WA,98177,Broadview,Single Family,1,1952,6,3,3,2330,8800,2,1395000,599,,,,Molly Haines,Real Broker LLC,Lake & Company,47.708962,-122.3617442,https://www.redfin.com/WA/Seattle/320-NW-110th-St-98177/home/291344
2026-09-19T19:54:21.154Z,Fremont,2026-04-22,303687,213262039,2493764,Closed,4012 1st Ave NW,,Seattle,WA,98103,Fremont,Single Family,1,1925,3,2,2,2030,4800,1,1250000,616,,,,David Palmer,Redfin,Lake & Company,47.6560685,-122.3569364,https://www.redfin.com/WA/Seattle/4012-1st-Ave-NW-98107/home/303687
2026-09-19T19:54:21.154Z,Green Lake,2026-04-22,307280,212347780,2482324,Closed,1114 N 77th St,,Seattle,WA,98103,Green Lake,Single Family,1,1924,4,2,2,2360,4080,1,1110000,470,,,,Davey Wilde,COMPASS,Real Property Associates,47.6849741,-122.3436449,https://www.redfin.com/WA/Seattle/1114-N-77th-St-98103/home/307280
2026-09-19T19:54:21.154Z,NE Seattle,2026-04-22,312880,213454562,2498486,Closed,5701 30th Ave NE,,Seattle,WA,98105,Bryant,Single Family,1,1927,3,2,2,2330,4600,1,1300000,558,,,,Anne Marie Peterson,COMPASS,Keller Williams Rlty Bellevue,47.6704743,-122.2953901,https://www.redfin.com/WA/Seattle/5701-30th-Ave-NE-98105/home/312880
2026-09-19T19:54:21.154Z,NE Seattle,2026-04-22,317977,213890495,2505548,Closed,6825 43rd Ave NE,,Seattle,WA,98115,View Ridge,Single Family,1,1943,3,2,2,1885,7695,1,1150000,610,,,,,"John L. Scott, Inc.",Redfin,47.6784069,-122.2825734,https://www.redfin.com/WA/Seattle/6825-43rd-Ave-NE-98115/home/317977
2026-09-19T19:54:21.154Z,NE Seattle,2026-04-22,318331,213427847,2498250,Closed,7302 33rd Ave NE,,Seattle,WA,98115,Bryant,Single Family,1,1950,3,2,2,1880,4120,2,1281500,682,,,,,Realogics Sotheby's Int'l Rlty,Redfin,47.6813747,-122.2922951,https://www.redfin.com/WA/Seattle/7302-33rd-Ave-NE-98115/home/318331
2026-09-19T19:54:21.154Z,West Seattle,2026-04-22,330707,213891002,2504914,Closed,1906 44th Ave SW,,Seattle,WA,98116,Admiral,Single Family,1,1928,3,2.5,2,2200,2590,2,1150000,523,,,,James Vert,John L Scott Westwood,"Pellego, Inc.",47.5865127,-122.3873852,https://www.redfin.com/WA/Seattle/1906-44th-Ave-SW-98116/home/330707
2026-09-19T19:54:21.154Z,Phinney Ridge,2026-04-22,498742,213475059,2496869,Closed,7220 4th Ave NW,,Seattle,WA,98117,Ballard,Single Family,1,1916,3,1.5,1,1920,3500,1,925000,482,,,,,RE/MAX Northwest,Redfin,47.6814058,-122.3612242,https://www.redfin.com/WA/Seattle/7220-4th-Ave-NW-98117/home/498742
2026-09-19T19:54:21.154Z,Queen Anne,2026-04-22,83727504,213202392,2493524,Closed,412 W Fulton St,,Seattle,WA,98119,Queen Anne,Townhouse,3,2015,3,2.5,2,1576,1300,1.5,885000,562,,,,Mary Lee,Windermere Real Estate Midtown,"Pellego, Inc.",47.6459579,-122.3627853,https://www.redfin.com/WA/Seattle/412-W-Fulton-St-98119/home/83727504
2026-09-19T19:54:21.154Z,Wallingford,2026-04-21,118801,211761953,2475649,Closed,4748 4th Ave NE,,Seattle,WA,98105,Wallingford,Single Family,1,1901,3,2,2,1609,4760,2,1143255,711,,,,Emily Shepodd,COMPASS,Windermere Real Estate Midtown,47.6646175,-122.3237065,https://www.redfin.com/WA/Seattle/4748-4th-Ave-NE-98105/home/118801
2026-09-19T19:54:21.154Z,NE Seattle,2026-04-21,121197,208585437,2446127,Closed,5122 46th Ave NE,,Seattle,WA,98105,Laurelhurst,Single Family,1,1943,3,2,2,1410,5000,1,1140000,809,,,,Dan Gunderson,"Windermere Real Estate/M2, LLC",Array Real Estate,47.6667307,-122.2781196,https://www.redfin.com/WA/Seattle/5122-46th-Ave-NE-98105/home/121197
2026-09-19T19:54:21.154Z,NE Seattle,2026-04-21,121710,214388914,2513059,Closed,4303 50th Ave NE,,Seattle,WA,98105,Laurelhurst,Single Family,1,1962,3,2.5,2,2740,3760,1,1675000,611,,,,Adam Hestad,COMPASS,COMPASS,47.6600917,-122.2742142,https://www.redfin.com/WA/Seattle/4303-50th-Ave-NE-98105/home/121710
2026-09-19T19:54:21.154Z,Magnolia,2026-04-21,122993,210436079,2464527,Closed,3653 W Commodore Way,,Seattle,WA,98199,Magnolia,Single Family,1,1958,4,2.5,2,4202,18600,1.5,1860000,443,,,,Hannah Gregg,Keller Williams Realty PS,Windermere RE Magnolia,47.6656098,-122.4057484,https://www.redfin.com/WA/Seattle/3653-W-Commodore-Way-98199/home/122993
2026-09-19T19:54:21.154Z,Central Seattle,2026-04-21,139313,212944840,2490671,Closed,1427 Woodrow Pl E,,Seattle,WA,98112,Madison Park,Single Family,1,2026,4,4.5,4,3839,3960,2,3550000,925,,,,Blake Gallagher,Alchemy Real Estate,COMPASS,47.6318505,-122.2848728,https://www.redfin.com/WA/Seattle/1427-Woodrow-Pl-E-98112/home/139313
2026-09-19T19:54:21.154Z,Ballard (specific),2026-04-21,143457533,213373580,2496356,Closed,1727 NW 60th St,,Seattle,WA,98107,Ballard,Townhouse,3,2017,3,2.5,2,1923,1600,1.5,1050000,546,,,,Kimberly Johnson,Windermere Real Estate Midtown,Keller Williams Rlty Bellevue,47.6722276,-122.3801669,https://www.redfin.com/WA/Seattle/1727-NW-60th-St-98107/home/143457533
2026-09-19T19:54:21.154Z,West Seattle,2026-04-21,150542,212772734,2487898,Closed,3773 SW Grayson St,,Seattle,WA,98126,North Admiral,Single Family,1,1941,3,2,2,2350,3700,2,1425000,606,,,,Kelly Malloy,Windermere West Metro,Windermere Real Estate/East,47.5816388,-122.380236,https://www.redfin.com/WA/Seattle/3773-SW-Grayson-St-98126/home/150542
2026-09-19T19:54:21.154Z,West Seattle,2026-04-21,151421,213428920,2496303,Closed,4054 52nd Ave SW,,Seattle,WA,98116,Genesee,Single Family,1,1948,3,2,2,3120,8625,1,1600000,513,,,,Leah Kennedy,Redfin,Windermere Real Estate Midtown,47.5669089,-122.3985148,https://www.redfin.com/WA/Seattle/4054-52nd-Ave-SW-98116/home/151421
2026-09-19T19:54:21.154Z,West Seattle,2026-04-21,156901,213644698,2498981,Closed,4146 SW Arroyo Dr,,Seattle,WA,98146,Arroyo,Single Family,1,1953,3,3,3,2450,13250,1,2300000,939,,,,Julie Granahan,Redfin,Redfin,47.5034471,-122.385364,https://www.redfin.com/WA/Seattle/4146-SW-Arroyo-Dr-98146/home/156901
2026-09-19T19:54:21.154Z,Ballard (specific),2026-04-21,166159,213108197,2493012,Closed,8341 28th Ave NW,,Seattle,WA,98117,Sunset Hill,Single Family,1,1915,5,2,2,2740,5000,1.5,925000,338,,,,Mary Schile,"RE/MAX Metro Realty, Inc.",COMPASS,47.6898851,-122.3934137,https://www.redfin.com/WA/Seattle/8341-28th-Ave-NW-98117/home/166159
2026-09-19T19:54:21.154Z,Beacon Hill,2026-04-21,167238,211095702,2469867,Closed,2323 12th Ave S,,Seattle,WA,98144,N Beacon Hill,Single Family,1,1920,3,2.5,2,1447,6000,1,748000,517,,,,Isaac Rivelle,SPIRE ONE Realty,Windermere Real Estate/Summit,47.5822648,-122.3175792,https://www.redfin.com/WA/Seattle/2323-12th-Ave-S-98144/home/167238
2026-09-19T19:54:21.154Z,Fremont,2026-04-21,178207472,212045310,2479090,Closed,4307 B Francis Ave N,,Seattle,WA,98103,Fremont,Townhouse,3,2022,3,2,2,1587,1039,1.5,985000,621,,,,Drew Jones,Windermere RE Greenwood,COMPASS,47.6592355,-122.3536182,https://www.redfin.com/WA/Seattle/4307-Francis-Ave-N-98103/home/178207472
2026-09-19T19:54:21.154Z,Central Seattle,2026-04-21,192256920,212344358,2481177,Closed,919 23rd Ave E Unit A,Unit A,Seattle,WA,98112,North Capitol Hill,Townhouse,3,1925,5,3.5,3,2618,3887,1.5,1350000,516,,,,Jeffrey Valcik,"John L. Scott, Inc.",Lions Realty Group,47.6274072,-122.3026928,https://www.redfin.com/WA/Seattle/919-23rd-Ave-E-98112/unit-A/home/192256920
2026-09-19T19:54:21.154Z,NW Seattle,2026-04-21,195912143,211132565,2471725,Closed,9020 13th Ave NW Unit A,Unit A,Seattle,WA,98117,Crown Hill,Townhouse,3,2025,3,3,3,1667,1631,1.5,898250,539,,,,James Coleman,Windermere Real Estate Co.,Kelly Right RE of Seattle LLC,47.694927,-122.3722278,https://www.redfin.com/WA/Seattle/9020-13th-Ave-NW-98117/unit-A/home/195912143
2026-09-19T19:54:21.154Z,Phinney Ridge,2026-04-21,299671,213626352,2500531,Closed,757 N 65th St,,Seattle,WA,98103,Phinney Ridge,Single Family,1,1953,3,2,2,1630,5000,1,1157000,710,,,,Sol Villarreal,Windermere Real Estate Co.,Windermere Mercer Island,47.6758593,-122.3489767,https://www.redfin.com/WA/Seattle/757-N-65th-St-98103/home/299671
2026-09-19T19:54:21.154Z,NE Seattle,2026-04-21,315502,213618334,2499934,Closed,7710 32nd Ave NE,,Seattle,WA,98115,Wedgwood,Single Family,1,1939,3,2,2,2330,6120,1,1442600,619,,,,Michele Flinn,Windermere Real Estate Co.,Windermere Real Estate Co.,47.6852887,-122.2934766,https://www.redfin.com/WA/Seattle/7710-32nd-Ave-NE-98115/home/315502
2026-09-19T19:54:21.154Z,West Seattle,2026-04-21,329444,213218940,2494241,Closed,3911 SW Forest St,,Seattle,WA,98116,Admiral,Single Family,1,1940,4,2,2,1634,3384,1,1070000,655,,,,Kelly Malloy,Windermere West Metro,VerraTerra,47.5781465,-122.3818586,https://www.redfin.com/WA/Seattle/3911-SW-Forest-St-98116/home/329444
2026-09-19T19:54:21.154Z,Phinney Ridge,2026-04-21,498053,213426248,2496031,Closed,6707 6th Ave NW,,Seattle,WA,98117,Phinney Ridge,Single Family,1,1926,5,3,3,2860,4840,2,1740000,608,,,,Mark Hanses,"Windermere RE/Capitol Hill,Inc",COMPASS,47.6780686,-122.3638196,https://www.redfin.com/WA/Seattle/6707-6th-Ave-NW-98117/home/498053
2026-09-19T19:54:21.154Z,NW Seattle,2026-04-20,101665,212349468,2481838,Closed,8535 18th Ave NW,,Seattle,WA,98117,Ballard,Single Family,1,1925,2,2,2,1300,4000,1,649950,500,,,,Kelly Blake,Windermere Real Estate Co.,HomeSmart Real Estate Assoc,47.6917544,-122.3802974,https://www.redfin.com/WA/Seattle/8535-18th-Ave-NW-98117/home/101665
2026-09-19T19:54:21.154Z,Northgate,2026-04-20,115391,213609357,2499589,Closed,541 NE 130th St,,Seattle,WA,98125,Olympic Hills,Single Family,1,1951,3,1.5,1,2020,7200,1,990000,490,,,,Ryan Halset,"Boardwalk Real Estate, LLC",KW Greater Seattle,47.7228942,-122.3216035,https://www.redfin.com/WA/Seattle/541-NE-130th-St-98125/home/115391
2026-09-19T19:54:21.154Z,Magnolia,2026-04-20,126929,213866822,2504717,Closed,3631 32nd Ave W,,Seattle,WA,98199,Magnolia,Single Family,1,1944,2,2,2,1560,6000,1,939888,602,,,,Ralph Allais,The Preview Group,Coldwell Banker Bain,47.6532568,-122.3985249,https://www.redfin.com/WA/Seattle/3631-32nd-Ave-W-98199/home/126929
2026-09-19T19:54:21.154Z,Central Seattle,2026-04-20,137094765,213121107,2492605,Closed,2816 Boyer Ave E Unit B,Unit B,Seattle,WA,98102,Portage Bay,Single Family,1,2019,3,3.5,3,2650,2700,1,3240000,1223,500,,,Will Cahill,Real Residential,Windermere Real Estate/East,47.646026708,-122.3153114,https://www.redfin.com/WA/Seattle/2816-Boyer-Ave-E-98102/unit-B/home/137094765
2026-09-19T19:54:21.154Z,Central Seattle,2026-04-20,146863,213191547,2492842,Closed,1617 33rd Ave,,Seattle,WA,98122,Madrona,Single Family,1,1919,5,3,3,3290,3773,2,1299000,395,,,,Kevin Lam,COMPASS,Keller Williams North Seattle,47.6158276,-122.2905945,https://www.redfin.com/WA/Seattle/1617-33rd-Ave-98122/home/146863
2026-09-19T19:54:21.154Z,West Seattle,2026-04-20,160169,213463582,2496980,Closed,3708 20th Ave SW,,Seattle,WA,98106,Pigeon Point,Single Family,1,1990,3,2.5,2,1930,2500,4,965000,500,,,,Anna Schwartz,John L Scott RE West Seattle,COMPASS,47.5706247,-122.3589175,https://www.redfin.com/WA/Seattle/3708-20th-Ave-SW-98106/home/160169
2026-09-19T19:54:21.154Z,West Seattle,2026-04-20,160697,213216146,2493496,Closed,6757 13th Ave SW,,Seattle,WA,98106,Highland Park,Single Family,1,1936,3,2,2,1500,6552,1,750000,500,,,,Jack Duggan,Real Broker LLC,Windermere Mercer Island,47.5412391,-122.3518044,https://www.redfin.com/WA/Seattle/6757-13th-Ave-SW-98106/home/160697
2026-09-19T19:54:21.154Z,Ballard (specific),2026-04-20,165696,213458444,2498557,Closed,8333 27th Ave NW,,Seattle,WA,98117,Loyal Heights,Single Family,1,1925,2,2,2,850,3960,1,825000,971,,,,Danny Adamson,Lake & Company,Windermere Real Estate Co.,47.6899867,-122.3911713,https://www.redfin.com/WA/Seattle/8333-27th-Ave-NW-98117/home/165696
2026-09-19T19:54:21.154Z,Ballard (specific),2026-04-20,169090951,211254896,2472713,Closed,1117 NW 56th St Unit D,Unit D,Seattle,WA,98107,Ballard,Single Family,1,2019,2,2,2,980,619,3,590000,602,,,,Paul Bettinson,Redfin,Every Door Real Estate,47.6691996,-122.3716368,https://www.redfin.com/WA/Seattle/1117-NW-56th-St-98107/unit-D/home/169090951
2026-09-19T19:54:21.154Z,Ballard (specific),2026-04-20,192265808,211687685,2472822,Closed,8335 D 12th Ave NW,,Seattle,WA,98117,Whittier,Townhouse,3,2026,4,2.5,2,1810,1310,1.5,884900,489,5,,,,"Windermere RE/Capitol Hill,Inc",Redfin,47.6896958,-122.3719958,https://www.redfin.com/WA/Seattle/8335-12th-Ave-NW-98117/unit-C/home/192265808
2026-09-19T19:54:21.154Z,Beacon Hill,2026-04-20,200879972,213047458,2492472,Closed,4814 14th Ave S,,Seattle,WA,98108,Beacon Hill,Townhouse,3,2026,3,2.5,2,1132,,1.5,710000,627,21,,,Maureen Rammell,Coldwell Banker Bain,Keller Williams Rlty Bellevue,47.5599292,-122.3139331,https://www.redfin.com/WA/Seattle/4814-14th-Ave-S-98108/home/200879972
2026-09-19T19:54:21.154Z,Phinney Ridge,2026-04-20,299429,214263804,2511144,Closed,519 N 63rd St,,Seattle,WA,98103,Phinney Ridge,Single Family,1,1926,2,1,1,960,3750,1,750000,781,,,,Jay Yancey,Windermere RE Greenwood,NWMLS-NonOffice,47.6744042,-122.3519568,https://www.redfin.com/WA/Seattle/519-N-63rd-St-98103/home/299429
2026-09-19T19:54:21.154Z,Green Lake,2026-04-20,305055,214301163,2511857,Closed,6027 4th Ave NE,,Seattle,WA,98115,Green Lake,Single Family,1,1905,3,1,1,2430,6000,2,1360000,560,,,,Byuri Kim,Windermere Real Estate Co.,NWMLS-NonOffice,47.6730303,-122.3247341,https://www.redfin.com/WA/Seattle/6027-4th-Ave-NE-98115/home/305055
2026-09-19T19:54:21.154Z,NE Seattle,2026-04-20,309354,213474425,2497158,Closed,1315 NE 70th St,,Seattle,WA,98115,Roosevelt,Single Family,1,1929,4,3,3,3600,4800,2,1750000,486,,,,Summer Carlton,Realogics Sotheby's Int'l Rlty,COMPASS,47.6792295,-122.3136448,https://www.redfin.com/WA/Seattle/1315-NE-70th-St-98115/home/309354
2026-09-19T19:54:21.154Z,NE Seattle,2026-04-20,311032,213216147,2493500,Closed,8011 18th Ave NE,,Seattle,WA,98115,Ravenna,Single Family,1,1926,3,2,2,1680,4275,1,1190000,708,,,,Kim Wesselman,Windermere Real Estate Midtown,COMPASS,47.6871133,-122.3092272,https://www.redfin.com/WA/Seattle/8011-18th-Ave-NE-98115/home/311032
2026-09-19T19:54:21.154Z,NE Seattle,2026-04-20,320630,212374852,2482767,Closed,6206 52nd Ave NE,,Seattle,WA,98115,Hawthorne Hills,Single Family,1,1975,4,2.5,2,2520,5301,1.5,1485000,589,,,,Mikaela Ji,COMPASS,Coldwell Banker Bain,47.6741177,-122.2713675,https://www.redfin.com/WA/Seattle/6206-52nd-Ave-NE-98115/home/320630
2026-09-19T19:54:21.154Z,NW Seattle,2026-04-20,98619,211763507,2476527,Closed,920 N 102nd St,,Seattle,WA,98133,Greenwood,Single Family,1,1925,4,2,2,1580,3844,1,710000,449,,,,Chandra Gordon,Redfin,Redfin,47.7030905,-122.3466739,https://www.redfin.com/WA/Seattle/920-N-102nd-St-98133/home/98619
2026-09-19T19:54:21.154Z,Northgate,2026-04-17,102061,208561616,2446771,Closed,13053 Roosevelt Way NE,,Seattle,WA,98125,Pinehurst,Single Family,1,1950,3,2,2,1010,6679,1,599950,594,,,,Steve Knoblaugh,COMPASS,COMPASS,47.7240548,-122.3255072,https://www.redfin.com/WA/Seattle/13053-Roosevelt-Way-NE-98125/home/102061
2026-09-19T19:54:21.154Z,Maple Leaf,2026-04-17,109342,212458429,2482817,Closed,403 NE 94th St,,Seattle,WA,98115,Maple Leaf,Single Family,1,1940,3,1.5,1,1700,6083,1,950000,559,,,,Patrick Buckley,COMPASS,Real Broker LLC,47.6965611,-122.3243907,https://www.redfin.com/WA/Seattle/403-NE-94th-St-98115/home/109342
2026-09-19T19:54:21.154Z,Maple Leaf,2026-04-17,110497,213572029,2496394,Closed,1253 NE 90th St,,Seattle,WA,98115,Maple Leaf,Single Family,1,1951,3,2,2,2040,4833,1,1350000,662,,,,Kimberly Johnson,Windermere Real Estate Midtown,Alchemy Real Estate,47.6937901,-122.3126164,https://www.redfin.com/WA/Seattle/1253-NE-90th-St-98115/home/110497
2026-09-19T19:54:21.154Z,NE Seattle,2026-04-17,121721,212804076,2488593,Closed,4812 NE 42nd St,,Seattle,WA,98105,Laurelhurst,Single Family,1,1952,4,4,4,3764,10000,1.5,2000000,531,,,,Joie Gowan,Windermere Real Estate Co.,Windermere Real Estate/East,47.6593976,-122.2760385,https://www.redfin.com/WA/Seattle/4812-NE-42nd-St-98105/home/121721
2026-09-19T19:54:21.154Z,NE Seattle,2026-04-17,121996,212963899,2486553,Closed,3515 NE 42nd St,,Seattle,WA,98105,Laurelhurst,Single Family,1,1947,4,2,2,2688,5000,1,1561000,581,,,,Candace Hagen,Windermere Real Estate Midtown,Real Residential,47.659028,-122.2895644,https://www.redfin.com/WA/Seattle/3515-NE-42nd-St-98105/home/121996
2026-09-19T19:54:21.154Z,Magnolia,2026-04-17,123098,213416539,2497061,Closed,3232 26th Ave W,,Seattle,WA,98199,Magnolia,Single Family,1,1960,4,3,3,2220,5040,1,1398000,630,,,,Dennis Nguyen,COMPASS,Windermere RE West Sound Inc.,47.6494645,-122.389495,https://www.redfin.com/WA/Seattle/3232-26th-Ave-W-98199/home/123098
2026-09-19T19:54:21.154Z,Magnolia,2026-04-17,123529,212986548,2484354,Closed,2530 26th Ave W,,Seattle,WA,98199,Magnolia,Single Family,1,1955,3,2,2,2188,4560,1,1290000,590,,,,,Windermere RE Magnolia,Redfin,47.6421663,-122.389985,https://www.redfin.com/WA/Seattle/2530-26th-Ave-W-98199/home/123529
2026-09-19T19:54:21.154Z,Queen Anne,2026-04-17,133748,212727141,2488276,Closed,922 Nob Hill Ave N,,Seattle,WA,98109,Queen Anne,Single Family,1,1953,6,3.5,3,5515,6600,1.5,3000000,544,,,,Melissa Klinnert,COMPASS,KW Greater Seattle,47.6277925,-122.3499771,https://www.redfin.com/WA/Seattle/922-Nob-Hill-Ave-N-98109/home/133748
2026-09-19T19:54:21.154Z,Queen Anne,2026-04-17,134240,210750276,2466457,Closed,1203 5th Ave N,,Seattle,WA,98109,Queen Anne,Townhouse,3,1999,3,3.5,3,2360,1891,1.5,1455000,617,,,,Chris Pavlin,Designed Realty,Windermere Real Estate/Summit,47.6299361,-122.3477739,https://www.redfin.com/WA/Seattle/1203-5th-Ave-N-98109/home/134240
2026-09-19T19:54:21.154Z,Central Seattle,2026-04-17,136586,213380839,2494825,Closed,917 E Allison St,,Seattle,WA,98102,Portage Bay,Single Family,1,1919,4,3.5,3,2970,6000,2,1900000,640,,,,Mary P. Snyder,COMPASS,Windermere Real Estate Midtown,47.6484971,-122.3200323,https://www.redfin.com/WA/Seattle/917-E-Allison-St-98102/home/136586
2026-09-19T19:54:21.154Z,Central Seattle,2026-04-17,136607,212964880,2491144,Closed,1919 11th Ave E,,Seattle,WA,98102,North Capitol Hill,Single Family,1,1927,4,3,3,2250,4000,2,1750000,778,,,,,Windermere Real Estate Co.,Redfin,47.6365153,-122.3182863,https://www.redfin.com/WA/Seattle/1919-11th-Ave-E-98102/home/136607
2026-09-19T19:54:21.154Z,Central Seattle,2026-04-17,136950,213397495,2495102,Closed,1807 Federal Ave E,,Seattle,WA,98102,North Capitol Hill,Single Family,1,1925,3,2.5,2,3550,5400,2,1781000,502,,,,Michael Harris,"Windermere RE/Capitol Hill,Inc",Windermere Real Estate Co.,47.6353512,-122.3193296,https://www.redfin.com/WA/Seattle/1807-Federal-Ave-E-98102/home/136950
2026-09-19T19:54:21.154Z,Central Seattle,2026-04-17,142792,213236526,2475940,Closed,1126 14th Ave Unit G,Unit G,Seattle,WA,98122,Capitol Hill,Townhouse,3,2001,3,1.5,1,1290,964,1.5,790000,612,,,,Wenwei Xu,Best Choice Realty LLC,Real Broker LLC,47.6123845,-122.3138708,https://www.redfin.com/WA/Seattle/1126-14th-Ave-98122/unit-G/home/142792
2026-09-19T19:54:21.154Z,Central Seattle,2026-04-17,147018633,210686589,2466229,Closed,313 17th Ave E,,Seattle,WA,98112,Capitol Hill,Townhouse,3,2025,3,2.5,2,1667,1539,1.5,985000,591,0,,,Adrian Chu,Specialty Real Estate Group,KW Greater Seattle,47.6208713,-122.3103855,https://www.redfin.com/WA/Seattle/313-17th-Ave-E-98112/home/147018633
2026-09-19T19:54:21.154Z,West Seattle,2026-04-17,151323,213633712,2501563,Closed,4027 52nd Ave SW,,Seattle,WA,98116,Genesee,Single Family,1,1948,3,1,1,1494,5635,1,1110000,743,,,,Alex McGee,eXp Realty,COMPASS,47.5677102,-122.399122,https://www.redfin.com/WA/Seattle/4027-52nd-Ave-SW-98116/home/151323
2026-09-19T19:54:21.154Z,West Seattle,2026-04-17,157360,212757456,2486684,Closed,11469 37th Ave SW,,Seattle,WA,98146,Arbor Heights,Single Family,1,1947,2,1,1,840,8100,1,625000,744,,,,Tay Krull,Berkshire Hathaway HS NW,Windermere Real Estate/East,47.4997569,-122.376573,https://www.redfin.com/WA/Seattle/11469-37th-Ave-SW-98146/home/157360
2026-09-19T19:54:21.154Z,West Seattle,2026-04-17,157785,213622671,2499504,Closed,10850 Marine View Dr SW,,Seattle,WA,98146,Marine View,Single Family,1,1948,4,2,2,2810,10350,1,1320000,470,,,,Sarah Georger-Clark,COMPASS,Windermere West Metro,47.5052297,-122.380121,https://www.redfin.com/WA/Seattle/10850-Marine-View-Dr-SW-98146/home/157785
2026-09-19T19:54:21.154Z,Ballard (specific),2026-04-17,163903,213435404,2497262,Closed,6725 Earl Ave NW,,Seattle,WA,98117,Ballard,Single Family,1,1914,4,1,1,2340,5100,1.5,1193000,510,,,,Greg Lewis,Windermere Real Estate Co.,Windermere RE Greenwood,47.6784423,-122.392195,https://www.redfin.com/WA/Seattle/6725-Earl-Ave-NW-98117/home/163903
2026-09-19T19:54:21.154Z,NW Seattle,2026-04-17,171920212,200393203,2334477,Closed,2521 NW 92nd St,,Seattle,WA,98117,North Beach,Single Family,1,2020,4,3.5,3,3220,5001,2,2375000,738,,,,Vlad Popach,COMPASS,Windermere Real Estate Co.,47.6958305,-122.3895843,https://www.redfin.com/WA/Seattle/2521-NW-92nd-St-98117/home/171920212
2026-09-19T19:54:21.154Z,Northgate,2026-04-17,189777902,211852575,2478385,Closed,10344 Wallingford Ave N,,Seattle,WA,98133,Northgate,Townhouse,3,2023,2,1.5,1,870,8500,1.5,544000,625,45,,,Don Kenney,Windermere Real Estate Co.,Windermere Real Estate GH LLC,47.7045476,-122.3349253,https://www.redfin.com/WA/Seattle/10344-Wallingford-Ave-N-98133/home/189777902
2026-09-19T19:54:21.154Z,Queen Anne,2026-04-17,197860892,207439887,2432850,Closed,2538 14th Ave W Unit A,Unit A,Seattle,WA,98119,Queen Anne,Townhouse,3,2025,4,3,3,1764,889,1.5,1020000,578,,,,Adrian Chu,Specialty Real Estate Group,"Windermere RE/Capitol Hill,Inc",47.6418215,-122.3745434,https://www.redfin.com/WA/Seattle/2538-14th-Ave-W-98119/unit-A/home/197860892
2026-09-19T19:54:21.154Z,West Seattle,2026-04-17,200143535,211055456,2470416,Closed,4104 49th Ave SW Unit B,Unit B,Seattle,WA,98116,Genesee,Townhouse,3,2025,2,2,2,1065,,1.5,659950,620,104,,,Michael Espada,Array Real Estate,Keller Williams North Seattle,47.5664243,-122.3944344,https://www.redfin.com/WA/Seattle/4104-49th-Ave-SW-98116/unit-B/home/200143535
2026-09-19T19:54:21.154Z,Central Seattle,2026-04-17,201071140,210121970,2462761,Closed,1108 B 34th Ave,,Seattle,WA,98122,Madrona,Townhouse,3,2025,3,2,2,1586,548,1.5,990000,624,1,,,Xi Peng,"Windermere RE/Capitol Hill,Inc",Windermere Mercer Island,47.612038,-122.2891238,https://www.redfin.com/WA/Seattle/1108-B-34th-Ave-98122/home/201071140
2026-09-19T19:54:21.154Z,Green Lake,2026-04-17,2077846,213221811,2494953,Closed,6342 5th Ave NE,,Seattle,WA,98115,Green Lake,Townhouse,3,2003,2,2.5,2,1099,842,1.5,695000,632,,,,Zach McDonald,Real Property Associates,A Home in Seattle,47.6756246,-122.3232201,https://www.redfin.com/WA/Seattle/6342-5th-Ave-NE-98115/home/2077846
2026-09-19T19:54:21.154Z,Ballard (specific),2026-04-17,2082879,213463208,2497931,Closed,2309 NW 65th St,,Seattle,WA,98117,Ballard,Townhouse,3,2005,3,2.5,2,1438,2065,1.5,800000,556,,,,David Angiulo,Coldwell Banker Bain,Real Broker LLC,47.6758206,-122.3857521,https://www.redfin.com/WA/Seattle/2309-NW-65th-St-98117/home/2082879
2026-09-19T19:54:21.154Z,Fremont,2026-04-17,2086022,212974361,2491576,Closed,921 N 35th St Unit B,Unit B,Seattle,WA,98103,Fremont,Townhouse,3,2004,3,2.5,2,1500,993,1.5,924999,617,,,,Michael Pearsall,Keller Williams Seattle Metro,Windermere Real Estate GH LLC,47.6498807,-122.346251,https://www.redfin.com/WA/Seattle/921-N-35th-St-98103/unit-B/home/2086022
2026-09-19T19:54:21.154Z,West Seattle,2026-04-17,21617227,212347357,2482481,Closed,5927 California Ave SW,,Seattle,WA,98136,Seaview,Townhouse,3,2008,3,3.5,3,1396,1723,1.5,724900,519,,,,Zhilmil Dhillon,"Pellego, Inc.",RE/MAX Northwest,47.5494478,-122.3875992,https://www.redfin.com/WA/Seattle/5927-California-Ave-SW-98136/home/21617227
2026-09-19T19:54:21.154Z,Fremont,2026-04-17,21883748,207241102,2429810,Closed,3635 Evanston Ave N Unit B,Unit B,Seattle,WA,98103,Fremont,Townhouse,3,2009,3,3.5,3,1330,1224,1.5,825000,620,,,,Eric Huang,COMPASS,KW Greater Seattle,47.6525961,-122.351728,https://www.redfin.com/WA/Seattle/3635-Evanston-Ave-N-98103/unit-B/home/21883748
2026-09-19T19:54:21.154Z,NW Seattle,2026-04-17,290968,213634837,2500035,Closed,12018 12th Ave NW,,Seattle,WA,98177,Broadview,Single Family,1,1953,3,1.5,1,1220,10050,1,999999,820,,,,Nancie Kosnoff,Coldwell Banker Danforth,Windermere Real Estate Co.,47.7166837,-122.3713898,https://www.redfin.com/WA/Seattle/12018-12th-Ave-NW-98177/home/290968
2026-09-19T19:54:21.154Z,Phinney Ridge,2026-04-17,301148,213652976,2501211,Closed,6517 Fremont Ave N,,Seattle,WA,98103,Green Lake,Single Family,1,1930,3,2,2,2380,3000,1.5,1411000,593,,,,Greg Lewis,Windermere Real Estate Co.,Windermere Real Estate Co.,47.6766237,-122.3502088,https://www.redfin.com/WA/Seattle/6517-Fremont-Ave-N-98103/home/301148
2026-09-19T19:54:21.154Z,Ballard (specific),2026-04-17,302306,213420038,2494259,Closed,336 NW 46th St,,Seattle,WA,98107,Ballard,Single Family,1,1949,3,2,2,1700,3880,1,1195000,703,,,,Matt Goyer,Urban Living,KW Greater Seattle,47.6623858,-122.3624787,https://www.redfin.com/WA/Seattle/336-NW-46th-St-98107/home/302306
2026-09-19T19:54:21.154Z,NE Seattle,2026-04-17,308846,213411920,2497477,Closed,5260 18th Ave NE,,Seattle,WA,98105,University District,Single Family,1,1917,5,2.5,2,3120,4320,2,1450000,465,,,,Adam Hestad,COMPASS,Windermere Real Estate Midtown,47.6681307,-122.3080265,https://www.redfin.com/WA/Seattle/5260-18th-Ave-NE-98105/home/308846
2026-09-19T19:54:21.154Z,NE Seattle,2026-04-17,318332,212210091,2480326,Closed,2604 NE 82nd St,,Seattle,WA,98115,Wedgwood,Single Family,1,1955,4,3,3,2020,9984,1,1550000,767,,,,James Dainard,"Heaton Dainard, LLC",Coldwell Banker Bain,47.6887158,-122.2995606,https://www.redfin.com/WA/Seattle/2604-NE-82nd-St-98115/home/318332
2026-09-19T19:54:21.154Z,NE Seattle,2026-04-17,320301,214636660,2516799,Closed,4520 NE Tulane Pl,,Seattle,WA,98105,Hawthorne Hills,Single Family,1,2025,5,4.5,4,4189,5967,1.5,3500000,836,,,,,RE/MAX Northwest,Redfin,47.6701222,-122.2787534,https://www.redfin.com/WA/Seattle/4520-NE-Tulane-Pl-98105/home/320301
2026-09-19T19:54:21.154Z,West Seattle,2026-04-17,329161,212337510,2481126,Closed,3915 SW Hinds St,,Seattle,WA,98116,Admiral,Single Family,1,1915,2,1,1,1240,2100,1.5,738000,595,,,,Kayla Preston,Every Door Real Estate,COMPASS,47.5729761,-122.3820823,https://www.redfin.com/WA/Seattle/3915-SW-Hinds-St-98116/home/329161
2026-09-19T19:54:21.154Z,West Seattle,2026-04-17,331308,213601967,2499171,Closed,2332 45th Ave SW,,Seattle,WA,98116,North Admiral,Single Family,1,1921,3,2,2,2110,6250,1,1241000,588,,,,Ted Bash,"Windermere RE/Capitol Hill,Inc",COMPASS,47.5820249,-122.3888853,https://www.redfin.com/WA/Seattle/2332-45th-Ave-SW-98116/home/331308
2026-09-19T19:54:21.154Z,West Seattle,2026-04-17,331538,213802546,2498719,Closed,4027 48th Ave SW,,Seattle,WA,98116,Genesee,Single Family,1,1948,1,1.5,1,1070,5280,1,800000,748,,,,Kristy Haro,WA Move Real Estate LLC,Windermere West Metro,47.5676521,-122.3937966,https://www.redfin.com/WA/Seattle/4027-48th-Ave-SW-98116/home/331538
2026-09-19T19:54:21.154Z,West Seattle,2026-04-17,474749,213378965,2497375,Closed,8719 16th Ave SW,,Seattle,WA,98106,Highland Park,Single Family,1,1928,3,2,2,1368,5120,1,719950,526,,,,Hannah Wilson-Hillard,Coldwell Banker Bain,John L Scott Westwood,47.5249625,-122.3553793,https://www.redfin.com/WA/Seattle/8719-16th-Ave-SW-98106/home/474749
2026-09-19T19:54:21.154Z,West Seattle,2026-04-17,475972,213462271,2498684,Closed,7924 13th Ave SW,,Seattle,WA,98106,Highland Park,Single Family,1,1943,3,1,1,1420,4000,1,614055,432,,,,Chad Dierickx,Windermere West Metro,COMPASS,47.5311066,-122.3514577,https://www.redfin.com/WA/Seattle/7924-13th-Ave-SW-98106/home/475972
2026-09-19T19:54:21.154Z,West Seattle,2026-04-17,475979,212950338,2490510,Closed,8628 20th Ave SW,,Seattle,WA,98106,Highland Park,Single Family,1,1941,4,2,2,1720,5217,1,829900,483,,,,Jon Hodgson,"John L. Scott, Inc","John L. Scott, Inc",47.5257091,-122.3588445,https://www.redfin.com/WA/Seattle/8628-20th-Ave-SW-98106/home/475979
2026-09-19T19:54:21.154Z,Ballard (specific),2026-04-17,494908,212315732,2480412,Closed,945 NW 62nd St,,Seattle,WA,98107,Ballard,Single Family,1,1912,2,1,1,1622,3737,1,630000,388,,,,Amy Alpeza,Windermere Real Estate/East,Keller Williams Rlty Bellevue,47.6736267,-122.3707223,https://www.redfin.com/WA/Seattle/945-NW-62nd-St-98107/home/494908
2026-09-19T19:54:21.154Z,Ballard (specific),2026-04-17,497428,212532405,2477606,Closed,865 NW 75th St,,Seattle,WA,98117,Whittier,Single Family,1,1951,2,1,1,860,2750,1,728000,847,,,,Ellen Hastings,Lake & Company,Realogics Sotheby's Int'l Rlty,47.6831415,-122.3680443,https://www.redfin.com/WA/Seattle/865-NW-75th-St-98117/home/497428
2026-09-19T19:54:21.154Z,Fremont,2026-04-17,61675328,213218805,2485466,Closed,3813 Fremont Ln N,,Seattle,WA,98103,Fremont,Townhouse,3,2015,2,2,2,1490,1260,1.5,750000,503,,,,Sara Eglian,"Windermere RE North, Inc.",Real Broker LLC,47.653064,-122.349529,https://www.redfin.com/WA/Seattle/3813-Fremont-Ln-N-98103/home/61675328
2026-09-19T19:54:21.154Z,NW Seattle,2026-04-17,99127,213395507,2496463,Closed,8553 Dayton Ave N,,Seattle,WA,98103,Greenwood,Single Family,1,1921,2,2,2,1200,5355,1,839000,699,,,,Joe Jaech,Coldwell Banker Bain,COMPASS,47.6921095,-122.3528756,https://www.redfin.com/WA/Seattle/8553-Dayton-Ave-N-98103/home/99127
2026-09-19T19:54:21.154Z,Maple Leaf,2026-04-16,107725,213409632,2497234,Closed,1712 NE 86th,,Seattle,WA,98115,Maple Leaf,Single Family,1,1937,3,2,2,1760,6380,1,800000,455,,,,,KW Greater Seattle,Redfin,47.6914003,-122.30855,https://www.redfin.com/WA/Seattle/1712-NE-86th-St-98115/home/107725
2026-09-19T19:54:21.154Z,Magnolia,2026-04-16,125522,211888155,2478509,Closed,4527 W Raye St,,Seattle,WA,98199,Magnolia,Single Family,1,1936,5,4,4,3750,7038,1.5,2096250,559,,,,Brenda Martin,"John L. Scott, Inc",ZNonMember-Office-MLS,47.6435104,-122.4155249,https://www.redfin.com/WA/Seattle/4527-W-Raye-St-98199/home/125522
2026-09-19T19:54:21.154Z,Queen Anne,2026-04-16,130129,213016270,2492345,Closed,1230 W Emerson St,,Seattle,WA,98119,Queen Anne,Townhouse,3,2017,2,2,2,1346,879,1.5,850000,632,,,,Rachel Olson,COMPASS,Real Broker LLC,47.6541563,-122.3733923,https://www.redfin.com/WA/Seattle/1230-W-Emerson-St-98119/home/130129
2026-09-19T19:54:21.154Z,Queen Anne,2026-04-16,132957,213114031,2492965,Closed,511 W McGraw St,,Seattle,WA,98119,Queen Anne,Single Family,1,1911,3,2,2,1515,2400,1,988000,652,,,,Jeri Smith,Windermere Real Estate Co.,Windermere Real Estate Midtown,47.6393988,-122.3641824,https://www.redfin.com/WA/Seattle/511-W-McGraw-St-98119/home/132957
2026-09-19T19:54:21.154Z,West Seattle,2026-04-16,152004,212761697,2488005,Closed,3708 Schmitz Ave SW,,Seattle,WA,98116,Genesee,Single Family,1,1910,5,3,3,2600,5000,2,1499999,577,,,,Francisco Dictado,KW Lake Washington So,Upside Properties,47.5707818,-122.3993228,https://www.redfin.com/WA/Seattle/3708-Schmitz-Ave-SW-98116/home/152004
2026-09-19T19:54:21.154Z,Ballard (specific),2026-04-16,162768,213860591,2505049,Closed,3407 NW 57th St,,Seattle,WA,98107,Sunset Hill,Single Family,1,2026,2,1.5,1,1037,1092,2,800000,771,120,,,Narady Chea,"RE/MAX Metro Realty, Inc.",Real Broker LLC,47.6702139,-122.4015577,https://www.redfin.com/WA/Seattle/3407-NW-57th-St-98107/home/162768
2026-09-19T19:54:21.154Z,Ballard (specific),2026-04-16,302887,212984027,2491766,Closed,822 NW 49th St Unit A,Unit A,Seattle,WA,98107,Ballard,Townhouse,3,2013,3,2,2,1360,981,1.5,720000,529,,,,Shoshana Godwin,COMPASS,AQUA Real Estate,47.6645665,-122.3672788,https://www.redfin.com/WA/Seattle/822-NW-49th-St-98107/unit-A/home/302887
2026-09-19T19:54:21.154Z,NE Seattle,2026-04-16,310389,211240072,2473075,Closed,8217 22nd Pl NE,,Seattle,WA,98115,Wedgwood,Single Family,1,2025,4,3.5,3,3560,7213,2,2582500,725,,,,,Lake & Company,Redfin,47.6889352,-122.3036767,https://www.redfin.com/WA/Seattle/8217-22nd-Pl-NE-98115/home/310389
2026-09-19T19:54:21.154Z,NE Seattle,2026-04-16,321031,213213704,2494771,Closed,7046 55th Ave NE,,Seattle,WA,98115,View Ridge,Single Family,1,1947,4,2,2,2570,5000,2,1380000,537,,,,Joshua McCartney,Lyon Creek Real Estate,"John L. Scott, Inc.",47.6807981,-122.2686957,https://www.redfin.com/WA/Seattle/7046-55th-Ave-NE-98115/home/321031
2026-09-19T19:54:21.154Z,West Seattle,2026-04-16,469087,211689785,2475129,Closed,7233 36th Ave SW,,Seattle,WA,98126,Gatewood,Single Family,1,1908,2,1,1,2060,9000,1,610000,296,,,,Aaron Calvo,Windermere West Metro,ZNonMember-Office-MLS,47.5377052,-122.3787526,https://www.redfin.com/WA/Seattle/7233-36th-Ave-SW-98126/home/469087
2026-09-19T19:54:21.154Z,West Seattle,2026-04-16,472370,212999489,2485481,Closed,9320 31st Pl SW,,Seattle,WA,98126,Westwood,Single Family,1,1951,2,1,1,700,5000,1,540000,771,,,,Rich Bianchi,Keller Williams Seattle Metro,Designed Realty,47.5193139,-122.3731543,https://www.redfin.com/WA/Seattle/9320-31st-Pl-SW-98126/home/472370
2026-09-19T19:54:21.154Z,West Seattle,2026-04-16,474400,212978136,2489500,Closed,8127 11th Ave SW,,Seattle,WA,98106,Highland Park,Single Family,1,1914,3,1,1,1070,5273,1.5,680000,636,,,,Laura Ford,"Skyline Properties, Inc.",KW Lake Washington So,47.529284,-122.349635,https://www.redfin.com/WA/Seattle/8127-11th-Ave-SW-98106/home/474400
2026-09-19T19:54:21.154Z,West Seattle,2026-04-16,476260,212941433,2483960,Closed,7940 17th Ave SW,,Seattle,WA,98106,Highland Park,Single Family,1,1943,2,1,1,810,5160,1,585000,722,,,,Lisa Wallace-Baker,Lake & Company,Windermere Real Estate Midtown,47.5306551,-122.3561268,https://www.redfin.com/WA/Seattle/7940-17th-Ave-SW-98106/home/476260
2026-09-19T19:54:21.154Z,Ballard (specific),2026-04-16,494142,212051236,2479755,Closed,827 NW 61st St,,Seattle,WA,98107,Ballard,Single Family,1,1910,2,1,1,1650,4750,1,900000,545,,,,Austin Wagner,Windermere Prof Partners,eXp Realty,47.6728936,-122.3672803,https://www.redfin.com/WA/Seattle/827-NW-61st-St-98107/home/494142
2026-09-19T19:54:21.154Z,Phinney Ridge,2026-04-16,495770,213594344,2467478,Closed,7221 4th Ave NW,,Seattle,WA,98117,Phinney Ridge,Single Family,1,1918,3,1,1,2110,3330,1,1265000,600,,,,Cherie Hasson,Windermere R E Mount Baker,Windermere Real Estate/Summit,47.6813953,-122.3617588,https://www.redfin.com/WA/Seattle/7221-4th-Ave-NW-98117/home/495770
2026-09-19T19:54:21.154Z,West Seattle,2026-04-16,50269117,212349021,2482658,Closed,4570 22nd Ave SW,,Seattle,WA,98106,Delridge,Single Family,1,2025,4,3.5,3,2007,4458,1.5,1143950,570,,,,Tom Skepetaris,Realogics Sotheby's Int'l Rlty,Coldwell Banker Bain,47.5616182,-122.3610079,https://www.redfin.com/WA/Seattle/4570-22nd-Ave-SW-98106/home/50269117
2026-09-19T19:54:21.154Z,Magnolia,2026-04-15,128007,213153002,2493188,Closed,3625 36th Ave W,,Seattle,WA,98199,Magnolia,Single Family,1,1943,2,1,1,1030,4592,1,841000,817,,,,,Windermere R.E. Shoreline,Redfin,47.6530197,-122.4039241,https://www.redfin.com/WA/Seattle/3625-36th-Ave-W-98199/home/128007
2026-09-19T19:54:21.154Z,Magnolia,2026-04-15,128240,213200948,2492000,Closed,2830 32nd Ave W,,Seattle,WA,98199,Magnolia,Single Family,1,1953,4,2,2,2440,6174,1,1650000,676,,,,Jennifer Sandmeyer,Windermere RE Magnolia,Windermere Real Estate Co.,47.6455526,-122.397984,https://www.redfin.com/WA/Seattle/2830-32nd-Ave-W-98199/home/128240
2026-09-19T19:54:21.154Z,Queen Anne,2026-04-15,129938,213191786,2494162,Closed,900 W Emerson St,,Seattle,WA,98119,Queen Anne,Single Family,1,1927,4,2,2,2290,4280,2,1185000,517,,,,Brigid Mackey,Windermere Real Estate/Summit,COMPASS,47.6523756,-122.36898,https://www.redfin.com/WA/Seattle/900-W-Emerson-St-98119/home/129938
2026-09-19T19:54:21.154Z,Queen Anne,2026-04-15,131528,211764615,2477174,Closed,210 W McGraw St,,Seattle,WA,98119,Queen Anne,Single Family,1,1908,4,3,3,2400,3600,2,1565000,652,,,,Matt Reynolds,Windermere RE Magnolia,Columbia Partners Real Estate,47.639763917,-122.3601791,https://www.redfin.com/WA/Seattle/210-W-McGraw-St-98119/home/131528
2026-09-19T19:54:21.154Z,Central Seattle,2026-04-15,149009,214157080,2509398,Closed,321 31st Ave S,,Seattle,WA,98144,Leschi,Single Family,1,1910,6,3.5,3,3110,20700,2,1815000,584,,,,Rache Boston,"John L. Scott, Inc",NWMLS-NonOffice,47.5996317,-122.2930586,https://www.redfin.com/WA/Seattle/321-31st-Ave-S-98144/home/149009
2026-09-19T19:54:21.154Z,West Seattle,2026-04-15,155299,213471784,2498818,Closed,3546 SW 99TH St,,Seattle,WA,98126,Arbor Heights,Single Family,1,1940,2,1,1,1116,5320,1,575000,515,,,,Sam Hankin,John L Scott Westwood,COMPASS,47.5148711,-122.3785453,https://www.redfin.com/WA/Seattle/3546-SW-99th-St-98126/home/155299
2026-09-19T19:54:21.154Z,West Seattle,2026-04-15,159393,212773735,2488001,Closed,4849 25th Ave SW,,Seattle,WA,98106,Delridge,Single Family,1,1947,3,2,2,1140,7200,1,619000,543,,,,Annie Wagar,Real Broker LLC,Arrivva Inc,47.5578765,-122.3646063,https://www.redfin.com/WA/Seattle/4849-25th-Ave-SW-98106/home/159393
2026-09-19T19:54:21.154Z,NW Seattle,2026-04-15,164083,213206267,2494650,Closed,8532 31st Ave NW,,Seattle,WA,98117,North Beach,Single Family,1,1940,2,2,2,1160,5565,1,1025000,884,,,,Lilly Berry,Windermere RE Greenwood,Windermere Real Estate/East,47.6915338,-122.3967276,https://www.redfin.com/WA/Seattle/8532-31st-Ave-NW-98117/home/164083
2026-09-19T19:54:21.154Z,NW Seattle,2026-04-15,182646872,212654928,2486691,Closed,8752 Dayton Ave N Unit B,Unit B,Seattle,WA,98103,Greenwood,Townhouse,3,1921,1,1,1,758,1581,1.5,490000,646,56,,,Bridget Parsons,Designed Realty,COMPASS,47.6941003,-122.3523891,https://www.redfin.com/WA/Seattle/8752-Dayton-Ave-N-98103/unit-B/home/182646872
2026-09-19T19:54:21.154Z,West Seattle,2026-04-15,188746870,212331188,2481791,Closed,5252 23rd Ave SW,,Seattle,WA,98106,Puget Ridge,Single Family,1,2025,5,4.5,4,3002,4277,1.5,1150000,383,,,,Albert Clark,Real Residential,Coldwell Banker Danforth,47.5540364,-122.3611227,https://www.redfin.com/WA/Seattle/5252-23rd-Ave-SW-98106/home/188746870
2026-09-19T19:54:21.154Z,Central Seattle,2026-04-15,199631515,213258340,2495664,Closed,1114 26th Ave Unit C,Unit C,Seattle,WA,98122,Central Area,Townhouse,3,2025,4,2.5,2,1919,1848,1.5,1025000,534,5,,,Kenny Pleasant,NextHome Prolific,Real Broker LLC,47.6120821,-122.2984756,https://www.redfin.com/WA/Seattle/1114-26th-Ave-98122/unit-C/home/199631515
2026-09-19T19:54:21.154Z,West Seattle,2026-04-15,199910202,210426140,2463906,Closed,9015 14th Ave SW,,Seattle,WA,98106,Highland Park,Single Family,1,2025,3,2.5,2,1706,2200,3,789950,463,,,,Izzy Iniguez-Chavez,eXp Realty,Best Choice Network LLC,47.5223032,-122.3532639,https://www.redfin.com/WA/Seattle/9015-14th-Ave-SW-98106/home/199910202
2026-09-19T19:54:21.154Z,West Seattle,2026-04-15,199970675,212386739,2483101,Closed,4319 SW 102nd St,,Seattle,WA,98146,Arbor Heights,Townhouse,3,2026,2,2,2,1081,1393,1.5,669000,619,20,,,Roy Willanger,Berkshire Hathaway HS NW,Windermere Real Estate Midtown,47.5118974,-122.388195,https://www.redfin.com/WA/Seattle/4319-SW-102nd-St-98146/home/199970675
2026-09-19T19:54:21.154Z,Ballard (specific),2026-04-15,200595916,212409914,2483435,Closed,6513 19th Ave NW,,Seattle,WA,98117,Ballard,Townhouse,3,2026,2,2,2,1081,1,1.5,685000,634,100,,,Adrian Chu,Specialty Real Estate Group,Kelly Right RE of Seattle LLC,47.6763089,-122.3813674,https://www.redfin.com/WA/Seattle/6513-19th-Ave-NW-98117/home/200595916
2026-09-19T19:54:21.154Z,Central Seattle,2026-04-15,22680189,212920179,2490570,Closed,1312 Yakima Ave S,,Seattle,WA,98144,Leschi,Townhouse,3,2020,3,3.5,3,1824,1822,1.5,950000,521,,,,Matthew Miner,COMPASS,Real Broker LLC,47.591832,-122.2941842,https://www.redfin.com/WA/Seattle/1312-Yakima-Ave-S-98144/home/22680189
2026-09-19T19:54:21.154Z,West Seattle,2026-04-15,328199,212535527,2485049,Closed,4432 40th Ave SW,,Seattle,WA,98116,Alaska Junction,Single Family,1,1909,2,1,1,1632,4313,1,850000,521,,,,Scott Monroe,Windermere West Metro,Windermere RE West Campus Inc,47.5636669,-122.3823027,https://www.redfin.com/WA/Seattle/4432-40th-Ave-SW-98116/home/328199
2026-09-19T19:54:21.154Z,West Seattle,2026-04-15,475527,212345991,2481938,Closed,9220 10th Ave SW,,Seattle,WA,98106,Highland Park,Single Family,1,1964,4,3,3,2380,7650,1.5,800000,336,,,,Mary Schile,"RE/MAX Metro Realty, Inc.","Skyline Properties, Inc.",47.5203214,-122.3476863,https://www.redfin.com/WA/Seattle/9220-10th-Ave-SW-98106/home/475527
2026-09-19T19:54:21.154Z,Beacon Hill,2026-04-15,478507,211227442,2471993,Closed,5503 33rd Ave S,,Seattle,WA,98118,Beacon Hill,Single Family,1,1948,3,2,2,1750,5000,1,688000,393,,,,Erik Stanford,Windermere R E Mount Baker,John L Scott RE West Seattle,47.552369,-122.2907904,https://www.redfin.com/WA/Seattle/5503-33rd-Ave-S-98118/home/478507
2026-09-19T19:54:21.154Z,Beacon Hill,2026-04-15,8190119,214167515,2509539,Closed,3510 S Morgan St,,Seattle,WA,98118,Beacon Hill,Single Family,1,2006,3,2.5,2,1600,8505,1,750000,469,,,,,,Keller Williams South Sound,47.5445283,-122.2883896,https://www.redfin.com/WA/Seattle/3510-S-Morgan-St-98118/home/8190119
2026-09-19T19:54:21.154Z,NW Seattle,2026-04-15,98628,213032677,2480682,Closed,9007 Dayton Ave N,,Seattle,WA,98103,Greenwood,Single Family,1,1920,2,1,1,1360,6288,1,689000,507,,,,Charles Carosella,"Wilson Realty Exchange, Inc.","Pellego, Inc.",47.6945234,-122.3529967,https://www.redfin.com/WA/Seattle/9007-Dayton-Ave-N-98103/home/98628
2026-09-19T19:54:21.154Z,Northgate,2026-04-14,102090,213198714,2486534,Closed,13744 Ashworth Ave N,,Seattle,WA,98133,Haller Lake,Single Family,1,1956,3,3,3,1580,10062,1,1020000,646,,,,Brooke Barnes,Windermere RE Greenwood,Windermere Real Estate Co.,47.7299788,-122.3393338,https://www.redfin.com/WA/Seattle/13744-Ashworth-Ave-N-98133/home/102090
2026-09-19T19:54:21.154Z,Maple Leaf,2026-04-14,110510,212793356,2486791,Closed,1046 NE 97th St,,Seattle,WA,98115,Maple Leaf,Single Family,1,1927,2,1.5,1,1340,4342,1,822500,614,,,,Hyo-Yang Ahn-White,"John L. Scott, Inc.",Coldwell Banker Bain,47.6996445,-122.3158677,https://www.redfin.com/WA/Seattle/1046-NE-97th-St-98115/home/110510
2026-09-19T19:54:21.154Z,Magnolia,2026-04-14,125626,211744216,2474799,Closed,1925 35th Ave W,,Seattle,WA,98199,Magnolia,Single Family,1,1940,3,3,3,3045,5411,1,1850000,608,,,,Colleen McCann,Windermere RE Magnolia,AgencyOne,47.6366644,-122.4016057,https://www.redfin.com/WA/Seattle/1925-35th-Ave-W-98199/home/125626
2026-09-19T19:54:21.154Z,Queen Anne,2026-04-14,129248,211770487,2476759,Closed,2411 4th Ave W,,Seattle,WA,98119,Queen Anne,Single Family,1,2000,4,4,4,3130,4800,4,2370000,757,,,,Nahjeen Shirazi-Wu,Windermere Real Estate Midtown,Windermere Real Estate Midtown,47.6399752,-122.3626154,https://www.redfin.com/WA/Seattle/2411-4th-Ave-W-98119/home/129248
2026-09-19T19:54:21.154Z,Queen Anne,2026-04-14,131305,213029321,2491488,Closed,1215 W Armour St,,Seattle,WA,98119,Queen Anne,Single Family,1,1947,4,2,2,2000,4447,2,1095000,548,,,,Sam Konswa,Queen Anne Real Estate,North Pacific Properties,47.6448631,-122.3723724,https://www.redfin.com/WA/Seattle/1215-W-Armour-St-98119/home/131305
2026-09-19T19:54:21.154Z,Central Seattle,2026-04-14,136411,212963610,2491294,Closed,939 21st Ave E,,Seattle,WA,98112,Capitol Hill,Single Family,1,1920,4,2.5,2,4120,6900,2,2460000,597,,,,Deirdre Doyle,Windermere Real Estate Midtown,COMPASS,47.6279996,-122.30509,https://www.redfin.com/WA/Seattle/939-21st-Ave-E-98112/home/136411
2026-09-19T19:54:21.154Z,Central Seattle,2026-04-14,147242,213424217,2496729,Closed,2601 E Aloha St,,Seattle,WA,98112,Madison Valley,Single Family,1,1979,2,2,2,1550,2400,2,962500,621,,,,Win Van Pelt,"John L. Scott, Inc",Best Choice Realty LLC,47.6264864,-122.2985217,https://www.redfin.com/WA/Seattle/2601-E-Aloha-St-98112/home/147242
2026-09-19T19:54:21.154Z,West Seattle,2026-04-14,154943,213200738,2493772,Closed,10231 36th Ave SW,,Seattle,WA,98146,Arbor Heights,Single Family,1,1945,2,1,1,820,6000,1,760000,927,,,,Frank Shields,Ridgeline Partners,Real Broker LLC,47.5109901,-122.3775593,https://www.redfin.com/WA/Seattle/10231-36th-Ave-SW-98146/home/154943
2026-09-19T19:54:21.154Z,Ballard (specific),2026-04-14,163831,213403408,2492639,Closed,7544 31st Ave NW,,Seattle,WA,98117,Sunset Hill,Single Family,1,1940,3,2,2,1716,5568,1,1400000,816,,,,Kimberly Johnson,Windermere Real Estate Midtown,COMPASS,47.6843801,-122.3966574,https://www.redfin.com/WA/Seattle/7544-31st-Ave-NW-98117/home/163831
2026-09-19T19:54:21.154Z,Ballard (specific),2026-04-14,166467,212484273,2484616,Closed,7755 29th Ave NW,,Seattle,WA,98117,Loyal Heights,Single Family,1,1912,3,3,3,2350,4750,1,1225000,521,,,,Kyle Moore,MacPherson's Real Estate Serv.,Designed Realty,47.686532,-122.3947336,https://www.redfin.com/WA/Seattle/7755-29th-Ave-NW-98117/home/166467
2026-09-19T19:54:21.154Z,NW Seattle,2026-04-14,196105585,213171895,2492158,Closed,11249 Fremont Ave N,,Seattle,WA,98133,Broadview,Single Family,1,1949,3,2,2,1880,6265,1,884000,470,,,,Joe Zajonc,Windermere R E Mount Baker,Windermere Real Estate Co.,47.7118961,-122.3504996,https://www.redfin.com/WA/Seattle/11249-Fremont-Ave-N-98133/home/196105585
2026-09-19T19:54:21.154Z,NE Seattle,2026-04-14,198735216,208588470,2447111,Closed,2512 NE 68th St,,Seattle,WA,98115,Ravenna,Single Family,1,2022,4,3.5,3,2910,3491,1.5,2100000,722,5,,,Becky Gray,Realogics Sotheby's Int'l Rlty,Realogics Sotheby's Int'l Rlty,47.6777584,-122.3000551,https://www.redfin.com/WA/Seattle/2512-NE-68th-St-98115/home/198735216
2026-09-19T19:54:21.154Z,NE Seattle,2026-04-14,199485498,213022631,2492022,Closed,6512 23rd Ave NE,,Seattle,WA,98115,Ravenna,Townhouse,3,2025,3,3.5,3,2142,1850,1.5,1249500,583,0,,,Josh Bolton,Windermere Real Estate Co.,Lake & Company,47.6762022,-122.3024208,https://www.redfin.com/WA/Seattle/6512-23rd-Ave-NE-98115/home/199485498
2026-09-19T19:54:21.154Z,NW Seattle,2026-04-14,200351322,211722429,2472570,Closed,14035 2nd Ave NW,,Seattle,WA,98177,Broadview,Single Family,1,1943,3,2,2,1320,2514,2,700000,530,114,,,Tristan Hoyle,eXp Realty,Windermere Real Estate/Summit,47.7315194,-122.3599171,https://www.redfin.com/WA/Seattle/14035-2nd-Ave-NW-98177/home/200351322
2026-09-19T19:54:21.154Z,West Seattle,2026-04-14,200381818,211790793,2475830,Closed,4517 44th Ave SW,,Seattle,WA,98116,Alaska Junction,Townhouse,3,2025,3,2.5,2,1500,5850,1.5,799000,533,,,,Stas Repin,Keller Williams Rlty Bellevue,Berkshire Hathaway HS NW,47.5624475,-122.3883239,https://www.redfin.com/WA/Seattle/4517-44th-Ave-SW-98116/home/200381818
2026-09-19T19:54:21.154Z,Queen Anne,2026-04-14,2080977,212975524,2490702,Closed,901 W McGraw St #6,#6,Seattle,WA,98119,Queen Anne,Townhouse,3,2019,3,3.5,3,1750,,1.5,1345000,769,709,,,Carmen Gayton,Windermere Real Estate Co.,Lake & Company,47.6394012,-122.3694296,https://www.redfin.com/WA/Seattle/901-W-McGraw-St-98119/unit-6/home/2080977
2026-09-19T19:54:21.154Z,Eastlake,2026-04-14,2087905,212577718,2485950,Closed,1820 Franklin Ave E,,Seattle,WA,98102,Eastlake,Townhouse,3,2004,3,2.5,2,1550,1092,1.5,840000,542,,,,George Beasley,Realogics Sotheby's Int'l Rlty,"Skyline Properties, Inc.",47.6355382,-122.3241374,https://www.redfin.com/WA/Seattle/1820-Franklin-Ave-E-98102/home/2087905
2026-09-19T19:54:21.154Z,Phinney Ridge,2026-04-14,301758,213240722,2490982,Closed,733 N 73rd St,,Seattle,WA,98103,Phinney Ridge,Single Family,1,2001,4,3.5,3,3110,3060,2,1895000,609,,,,Henry Shim,Windermere Real Estate Midtown,Windermere Real Estate Co.,47.6815846,-122.3484145,https://www.redfin.com/WA/Seattle/733-N-73rd-St-98103/home/301758
2026-09-19T19:54:21.154Z,Green Lake,2026-04-14,307593,212804716,2489161,Closed,8254 Bagley Ave N,,Seattle,WA,98103,Green Lake,Single Family,1,1948,4,2,2,1840,6000,1,1000000,543,,,,Claudia Vernia,COMPASS,"Windermere R.E. Northeast, Inc",47.6902982,-122.3318471,https://www.redfin.com/WA/Seattle/8254-Bagley-Ave-N-98103/home/307593
2026-09-19T19:54:21.154Z,NE Seattle,2026-04-14,314194,212641121,2480846,Closed,5053 36th Ave NE,,Seattle,WA,98105,Bryant,Single Family,1,1960,5,3,3,2200,4000,1,1388500,631,,,,Robin James,"John L. Scott, Inc.",Coldwell Banker Bain,47.666447,-122.2893683,https://www.redfin.com/WA/Seattle/5053-36th-Ave-NE-98105/home/314194
2026-09-19T19:54:21.154Z,West Seattle,2026-04-14,331207,213590274,2497242,Closed,3812 50th Ave SW,,Seattle,WA,98116,Genesee,Single Family,1,1950,2,1,1,1051,6731,1,985000,937,,,,Rosemary Pham,Windermere R E Mount Baker,Windermere West Metro,47.5698059,-122.3958064,https://www.redfin.com/WA/Seattle/3812-50th-Ave-SW-98116/home/331207
2026-09-19T19:54:21.154Z,NW Seattle,2026-04-14,99706,213236780,2495334,Closed,730 N 87th St,,Seattle,WA,98103,Greenwood,Single Family,1,1916,5,4,4,3050,5100,2,1772777,581,,,,John Blacksmith,Lake & Company,"Windermere RE North, Inc.",47.6922229,-122.3484823,https://www.redfin.com/WA/Seattle/730-N-87th-St-98103/home/99706
2026-09-19T19:54:21.154Z,Maple Leaf,2026-04-13,107819,212853258,2489052,Closed,900 NE 105th,,Seattle,WA,98125,Northgate,Single Family,1,1957,3,2,2,1700,6840,1,799900,471,,,,Anthony Pagones,Windermere Real Estate/East,"Windermere RE/Lake Tapps, Inc",47.7051588,-122.3182974,https://www.redfin.com/WA/Seattle/900-NE-105th-St-98125/home/107819
2026-09-19T19:54:21.154Z,Magnolia,2026-04-13,125242,211240132,2467117,Closed,2256 W Viewmont Way W,,Seattle,WA,98199,Magnolia,Single Family,1,1934,6,4,4,4789,9062,2,3100000,647,,,,Jeffrey Valcik,"John L. Scott, Inc.","John L. Scott, Inc.",47.6382369,-122.4064853,https://www.redfin.com/WA/Seattle/2256-W-Viewmont-Way-W-98199/home/125242
2026-09-19T19:54:21.154Z,Magnolia,2026-04-13,125364,213157103,2489622,Closed,2827 40th Ave W,,Seattle,WA,98199,Magnolia,Single Family,1,1938,5,3,3,3170,7564,1.5,2200000,694,,,,Karen Paulsen,Windermere RE Magnolia,Windermere RE Magnolia,47.6457775,-122.4086859,https://www.redfin.com/WA/Seattle/2827-40th-Ave-W-98199/home/125364
2026-09-19T19:54:21.154Z,Central Seattle,2026-04-13,138827,213990348,2506744,Closed,2121 Parkside Dr E,,Seattle,WA,98112,Broadmoor,Single Family,1,1954,5,3.5,3,5111,9062,2,5500000,1076,315,,,Laura Halliday,Realogics Sotheby's Int'l Rlty,NWMLS-NonOffice,47.6387428,-122.290837,https://www.redfin.com/WA/Seattle/2121-Parkside-Dr-E-98112/home/138827
2026-09-19T19:54:21.154Z,West Seattle,2026-04-13,152872,213425770,2497786,Closed,4929 SW Dawson St,,Seattle,WA,98136,Seaview,Single Family,1,1945,3,2,2,1480,5000,1,1096000,741,,,,Scott Monroe,Windermere West Metro,Ensemble,47.5554528,-122.3962156,https://www.redfin.com/WA/Seattle/4929-SW-Dawson-St-98136/home/152872
2026-09-19T19:54:21.154Z,Green Lake,2026-04-13,307267,212307322,2478973,Closed,1145 N 84th St,,Seattle,WA,98103,Green Lake,Single Family,1,1914,2,1,1,920,4040,1,705000,766,,,,Xia Cutter,DBW Private Brokerage LLC,COMPASS,47.6896565,-122.3425349,https://www.redfin.com/WA/Seattle/1145-N-84th-St-98103/home/307267
2026-09-19T19:54:21.154Z,NE Seattle,2026-04-13,314190,213476985,2496071,Closed,5046 35th Ave NE,,Seattle,WA,98105,Bryant,Single Family,1,1923,4,3,3,2450,4000,1.5,965000,394,,,,Troy Lehman,Redfin,Lions Realty Group,47.6663335,-122.2899113,https://www.redfin.com/WA/Seattle/5046-35th-Ave-NE-98105/home/314190
2026-09-19T19:54:21.154Z,NE Seattle,2026-04-13,320531,213391817,2469352,Closed,6251 Vassar Ave NE,,Seattle,WA,98115,Hawthorne Hills,Single Family,1,1942,3,2,2,1960,6060,2,1275000,651,,,,Paris Piersson,RSVP Brokers ERA,Windermere Real Estate Midtown,47.6753043,-122.2786757,https://www.redfin.com/WA/Seattle/6251-Vassar-Ave-NE-98115/home/320531
2026-09-19T19:54:21.154Z,West Seattle,2026-04-13,328132,213161685,2493703,Closed,2743 37th Ave SW,,Seattle,WA,98126,Belvidere,Single Family,1,1929,3,2,2,2310,5000,2,1350000,584,,,,Kim Colaprete,Coldwell Banker Bain,Keller Williams Seattle Metro,47.5780285,-122.3784202,https://www.redfin.com/WA/Seattle/2743-37th-Ave-SW-98126/home/328132
2026-09-19T19:54:21.154Z,West Seattle,2026-04-13,469005,213202390,2494006,Closed,9047 37th Ave SW,,Seattle,WA,98126,Fauntleroy,Single Family,1,1942,2,2,2,1300,6953,1,810000,623,,,,Tracey Kipp,West Seattle Realty,Windermere R E Mount Baker,47.5215201,-122.3797348,https://www.redfin.com/WA/Seattle/9047-37th-Ave-SW-98126/home/469005
2026-09-19T19:54:21.154Z,West Seattle,2026-04-13,475857,213201606,2494277,Closed,7927 5th Ave SW,,Seattle,WA,98106,West Seattle,Single Family,1,1987,3,3,3,1630,7650,1.5,870000,534,,,,Troy Otto,KW Greater Seattle,Realogics Sotheby's Int'l Rlty,47.5310781,-122.342041,https://www.redfin.com/WA/Seattle/7927-5th-Ave-SW-98106/home/475857
2026-09-19T19:54:21.154Z,West Seattle,2026-04-13,8186561,207778193,2437539,Closed,3241 SW Raymond St Unit 1B,Unit 1B,Seattle,WA,98126,High Point,Townhouse,3,2006,3,2.5,2,1560,1464,1.5,602000,386,697,,,Amber Hu,Kelly Right RE of Seattle LLC,Windermere R E Mount Baker,47.5481541,-122.3748067,https://www.redfin.com/WA/Seattle/3241-SW-Raymond-St-98126/unit-1B/home/8186561
2026-09-19T19:54:21.154Z,Northgate,2026-04-10,103744,213197934,2494506,Closed,11605 Meridian Ave N,,Seattle,WA,98133,Northgate,Single Family,1,1940,2,1,1,860,8250,1,700000,814,,,,Justin Mellon,Lake & Company,"John L. Scott, Inc.",47.7131604,-122.334356,https://www.redfin.com/WA/Seattle/11605-Meridian-Ave-N-98133/home/103744
2026-09-19T19:54:21.154Z,Maple Leaf,2026-04-10,106688,212758630,2485626,Closed,1058 NE 106th St,,Seattle,WA,98125,Victory Heights,Single Family,1,1956,4,3,3,3300,6540,1,1199000,363,,,,Jenny Bouffiou,Real Property Associates,RE/MAX Northwest,47.7062257,-122.3162748,https://www.redfin.com/WA/Seattle/1058-NE-106th-St-98125/home/106688
2026-09-19T19:54:21.154Z,Wallingford,2026-04-10,119535,213236278,2488401,Closed,3818 Corliss Ave N,,Seattle,WA,98103,Wallingford,Single Family,1,1928,2,1,1,1800,4560,1,1145000,636,,,,Kayse Gundram,Windermere Real Estate Co.,Home Realty,47.6537045,-122.3312253,https://www.redfin.com/WA/Seattle/3818-Corliss-Ave-N-98103/home/119535
2026-09-19T19:54:21.154Z,Wallingford,2026-04-10,120421,213938795,2506149,Closed,3839 Ashworth Ave N,,Seattle,WA,98103,Wallingford,Single Family,1,1918,4,1,1,2060,4400,1.5,1000000,485,,,,Kevin Bohnert,Windermere Real Estate Midtown,Lake & Company,47.6538786,-122.3405053,https://www.redfin.com/WA/Seattle/3839-Ashworth-Ave-N-98103/home/120421
2026-09-19T19:54:21.154Z,Magnolia,2026-04-10,12093274,212587258,2483076,Closed,4405 Montana Cir W,,Seattle,WA,98199,Magnolia,Single Family,1,1935,3,2.5,2,1994,20195,2,1475000,740,972,,,Portia Gray,Windermere RE Magnolia,RE/MAX Elite,47.6611555,-122.4156365,https://www.redfin.com/WA/Seattle/4405-Montana-Cir-W-98199/home/12093274
2026-09-19T19:54:21.154Z,Magnolia,2026-04-10,123114,212552311,2482925,Closed,3206 22nd Ave W,,Seattle,WA,98199,Magnolia,Single Family,1,1944,3,2.5,2,1560,6000,1,1025000,657,,,,Amy Onutz,COMPASS,COMPASS,47.6487994,-122.3844118,https://www.redfin.com/WA/Seattle/3206-22nd-Ave-W-98199/home/123114
2026-09-19T19:54:21.154Z,Magnolia,2026-04-10,125927,211248614,2474666,Closed,3702 W Fulton St,,Seattle,WA,98199,Magnolia,Single Family,1,1950,4,2,2,3320,6844,1,1775000,535,,,,Denis Karnafel,"John L. Scott, Inc",Windermere Real Estate Co.,47.6463453,-122.4054736,https://www.redfin.com/WA/Seattle/3702-W-Fulton-St-98199/home/125927
2026-09-19T19:54:21.154Z,Magnolia,2026-04-10,127312,213932720,2506035,Closed,3232 33rd Ave W,,Seattle,WA,98199,Magnolia,Single Family,1,1953,4,2.5,2,2200,6000,1,1470000,668,,,,,,Windermere Real Estate Midtown,47.649721,-122.3992777,https://www.redfin.com/WA/Seattle/3232-33rd-Ave-W-98199/home/127312
2026-09-19T19:54:21.154Z,Queen Anne,2026-04-10,134520,212755246,2486355,Closed,209 W McGraw St,,Seattle,WA,98119,Queen Anne,Single Family,1,1908,4,2,2,2620,2700,2,1096000,418,,,,Holley Ring,Windermere Real Estate Midtown,Ensemble,47.6394175,-122.3601472,https://www.redfin.com/WA/Seattle/209-W-McGraw-St-98119/home/134520
2026-09-19T19:54:21.154Z,Central Seattle,2026-04-10,136511,202710457,2374996,Closed,2161 E Interlaken Blvd,,Seattle,WA,98112,North Capitol Hill,Single Family,1,1904,6,4.5,4,7457,14332,2,4125000,553,,,,Alex Liatsis,Keller Williams Rlty Bellevue,Coldwell Banker Bain,47.6342375,-122.3019618,https://www.redfin.com/WA/Seattle/2161-E-Interlaken-Blvd-98112/home/136511
2026-09-19T19:54:21.154Z,Central Seattle,2026-04-10,139713,213937869,2506130,Closed,832 33rd Ave E,,Seattle,WA,98112,Washington Park,Single Family,1,1940,3,2,2,2680,7200,2,1850000,690,,,,David Hogan,Windermere Real Estate/East,Windermere Real Estate/East,47.6272033,-122.2891789,https://www.redfin.com/WA/Seattle/832-33rd-Ave-E-98112/home/139713
2026-09-19T19:54:21.154Z,Central Seattle,2026-04-10,140350,212563660,2482954,Closed,632 35th Ave,,Seattle,WA,98122,Madrona,Single Family,1,1948,4,3.5,3,3520,12720,2,2990000,849,,,,Sharlane Chase,Windermere Real Estate Co.,Windermere Real Estate Midtown,47.6076801,-122.2882262,https://www.redfin.com/WA/Seattle/632-35th-Ave-98122/home/140350
2026-09-19T19:54:21.154Z,West Seattle,2026-04-10,152975,213213065,2494193,Closed,6317 Beach Dr SW,,Seattle,WA,98136,Beach Drive,Single Family,1,1960,2,2,2,2240,16509,2,1525000,681,,,,Jason Hansen,Lake & Company,Windermere Real Estate GH LLC,47.5462022,-122.3991578,https://www.redfin.com/WA/Seattle/6317-Beach-Dr-SW-98136/home/152975
2026-09-19T19:54:21.154Z,NE Seattle,2026-04-10,194263091,212620691,2486418,Closed,5259 Brooklyn Ave NE,,Seattle,WA,98105,University District,Single Family,1,2023,8,3,3,1561,1388,1.5,865000,554,,,,Torrey Morales,Real Property Associates,Real Property Associates,47.6681637,-122.3145478,https://www.redfin.com/WA/Seattle/5259-Brooklyn-Ave-NE-98105/home/194263091
2026-09-19T19:54:21.154Z,Queen Anne,2026-04-10,196784256,210951030,2469227,Closed,2104 1st Ave N,,Seattle,WA,98109,Queen Anne,Townhouse,3,2025,3,3,3,1568,971,1.5,1199000,765,,,,Sharon Gentry,Intracorp Marketing&Sales LLC,Real Broker LLC,47.637492,-122.3553846,https://www.redfin.com/WA/Seattle/2104-1st-Ave-N-98109/home/196784256
2026-09-19T19:54:21.154Z,Ballard (specific),2026-04-10,200254895,213208683,2494464,Closed,928 NW 57th St Unit B,Unit B,Seattle,WA,98107,Ballard,Townhouse,3,2026,3,2.5,2,1731,1116,1.5,899000,519,,,,Tony Ferrelli,"Windermere R.E. Northeast, Inc",Real Broker LLC,47.6703432,-122.3699058,https://www.redfin.com/WA/Seattle/928-NW-57th-St-98107/unit-B/home/200254895
2026-09-19T19:54:21.154Z,Queen Anne,2026-04-10,22685154,212051485,2476931,Closed,718 Nob Hill Ave N Unit A,Unit A,Seattle,WA,98109,Queen Anne,Townhouse,3,2006,3,3.5,3,1460,1335,1.5,1050000,719,,,,,COMPASS,Redfin,47.6259065,-122.3496901,https://www.redfin.com/WA/Seattle/718-Nob-Hill-Ave-N-98109/unit-A/home/22685154
2026-09-19T19:54:21.154Z,NW Seattle,2026-04-10,288674,213229459,2489438,Closed,1214 NW 122nd St,,Seattle,WA,98177,Broadview,Single Family,1,1961,4,3.5,3,2190,9555,3,1270000,580,,,,Steve Hill,Windermere RE Greenwood,Windermere RE Greenwood,47.7183594,-122.3724935,https://www.redfin.com/WA/Seattle/1214-NW-122nd-St-98177/home/288674
2026-09-19T19:54:21.154Z,Ballard (specific),2026-04-10,290174,212917564,2490062,Closed,7744 33rd Ave NW,,Seattle,WA,98117,Sunset Hill,Single Family,1,1929,3,2,2,2670,3333,2,1415000,530,,,,Kim Knowles,Windermere Real Estate Midtown,COMPASS,47.6862473,-122.3990904,https://www.redfin.com/WA/Seattle/7744-33rd-Ave-NW-98117/home/290174
2026-09-19T19:54:21.154Z,NW Seattle,2026-04-10,291476,213148901,2492531,Closed,12239 11th Ave NW,,Seattle,WA,98177,Broadview,Single Family,1,1951,3,2,2,1450,5058,1,875000,603,,,,Paul Payton,Windermere RE Greenwood,Windermere Real Estate Co.,47.719042,-122.3707382,https://www.redfin.com/WA/Seattle/12239-11th-Ave-NW-98177/home/291476
2026-09-19T19:54:21.154Z,NE Seattle,2026-04-10,313750,212746218,2488268,Closed,4001 NE 57th St,,Seattle,WA,98105,Hawthorne Hills,Single Family,1,1925,2,1,1,1100,3520,1,765000,695,,,,Danny Adamson,Lake & Company,Coldwell Banker Bain,47.670144,-122.2846371,https://www.redfin.com/WA/Seattle/4001-NE-57th-St-98105/home/313750
2026-09-19T19:54:21.154Z,NE Seattle,2026-04-10,315495,213150745,2488491,Closed,3806 NE 91st St,,Seattle,WA,98115,Wedgwood,Single Family,1,1955,3,2,2,2240,5100,1,1108100,495,,,,Martina Austin,Windermere Real Estate Co.,KW Greater Seattle,47.6947287,-122.2875025,https://www.redfin.com/WA/Seattle/3806-NE-91st-St-98115/home/315495
2026-09-19T19:54:21.154Z,NE Seattle,2026-04-10,316394,213138738,2485947,Closed,8051 36th Ave NE,,Seattle,WA,98115,Wedgwood,Single Family,1,1947,3,2,2,1510,5300,1,995000,659,,,,Jane Powers,"Ewing & Clark, Inc.",Windermere RE Greenwood,47.6881247,-122.289799,https://www.redfin.com/WA/Seattle/8051-36th-Ave-NE-98115/home/316394
2026-09-19T19:54:21.154Z,Central Seattle,2026-04-10,45451603,212994870,2489717,Closed,1810 23rd Ave Unit A,Unit A,Seattle,WA,98122,Madison Valley,Single Family,1,2012,3,2.5,2,1720,1349,,1099990,640,,,,Diane Coyne,Picket Fence Real Estate,"Windermere RE/Capitol Hill,Inc",47.617824831,-122.301932,https://www.redfin.com/WA/Seattle/1810-23rd-Ave-E-98112/unit-A/home/45451603
2026-09-19T19:54:21.154Z,Phinney Ridge,2026-04-10,495010,212757716,2486739,Closed,200 NW 73rd St,,Seattle,WA,98117,Phinney Ridge,Single Family,1,1926,5,2,2,2570,3750,2,1505000,586,,,,JP Gerling,KW Greater Seattle,COMPASS,47.6820017,-122.3597293,https://www.redfin.com/WA/Seattle/200-NW-73rd-St-98117/home/495010
2026-09-19T19:54:21.154Z,Ballard (specific),2026-04-10,497522,213170327,2494362,Closed,6526 Dibble Ave NW,,Seattle,WA,98117,Ballard,Single Family,1,1924,4,2,2,1692,4240,1,1200000,709,,,,Erica Clibborn,Windermere Real Estate Midtown,"Windermere RE/Capitol Hill,Inc",47.6768129,-122.3674067,https://www.redfin.com/WA/Seattle/6526-Dibble-Ave-NW-98117/home/497522
2026-09-19T19:54:21.154Z,Beacon Hill,2026-04-10,52428519,212950810,2490503,Closed,2447 S Spencer St,,Seattle,WA,98108,Beacon Hill,Single Family,1,2016,4,2.5,2,2690,5831,2,1226000,456,,,,Tom Moody,Coldwell Banker Bain,Real Broker LLC,47.5470909,-122.2983514,https://www.redfin.com/WA/Seattle/2447-S-Spencer-St-98108/home/52428519
2026-09-19T19:54:21.154Z,West Seattle,2026-04-10,8186603,212968298,2491154,Closed,6309 30th Ave SW,,Seattle,WA,98126,High Point,Single Family,1,2006,2,2,2,1318,1414,1.5,615000,467,133,,,Sarah Georger-Clark,COMPASS,Windermere Real Estate Co.,47.5467063,-122.3709911,https://www.redfin.com/WA/Seattle/6309-30th-Ave-SW-98126/home/8186603
2026-09-19T19:54:21.154Z,NW Seattle,2026-04-10,99547,213121810,2489599,Closed,730 N 95th St,,Seattle,WA,98103,Greenwood,Townhouse,3,1998,3,2.5,2,1430,1698,1.5,585000,409,,,,Tara Silicio,Windermere RE Greenwood,Windermere Real Estate/East,47.6981634,-122.3487195,https://www.redfin.com/WA/Seattle/730-N-95th-St-98103/home/99547
2026-09-19T19:54:21.154Z,Northgate,2026-04-09,105670,211119593,2468785,Closed,9221 College Way N,,Seattle,WA,98103,Licton Springs,Single Family,1,1984,3,1.5,1,1330,3199,2,910000,684,,,,Shelley E. Godwin,Windermere West Metro,Every Door Real Estate,47.6966281,-122.3354832,https://www.redfin.com/WA/Seattle/9221-College-Way-N-98103/home/105670
2026-09-19T19:54:21.154Z,Ballard (specific),2026-04-09,113960327,211251307,2470147,Closed,6404 28th Ave NW,,Seattle,WA,98107,Ballard,Townhouse,3,2017,2,2,2,1440,912,1.5,757000,526,,,,Tim Reinertsen,Windermere Real Estate/East,Windermere RE Greenwood,47.6754221,-122.3927919,https://www.redfin.com/WA/Seattle/6404-28th-Ave-NW-98107/home/113960327
2026-09-19T19:54:21.154Z,Central Seattle,2026-04-09,142511,213029121,2492329,Closed,332 25th Ave,,Seattle,WA,98122,Central Area,Single Family,1,1927,3,2,2,2130,4400,2,1150000,540,,,,Brian Harwood,"Windermere R.E. Northeast, Inc",The Landmark Group,47.6053147,-122.2996701,https://www.redfin.com/WA/Seattle/332-25th-Ave-98122/home/142511
2026-09-19T19:54:21.154Z,West Seattle,2026-04-09,151921,213216837,2494074,Closed,5726 SW Spokane St,,Seattle,WA,98116,Alki,Single Family,1,1956,3,2,2,2400,7800,1,1561000,650,,,,Phillip Belenky,Ensemble,Real Broker LLC,47.5724514,-122.4066242,https://www.redfin.com/WA/Seattle/5726-SW-Spokane-St-98116/home/151921
2026-09-19T19:54:21.154Z,West Seattle,2026-04-09,155291,206453986,2422241,Closed,9817 35th Ave SW,,Seattle,WA,98126,Arbor Heights,Single Family,1,1942,2,1,1,710,5418,1,465000,655,,,,Sara Poulsen,Ensemble,ANB Homes,47.5149418,-122.376813,https://www.redfin.com/WA/Seattle/9817-35th-Ave-SW-98126/home/155291
2026-09-19T19:54:21.154Z,Ballard (specific),2026-04-09,162349,213141838,2491736,Closed,3416 NW 56th St,,Seattle,WA,98107,Sunset Hill,Single Family,1,1944,3,3,3,1442,1708,2,975000,676,71,,,Sarah McCormick,Real Property Associates,Windermere RE Magnolia,47.6697447,-122.4019606,https://www.redfin.com/WA/Seattle/3416-NW-56th-St-98107/home/162349
2026-09-19T19:54:21.154Z,West Seattle,2026-04-09,198522764,212756661,2488558,Closed,1805 SW Elmgrove St,,Seattle,WA,98106,Highland Park,Townhouse,3,2025,2,2,2,1048,781,1.5,569000,543,96,,,Jed Kliman,Windermere RE Greenwood,ZNonMember-Office-MLS,47.5299731,-122.3581276,https://www.redfin.com/WA/Seattle/1805-SW-Elmgrove-St-98106/home/198522764
2026-09-19T19:54:21.154Z,West Seattle,2026-04-09,21617222,212916738,2490566,Closed,5919 California Ave SW Unit B,Unit B,Seattle,WA,98136,Seaview,Single Family,1,2009,2,2,2,1110,840,1.5,627500,565,,,,Benni Sack,Coldwell Banker Bain,Windermere Real Estate Midtown,47.5496385,-122.3875944,https://www.redfin.com/WA/Seattle/5919-California-Ave-SW-98136/unit-B/home/21617222
2026-09-19T19:54:21.154Z,NE Seattle,2026-04-09,308611,212972638,2490262,Closed,5241 16th Ave NE,,Seattle,WA,98105,Ravenna,Single Family,1,1916,4,4,4,2848,4320,1.5,1714000,602,,,,Ann Stanford,COMPASS,Windermere Real Estate Co.,47.6676022,-122.3110718,https://www.redfin.com/WA/Seattle/5241-16th-Ave-NE-98105/home/308611
2026-09-19T19:54:21.154Z,NE Seattle,2026-04-09,314111,213133442,2493602,Closed,4810 38th Ave NE,,Seattle,WA,98105,Bryant,Single Family,1,1931,4,2.5,2,2230,4848,1.5,1600000,717,,,,Casey Price,"Windermere Real Estate/M2, LLC",COMPASS,47.6638359,-122.2867762,https://www.redfin.com/WA/Seattle/4810-38th-Ave-NE-98105/home/314111
2026-09-19T19:54:21.154Z,NE Seattle,2026-04-09,315833,212210792,2464905,Closed,6534 34th Ave NE Unit A,Unit A,Seattle,WA,98115,Bryant,Townhouse,3,2001,3,2.5,2,1600,1230,1.5,892500,558,,,,Karen Abbey,Coldwell Banker Bain,John L Scott Madrona Group,47.6767972,-122.2914196,https://www.redfin.com/WA/Seattle/6534-34th-Ave-NE-98115/unit-A/home/315833
2026-09-19T19:54:21.154Z,West Seattle,2026-04-09,473436,211913791,2477738,Closed,2480 SW Webster St,,Seattle,WA,98106,West Seattle,Single Family,1,2004,3,2.5,2,1420,2324,2,685000,482,46,,,Kenneth Patton,COMPASS,COMPASS,47.535939,-122.3652279,https://www.redfin.com/WA/Seattle/2480-SW-Webster-St-98106/home/473436
2026-09-19T19:54:21.154Z,Ballard (specific),2026-04-09,495567,213198713,2494740,Closed,7043 12th Ave NW,,Seattle,WA,98117,Whittier,Single Family,1,1987,3,2.5,2,1750,2500,1.5,1175000,671,,,,Danny Adamson,Lake & Company,COMPASS,47.6808436,-122.3718387,https://www.redfin.com/WA/Seattle/7043-12th-Ave-NW-98117/home/495567
2026-09-19T19:54:21.154Z,NW Seattle,2026-04-09,496934,209719784,2454388,Closed,151 N 77th St,,Seattle,WA,98103,Phinney Ridge,Single Family,1,1920,2,1,1,1260,2400,1,725000,575,,,,Kimberly Shaeffer,"John L. Scott, Inc.",Portico Real Estate,47.6845797,-122.3558318,https://www.redfin.com/WA/Seattle/151-N-77th-St-98103/home/496934
2026-09-19T19:54:21.154Z,Phinney Ridge,2026-04-09,497853,213261326,2495509,Closed,7038 Cleopatra Pl NW,,Seattle,WA,98117,Ballard,Single Family,1,1969,4,2.5,2,2190,3930,1.5,1434000,655,,,,Nicole LaChasse,Windermere RE Greenwood,KW Greater Seattle,47.6807066,-122.3652638,https://www.redfin.com/WA/Seattle/7038-Cleopatra-Pl-NW-98117/home/497853
2026-09-19T19:54:21.154Z,Maple Leaf,2026-04-08,107129,212958031,2491309,Closed,9732 15th Ave NE,,Seattle,WA,98115,Maple Leaf,Single Family,1,1939,3,3,3,2220,4400,2,930000,419,,,,Katherine Lisecki,COMPASS,Rennie Group,47.7000751,-122.3119287,https://www.redfin.com/WA/Seattle/9732-15th-Ave-NE-98115/home/107129
2026-09-19T19:54:21.154Z,Maple Leaf,2026-04-08,110357,213206674,2488322,Closed,1252 NE 89th St,,Seattle,WA,98115,Maple Leaf,Single Family,1,1941,3,2,2,1900,6093,1,995000,524,,,,Alex Pierson,COMPASS,Windermere Real Estate Co.,47.6932822,-122.3125805,https://www.redfin.com/WA/Seattle/1252-NE-89th-St-98115/home/110357
2026-09-19T19:54:21.154Z,NE Seattle,2026-04-08,122451,212506843,2483893,Closed,4544 49th Ave NE,,Seattle,WA,98105,Laurelhurst,Single Family,1,1978,4,3,3,3907,16121,2,3550000,909,,,,Stosh Jackson,Real Residential,COMPASS,47.662664,-122.2742785,https://www.redfin.com/WA/Seattle/4544-49th-Ave-NE-98105/home/122451
2026-09-19T19:54:21.154Z,Magnolia,2026-04-08,128138,212325967,2480722,Closed,3234 35th Ave W,,Seattle,WA,98199,Magnolia,Single Family,1,1948,4,2,2,2690,6000,2,1360000,506,,,,Colleen McCann,Windermere RE Magnolia,Real Broker LLC,47.6497344,-122.4019788,https://www.redfin.com/WA/Seattle/3234-35th-Ave-W-98199/home/128138
2026-09-19T19:54:21.154Z,Queen Anne,2026-04-08,133891,207761460,2436685,Closed,223 W Kinnear Pl,,Seattle,WA,98119,Queen Anne,Single Family,1,1955,3,2,2,2280,3520,1,1000000,439,,,,Kirk Patterson,Pure Real Estate,Pure Real Estate,47.6275788,-122.360345,https://www.redfin.com/WA/Seattle/223-W-Kinnear-Pl-98119/home/133891
2026-09-19T19:54:21.154Z,Queen Anne,2026-04-08,133892,207774006,2436719,Closed,924 3rd Ave W,,Seattle,WA,98119,Queen Anne,Single Family,1,1900,2,2,2,2040,2880,2,875000,429,,,,Kirk Patterson,Pure Real Estate,Pure Real Estate,47.6274449,-122.3603586,https://www.redfin.com/WA/Seattle/924-3rd-Ave-W-98119/home/133892
2026-09-19T19:54:21.154Z,West Seattle,2026-04-08,158222,211199446,2472843,Closed,10245 Marine View Dr SW,,Seattle,WA,98146,Marine View,Single Family,1,1950,4,3.5,3,4070,26160,2,2400000,590,,,,Brent Fosso,John L Scott Westwood,Windermere West Metro,47.5109221,-122.3896006,https://www.redfin.com/WA/Seattle/10245-Marine-View-Dr-SW-98146/home/158222
2026-09-19T19:54:21.154Z,West Seattle,2026-04-08,160537,213259245,2493397,Closed,4115 21st Ave SW,,Seattle,WA,98106,Pigeon Point,Single Family,1,1964,3,2,2,1240,4860,1,795000,641,,,,Sandra Hines,The Agency Seattle,Ensemble,47.5660541,-122.3605013,https://www.redfin.com/WA/Seattle/4115-21st-Ave-SW-98106/home/160537
2026-09-19T19:54:21.154Z,West Seattle,2026-04-08,161444,212680022,2486336,Closed,7169 18th Ave SW,,Seattle,WA,98106,Delridge,Single Family,1,1947,2,1,1,750,6000,1,565000,753,,,,Jaime Cameron,Pure Real Estate,Windermere Real Estate/East,47.5370838,-122.35752,https://www.redfin.com/WA/Seattle/7169-18th-Ave-SW-98106/home/161444
2026-09-19T19:54:21.154Z,Beacon Hill,2026-04-08,168660,212491178,2484744,Closed,3224 25th Ave S,,Seattle,WA,98144,Beacon Hill,Single Family,1,1925,4,2,2,1670,5125,1.5,955000,572,,,,Stacy Bonaparte,John L. Scott Federal Way,COMPASS,47.5743658,-122.3004171,https://www.redfin.com/WA/Seattle/3224-25th-Ave-S-98144/home/168660
2026-09-19T19:54:21.154Z,Wallingford,2026-04-08,184013100,212535659,2480944,Closed,3959 1st Ave NE Unit A,Unit A,Seattle,WA,98105,Wallingford,Townhouse,3,2022,3,2,2,1740,1116,1.5,1300000,747,,,,Adam Cothes,eXp Realty,"Windermere RE/Capitol Hill,Inc",47.6551999,-122.3283201,https://www.redfin.com/WA/Seattle/3959-1st-Ave-NE-98105/unit-A/home/184013100
2026-09-19T19:54:21.154Z,Wallingford,2026-04-08,189787197,210956299,2469202,Closed,4517 B Sunnyside Ave N,,Seattle,WA,98103,Wallingford,Single Family,1,2022,3,2,2,1790,1350,,987000,551,,,,Missy Boone,Lake & Company,eXp Realty,47.661898,-122.3307,https://www.redfin.com/WA/Seattle/4517B-Sunnyside-Ave-N-98103/home/189787197
2026-09-19T19:54:21.154Z,West Seattle,2026-04-08,199458598,214589498,2516315,Closed,6355 41st Ave SW,,Seattle,WA,98136,Morgan Junction,Single Family,1,2025,3,2.5,2,1353,794,3,775000,573,,,,Jeff Wolfe,Windermere R E Mount Baker,Real Broker LLC,47.5450826,-122.3847642,https://www.redfin.com/WA/Seattle/6355-41st-Ave-SW-98136/home/199458598
2026-09-19T19:54:21.154Z,Central Seattle,2026-04-08,200815983,211685611,2475921,Closed,914 C 15th Ave,,Seattle,WA,98122,Capitol Hill,Townhouse,3,2026,3,2,2,1660,1544,1.5,975000,587,,,,Xi Peng,"Windermere RE/Capitol Hill,Inc","RE/MAX Metro Realty, Inc.",47.6109297,-122.3123566,https://www.redfin.com/WA/Seattle/914-C-15th-Ave-98122/home/200815983
2026-09-19T19:54:21.154Z,NW Seattle,2026-04-08,28581594,212513058,2484543,Closed,10130 Holman Rd NW Unit A,Unit A,Seattle,WA,98177,Greenwood,Townhouse,3,2009,3,1.5,1,1240,1575,1.5,615000,496,,,,Peng Tea,COMPASS,Windermere Real Estate Co.,47.702665,-122.359298,https://www.redfin.com/WA/Seattle/10130-Holman-Rd-NW-98177/unit-A/home/28581594
2026-09-19T19:54:21.154Z,NE Seattle,2026-04-08,307970,213199791,2485915,Closed,6303 18th Ave NE,,Seattle,WA,98115,Ravenna,Single Family,1,1917,5,3,3,3150,4080,1.5,2060000,654,,,,Steve Laevastu,Windermere RE Greenwood,Windermere Real Estate Co.,47.6749096,-122.3089917,https://www.redfin.com/WA/Seattle/6303-18th-Ave-NE-98115/home/307970
2026-09-19T19:54:21.154Z,NE Seattle,2026-04-08,316612,212892107,2489171,Closed,7527 45th Ave NE,,Seattle,WA,98115,View Ridge,Single Family,1,2002,5,3.5,3,3340,5000,2,2195000,657,,,,Nancy Williams,Windermere Real Estate Midtown,"John L. Scott, Inc",47.6838102,-122.2801111,https://www.redfin.com/WA/Seattle/7527-45th-Ave-NE-98115/home/316612
2026-09-19T19:54:21.154Z,NE Seattle,2026-04-08,317323,212983172,2491127,Closed,2533 NE 83rd St,,Seattle,WA,98115,Wedgwood,Single Family,1,1949,5,3,3,3200,12300,1,1602000,501,,,,Laura Kinzel,Windermere R.E. Shoreline,Windermere Real Estate Co.,47.6892116,-122.3000276,https://www.redfin.com/WA/Seattle/2533-NE-83rd-St-98115/home/317323
2026-09-19T19:54:21.154Z,Ballard (specific),2026-04-08,495615,212915206,2490891,Closed,7506 Dibble Ave NW,,Seattle,WA,98117,Whittier,Single Family,1,1928,4,2.5,2,2590,4275,1.5,1455000,562,,,,Danny Adamson,Lake & Company,"Windermere RE/Capitol Hill,Inc",47.6835468,-122.3669903,https://www.redfin.com/WA/Seattle/7506-Dibble-Ave-NW-98117/home/495615
2026-09-19T19:54:21.154Z,Ballard (specific),2026-04-08,497064,213027128,2492079,Closed,7536 13th Ave NW,,Seattle,WA,98117,Whittier,Single Family,1,1948,4,2.5,2,1782,4800,1,1350000,758,,,,Renee Donovan,"Heaton Dainard, LLC",TEC Real Estate Inc.,47.6843353,-122.3724096,https://www.redfin.com/WA/Seattle/7536-13th-Ave-NW-98117/home/497064
2026-09-19T19:54:21.154Z,Ballard (specific),2026-04-08,497304,211685926,2472770,Closed,8333 H 12th Ave NW,,Seattle,WA,98117,Whittier,Townhouse,3,2026,2,2,2,1186,745,1.5,734900,620,5,,,Ray York,"Windermere RE/Capitol Hill,Inc",Lake & Company,47.6897176,-122.3717354,https://www.redfin.com/WA/Seattle/8333-12th-Ave-NW-98117/unit-H/home/497304
2026-09-19T19:54:21.154Z,NW Seattle,2026-04-08,98669,213222886,2493948,Closed,749 N 96th St,,Seattle,WA,98103,Greenwood,Single Family,1,1917,4,3,3,2010,4500,1.5,1025000,510,,,,Jay Nemitz,Windermere Real Estate Co.,Windermere Real Estate Co.,47.6985126,-122.3475467,https://www.redfin.com/WA/Seattle/749-N-96th-St-98103/home/98669
2026-09-19T19:54:21.154Z,Northgate,2026-04-07,103972,212768191,2487790,Closed,11537 Corliss Ave N,,Seattle,WA,98133,Haller Lake,Single Family,1,1954,3,1,1,1590,9479,1,855000,538,,,,Heidi Wyatt,Tribeca NW Real Estate,Windermere RE Magnolia,47.7128694,-122.3325374,https://www.redfin.com/WA/Seattle/11537-Corliss-Ave-N-98133/home/103972
2026-09-19T19:54:21.154Z,NE Seattle,2026-04-07,12317605,212720555,2487491,Closed,5607 12th Ave NE,,Seattle,WA,98105,University District,Single Family,1,2007,8,4,4,3234,3000,2,1250000,387,,,,Corey Crain,Keller Williams Realty Bothell,eXp Realty,47.6697622,-122.3155416,https://www.redfin.com/WA/Seattle/5607-12th-Ave-NE-98105/home/12317605
2026-09-19T19:54:21.154Z,Magnolia,2026-04-07,126133,212486102,2482831,Closed,2519 Crestmont Pl W,,Seattle,WA,98199,Magnolia,Single Family,1,1928,4,3.5,3,2907,5350,2,2600000,894,,,,Courtney Williams,Windermere RE Magnolia,Windermere RE Magnolia,47.6416141,-122.4070146,https://www.redfin.com/WA/Seattle/2519-Crestmont-Pl-W-98199/home/126133
2026-09-19T19:54:21.154Z,Magnolia,2026-04-07,127924,212922039,2489950,Closed,3112 W Mansell St,,Seattle,WA,98199,Magnolia,Single Family,1,1948,3,2.5,2,2020,6000,1,1420000,703,,,,Mindy Perque,Windermere Real Estate Co.,Windermere Real Estate Midtown,47.6586024,-122.3973827,https://www.redfin.com/WA/Seattle/3112-W-Mansell-St-98199/home/127924
2026-09-19T19:54:21.154Z,Queen Anne,2026-04-07,132532,212944143,2489353,Closed,2103 5th Ave N,,Seattle,WA,98109,Queen Anne,Single Family,1,1925,3,2.5,2,2640,3105,2,1725000,653,,,,Randi Weidner,COMPASS,Windermere Real Estate Co.,47.6375657,-122.3473883,https://www.redfin.com/WA/Seattle/2103-5th-Ave-N-98109/home/132532
2026-09-19T19:54:21.154Z,Central Seattle,2026-04-07,142214,213049854,2492574,Closed,932 21st Ave,,Seattle,WA,98122,Central Area,Single Family,1,1908,2,2,2,1350,7620,1,922200,683,,,,Aimee Patton,Windermere Real Estate JS,COMPASS,47.6110318,-122.3044949,https://www.redfin.com/WA/Seattle/932-21st-Ave-98122/home/142214
2026-09-19T19:54:21.154Z,Ballard (specific),2026-04-07,179657286,212288914,2481701,Closed,8314 11th Ave NW Unit A,Unit A,Seattle,WA,98117,Whittier,Single Family,1,2022,2,2.5,2,950,1308,2,700000,737,220,,,Danny Adamson,Lake & Company,COMPASS,47.6891804,-122.3701834,https://www.redfin.com/WA/Seattle/8314-11th-Ave-NW-98117/unit-A/home/179657286
2026-09-19T19:54:21.154Z,NE Seattle,2026-04-07,198207526,213369152,2497336,Closed,7322 11th Ave NE,,Seattle,WA,98115,Roosevelt,Townhouse,3,2025,2,2.5,2,1042,682,1.5,680000,653,60,,,Michael Peters,RE/MAX Northwest,Best Choice Realty LLC,47.6822538,-122.3161696,https://www.redfin.com/WA/Seattle/7322-11th-Ave-NE-98115/home/198207526
2026-09-19T19:54:21.154Z,NW Seattle,2026-04-07,198814113,212982769,2491681,Closed,320 N 84th St,,Seattle,WA,98103,Greenwood,Single Family,1,2025,2,2.5,2,1210,1252,2,775000,640,23,,,Dan Wilcynski,Windermere Real Estate Midtown,Inspire Realty,47.6900371,-122.3542491,https://www.redfin.com/WA/Seattle/320-N-84th-St-98103/home/198814113
2026-09-19T19:54:21.154Z,Ballard (specific),2026-04-07,200408124,211868480,2473040,Closed,926 NW 57th St Unit B,Unit B,Seattle,WA,98107,Ballard,Townhouse,3,2026,3,2.5,2,1642,1103,1.5,893000,544,,,,Tony Ferrelli,"Windermere R.E. Northeast, Inc",Windermere Real Estate/East,47.6703433,-122.3698771,https://www.redfin.com/WA/Seattle/926-NW-57th-St-98107/unit-B/home/200408124
2026-09-19T19:54:21.154Z,NW Seattle,2026-04-07,201071216,211917971,2478817,Closed,9219 C 14th Ave NW,,Seattle,WA,98117,Crown Hill,Townhouse,3,2026,3,3.5,3,1637,642,1.5,849900,519,68,,,Ray York,"Windermere RE/Capitol Hill,Inc",KW South Whidbey,47.6965815,-122.3745599,https://www.redfin.com/WA/Seattle/9219-C-14th-Ave-NW-98117/home/201071216
2026-09-19T19:54:21.154Z,Northgate,2026-04-07,201755041,210911469,2468585,Closed,12323 10th Pl NE Unit C,Unit C,Seattle,WA,98125,Pinehurst,Townhouse,3,2006,3,2,2,1160,1203,1.5,560000,483,,,,,Realogics Sotheby's Int'l Rlty,Redfin,47.7184149,-122.3170463,https://www.redfin.com/WA/Seattle/12323-10th-Pl-NE-98125/unit-C/home/201755041
2026-09-19T19:54:21.154Z,NW Seattle,2026-04-07,290975,213164211,2481096,Closed,13002 6th Ave NW,,Seattle,WA,98177,Broadview,Single Family,1,1948,3,2,2,1664,8233,1,1189500,715,,,,Mina Peterson,Windermere Real Estate/East,Weisbarth & Associates,47.7234593,-122.3633046,https://www.redfin.com/WA/Seattle/13002-6th-Ave-NW-98177/home/290975
2026-09-19T19:54:21.154Z,Phinney Ridge,2026-04-07,301113,213922123,2505876,Closed,510 N 65th St,,Seattle,WA,98103,Phinney Ridge,Single Family,1,1926,4,3,3,2920,4960,2,1475000,505,,,,Shoshana Godwin,COMPASS,COMPASS,47.6762536,-122.3521473,https://www.redfin.com/WA/Seattle/510-N-65th-St-98103/home/301113
2026-09-19T19:54:21.154Z,Fremont,2026-04-07,302487,213023015,2492121,Closed,604 N 44th St,,Seattle,WA,98103,Fremont,Single Family,1,1916,4,3,3,2009,3500,1,1587000,790,,,,Stephanie Tipton,Windermere Real Estate Midtown,Lake & Company,47.660408,-122.3506904,https://www.redfin.com/WA/Seattle/604-N-44th-St-98103/home/302487
2026-09-19T19:54:21.154Z,West Seattle,2026-04-07,475521,212976581,2490462,Closed,8844 16th Ave SW,,Seattle,WA,98106,Highland Park,Single Family,1,1928,4,3,3,2440,6605,2,830000,340,,,,Francisco Dictado,KW Lake Washington So,Windermere Real Estate/East,47.5233925,-122.3547894,https://www.redfin.com/WA/Seattle/8844-16th-Ave-SW-98106/home/475521
2026-09-19T19:54:21.154Z,Ballard (specific),2026-04-07,493754,210746070,2465547,Closed,926 NW 57th St Unit A,Unit A,Seattle,WA,98107,Ballard,Townhouse,3,2026,3,3.5,3,1785,1385,1.5,1064000,596,,,,Tony Ferrelli,"Windermere R.E. Northeast, Inc",KW Greater Seattle,47.6703434,-122.3698483,https://www.redfin.com/WA/Seattle/926-NW-57th-St-98107/unit-A/home/493754
2026-09-19T19:54:21.154Z,NW Seattle,2026-04-07,98600,212454517,2484082,Closed,10731 Dayton Ave N,,Seattle,WA,98133,Broadview,Single Family,1,1945,3,2,2,1600,7369,1,945000,591,,,,Chris Doucet,COMPASS,"Windermere RE/Capitol Hill,Inc",47.7078101,-122.3531323,https://www.redfin.com/WA/Seattle/10731-Dayton-Ave-N-98133/home/98600
2026-09-19T19:54:21.154Z,NW Seattle,2026-04-07,99109,212763809,2488184,Closed,946 N 86th St,,Seattle,WA,98103,Greenwood,Single Family,1,1916,2,1,1,1410,5100,1,530000,376,,,,Jed Kliman,Windermere RE Greenwood,ZNonMember-Office-MLS,47.6914689,-122.3454289,https://www.redfin.com/WA/Seattle/946-N-86th-St-98103/home/99109
2026-09-19T19:54:21.154Z,NW Seattle,2026-04-07,99366,213658212,2470896,Closed,711 N 97th St,,Seattle,WA,98103,Greenwood,Single Family,1,2014,3,2.5,2,2300,8809,3,1400000,609,,,,Elliott Franklin,Engel & Voelkers Seattle DT,Windermere Bellevue Commons,47.6994042,-122.3492913,https://www.redfin.com/WA/Seattle/711-N-97th-St-98103/home/99366
2026-09-19T19:54:21.154Z,West Seattle,2026-04-06,12093272,211734319,2469652,Closed,4312 SW Spokane St,,Seattle,WA,98116,Admiral,Single Family,1,2007,3,2.5,2,1470,1571,1.5,750000,510,,,,Therese Bianchi,Windermere West Metro,COMPASS,47.5721695,-122.3872747,https://www.redfin.com/WA/Seattle/4312-SW-Spokane-St-98116/home/12093272
2026-09-19T19:54:21.154Z,NE Seattle,2026-04-06,122640,213823533,2504443,Closed,4523 48th Ave NE,,Seattle,WA,98105,Laurelhurst,Single Family,1,1947,4,2,2,1770,7350,2,1425000,805,,,,Rob Condiotty,"John L. Scott, Inc",Windermere Real Estate Co.,47.6619987,-122.2761876,https://www.redfin.com/WA/Seattle/4523-48th-Ave-NE-98105/home/122640
2026-09-19T19:54:21.154Z,Central Seattle,2026-04-06,135258,211909074,2478047,Closed,1812 10th Ave E,,Seattle,WA,98102,North Capitol Hill,Single Family,1,1926,3,2.5,2,3500,4500,2,1790000,511,,,,Ted Bash,"Windermere RE/Capitol Hill,Inc",SCOUT,47.6354471,-122.3197841,https://www.redfin.com/WA/Seattle/1812-10th-Ave-E-98102/home/135258
2026-09-19T19:54:21.154Z,Central Seattle,2026-04-06,139992,212480237,2483554,Closed,625 34th Ave E,,Seattle,WA,98112,Washington Park,Single Family,1,1931,3,2.5,2,3150,7200,2,2650000,841,,,,Shawna Ader,Windermere Real Estate Midtown,Real Residential,47.6258484,-122.2886408,https://www.redfin.com/WA/Seattle/625-34th-Ave-E-98112/home/139992
2026-09-19T19:54:21.154Z,Central Seattle,2026-04-06,141259,212743713,2485893,Closed,1107 Grand Ave,,Seattle,WA,98122,Madrona,Single Family,1,1915,5,3.5,3,4100,5000,2,2250000,549,,,,Jennie Grant,Windermere R E Mount Baker,Windermere Real Estate Co.,47.6117772,-122.2834037,https://www.redfin.com/WA/Seattle/1107-Grand-Ave-98122/home/141259
2026-09-19T19:54:21.154Z,West Seattle,2026-04-06,153787,213087544,2488236,Closed,7115 44th Ave SW,,Seattle,WA,98136,West Seattle,Single Family,1,1949,2,2,2,2115,4250,1.5,655000,310,,,,Amy Schmitt,Real Broker LLC,"Heaton Dainard, LLC",47.5393829,-122.3888154,https://www.redfin.com/WA/Seattle/7115-44th-Ave-SW-98136/home/153787
2026-09-19T19:54:21.154Z,Magnolia,2026-04-06,191513059,213034825,2492352,Closed,3827 23rd Ave W Unit C,Unit C,Seattle,WA,98199,Magnolia,Townhouse,3,2017,2,2,2,990,834,1.5,705000,712,,,,Tara Townsend,Lake & Company,Every Door Real Estate,47.6548107,-122.386258,https://www.redfin.com/WA/Seattle/3827-23rd-Ave-W-98199/unit-C/home/191513059
2026-09-19T19:54:21.154Z,NW Seattle,2026-04-06,195505182,214402641,2513249,Closed,915 N 98th St Unit A,Unit A,Seattle,WA,98103,Greenwood,Townhouse,3,2025,3,2,2,1162,,1.5,620000,534,12,,,Tim Mangold,"Pellego, Inc.",Windermere Real Estate Central,47.7003486,-122.3467445,https://www.redfin.com/WA/Seattle/915-N-98th-St-98103/unit-A/home/195505182
2026-09-19T19:54:21.154Z,Central Seattle,2026-04-06,199485432,208717004,2447043,Closed,318 B Bellevue Ave E,,Seattle,WA,98102,Capitol Hill,Townhouse,3,2025,3,2,2,1456,861,1.5,925000,635,0,,,,Windermere RE Greenwood,Redfin,47.621448,-122.326133,https://www.redfin.com/WA/Seattle/318-Bellevue-Ave-E-98102/home/199485432
2026-09-19T19:54:21.154Z,NE Seattle,2026-04-06,309158,213205007,2493750,Closed,1816 NE 82nd St,,Seattle,WA,98115,Ravenna,Single Family,1,1938,4,2,2,2240,4465,1,1100000,491,,,,Julie Beall,Windermere Real Estate Midtown,Real Broker LLC,47.6886418,-122.3082237,https://www.redfin.com/WA/Seattle/1816-NE-82nd-St-98115/home/309158
2026-09-19T19:54:21.154Z,West Seattle,2026-04-06,470375,211236596,2472712,Closed,9011 36th Ave SW,,Seattle,WA,98126,Fauntleroy,Single Family,1,1925,5,4,4,3180,6357,2,1430000,450,,,,Susan Anda,Windermere West Metro,John L Scott RE West Seattle,47.5224613,-122.3783889,https://www.redfin.com/WA/Seattle/9011-36th-Ave-SW-98126/home/470375
2026-09-19T19:54:21.154Z,Eastlake,2026-04-06,69356865,213149866,2492860,Closed,2832 Fairview Ave E,,Seattle,WA,98102,Eastlake,Townhouse,3,2017,2,2.5,2,2100,1465,1.5,2100000,1000,450,,,Sean Nielsen,Engel & Voelkers Mercer Island,Windermere Northlake,47.6466539,-122.326004,https://www.redfin.com/WA/Seattle/2832-Fairview-Ave-E-98102/home/69356865
2026-09-19T19:54:21.154Z,NW Seattle,2026-04-06,95603,213032228,2491255,Closed,10016 13th Ave NW,,Seattle,WA,98177,Crown Hill,Single Family,1,1945,2,1,1,794,7677,1.5,810000,1020,,,,,Windermere Real Estate Midtown,Redfin,47.7020466,-122.372489,https://www.redfin.com/WA/Seattle/10016-13th-Ave-NW-98177/home/95603
2026-09-19T19:54:21.154Z,Northgate,2026-04-03,102111,212683046,2487502,Closed,1815 N 137th St,,Seattle,WA,98133,Haller Lake,Single Family,1,1947,3,1,1,1460,6500,1,665000,455,,,,Kate Chamberlin,Windermere Real Estate Co.,Windermere Real Estate Midtown,47.7284621,-122.3361476,https://www.redfin.com/WA/Seattle/1815-N-137th-St-98133/home/102111
2026-09-19T19:54:21.154Z,Maple Leaf,2026-04-03,110617,213690870,2502638,Closed,9115 8th Ave NE,,Seattle,WA,98115,Maple Leaf,Single Family,1,1965,2,2,2,1060,5413,1,760000,717,,,,Nic Bode,"Windermere Real Estate/M2, LLC",Special Agents Realty,47.6954719,-122.3206435,https://www.redfin.com/WA/Seattle/9115-8th-Ave-NE-98115/home/110617
2026-09-19T19:54:21.154Z,Wallingford,2026-04-03,119147,212769044,2488205,Closed,3939 Meridian Ave N,,Seattle,WA,98103,Wallingford,Single Family,1,1930,3,1.5,1,2790,4000,2,1274900,457,,,,Kimberly Shaeffer,"John L. Scott, Inc.",Windermere RE Greenwood,47.6554839,-122.3341181,https://www.redfin.com/WA/Seattle/3939-Meridian-Ave-N-98103/home/119147
2026-09-19T19:54:21.154Z,NE Seattle,2026-04-03,122058,212875144,2489499,Closed,4117 43rd Ave NE,,Seattle,WA,98105,Laurelhurst,Single Family,1,1930,5,3.5,3,3990,6000,2,2700000,677,,,,Nicholas Glant,Real Residential,"Windermere Real Estate/M2, LLC",47.6590556,-122.281831,https://www.redfin.com/WA/Seattle/4117-43rd-Ave-NE-98105/home/122058
2026-09-19T19:54:21.154Z,Magnolia,2026-04-03,123276,212976734,2490578,Closed,3201 23rd Ave W,,Seattle,WA,98199,Magnolia,Single Family,1,2001,3,2.5,2,1690,1837,1.5,875000,518,,,,Matthew Miner,COMPASS,Real Broker LLC,47.6486445,-122.3862396,https://www.redfin.com/WA/Seattle/3201-23rd-Ave-W-98199/home/123276
2026-09-19T19:54:21.154Z,Magnolia,2026-04-03,126875,213752404,2503252,Closed,3007 38th Ave W,,Seattle,WA,98199,Magnolia,Single Family,1,1941,3,2.5,2,2690,5922,2,2165000,805,,,,,,COMPASS,47.6470944,-122.4060542,https://www.redfin.com/WA/Seattle/3007-38th-Ave-W-98199/home/126875
2026-09-19T19:54:21.154Z,Magnolia,2026-04-03,127315,212733868,2484775,Closed,2815 W Smith St,,Seattle,WA,98199,Magnolia,Single Family,1,1953,3,2,2,2160,4698,1,1325000,613,,,,Dan Kessler,Windermere Real Estate Co.,Windermere RE Greenwood,47.6409727,-122.393755,https://www.redfin.com/WA/Seattle/2815-W-Smith-St-98199/home/127315
2026-09-19T19:54:21.154Z,Queen Anne,2026-04-03,130899,212556810,2484852,Closed,2430 8th Ave W,,Seattle,WA,98119,Queen Anne,Single Family,1,1910,3,2,2,1920,1800,2,1375000,716,,,,Holley Ring,Windermere Real Estate Midtown,COMPASS,47.640544,-122.3673627,https://www.redfin.com/WA/Seattle/2430-8th-Ave-W-98119/home/130899
2026-09-19T19:54:21.154Z,Central Seattle,2026-04-03,135321,212740085,2488166,Closed,2343 Federal Ave E,,Seattle,WA,98102,North Capitol Hill,Single Family,1,1906,3,1.5,1,2980,4500,2,1575000,529,,,,Liz Suver,Windermere Real Estate Co.,Home Realty,47.6408114,-122.3193536,https://www.redfin.com/WA/Seattle/2343-Federal-Ave-E-98102/home/135321
2026-09-19T19:54:21.154Z,Central Seattle,2026-04-03,146618,210970410,2469599,Closed,1207 26th Ave E,,Seattle,WA,98112,Arboretum,Single Family,1,1952,3,2,2,2410,6000,2,1675000,695,,,,Spafford Robbins,COMPASS,CENTURY 21 North Homes Realty,47.6305585,-122.2993173,https://www.redfin.com/WA/Seattle/1207-26th-Ave-E-98112/home/146618
2026-09-19T19:54:21.154Z,West Seattle,2026-04-03,155287,212557132,2483036,Closed,9805 35th Ave SW,,Seattle,WA,98126,Arbor Heights,Single Family,1,1950,2,1,1,940,8132,1,500000,532,,,,Angela Cramer,Redfin,Keller Williams Rlty Bellevue,47.5154087,-122.376945,https://www.redfin.com/WA/Seattle/9805-35th-Ave-SW-98126/home/155287
2026-09-19T19:54:21.154Z,West Seattle,2026-04-03,157263,213162716,2493341,Closed,8620 Vashon Vw SW,,Seattle,WA,98136,Fauntleroy,Single Family,1,1961,4,3,3,2360,10560,1.5,1700000,720,,,,Jennifer Huggins,COMPASS,"Skyline Properties, Inc.",47.5260598,-122.3846959,https://www.redfin.com/WA/Seattle/8620-Vashon-Vw-SW-98136/home/157263
2026-09-19T19:54:21.154Z,Ballard (specific),2026-04-03,165631,212993938,2492048,Closed,7727 19th Ave NW,,Seattle,WA,98117,Loyal Heights,Single Family,1,1946,5,3.5,3,2100,4800,1.5,1600000,762,,,,Megan Halter,"Heaton Dainard, LLC",KW Greater Seattle,47.6858676,-122.3813831,https://www.redfin.com/WA/Seattle/7727-19th-Ave-NW-98117/home/165631
2026-09-19T19:54:21.154Z,NE Seattle,2026-04-03,18658601,213259066,2493584,Closed,5537 37th Ave NE,,Seattle,WA,98105,Bryant,Single Family,1,2008,5,3.5,3,3110,5001,2,2350000,756,,,,Kelly Pournoor,Windermere RE Greenwood,Windermere Real Estate Co.,47.6695756,-122.2882961,https://www.redfin.com/WA/Seattle/5537-37th-Ave-NE-98105/home/18658601
2026-09-19T19:54:21.154Z,Queen Anne,2026-04-03,195902482,212736261,2488321,Closed,2110 1st Ave N,,Seattle,WA,98109,Queen Anne,Single Family,1,2025,3,3,3,1568,971,1.5,1160000,740,,,,Sharon Gentry,Intracorp Marketing&Sales LLC,Windermere Real Estate/East,47.6376193,-122.3553672,https://www.redfin.com/WA/Seattle/2110-1st-Ave-N-98109/home/195902482
2026-09-19T19:54:21.154Z,Eastlake,2026-04-03,199240079,209488777,2456726,Closed,2018 Fairview Ave E Unit B,Unit B,Seattle,WA,98102,Eastlake,Single Family,1,2026,1,1.5,1,830,1,1.5,699950,843,1,,,Tom Skepetaris,Realogics Sotheby's Int'l Rlty,Real Residential,47.6373609,-122.3294084,https://www.redfin.com/WA/Seattle/2018-Fairview-Ave-E-98102/unit-B/home/199240079
2026-09-19T19:54:21.154Z,West Seattle,2026-04-03,201691270,212569156,2484816,Closed,5907 40th Ave SW Unit B,Unit B,Seattle,WA,98136,West Seattle,Single Family,1,2005,2,1,1,778,4400,1.5,399950,514,307,,,Karen Sanford,"John L. Scott, Inc",COMPASS,47.5500072,-122.3833438,https://www.redfin.com/WA/Seattle/5907-40th-Ave-SW-98136/unit-B/home/201691270
2026-09-19T19:54:21.154Z,NW Seattle,2026-04-03,300890,212783699,2487840,Closed,543 N 81st St,,Seattle,WA,98103,Greenwood,Single Family,1,1922,5,1,1,2110,3774,1.5,1008500,478,,,,Danielle Williams,Lake & Company,COMPASS,47.6874969,-122.3507381,https://www.redfin.com/WA/Seattle/543-N-81st-St-98103/home/300890
2026-09-19T19:54:21.154Z,Green Lake,2026-04-03,306843,212511793,2484531,Closed,7720 Meridian Ave N,,Seattle,WA,98103,Green Lake,Single Family,1,1924,3,3,3,1570,5280,1,1240000,790,,,,Robert Kelly,West Seattle Realty,Windermere Real Estate Midtown,47.6857396,-122.3327507,https://www.redfin.com/WA/Seattle/7720-Meridian-Ave-N-98103/home/306843
2026-09-19T19:54:21.154Z,NE Seattle,2026-04-03,312748,212778474,2488548,Closed,5728 34th Ave NE,,Seattle,WA,98105,Bryant,Single Family,1,1926,4,2,2,2160,4480,1,1380000,639,,,,Tanya Thackeray Wilson,Windermere Real Estate Co.,"Windermere RE/Capitol Hill,Inc",47.671235,-122.2911548,https://www.redfin.com/WA/Seattle/5728-34th-Ave-NE-98105/home/312748
2026-09-19T19:54:21.154Z,West Seattle,2026-04-03,329510,212525433,2479459,Closed,3955 SW Oregon St,,Seattle,WA,98116,Alaska Junction,Single Family,1,2015,3,2,2,1460,1160,1.5,862125,590,,,,Cori Allan,Keller Williams Seattle Metro,Keller Williams Seattle Metro,47.56274,-122.3826217,https://www.redfin.com/WA/Seattle/3955-SW-Oregon-St-98116/home/329510
2026-09-19T19:54:21.154Z,West Seattle,2026-04-03,330050,212978523,2489614,Closed,3854 48th Ave SW,,Seattle,WA,98116,Genesee,Single Family,1,1951,4,2,2,1920,6555,1,1107000,577,,,,Sarah Rudinoff,Windermere R E Mount Baker,COMPASS,47.5686364,-122.3931191,https://www.redfin.com/WA/Seattle/3854-48th-Ave-SW-98116/home/330050
2026-09-19T19:54:21.154Z,West Seattle,2026-04-03,331074,212713445,2486576,Closed,3828 48th Ave SW,,Seattle,WA,98116,Genesee,Single Family,1,1951,3,2,2,1800,5700,1,840000,467,,,,Curtis Kiepprien,Coldwell Banker Danforth,eXp Realty,47.5693195,-122.3931457,https://www.redfin.com/WA/Seattle/3828-48th-Ave-SW-98116/home/331074
2026-09-19T19:54:21.154Z,West Seattle,2026-04-03,470076,211279592,2475169,Closed,3538 SW Southern St,,Seattle,WA,98126,West Seattle,Single Family,1,1941,2,1.5,1,730,4132,1,573750,786,,,,Luna Zhang,Real Estate Collection,Windermere RE Greenwood,47.5299791,-122.3784037,https://www.redfin.com/WA/Seattle/3538-SW-Southern-St-98126/home/470076
2026-09-19T19:54:21.154Z,Beacon Hill,2026-04-03,478492,212953575,2489591,Closed,3531 S Morgan St,,Seattle,WA,98118,Beacon Hill,Single Family,1,1979,3,3,3,2620,7810,1.5,612000,234,,,,Mar LaFleur,Waterstone Properties,Windermere Real Estate GH LLC,47.543545,-122.2874521,https://www.redfin.com/WA/Seattle/3531-S-Morgan-St-98118/home/478492
2026-09-19T19:54:21.154Z,Beacon Hill,2026-04-03,480624,211214240,2473049,Closed,3928 S Pilgrim St,,Seattle,WA,98118,Beacon Hill,Single Family,1,1950,3,2,2,1440,6250,1,665000,462,,,,Leah Davidson,Windermere Real Estate Midtown,John L. Scott Mukilteo,47.5158992,-122.2833147,https://www.redfin.com/WA/Seattle/3928-S-Pilgrim-St-98118/home/480624
2026-09-19T19:54:21.154Z,Beacon Hill,2026-04-03,481637,213747994,2503189,Closed,3026 S Holden St,,Seattle,WA,98108,Beacon Hill,Single Family,1,1931,1,1,1,560,5000,1,301000,538,,,,Jason Tate,Coldwell Banker Bain,NWMLS-NonOffice,47.5339577,-122.2922045,https://www.redfin.com/WA/Seattle/3026-S-Holden-St-98108/home/481637
2026-09-19T19:54:21.154Z,Ballard (specific),2026-04-03,493393,213016937,2491495,Closed,1543 NW 51st St,,Seattle,WA,98107,Ballard,Single Family,1,2001,3,2.5,2,1460,1469,1.5,800000,548,,,,David Palmer,Redfin,Windermere Real Estate Co.,47.6655166,-122.3781492,https://www.redfin.com/WA/Seattle/1543-NW-51st-St-98107/home/493393
2026-09-19T19:54:21.154Z,Ballard (specific),2026-04-03,494948,212757705,2487604,Closed,5828 5th Ave NW,,Seattle,WA,98107,Phinney Ridge,Single Family,1,2025,5,5,4,4149,6200,2,2798000,674,,,,,Real Residential,Redfin,47.6717402,-122.3626472,https://www.redfin.com/WA/Seattle/5828-5th-Ave-NW-98107/home/494948
2026-09-19T19:54:21.154Z,Ballard (specific),2026-04-03,498670,212978139,2489907,Closed,8027 12th Ave NW,,Seattle,WA,98117,Whittier,Single Family,1,1942,3,1,1,1740,4960,1,1020000,586,,,,Sol Simmers,Windermere Real Estate Central,Windermere Real Estate Midtown,47.6877149,-122.3717289,https://www.redfin.com/WA/Seattle/8027-12th-Ave-NW-98117/home/498670
2026-09-19T19:54:21.154Z,NE Seattle,2026-04-02,121966,213745836,2503150,Closed,3048 E Laurelhurst Dr NE,,Seattle,WA,98115,Laurelhurst,Single Family,1,1925,4,4.5,4,7100,23367,2,14000000,1972,,,,Terry Allen,Coldwell Banker Bain,Windermere Real Estate Co.,47.6500373,-122.2756772,https://www.redfin.com/WA/Seattle/3048-E-Laurelhurst-Dr-NE-98105/home/121966
2026-09-19T19:54:21.154Z,NE Seattle,2026-04-02,122753,212497042,2483763,Closed,3516 NE 43rd St,,Seattle,WA,98105,Laurelhurst,Single Family,1,1948,5,4,4,4490,5000,2,2400000,535,,,,Andrea Graham,Windermere RE Greenwood,"Ewing & Clark, Inc.",47.6600736,-122.289469,https://www.redfin.com/WA/Seattle/3516-NE-43rd-St-98105/home/122753
2026-09-19T19:54:21.154Z,Magnolia,2026-04-02,125518,212705449,2486873,Closed,1740 Magnolia Way W,,Seattle,WA,98199,Magnolia,Single Family,1,2001,3,2.5,2,3298,5000,2,2450000,743,,,,Matthew Konsmo,Coldwell Banker Danforth,COMPASS,47.6351312,-122.3893814,https://www.redfin.com/WA/Seattle/1740-Magnolia-Way-W-98199/home/125518
2026-09-19T19:54:21.154Z,Magnolia,2026-04-02,128788,212964884,2490923,Closed,4317 32nd Ave W,,Seattle,WA,98199,Magnolia,Single Family,1,2006,4,3.5,3,3530,4800,2,2350000,666,,,,Katie Melton,Every Door Real Estate,Realogics Sotheby's Int'l Rlty,47.6589232,-122.3986072,https://www.redfin.com/WA/Seattle/4317-32nd-Ave-W-98199/home/128788
2026-09-19T19:54:21.154Z,West Seattle,2026-04-02,153865,212757727,2486669,Closed,5022 46th Ave SW,,Seattle,WA,98136,Alaska Junction,Single Family,1,1959,4,3.5,3,2740,5406,1.5,1575000,575,,,,Beth Britt,John L Scott Westwood,COMPASS,47.5568332,-122.3908291,https://www.redfin.com/WA/Seattle/5022-46th-Ave-SW-98136/home/153865
2026-09-19T19:54:21.154Z,West Seattle,2026-04-02,155323,212797865,2488286,Closed,10128 35th Ave SW,,Seattle,WA,98146,Arbor Heights,Single Family,1,1942,3,1,1,1210,7000,1,642000,531,,,,Jonn McYnturff,John L Scott Westwood,Keller Williams Seattle Metro,47.5120954,-122.3758884,https://www.redfin.com/WA/Seattle/10128-35th-Ave-SW-98146/home/155323
2026-09-19T19:54:21.154Z,West Seattle,2026-04-02,157572,212313732,2481121,Closed,8602 Fauntleroy Way SW,,Seattle,WA,98136,Lincoln Park,Single Family,1,1931,3,2,2,2820,5600,2,1350000,479,,,,Matt Crook,Windermere R E Mount Baker,"Windermere RE/Capitol Hill,Inc",47.5266451,-122.3923396,https://www.redfin.com/WA/Seattle/8602-Fauntleroy-Way-SW-98136/home/157572
2026-09-19T19:54:21.154Z,Ballard (specific),2026-04-02,162012,212561520,2485417,Closed,5819 30th Ave NW,,Seattle,WA,98107,Sunset Hill,Single Family,1,1959,2,1.5,1,1670,3604,1,910000,545,,,,Anne Marie Peterson,COMPASS,Real Broker LLC,47.6714873,-122.3959329,https://www.redfin.com/WA/Seattle/5819-30th-Ave-NW-98107/home/162012
2026-09-19T19:54:21.154Z,NW Seattle,2026-04-02,185645674,211092089,2471139,Closed,712 NW 95th St,,Seattle,WA,98117,Greenwood,Single Family,1,2023,2,1.5,1,1088,1892,2,675000,620,8,,,Jacqueline Baltmiskis,Every Door Real Estate,"John L. Scott, Inc.",47.6980325,-122.3653849,https://www.redfin.com/WA/Seattle/712-NW-95th-St-98117/home/185645674
2026-09-19T19:54:21.154Z,Central Seattle,2026-04-02,185889567,208811054,2448509,Closed,1120 16th Ave Unit C,Unit C,Seattle,WA,98122,Capitol Hill,Single Family,1,2023,2,2,2,967,590,1.5,700000,724,,,,Kevin Ferguson,Windermere Real Estate Co.,Every Door Real Estate,47.6121493,-122.311236,https://www.redfin.com/WA/Seattle/1120-16th-Ave-98122/unit-C/home/185889567
2026-09-19T19:54:21.154Z,Eastlake,2026-04-02,194153586,205158294,2403956,Closed,2925 Franklin Ave E Unit A,Unit A,Seattle,WA,98102,Eastlake,Single Family,1,2025,3,3.5,3,1790,1001,1.5,945000,528,,,,Marianna Mikshanskiy,"John L. Scott, Inc.",Real Broker LLC,47.6477527,-122.3234309,https://www.redfin.com/WA/Seattle/2925-Franklin-Ave-E-98102/unit-A/home/194153586
2026-09-19T19:54:21.154Z,NW Seattle,2026-04-02,201563463,214402422,2513243,Closed,913 N 98th St Unit B,Unit B,Seattle,WA,98103,Greenwood,Townhouse,3,2025,3,2,2,1090,,1.5,590000,541,12,,,Tim Mangold,"Pellego, Inc.",KW Greater Seattle,47.7002303,-122.3467478,https://www.redfin.com/WA/Seattle/913-N-98th-St-98103/unit-B/home/201563463
2026-09-19T19:54:21.154Z,NW Seattle,2026-04-02,290648,212757891,2469852,Closed,417 NW 132nd St,,Seattle,WA,98177,Broadview,Single Family,1,1995,4,2.5,2,3090,7200,2,1505000,487,,,,Tami O'Brien,"Windermere RE North, Inc.",Windermere RE Greenwood,47.7248554,-122.3630946,https://www.redfin.com/WA/Seattle/417-NW-132nd-St-98177/home/290648
2026-09-19T19:54:21.154Z,Phinney Ridge,2026-04-02,299121,213009374,2483484,Closed,5712 1st Ave NW,,Seattle,WA,98107,Phinney Ridge,Single Family,1,1920,4,2.5,2,2150,3250,2,1461957,680,,,,Cory Egan,Windermere Real Estate Co.,Coldwell Banker Danforth,47.6710624,-122.3574922,https://www.redfin.com/WA/Seattle/5712-1st-Ave-NW-98107/home/299121
2026-09-19T19:54:21.154Z,NW Seattle,2026-04-02,300499,212756170,2478717,Closed,8211 Linden Ave N,,Seattle,WA,98103,Green Lake,Single Family,1,1926,4,2.5,2,2610,3300,2,1350000,517,,,,Daniel Dovinh,Real Broker LLC,Realogics Sotheby's Int'l Rlty,47.6888469,-122.347471,https://www.redfin.com/WA/Seattle/8211-Linden-Ave-N-98103/home/300499
2026-09-19T19:54:21.154Z,NE Seattle,2026-04-02,310120,212922417,2490945,Closed,1216 NE 77th St,,Seattle,WA,98115,Maple Leaf,Single Family,1,1929,4,2,2,2860,5500,2,1388000,485,,,,Kian Pornour,Windermere Real Estate Co.,Windermere Real Estate Midtown,47.6850906,-122.3141975,https://www.redfin.com/WA/Seattle/1216-NE-77th-St-98115/home/310120
2026-09-19T19:54:21.154Z,NE Seattle,2026-04-02,310129,213757744,2503349,Closed,2134 NE 81st Pl,,Seattle,WA,98115,Ravenna,Single Family,1,1942,2,1,1,960,6490,1,860000,896,,,,Karishma Kiri,Windermere Real Estate/East,Gillis Real Estate LLC,47.6879489,-122.3040923,https://www.redfin.com/WA/Seattle/2134-NE-81st-Pl-98115/home/310129
2026-09-19T19:54:21.154Z,NE Seattle,2026-04-02,318213,212938501,2490645,Closed,8805 27th Ave NE,,Seattle,WA,98115,Wedgwood,Single Family,1,1951,2,1,1,850,6000,1,876000,1031,,,,Erica Topel,Windermere Real Estate Co.,KW Greater Seattle,47.6925718,-122.2990698,https://www.redfin.com/WA/Seattle/8805-27th-Ave-NE-98115/home/318213
2026-09-19T19:54:21.154Z,West Seattle,2026-04-02,331250,208351575,2438853,Closed,2727 50th Ave SW,,Seattle,WA,98116,Admiral,Single Family,1,2025,3,3.5,3,2735,5087,2,1700000,622,,,,Brian Otto,Keller Williams Eastside,Kelly Right RE of Seattle LLC,47.5783836,-122.3956911,https://www.redfin.com/WA/Seattle/2727-50th-Ave-SW-98116/home/331250
2026-09-19T19:54:21.154Z,Beacon Hill,2026-04-02,477974,211756388,2477011,Closed,3105 S Hudson St,,Seattle,WA,98108,Beacon Hill,Single Family,1,1971,3,1,1,1120,6225,1,799900,714,,,,Viktoriya Polivoda,COMPASS,Windermere Real Estate Midtown,47.5569377,-122.2926742,https://www.redfin.com/WA/Seattle/3105-S-Hudson-St-98108/home/477974
2026-09-19T19:54:21.154Z,Phinney Ridge,2026-04-02,496794,214129463,2509078,Closed,6531 4th Ave NW,,Seattle,WA,98117,Phinney Ridge,Single Family,1,1926,4,2,2,1860,3750,1,1300000,699,,,,Nicole Bailey,COMPASS,COMPASS,47.6769742,-122.3617598,https://www.redfin.com/WA/Seattle/6531-4th-Ave-NW-98117/home/496794
2026-09-19T19:54:21.154Z,Ballard (specific),2026-04-02,497002,212979329,2490198,Closed,832 NW 67th St,,Seattle,WA,98117,Whittier,Single Family,1,1926,2,1,1,1640,3328,1,990000,604,,,,Mary Granen,COMPASS,COMPASS,47.6779309,-122.3670681,https://www.redfin.com/WA/Seattle/832-NW-67th-St-98117/home/497002
2026-09-19T19:54:21.154Z,Northgate,2026-04-01,102212,213052437,2492810,Closed,2356 N 130th St,,Seattle,WA,98133,Haller Lake,Single Family,1,1949,4,2,2,2380,4948,1,770000,324,125,,,Terry James,Realty One Group Imagine,"Wilson Realty Exchange, Inc.",47.7233581,-122.3292409,https://www.redfin.com/WA/Seattle/2356-N-130th-St-98133/home/102212
2026-09-19T19:54:21.154Z,Fremont,2026-04-01,12317796,212342844,2480556,Closed,3639 Phinney Ave N,,Seattle,WA,98103,Fremont,Single Family,1,2007,3,2.5,2,1400,1312,,875000,625,50,,,Mike Ferreri,Windermere Mercer Island,Windermere Real Estate Midtown,47.6534774,-122.3549194,https://www.redfin.com/WA/Seattle/3639-Phinney-Ave-N-98103/home/12317796
2026-09-19T19:54:21.154Z,Magnolia,2026-04-01,127378,213199431,2493479,Closed,3439 42nd Ave W,,Seattle,WA,98199,Magnolia,Single Family,1,1942,4,2.5,2,2652,7206,1,1760000,664,,,,Forey Duckett,Coldwell Banker Danforth,"Windermere RE/Capitol Hill,Inc",47.6513099,-122.4109939,https://www.redfin.com/WA/Seattle/3439-42nd-Ave-W-98199/home/127378
2026-09-19T19:54:21.154Z,Central Seattle,2026-04-01,139686,207878324,2438464,Closed,617 33rd Ave E,,Seattle,WA,98112,Washington Park,Single Family,1,1957,4,2,2,1810,5400,1.5,1765000,975,,,,,COMPASS,Redfin,47.6255515,-122.289929,https://www.redfin.com/WA/Seattle/617-33rd-Ave-E-98112/home/139686
2026-09-19T19:54:21.154Z,Central Seattle,2026-04-01,141409,213634000,2501681,Closed,3412 E Howell St,,Seattle,WA,98122,Madrona,Single Family,1,1916,4,3.5,3,2180,3044,2,1715000,787,,,,Hutton Moyer,Coldwell Banker Bain,Windermere Real Estate Co.,47.6177988,-122.2884635,https://www.redfin.com/WA/Seattle/3412-E-Howell-St-98122/home/141409
2026-09-19T19:54:21.154Z,West Seattle,2026-04-01,151157,212747810,2482660,Closed,3831 52nd Ave SW,,Seattle,WA,98116,Genesee,Single Family,1,1951,3,1,1,980,6426,1,863000,881,,,,Claire Rosenberg,COMPASS,Windermere Real Estate Co.,47.569405,-122.3991405,https://www.redfin.com/WA/Seattle/3831-52nd-Ave-SW-98116/home/151157
2026-09-19T19:54:21.154Z,West Seattle,2026-04-01,156808,211940775,2478088,Closed,8026 46th Ave SW,,Seattle,WA,98136,Lincoln Park,Single Family,1,1979,3,3.5,3,2430,8000,1.5,2000000,823,,,,Sarah Georger-Clark,COMPASS,COMPASS,47.5303941,-122.3912123,https://www.redfin.com/WA/Seattle/8026-46th-Ave-SW-98136/home/156808
2026-09-19T19:54:21.154Z,Central Seattle,2026-04-01,168685418,208910363,2449619,Closed,817 24th Ave S Unit B,Unit B,Seattle,WA,98144,Judkins,Single Family,1,2019,2,2,2,1404,811,3,654900,466,,,,Mitzi Cameron,Camano Island Real Estate,Real Broker LLC,47.5950221,-122.3014112,https://www.redfin.com/WA/Seattle/817-24th-Ave-S-98144/unit-B/home/168685418
2026-09-19T19:54:21.154Z,West Seattle,2026-04-01,176742601,212314297,2478782,Closed,6042 B 41st Ave SW,,Seattle,WA,98136,Gatewood,Single Family,1,2021,3,2,2,1290,1000,1.5,699000,542,,,,Tamara Canero,Windermere Real Estate Midtown,Real Broker LLC,47.5472222,-122.3839906,https://www.redfin.com/WA/Seattle/6042-41st-Ave-SW-98136/home/176742601
2026-09-19T19:54:21.154Z,NE Seattle,2026-04-01,195900727,210758636,2466392,Closed,5203 Sand Point Pl NE,,Seattle,WA,98105,Sand Point,Single Family,1,2026,3,3.5,3,2066,2028,1.5,1375000,666,,,,Diana Rayo,"Windermere RE/Capitol Hill,Inc",Realogics Sotheby's Int'l Rlty,47.6667771,-122.28039,https://www.redfin.com/WA/Seattle/5203-Sand-Point-Pl-NE-98105/home/195900727
2026-09-19T19:54:21.154Z,Ballard (specific),2026-04-01,198199833,211052808,2470557,Closed,8007 25th Ave NW,,Seattle,WA,98117,Loyal Heights,Single Family,1,2026,3,2.5,2,1731,1260,1.5,998899,577,106,,,Tony Ferrelli,"Windermere R.E. Northeast, Inc",Real Broker LLC,47.687007,-122.388925,https://www.redfin.com/WA/Seattle/8007-25th-Ave-NW-98117/home/198199833
2026-09-19T19:54:21.154Z,NE Seattle,2026-04-01,22688025,212460304,2483786,Closed,5242 NE 75th St,,Seattle,WA,98115,View Ridge,Single Family,1,2021,5,2.5,2,3303,20423,2,3000000,908,,,,Martha Belmont,COMPASS,Kelly Right RE of Seattle LLC,47.6832297,-122.2703098,https://www.redfin.com/WA/Seattle/5242-NE-75th-St-98115/home/22688025
2026-09-19T19:54:21.154Z,Wallingford,2026-04-01,304675,212919305,2488635,Closed,415 NE 60th St,,Seattle,WA,98115,Green Lake,Single Family,1,1924,3,2,2,1450,3000,1,858500,592,,,,Tory Frol,Real Residential,"Windermere RE/Capitol Hill,Inc",47.6720573,-122.3238749,https://www.redfin.com/WA/Seattle/415-NE-60th-St-98115/home/304675
2026-09-19T19:54:21.154Z,Green Lake,2026-04-01,305539,213627066,2501552,Closed,6316 Woodlawn Ave N,,Seattle,WA,98103,Green Lake,Single Family,1,1913,4,2,2,2090,5040,2,1810000,866,,,,Margo Snow,Windermere Real Estate Midtown,Windermere Real Estate Co.,47.6748983,-122.3322523,https://www.redfin.com/WA/Seattle/6316-Woodlawn-Ave-N-98103/home/305539
2026-09-19T19:54:21.154Z,NE Seattle,2026-04-01,322004,211684836,2448827,Closed,7352 56th Ave NE,,Seattle,WA,98115,View Ridge,Single Family,1,1950,5,3.5,3,3576,6400,1,2970000,831,,,,Brad Cahill,Real Residential,"Heritage Residential, LLC",47.6826804,-122.2678735,https://www.redfin.com/WA/Seattle/7352-56th-Ave-NE-98115/home/322004
2026-09-19T19:54:21.154Z,Beacon Hill,2026-04-01,480603,212992163,2487138,Closed,3810 S Sunny View Dr,,Seattle,WA,98118,Beacon Hill,Single Family,1,1955,3,2,2,1670,7410,1,665000,398,,,,Marco Kronen,"Windermere RE/Capitol Hill,Inc",Keller Williams Seattle Metro,47.5162442,-122.2845314,https://www.redfin.com/WA/Seattle/3810-S-Sunnyview-Dr-98118/home/480603
2026-09-19T19:54:21.154Z,Beacon Hill,2026-04-01,481082,213098071,2493229,Closed,4856 20th Ave S,,Seattle,WA,98109,Beacon Hill,Single Family,1,1941,2,1,1,900,6674,1,450000,500,,,,Stephanie Herrmann,Better Properties Soundview,John L. Scott Des Moines,47.5587625,-122.3067341,https://www.redfin.com/WA/Seattle/4856-20th-Ave-S-98108/home/481082
2026-09-19T19:54:21.154Z,NE Seattle,2026-03-31,106725634,207124566,2427901,Closed,1159 NE 55th St,,Seattle,WA,98105,Ravenna,Single Family,1,2015,3,2.5,2,1340,935,1.5,755000,563,,,,Kristen Cramer,Lake & Company,Real Broker LLC,47.6684307,-122.3153516,https://www.redfin.com/WA/Seattle/1159-NE-55th-St-98105/home/106725634
2026-09-19T19:54:21.154Z,Maple Leaf,2026-03-31,109782,212571686,2485516,Closed,8900 2nd Ave NE,,Seattle,WA,98115,Maple Leaf,Single Family,1,1964,5,2,2,3140,6981,1.5,1299000,414,,,,Kathie McNelis,Portico Real Estate,COMPASS,47.6933443,-122.3267567,https://www.redfin.com/WA/Seattle/8900-2nd-Ave-NE-98115/home/109782
2026-09-19T19:54:21.154Z,Northgate,2026-03-31,115948,212052163,2479386,Closed,12533 12th Ave NE,,Seattle,WA,98125,Pinehurst,Single Family,1,1956,4,2.5,2,2235,7579,1,1000000,447,,,,John Paul,Redfin,Windermere Real Estate Midtown,47.7204378,-122.3157481,https://www.redfin.com/WA/Seattle/12533-12th-Ave-NE-98125/home/115948
2026-09-19T19:54:21.154Z,Wallingford,2026-03-31,117686,212295712,2479082,Closed,4136 Eastern Ave N,,Seattle,WA,98103,Wallingford,Single Family,1,2026,4,3.5,3,2745,2352,,2090000,761,,,,Dan Wilcynski,Windermere Real Estate Midtown,Marketplace Sotheby's Intl Rty,47.657771,-122.328753,https://www.redfin.com/WA/Seattle/4136-Eastern-Ave-N-98103/home/117686
2026-09-19T19:54:21.154Z,NE Seattle,2026-03-31,121954,211913096,2478790,Closed,4716 48th Ave NE,,Seattle,WA,98105,Laurelhurst,Single Family,1,2020,6,4.5,4,4160,5200,,3425000,823,,,,Macartney McQuery,Redfin,"Wilson Realty Exchange, Inc.",47.663655,-122.2754954,https://www.redfin.com/WA/Seattle/4716-48th-Ave-NE-98105/home/121954
2026-09-19T19:54:21.154Z,NE Seattle,2026-03-31,122798,212450632,2480195,Closed,3832 48th Ave NE,,Seattle,WA,98105,Laurelhurst,Single Family,1,1926,4,3.5,3,3230,5750,2,2495000,772,,,,Jeri Smith,Windermere Real Estate Co.,Windermere Real Estate Midtown,47.6565208,-122.2758046,https://www.redfin.com/WA/Seattle/3832-48th-Ave-NE-98105/home/122798
2026-09-19T19:54:21.154Z,Magnolia,2026-03-31,123023,212767675,2488223,Closed,5412 40th Ave W,,Seattle,WA,98199,Magnolia,Single Family,1,1959,4,3,3,2980,5500,1,2050000,688,,,,Dawn Bourdo,COMPASS,Windermere Real Estate Midtown,47.66817,-122.4092079,https://www.redfin.com/WA/Seattle/5412-40th-Ave-W-98199/home/123023
2026-09-19T19:54:21.154Z,Magnolia,2026-03-31,123228,212801063,2487469,Closed,2415 W McGraw St,,Seattle,WA,98199,Magnolia,Single Family,1,1955,3,2,2,1510,5525,1,1132000,750,,,,Pat Craft,Windermere Real Estate Co.,Windermere RE Magnolia,47.639866,-122.3883274,https://www.redfin.com/WA/Seattle/2415-W-McGraw-St-98199/home/123228
2026-09-19T19:54:21.154Z,Magnolia,2026-03-31,127541,212764130,2488285,Closed,3026 38th Ave W,,Seattle,WA,98199,Magnolia,Single Family,1,1965,4,3,3,3430,6150,2,2325000,678,,,,Heidi Ward,Windermere Real Estate Midtown,Real Broker LLC,47.6476323,-122.4054366,https://www.redfin.com/WA/Seattle/3026-38th-Ave-W-98199/home/127541
2026-09-19T19:54:21.154Z,Queen Anne,2026-03-31,129886,212734534,2487461,Closed,839 W Etruria St,,Seattle,WA,98119,Queen Anne,Single Family,1,1956,3,2,2,1910,4230,1,1523000,797,,,,Stephen Morrissey,Windermere Real Estate/Summit,Windermere Real Estate Co.,47.6477829,-122.3698077,https://www.redfin.com/WA/Seattle/839-W-Etruria-St-98119/home/129886
2026-09-19T19:54:21.154Z,Central Seattle,2026-03-31,138356,212975473,2481005,Closed,2502 E Roanoke St,,Seattle,WA,98112,Montlake,Single Family,1,1931,4,2,2,2568,4077,1.5,1775000,691,,,,Devon Leathers,Real Broker LLC,Keller Williams Rlty Bellevue,47.6432976,-122.3000031,https://www.redfin.com/WA/Seattle/2502-E-Roanoke-St-98112/home/138356
2026-09-19T19:54:21.154Z,Central Seattle,2026-03-31,139001,213561332,2500549,Closed,1331 Broadmoor Dr E,,Seattle,WA,98112,Broadmoor,Single Family,1,1927,5,4,3,5200,9506,2,5400000,1038,635,,,Laura Halliday,Realogics Sotheby's Int'l Rlty,Windermere Real Estate/East,47.6312915,-122.2877518,https://www.redfin.com/WA/Seattle/1331-Broadmoor-Dr-E-98112/home/139001
2026-09-19T19:54:21.154Z,West Seattle,2026-03-31,152737,212960455,2487858,Closed,5605 49th Ave SW,,Seattle,WA,98136,Seaview,Single Family,1,1926,3,2,2,1730,13313,2,1250000,723,,,,Jody McNamer,Real Broker LLC,West Seattle Realty,47.551965,-122.3952881,https://www.redfin.com/WA/Seattle/5605-49th-Ave-SW-98136/home/152737
2026-09-19T19:54:21.154Z,West Seattle,2026-03-31,155667,223407993,2581836,Closed,9433 35th Ave SW Unit B,Unit B,Seattle,WA,98126,Fauntleroy,Townhouse,3,2004,3,2.5,2,1290,1311,1.5,585000,453,,,,Doron Weisbarth,Weisbarth & Associates,NWMLS-NonOffice,47.5183221,-122.3774086,https://www.redfin.com/WA/Seattle/9433-35th-Ave-SW-98126/unit-B/home/155667
2026-09-19T19:54:21.154Z,Beacon Hill,2026-03-31,168569,209653758,2458134,Closed,2523 23rd Ave S,,Seattle,WA,98144,Beacon Hill,Single Family,1,1980,3,3,3,1990,6000,1.5,650000,327,,,,Virginia Lawson,Coldwell Banker Danforth,Rhino Roz Realty,47.5803556,-122.3036385,https://www.redfin.com/WA/Seattle/2523-23rd-Ave-S-98144/home/168569
2026-09-19T19:54:21.154Z,Beacon Hill,2026-03-31,169047,212957161,2490023,Closed,3921 25th Ave S,,Seattle,WA,98108,Jefferson Park,Single Family,1,1958,4,4,4,2680,8840,1,1300000,485,,,,Bill Rynd,"Windermere R.E. Northeast, Inc",Windermere R E Mount Baker,47.5686302,-122.3010509,https://www.redfin.com/WA/Seattle/3921-25th-Ave-S-98108/home/169047
2026-09-19T19:54:21.154Z,Ballard (specific),2026-03-31,170643638,211242275,2472790,Closed,2449 NW 61st St Unit C,Unit C,Seattle,WA,98107,Ballard,Single Family,1,2019,2,2,2,1350,1371,1.5,785000,581,,,,Sally LaFramboise Gage,Real Residential,Windermere Real Estate GH LLC,47.6729546,-122.3896714,https://www.redfin.com/WA/Seattle/2449-NW-61st-St-98107/unit-C/home/170643638
2026-09-19T19:54:21.154Z,West Seattle,2026-03-31,171920288,211221083,2469736,Closed,4308 26th Ave SW Unit F,Unit F,Seattle,WA,98106,West Seattle,Single Family,1,2020,2,2,2,1213,824,1.5,595000,491,,,,Mel Parsons,Real Broker LLC,Real Broker LLC,47.5651454,-122.3652147,https://www.redfin.com/WA/Seattle/4308-26th-Ave-SW-98106/unit-F/home/171920288
2026-09-19T19:54:21.154Z,Central Seattle,2026-03-31,178442123,207633988,2433070,Closed,1508 18th Ave Unit B,Unit B,Seattle,WA,98122,Capitol Hill,Single Family,1,2022,2,2,2,1365,577,1.5,699000,512,,,,Ryan Gardner,The Joseph Group,Real Broker LLC,47.614453,-122.308518,https://www.redfin.com/WA/Seattle/1508-18th-Ave-98122/unit-B/home/178442123
2026-09-19T19:54:21.154Z,West Seattle,2026-03-31,18662048,212265103,2477725,Closed,3221 SW Holly St,,Seattle,WA,98126,High Point,Single Family,1,2020,3,3,3,1870,2314,3,836050,447,141,,,Carrie Foley,COMPASS,Windermere West Metro,47.5426342,-122.3743793,https://www.redfin.com/WA/Seattle/3221-SW-Holly-St-98126/home/18662048
2026-09-19T19:54:21.154Z,Ballard (specific),2026-03-31,192265794,212648607,2486551,Closed,8303 A 12th Ave NW,,Seattle,WA,98117,Ballard,Single Family,1,2026,2,2.5,2,1009,691,1.5,638000,632,,,,Grecia Thomas,Real Property Associates,"John L. Scott, Inc",47.6889038,-122.3717161,https://www.redfin.com/WA/Seattle/8303-12th-Ave-NW-98117/unit-A/home/192265794
2026-09-19T19:54:21.154Z,Fremont,2026-03-31,196068189,210741487,2463558,Closed,3425 Albion Pl N,,Seattle,WA,98103,Fremont,Single Family,1,2026,2,2.5,2,1372,1559,1.5,930000,678,5,,,Grecia Thomas,Real Property Associates,Windermere Real Estate GH LLC,47.6494126,-122.3449828,https://www.redfin.com/WA/Seattle/3425-Albion-Pl-N-98103/home/196068189
2026-09-19T19:54:21.154Z,Fremont,2026-03-31,198543594,208255002,2442400,Closed,3421 Albion Pl N,,Seattle,WA,98103,Fremont,Single Family,1,2026,3,3.5,3,1986,1538,1.5,1280000,645,,,,Grecia Thomas,Real Property Associates,Keller Williams Eastside,47.6494055,-122.3449962,https://www.redfin.com/WA/Seattle/3421-Albion-Pl-N-98103/home/198543594
2026-09-19T19:54:21.154Z,West Seattle,2026-03-31,200248862,211241225,2472069,Closed,6537 34th Ave SW,,Seattle,WA,98126,High Point,Single Family,1,2006,3,2.5,2,1030,1222,1.5,500000,485,,,,Terry McMahan,Coldwell Banker Bain,COMPASS,47.5435544,-122.3755859,https://www.redfin.com/WA/Seattle/6537-34th-Ave-SW-98126/home/200248862
2026-09-19T19:54:21.154Z,Fremont,2026-03-31,2072581,208792761,2445207,Closed,616 N 45th St Unit A,Unit A,Seattle,WA,98103,Fremont,Single Family,1,2005,3,2.5,2,1510,1195,1.5,935000,619,,,,Amy Onutz,COMPASS,Every Door Real Estate,47.6615606,-122.350688,https://www.redfin.com/WA/Seattle/616-N-45th-St-98103/unit-A/home/2072581
2026-09-19T19:54:21.154Z,Fremont,2026-03-31,2079534,211770587,2477086,Closed,3641 Dayton Ave N,,Seattle,WA,98103,Fremont,Single Family,1,2016,3,3,3,1890,1327,1.5,1175000,622,,,,Matt Goyer,Urban Living,Windermere Real Estate/East,47.6530071,-122.3525772,https://www.redfin.com/WA/Seattle/3641-Dayton-Ave-N-98103/home/2079534
2026-09-19T19:54:21.154Z,Beacon Hill,2026-03-31,22710573,212483399,2483432,Closed,2449 S Spencer St,,Seattle,WA,98108,Beacon Hill,Single Family,1,2016,4,2.5,2,2680,5831,2,1210000,451,,,,Tamara Canero,Windermere Real Estate Midtown,Windermere Real Estate/PSR Inc,47.5472179,-122.2983611,https://www.redfin.com/WA/Seattle/2449-S-Spencer-St-98108/home/22710573
2026-09-19T19:54:21.154Z,Phinney Ridge,2026-03-31,300991,212802430,2485964,Closed,909 N 75th St,,Seattle,WA,98103,Green Lake,Single Family,1,1950,2,2,2,1620,6120,1,1045500,645,,,,Tom Cowan,Windermere Real Estate Co.,Windermere Real Estate/East,47.6831447,-122.3459289,https://www.redfin.com/WA/Seattle/909-N-75th-St-98103/home/300991
2026-09-19T19:54:21.154Z,NE Seattle,2026-03-31,310491,212949630,2490997,Closed,7722 18th Ave NE,,Seattle,WA,98115,Ravenna,Single Family,1,1928,4,3,3,2100,4305,1.5,1410000,671,,,,Chandra Gordon,Redfin,COMPASS,47.6855783,-122.3086508,https://www.redfin.com/WA/Seattle/7722-18th-Ave-NE-98115/home/310491
2026-09-19T19:54:21.154Z,NE Seattle,2026-03-31,316341,212533609,2482760,Closed,7541 32nd Ave NE,,Seattle,WA,98115,Wedgwood,Single Family,1,1951,5,2,2,2480,5100,1,1350000,544,,,,Angelica Thrasher,Berkshire Hathaway HS NW,Windermere Real Estate Co.,47.6842998,-122.2940294,https://www.redfin.com/WA/Seattle/7541-32nd-Ave-NE-98115/home/316341
2026-09-19T19:54:21.154Z,West Seattle,2026-03-31,327595,212976585,2488034,Closed,3607 SW Manning St,,Seattle,WA,98126,Belvidere,Single Family,1,1930,3,2,2,2040,3680,1,1150000,564,,,,Bliss Ong,Redfin,Windermere RE Greenwood,47.5710251,-122.3775239,https://www.redfin.com/WA/Seattle/3607-SW-Manning-St-98126/home/327595
2026-09-19T19:54:21.154Z,West Seattle,2026-03-31,329020,212966097,2489773,Closed,3235 38th Ave SW,,Seattle,WA,98126,Belvidere,Single Family,1,1971,4,2,2,1820,5000,1,1190000,654,,,,Natalie English,Windermere West Metro,"John L. Scott, Inc.",47.5745613,-122.3806275,https://www.redfin.com/WA/Seattle/3235-38th-Ave-SW-98126/home/329020
2026-09-19T19:54:21.154Z,West Seattle,2026-03-31,39527276,212768978,2484977,Closed,5020 Delridge Way SW Unit B,Unit B,Seattle,WA,98106,Delridge,Single Family,1,2010,3,2.5,2,1500,982,1.5,650000,433,,,,Blake Waggoner,The Agency Seattle,The Agency Seattle,47.5568315,-122.3626441,https://www.redfin.com/WA/Seattle/5020-Delridge-Way-SW-98106/unit-B/home/39527276
2026-09-19T19:54:21.154Z,West Seattle,2026-03-31,468950,212198371,2466153,Closed,3940 SW Rose St,,Seattle,WA,98136,Fauntleroy,Single Family,1,1926,4,2,2,2100,6247,2,1303500,621,,,,Bret Lane,Windermere RE West Campus Inc,Puget Sound Commercial,47.5294022,-122.3838115,https://www.redfin.com/WA/Seattle/3940-SW-Rose-St-98136/home/468950
2026-09-19T19:54:21.154Z,West Seattle,2026-03-31,475155,212310112,2472538,Closed,7600 Highland Park Way SW,,Seattle,WA,98106,Highland Park,Single Family,1,1992,2,2,2,1890,7326,1,734950,389,,,,Christine Hecker,eXp Realty,Berkshire Hathaway HS NW,47.5346248,-122.3464616,https://www.redfin.com/WA/Seattle/7600-Highland-Park-Way-SW-98106/home/475155
2026-09-19T19:54:21.154Z,Phinney Ridge,2026-03-31,497180,212723453,2484366,Closed,7026 5th Ave NW,,Seattle,WA,98117,Phinney Ridge,Single Family,1,1924,3,2,2,2750,4000,2,1407000,512,,,,Caitlin Olsen,Windermere Real Estate Co.,Coldwell Banker Danforth,47.6803738,-122.3622198,https://www.redfin.com/WA/Seattle/7026-5th-Ave-NW-98117/home/497180
2026-09-19T19:54:21.154Z,Northgate,2026-03-31,52428172,212971066,2491010,Closed,11739 Corliss Ave N,,Seattle,WA,98133,Haller Lake,Single Family,1,2014,4,3,3,2588,7721,2,1200000,464,,,,,Every Door Real Estate,Redfin,47.7150792,-122.3325112,https://www.redfin.com/WA/Seattle/11739-Corliss-Ave-N-98133/home/52428172
2026-09-19T19:54:21.154Z,NW Seattle,2026-03-31,98422,212767915,2488389,Closed,704 N 104th St,,Seattle,WA,98133,Greenwood,Single Family,1,1946,3,2,2,1296,3844,1,825000,637,,,,,"Pellego, Inc.",Redfin,47.7045826,-122.3497207,https://www.redfin.com/WA/Seattle/704-N-104th-St-98133/home/98422
2026-09-19T19:54:21.154Z,NW Seattle,2026-03-30,100454,212386639,2483092,Closed,8535 16th Ave NW,,Seattle,WA,98117,Crown Hill,Single Family,1,1948,2,2,2,1289,4000,1,799000,620,,,,Aleksandr Frankov,eXp Realty,COMPASS,47.6916339,-122.3781639,https://www.redfin.com/WA/Seattle/8535-16th-Ave-NW-98117/home/100454
2026-09-19T19:54:21.154Z,Magnolia,2026-03-30,125054,212718981,2486227,Closed,2630 W Lynn St,,Seattle,WA,98199,Magnolia,Single Family,1,2025,5,4,3,3973,4000,,2900000,730,,,,Ellen Hastings,Lake & Company,Windermere Real Estate Co.,47.6393396,-122.3917514,https://www.redfin.com/WA/Seattle/2630-W-Lynn-St-98199/home/125054
2026-09-19T19:54:21.154Z,Magnolia,2026-03-30,126867,211093880,2469882,Closed,1561 Magnolia Blvd W,,Seattle,WA,98199,Magnolia,Single Family,1,1950,3,3.5,3,3940,12460,1,2968000,753,,,,Scott Shutes,Windermere RE Greenwood,Windermere Real Estate Co.,47.6340038,-122.3995694,https://www.redfin.com/WA/Seattle/1561-Magnolia-Blvd-W-98199/home/126867
2026-09-19T19:54:21.154Z,Queen Anne,2026-03-30,133634,211770015,2475488,Closed,2512 Nob Hill Ave N,,Seattle,WA,98109,Queen Anne,Single Family,1,1931,4,3,3,2500,3000,2,1856000,742,,,,Kelly Byrne,Blue Pacific Real Estate,Coldwell Banker Bain,47.641919,-122.3503545,https://www.redfin.com/WA/Seattle/2512-Nob-Hill-Ave-N-98109/home/133634
2026-09-19T19:54:21.154Z,Central Seattle,2026-03-30,136287,212316382,2480237,Closed,942 Harvard Ave E,,Seattle,WA,98102,Capitol Hill,Single Family,1,1906,6,5.5,5,8130,15000,2,4050000,498,,,,Deirdre Doyle,Windermere Real Estate Midtown,Horizon Real Estate,47.6278024,-122.3222613,https://www.redfin.com/WA/Seattle/942-Harvard-Ave-E-98102/home/136287
2026-09-19T19:54:21.154Z,Central Seattle,2026-03-30,143457352,211846446,2477194,Closed,1535 Grandview Pl E,,Seattle,WA,98112,Capitol Hill,Single Family,1,2018,3,2.5,2,1560,827,1.5,1100000,705,100,,,Riley Sparling-Beckley,COMPASS,"Windermere RE/Capitol Hill,Inc",47.6333863,-122.3120992,https://www.redfin.com/WA/Seattle/1535-Grandview-Pl-E-98112/home/143457352
2026-09-19T19:54:21.154Z,Central Seattle,2026-03-30,148275,212776319,2486028,Closed,1626 25th Ave,,Seattle,WA,98122,Madison Valley,Single Family,1,1905,2,2,2,2490,7200,2,1110000,446,,,,David Wang,"RE/MAX Metro Realty, Inc.",KW Greater Seattle,47.6161385,-122.299788,https://www.redfin.com/WA/Seattle/1626-25th-Ave-98122/home/148275
2026-09-19T19:54:21.154Z,Ballard (specific),2026-03-30,166574,202125498,2368248,Closed,8307 27th Ave NW,,Seattle,WA,98117,Loyal Heights,Single Family,1,1925,4,2,2,2836,5940,2,999000,352,,,,Chris Bajuk,HomeSmart Real Estate Assoc,Alchemy Real Estate,47.689294,-122.3911662,https://www.redfin.com/WA/Seattle/8307-27th-Ave-NW-98117/home/166574
2026-09-19T19:54:21.154Z,Queen Anne,2026-03-30,197832817,210965123,2469529,Closed,627 B W Emerson St,,Seattle,WA,98119,Queen Anne,Single Family,1,2025,4,2.5,2,2087,1001,1.5,1043000,500,,,,Melissa Klinnert,COMPASS,"Skyline Properties, Inc.",47.650938,-122.366161,https://www.redfin.com/WA/Seattle/627-B-W-Emerson-St-98119/home/197832817
2026-09-19T19:54:21.154Z,NE Seattle,2026-03-30,310598,212983001,2486991,Closed,7740 18th Ave NE,,Seattle,WA,98115,Ravenna,Single Family,1,1931,2,1,1,1840,2850,1,1180000,641,,,,Amy Alpeza,Windermere Real Estate/East,Real Broker LLC,47.6860602,-122.3086488,https://www.redfin.com/WA/Seattle/7740-18th-Ave-NE-98115/home/310598
2026-09-19T19:54:21.154Z,West Seattle,2026-03-30,468681,213192270,2493640,Closed,3654 SW Othello St,,Seattle,WA,98126,Gatewood,Single Family,1,1976,5,3,3,2170,8144,1,1211000,558,,,,Zack Hill,Keller Williams Seattle Metro,Real Broker LLC,47.5370933,-122.3808754,https://www.redfin.com/WA/Seattle/3654-SW-Othello-St-98126/home/468681
2026-09-19T19:54:21.154Z,West Seattle,2026-03-30,472354,212786784,2486269,Closed,2821 SW Trenton St,,Seattle,WA,98126,Westwood,Single Family,1,1954,3,1.5,1,1120,7500,1,695000,621,,,,Darcy Breene,Windermere Real Estate Co.,Real Broker LLC,47.5244924,-122.3696529,https://www.redfin.com/WA/Seattle/2821-SW-Trenton-St-98126/home/472354
2026-09-19T19:54:21.154Z,West Seattle,2026-03-30,474803,211083531,2470723,Closed,9010 18th Ave SW Unit A,Unit A,Seattle,WA,98106,Delridge,Single Family,1,2007,3,2,2,1160,996,3,499000,430,,,,Grace Zheng,WeLakeside,Real Broker LLC,47.5223912,-122.3575427,https://www.redfin.com/WA/Seattle/9010-18th-Ave-SW-98106/unit-A/home/474803
2026-09-19T19:54:21.154Z,Ballard (specific),2026-03-30,494525,212489629,2484786,Closed,2035 NW 65th St,,Seattle,WA,98117,Ballard,Single Family,1,2017,4,2.5,2,1855,1529,1.5,930000,501,,,,Wei Li,Keller Williams Realty Bothell,Coldwell Banker Bain,47.6757066,-122.3832718,https://www.redfin.com/WA/Seattle/2035-NW-65th-St-98117/home/494525
2026-09-19T19:54:21.154Z,NW Seattle,2026-03-30,97092,211247672,2474585,Closed,9038 Mary Ave NW Unit B,Unit B,Seattle,WA,98117,Crown Hill,Single Family,1,1999,3,3.5,3,1580,1039,1.5,660000,418,,,,John Paul,Redfin,"Skyline Properties, Inc.",47.6954431,-122.3751992,https://www.redfin.com/WA/Seattle/9038-Mary-Ave-NW-98117/unit-B/home/97092
2026-09-19T19:54:21.154Z,NW Seattle,2026-03-30,99480,212766810,2488576,Closed,10523 Evanston Ave N,,Seattle,WA,98133,Ballard,Single Family,1,1951,3,2,2,1440,5418,1,830000,576,,,,Karen Hake,KW Lake Washington So,Real Broker LLC,47.7057694,-122.3517553,https://www.redfin.com/WA/Seattle/10523-Evanston-Ave-N-98133/home/99480
2026-09-19T19:54:21.154Z,NW Seattle,2026-03-27,100289,212984258,2491231,Closed,9012 6th Ave NW,,Seattle,WA,98117,Greenwood,Single Family,1,1989,3,3,3,1950,5059,1.5,925000,474,,,,Dorae Lande,"Windermere RE North, Inc.",Kelly Right RE of Seattle LLC,47.6947084,-122.3630588,https://www.redfin.com/WA/Seattle/9012-6th-Ave-NW-98117/home/100289
2026-09-19T19:54:21.154Z,Northgate,2026-03-27,103983,207955877,2433974,Closed,128 NE 125th St,,Seattle,WA,98125,Haller Lake,Single Family,1,1946,5,4,4,2400,7231,2,963000,401,,,,Andrew Hayashi,eXp Realty,"Skyline Properties, Inc.",47.7197638,-122.32771,https://www.redfin.com/WA/Seattle/128-NE-125th-St-98125/home/103983
2026-09-19T19:54:21.154Z,Northgate,2026-03-27,105442,209835868,2460467,Closed,9221 Densmore Ave N,,Seattle,WA,98103,Licton Springs,Townhouse,3,2025,3,2.5,2,1801,1,1.5,909900,505,70,,,Kate Douglas,"Windermere RE/Capitol Hill,Inc",simpliHOM Residential,47.6965421,-122.3378381,https://www.redfin.com/WA/Seattle/9221-Densmore-Ave-N-98103/home/105442
2026-09-19T19:54:21.154Z,Magnolia,2026-03-27,128342,212497091,2483431,Closed,3719 W Tilden St,,Seattle,WA,98199,Magnolia,Single Family,1,1945,3,2,2,2140,6034,1,1400250,654,,,,Carmen Gayton,Windermere Real Estate Co.,Team Calimlim Real Estate,47.653294,-122.4054625,https://www.redfin.com/WA/Seattle/3719-W-Tilden-St-98199/home/128342
2026-09-19T19:54:21.154Z,Queen Anne,2026-03-27,130450,212543312,2484315,Closed,3040 Humes Pl W,,Seattle,WA,98119,Queen Anne,Townhouse,3,2000,3,2.5,2,1680,1614,1.5,925000,551,,,,Judy Delen,COMPASS,Windermere Real Estate Midtown,47.6476801,-122.3627707,https://www.redfin.com/WA/Seattle/3040-Humes-Pl-W-98119/home/130450
2026-09-19T19:54:21.154Z,Central Seattle,2026-03-27,135642,207796180,2437903,Closed,2055 E Crescent Dr,,Seattle,WA,98112,North Capitol Hill,Single Family,1,1926,5,3.5,3,4060,7425,2,2573000,634,,,,Carmen Gayton,Windermere Real Estate Co.,KW Greater Seattle,47.6329486,-122.3047717,https://www.redfin.com/WA/Seattle/2055-E-Crescent-Dr-98112/home/135642
2026-09-19T19:54:21.154Z,Central Seattle,2026-03-27,141402,212662949,2485160,Closed,1520 37th Ave,,Seattle,WA,98122,Madrona,Single Family,1,2011,4,3,3,2100,2925,2,1910000,910,,,,Riley Sparling-Beckley,COMPASS,Windermere Bellevue Commons,47.6146682,-122.2857349,https://www.redfin.com/WA/Seattle/1520-37th-Ave-98122/home/141402
2026-09-19T19:54:21.154Z,Central Seattle,2026-03-27,143161,212314091,2481705,Closed,2025 S Ingersoll Pl,,Seattle,WA,98144,Judkins,Single Family,1,1911,5,3.5,3,2080,4500,1.5,1080000,519,,,,Lia Huang,Globenex Realty,John L Scott Westwood,47.5935894,-122.3050276,https://www.redfin.com/WA/Seattle/2025-S-Ingersoll-Pl-98144/home/143161
2026-09-19T19:54:21.154Z,Central Seattle,2026-03-27,145298,212655995,2486009,Closed,929 20th Ave,,Seattle,WA,98122,Central Area,Single Family,1,1904,4,2.5,2,2466,4840,2,1619000,657,,,,Brad Hinckley,COMPASS,Lake & Company,47.6112453,-122.3066008,https://www.redfin.com/WA/Seattle/929-20th-Ave-98122/home/145298
2026-09-19T19:54:21.154Z,West Seattle,2026-03-27,156425,212525202,2485093,Closed,10825 34th Ave SW,,Seattle,WA,98146,Arbor Heights,Single Family,1,1984,4,3,3,1930,9875,3,800000,415,,,,Tyler Sager,"Heaton Dainard, LLC","Heaton Dainard, LLC",47.5056743,-122.3749288,https://www.redfin.com/WA/Seattle/10825-34th-Ave-SW-98146/home/156425
2026-09-19T19:54:21.154Z,Ballard (specific),2026-03-27,163329,211883851,2478722,Closed,6515 19th Ave NW,,Seattle,WA,98117,Ballard,Townhouse,3,2026,3,2,2,1508,,1.5,995000,660,100,,,Adrian Chu,Specialty Real Estate Group,Rain Town Realty + JPAR,47.676343,-122.3813376,https://www.redfin.com/WA/Seattle/6515-19th-Ave-NW-98117/home/163329
2026-09-19T19:54:21.154Z,West Seattle,2026-03-27,17653,212342636,2482550,Closed,8401 25th Ave SW Unit A,Unit A,Seattle,WA,98106,Westwood,Townhouse,3,1979,2,1.5,1,1014,1,1.5,450000,444,510,,,Julie Granahan,Redfin,Real Broker LLC,47.5281199,-122.3649502,https://www.redfin.com/WA/Seattle/8401-25th-Ave-SW-98106/unit-A/home/17653
2026-09-19T19:54:21.154Z,Eastlake,2026-03-27,194155995,202443595,2371754,Closed,261 E Louisa St,,Seattle,WA,98102,Eastlake,Townhouse,3,2025,2,2.5,2,1760,1468,1.5,1150000,653,,,,Cherrie Lee,Realogics Sotheby's Int'l Rlty,Windermere Real Estate/East,47.6419135,-122.3241569,https://www.redfin.com/WA/Seattle/261-E-Louisa-St-98102/home/194155995
2026-09-19T19:54:21.154Z,NE Seattle,2026-03-27,200380682,211791339,2477517,Closed,5028 35th Ave NE,,Seattle,WA,98105,Bryant,Townhouse,3,2026,3,2.5,2,1710,1264,1.5,1100000,643,94,,,John Cowan,Windermere Real Estate Co.,eXp Realty,47.6658021,-122.2899349,https://www.redfin.com/WA/Seattle/5028-35th-Ave-NE-98105/home/200380682
2026-09-19T19:54:21.154Z,West Seattle,2026-03-27,200603217,212415216,2483195,Closed,4109 25th Ave SW Unit D,Unit D,Seattle,WA,98106,Delridge,Townhouse,3,2025,3,2,2,1332,5000,1.5,750000,563,,,,,KW Lake Washington So,Redfin,47.5662198,-122.3646623,https://www.redfin.com/WA/Seattle/4109-25th-Ave-SW-98106/unit-D/home/200603217
2026-09-19T19:54:21.154Z,NW Seattle,2026-03-27,200841156,213021227,2492407,Closed,9223 A 14th Ave NW,,Seattle,WA,98117,Crown Hill,Townhouse,3,2026,4,2.5,2,1870,1061,1.5,960000,513,67,,,Ray York,"Windermere RE/Capitol Hill,Inc",Coldwell Banker Bain,47.6967987,-122.3745188,https://www.redfin.com/WA/Seattle/9223-A-14th-Ave-NW-98117/home/200841156
2026-09-19T19:54:21.154Z,NW Seattle,2026-03-27,300551,212473178,2483411,Closed,920 N 75th St,,Seattle,WA,98103,Green Lake,Single Family,1,1927,3,2.5,2,2840,3000,1.5,1200000,423,,,,Janeen Joshi,Lake & Company,eXp Realty,47.683487,-122.3454557,https://www.redfin.com/WA/Seattle/920-N-75th-St-98103/home/300551
2026-09-19T19:54:21.154Z,NW Seattle,2026-03-27,301707,212979803,2491744,Closed,7509 Fremont Ave N,,Seattle,WA,98103,Green Lake,Single Family,1,1997,2,1.5,1,1240,1860,2,912000,735,,,,Anthony Butz,Windermere Real Estate/East,Windermere RE Magnolia,47.6836387,-122.3501481,https://www.redfin.com/WA/Seattle/7509-Fremont-Ave-N-98103/home/301707
2026-09-19T19:54:21.154Z,Green Lake,2026-03-27,304664,213477768,2498992,Closed,6208 Latona Ave NE,,Seattle,WA,98115,Green Lake,Single Family,1,1904,3,2,2,1550,1888,1,910000,587,,,,Kimberly Johnson,Windermere Real Estate Midtown,Windermere RE Greenwood,47.6739191,-122.325231,https://www.redfin.com/WA/Seattle/6208-Latona-Ave-NE-98115/home/304664
2026-09-19T19:54:21.154Z,Green Lake,2026-03-27,307681,212332302,2477698,Closed,1135 N 84th St,,Seattle,WA,98103,Green Lake,Single Family,1,1908,3,2,2,1540,4010,1,940000,610,,,,Earnest Watts,Redfin,KG Realty,47.6896356,-122.3428331,https://www.redfin.com/WA/Seattle/1135-N-84th-St-98103/home/307681
2026-09-19T19:54:21.154Z,NE Seattle,2026-03-27,316721,212772064,2487961,Closed,7223 28th Ave NE,,Seattle,WA,98115,Ravenna,Single Family,1,1947,5,3,3,2830,5974,1.5,1510000,534,,,,Sam Lamb,Lake & Company,Keller Williams Seattle Metro,47.6814776,-122.2978037,https://www.redfin.com/WA/Seattle/7223-28th-Ave-NE-98115/home/316721
2026-09-19T19:54:21.154Z,West Seattle,2026-03-27,330160,211666668,2475806,Closed,4431 SW Admiral Way,,Seattle,WA,98116,Admiral,Single Family,1,1906,1,1,1,1100,3166,1,750000,682,,,,Jon Catlow,Coldwell Banker Danforth,Windermere Real Estate Co.,47.5810504,-122.3886351,https://www.redfin.com/WA/Seattle/4431-SW-Admiral-Way-98116/home/330160
2026-09-19T19:54:21.154Z,West Seattle,2026-03-27,472122,211750531,2476866,Closed,6741 34th Ave SW,,Seattle,WA,98126,High Point,Single Family,1,1949,2,1,1,780,6250,1,613000,786,,,,Jeanette Pop,Windermere Real Estate/East,AUM Real Estate LLC,47.5415211,-122.375486,https://www.redfin.com/WA/Seattle/6741-34th-Ave-SW-98126/home/472122
2026-09-19T19:54:21.154Z,West Seattle,2026-03-27,472169,213653591,2502075,Closed,9251 25th Ave SW,,Seattle,WA,98106,Westwood Village,Single Family,1,1953,3,2,2,1238,6400,1,437500,353,,,,Simone Bouterse,Windermere R E Mount Baker,COMPASS,47.5195019,-122.3648863,https://www.redfin.com/WA/Seattle/9251-25th-Ave-SW-98106/home/472169
2026-09-19T19:54:21.154Z,Beacon Hill,2026-03-27,482545,212763487,2488216,Closed,5545 17th Ave S,,Seattle,WA,98108,Beacon Hill,Single Family,1,1942,4,4,4,2430,5600,2,1080000,444,,,,Nat Hopper,Windermere Real Estate Midtown,Windermere RE Greenwood,47.5520447,-122.3114,https://www.redfin.com/WA/Seattle/5545-17th-Ave-S-98108/home/482545
2026-09-19T19:54:21.154Z,Northgate,2026-03-27,69356513,211920511,2470145,Closed,10010 Densmore Ave N,,Seattle,WA,98133,Green Lake,Single Family,1,2016,4,3.5,3,3580,7832,2,1635000,457,,,,Lisa Steinbrueck,Lake & Company,The Agency Seattle,47.7018436,-122.3367561,https://www.redfin.com/WA/Seattle/10010-Densmore-Ave-N-98133/home/69356513
2026-09-19T19:54:21.154Z,NW Seattle,2026-03-27,96390,212757667,2488259,Closed,1459 NW 92nd St,,Seattle,WA,98117,Crown Hill,Townhouse,3,1995,3,2,2,1320,1503,1.5,730000,553,,,,Amy Thickpenny,Windermere Real Estate Co.,COMPASS,47.695914,-122.3760058,https://www.redfin.com/WA/Seattle/1459-NW-92nd-St-98117/home/96390
2026-09-19T19:54:21.154Z,NW Seattle,2026-03-26,100014,213440749,2498520,Closed,9056 9th Ave NW,,Seattle,WA,98117,Crown Hill,Single Family,1,1956,3,1,1,1690,4000,1,660000,391,,,,,,Real Property Associates,47.6959173,-122.3684578,https://www.redfin.com/WA/Seattle/9056-9th-Ave-NW-98117/home/100014
2026-09-19T19:54:21.154Z,NW Seattle,2026-03-26,100960,211938016,2477468,Closed,9059 3rd Ave NW,,Seattle,WA,98117,Greenwood,Single Family,1,1951,2,1,1,887,6520,1,631000,711,,,,Rhea Kulikova,Redfin,Redfin,47.6959052,-122.3610222,https://www.redfin.com/WA/Seattle/9059-3rd-Ave-NW-98117/home/100960
2026-09-19T19:54:21.154Z,Northgate,2026-03-26,102271,212795402,2488972,Closed,14026 Lenora Pl N,,Seattle,WA,98133,Haller Lake,Single Family,1,1979,4,2.5,2,1940,2550,1.5,700000,361,,,,Michael Espada,Array Real Estate,Designed Realty,47.7312643,-122.3431204,https://www.redfin.com/WA/Seattle/14026-Lenora-Pl-N-98133/home/102271
2026-09-19T19:54:21.154Z,NW Seattle,2026-03-26,105555916,210722353,2466245,Closed,8505 B 14th Ave NW,,Seattle,WA,98117,Crown Hill,Townhouse,3,2016,3,2,2,1760,826,1.5,810000,460,75,,,Colin Dalrymple,Windermere Real Estate/East,COMPASS,47.690857199,-122.3743471,https://www.redfin.com/WA/Seattle/8505-14th-Ave-NW-98117/home/105555916
2026-09-19T19:54:21.154Z,Magnolia,2026-03-26,125630,212762024,2487357,Closed,1945 35th Ave W,,Seattle,WA,98199,Magnolia,Single Family,1,1941,4,2,2,2980,5243,1,1680000,564,,,,Russ Katz,Windermere RE Magnolia,COMPASS,47.6371785,-122.4017667,https://www.redfin.com/WA/Seattle/1945-35th-Ave-W-98199/home/125630
2026-09-19T19:54:21.154Z,NW Seattle,2026-03-26,145708340,212352484,2482577,Closed,744 N 95th St Unit A,Unit A,Seattle,WA,98103,Greenwood,Townhouse,3,2018,3,2,2,1533,1040,1.5,671000,438,,,,Danielle Lamp,Windermere Real Estate Midtown,Real Broker LLC,47.698209,-122.3480144,https://www.redfin.com/WA/Seattle/744-N-95th-St-98103/unit-A/home/145708340
2026-09-19T19:54:21.154Z,Central Seattle,2026-03-26,146724,204702943,2398172,Closed,2407 E Ward St,,Seattle,WA,98112,Arboretum,Single Family,1,1913,3,2,2,1740,5350,2,1032500,593,,,,Eric Johnson,"Skyline Properties, Inc.",COMPASS,47.6272722,-122.300702,https://www.redfin.com/WA/Seattle/2407-E-Ward-St-98112/home/146724
2026-09-19T19:54:21.154Z,Beacon Hill,2026-03-26,160713370,211275601,2473396,Closed,1901 S State St Unit B,Unit B,Seattle,WA,98144,N Beacon Hill,Townhouse,3,2018,2,1.5,1,1110,790,1.5,600000,541,46,,,Mark Emily,Windermere Real Estate Co.,COMPASS,47.58761,-122.308085,https://www.redfin.com/WA/Seattle/1901-S-State-St-98144/unit-B/home/160713370
2026-09-19T19:54:21.154Z,Queen Anne,2026-03-26,170173309,212301841,2481797,Closed,2273 14th Ave W,,Seattle,WA,98119,Queen Anne,Townhouse,3,2019,3,2.5,2,1620,998,1.5,790000,488,,,,Scott Dixon,Aris360,KW Greater Seattle,47.640523,-122.375288,https://www.redfin.com/WA/Seattle/2273-14th-Ave-W-98119/home/170173309
2026-09-19T19:54:21.154Z,NW Seattle,2026-03-26,174074369,210707682,2465106,Closed,8573 Mary Ave NW,,Seattle,WA,98117,Crown Hill,Townhouse,3,2021,2,2,2,1500,895,1.5,702500,468,270,,,Maggie Sun,Keller Williams Rlty Bellevue,Coldwell Banker Bain,47.6922309,-122.3758491,https://www.redfin.com/WA/Seattle/8573-Mary-Ave-NW-98117/home/174074369
2026-09-19T19:54:21.154Z,Beacon Hill,2026-03-26,189780674,212473663,2483603,Closed,1764 C 18th Ave S,,Seattle,WA,98144,N Beacon Hill,Townhouse,3,2019,2,2,2,1289,1085,1.5,610000,473,,,,Geoff Hill,KW Greater Seattle,Keller Williams Realty,47.587195,-122.309223,https://www.redfin.com/WA/Seattle/1764C-18th-Ave-S-98144/home/189780674
2026-09-19T19:54:21.154Z,Central Seattle,2026-03-26,191512933,211101802,2471261,Closed,814 14th Ave Unit C,Unit C,Seattle,WA,98122,Capitol Hill,Townhouse,3,2017,3,2.5,2,1852,2038,1.5,1100000,594,,,,Corey Patt,Coldwell Banker Bain,Coldwell Banker Bain,47.6098006,-122.3137934,https://www.redfin.com/WA/Seattle/814-14th-Ave-98122/unit-C/home/191512933
2026-09-19T19:54:21.154Z,Ballard (specific),2026-03-26,201021450,213457655,2498668,Closed,3012 A NW 56th St,,Seattle,WA,98107,Ballard,Townhouse,3,2025,3,2.5,2,1670,1171,1.5,875000,524,,,,Sharon Gentry,Intracorp Marketing&Sales LLC,Coldwell Banker Bain,47.6697482,-122.3963187,https://www.redfin.com/WA/Seattle/3012-A-NW-56th-St-98107/home/201021450
2026-09-19T19:54:21.154Z,West Seattle,2026-03-26,22230521,209680757,2458672,Closed,4572 22nd Ave SW,,Seattle,WA,98106,Delridge,Single Family,1,2025,4,3.5,3,2007,4458,1.5,1144950,570,,,,Tom Skepetaris,Realogics Sotheby's Int'l Rlty,Windermere R E Mount Baker,47.5614943,-122.3610431,https://www.redfin.com/WA/Seattle/4572-22nd-Ave-SW-98106/home/22230521
2026-09-19T19:54:21.154Z,NW Seattle,2026-03-26,289849,212979491,2491402,Closed,8630 21st Ave NW,,Seattle,WA,98117,Olympic Manor,Single Family,1,1954,3,2,2,1580,7320,1,1250000,791,13,,,Jessica Lum,Windermere Real Estate/East,"Windermere RE North, Inc.",47.6920144,-122.3825464,https://www.redfin.com/WA/Seattle/8630-21st-Ave-NW-98117/home/289849
2026-09-19T19:54:21.154Z,NW Seattle,2026-03-26,289914,213557443,2500407,Closed,2600 NW 97th St,,Seattle,WA,98117,Blue Ridge,Single Family,1,1945,1,1,1,880,3871,1,640000,727,,,,,,Windermere R E Mount Baker,47.6994202,-122.3906353,https://www.redfin.com/WA/Seattle/2600-NW-97th-St-98117/home/289914
2026-09-19T19:54:21.154Z,NW Seattle,2026-03-26,291559,212699229,2487356,Closed,12024 9th Ave NW,,Seattle,WA,98177,Broadview,Single Family,1,1951,3,2,2,1800,5912,1,995000,553,,,,Adam Hestad,COMPASS,Windermere Real Estate Co.,47.7168465,-122.3673956,https://www.redfin.com/WA/Seattle/12024-9th-Ave-NW-98177/home/291559
2026-09-19T19:54:21.154Z,Green Lake,2026-03-26,304725,207861259,2438413,Closed,6031 McKinley Pl N,,Seattle,WA,98103,Green Lake,Single Family,1,1978,2,2,2,1590,3500,1.5,1008000,634,,,,Medardo Delos Santos,eXp Realty,Kelly Right RE of Seattle LLC,47.6731387,-122.3339289,https://www.redfin.com/WA/Seattle/6031-McKinley-Pl-N-98103/home/304725
2026-09-19T19:54:21.154Z,NE Seattle,2026-03-26,314012,211202907,2469919,Closed,5221 37th Ave NE,,Seattle,WA,98015,Bryant,Single Family,1,1939,5,4,4,2920,4000,2,1750000,599,,,,Junior Torres,Windermere RE Greenwood,Windermere RE Greenwood,47.6673885,-122.288256,https://www.redfin.com/WA/Seattle/5221-37th-Ave-NE-98105/home/314012
2026-09-19T19:54:21.154Z,West Seattle,2026-03-26,328305,208444375,2430114,Closed,4446 39th Ave SW,,Seattle,WA,98116,Alaska Junction,Single Family,1,1917,3,1.5,1,1220,2875,2,770000,631,,,,Laura Henderson,Designed Realty,COMPASS,47.5633191,-122.3811513,https://www.redfin.com/WA/Seattle/4446-39th-Ave-SW-98116/home/328305
2026-09-19T19:54:21.154Z,West Seattle,2026-03-26,329247,212297381,2476823,Closed,3234 Belvidere Ave SW,,Seattle,WA,98126,Belvidere,Single Family,1,1999,3,3.5,3,3360,4958,2,1581000,471,,,,Scott Henry,John L Scott Westwood,Kelly Right RE of Seattle LLC,47.5746134,-122.3789121,https://www.redfin.com/WA/Seattle/3234-Belvidere-Ave-SW-98126/home/329247
2026-09-19T19:54:21.154Z,Northgate,2026-03-25,106312,212338611,2481110,Closed,12343 11th Ave NE,,Seattle,WA,98125,Pinehurst,Single Family,1,1949,4,2,2,1560,7311,1,875000,561,,,,Josie LaRosa,"Windermere RE North, Inc.",Windermere Real Estate Midtown,47.7189638,-122.3165044,https://www.redfin.com/WA/Seattle/12343-11th-Ave-NE-98125/home/106312
2026-09-19T19:54:21.154Z,Northgate,2026-03-25,114589,211079293,2470058,Closed,1227 NE 135th St,,Seattle,WA,98125,Jackson Park,Townhouse,3,2000,3,2.5,2,1240,1516,1.5,660000,532,,,,Igor Kuznietsov,Berkshire Hathaway HS SP,"Windermere R.E. Northeast, Inc",47.7265065,-122.314243,https://www.redfin.com/WA/Seattle/1227-NE-135th-St-98125/home/114589
2026-09-19T19:54:21.154Z,NE Seattle,2026-03-25,11761491,209106888,2452191,Closed,4535 NE 55th St,,Seattle,WA,98105,Hawthorne Hills,Single Family,1,2006,3,3.5,3,1700,1969,3,950000,559,,,,Karen Jones,Redfin,Keller Williams Realty Bothell,47.6691,-122.2780737,https://www.redfin.com/WA/Seattle/4535-NE-55th-St-98105/home/11761491
2026-09-19T19:54:21.154Z,NE Seattle,2026-03-25,121863,211023978,2469900,Closed,5323 NE 42nd St,,Seattle,WA,98105,Laurelhurst,Single Family,1,1954,4,3,3,4080,6032,1,3545000,869,,,,Nicholas Glant,Real Residential,Windermere Real Estate/CIR,47.6585683,-122.2700931,https://www.redfin.com/WA/Seattle/5323-NE-42nd-St-98105/home/121863
2026-09-19T19:54:21.154Z,Magnolia,2026-03-25,127625,212400979,2483279,Closed,3602 38th Ave W,,Seattle,WA,98199,Magnolia,Single Family,1,1945,2,1,1,1520,6224,1,950000,625,,,,Patty Luchino,Home Realty,Coldwell Banker Bain,47.6524612,-122.4054811,https://www.redfin.com/WA/Seattle/3602-38th-Ave-W-98199/home/127625
2026-09-19T19:54:21.154Z,Central Seattle,2026-03-25,142708,208268248,2443419,Closed,1008 E Denny Way,,Seattle,WA,98122,Capitol Hill,Single Family,1,1905,4,2,2,1760,2160,2,675000,384,,,,Erica Alexei,Keller Williams Realty Bothell,North Pacific Properties,47.6189437,-122.3189582,https://www.redfin.com/WA/Seattle/1008-E-Denny-Way-98122/home/142708
2026-09-19T19:54:21.154Z,Ballard (specific),2026-03-25,165150,212574429,2483319,Closed,7753 28th Ave NW,,Seattle,WA,98117,Sunset Hill,Single Family,1,1946,4,1.5,1,1910,4278,1.5,1081000,566,,,,Jill Langer,"Windermere RE North, Inc.",Ensemble,47.6864841,-122.3933662,https://www.redfin.com/WA/Seattle/7753-28th-Ave-NW-98117/home/165150
2026-09-19T19:54:21.154Z,Beacon Hill,2026-03-25,168433,212760072,2488252,Closed,2506 23rd Ave S,,Seattle,WA,98144,N Beacon Hill,Single Family,1,1951,2,1,1,780,5044,1,600000,769,,,,Renee Donovan,"Heaton Dainard, LLC",John L Scott Westwood,47.5807487,-122.3030797,https://www.redfin.com/WA/Seattle/2506-23rd-Ave-S-98144/home/168433
2026-09-19T19:54:21.154Z,Wallingford,2026-03-25,191421717,212348240,2480226,Closed,4410 Eastern Ave NE,,Seattle,WA,98105,Wallingford,Single Family,1,2026,5,3.5,3,2438,3161,2,2175000,892,,,,John Cowan,Windermere Real Estate Co.,Real Broker LLC,47.66072,-122.328718,https://www.redfin.com/WA/Seattle/4410-Eastern-Ave-N-98103/home/191421717
2026-09-19T19:54:21.154Z,Ballard (specific),2026-03-25,192255640,212289509,2481665,Closed,3442 B NW 65th St,,Seattle,WA,98117,Sunset Hill,Townhouse,3,2025,2,2,2,1063,753,1.5,755000,710,111,,,Lee Whalen,Windermere Real Estate Co.,Berkshire Hathaway HS NW,47.6760854,-122.4030567,https://www.redfin.com/WA/Seattle/3442-NW-65th-St-98117/home/192255640
2026-09-19T19:54:21.154Z,NW Seattle,2026-03-25,199058092,209248025,2454190,Closed,7522 6th Ave NW,,Seattle,WA,98117,Ballard,Townhouse,3,2025,2,2,2,1029,699,1.5,695000,675,,,,Grecia Thomas,Real Property Associates,"Skyline Properties, Inc.",47.6838497,-122.3630951,https://www.redfin.com/WA/Seattle/7522-6th-Ave-NW-98117/home/199058092
2026-09-19T19:54:21.154Z,Fremont,2026-03-25,199470416,211247466,2474649,Closed,4418 Midvale Ave N,,Seattle,WA,98103,Fremont,Townhouse,3,2026,2,2.5,2,1648,750,1.5,1014950,616,,,,Ray York,"Windermere RE/Capitol Hill,Inc",Real Broker LLC,47.660348,-122.343387,https://www.redfin.com/WA/Seattle/4418-Midvale-Ave-N-98103/home/199470416
2026-09-19T19:54:21.154Z,NE Seattle,2026-03-25,200380697,211793415,2477537,Closed,5028 35th Ave NE Unit B,Unit B,Seattle,WA,98105,Bryant,Townhouse,3,2026,2,2,2,1025,638,1.5,679950,663,94,,,,Windermere Real Estate Co.,Redfin,47.6658021,-122.2899349,https://www.redfin.com/WA/Seattle/5028-35th-Ave-NE-98105/unit-B/home/200380697
2026-09-19T19:54:21.154Z,Central Seattle,2026-03-25,200582024,212373368,2482903,Closed,908 15th Ave Unit A,Unit A,Seattle,WA,98122,Capitol Hill,Single Family,1,2026,3,2.5,2,2062,1123,1.5,1239000,601,,,,Teo Okamura,"John L. Scott, Inc.",eXp Realty,47.6106859,-122.3125316,https://www.redfin.com/WA/Seattle/908-15th-Ave-98122/unit-A/home/200582024
2026-09-19T19:54:21.154Z,NW Seattle,2026-03-25,290717,213602476,2501264,Closed,12509 11th Ave NW,,Seattle,WA,98177,Broadview,Single Family,1,1954,4,2,2,1320,8100,1,950000,720,,,,Penney Shelly,Windermere Real Estate Co.,NWMLS-NonOffice,47.7200328,-122.3707255,https://www.redfin.com/WA/Seattle/12509-11th-Ave-NW-98177/home/290717
2026-09-19T19:54:21.154Z,Phinney Ridge,2026-03-25,300841,212660712,2486351,Closed,532 N 72nd St,,Seattle,WA,98103,Phinney Ridge,Single Family,1,1947,2,1,1,880,3672,1,920000,1045,,,,Larry Wilcynski,Windermere Real Estate Midtown,A Home in Seattle,47.6812208,-122.3511783,https://www.redfin.com/WA/Seattle/532-N-72nd-St-98103/home/300841
2026-09-19T19:54:21.154Z,NE Seattle,2026-03-25,313245,212973325,2491708,Closed,4714 34th Ave NE,,Seattle,WA,98105,Bryant,Single Family,1,1926,4,2.5,2,2180,4000,1,1370000,628,,,,Tyler Davis Jones,COMPASS,Windermere RE Greenwood,47.6632078,-122.2909453,https://www.redfin.com/WA/Seattle/4714-34th-Ave-NE-98105/home/313245
2026-09-19T19:54:21.154Z,NE Seattle,2026-03-25,318208,212510408,2484901,Closed,3027 NE 91st St,,Seattle,WA,98115,Wedgwood,Single Family,1,1933,4,3,3,2438,10026,1.5,1410000,578,,,,Larissa Sweeney,Lake & Company,Windermere Real Estate Co.,47.6945399,-122.2947883,https://www.redfin.com/WA/Seattle/3027-NE-91st-St-98115/home/318208
2026-09-19T19:54:21.154Z,Ballard (specific),2026-03-25,495617,210916066,2467579,Closed,6524 Division Ave NW,,Seattle,WA,98117,Ballard,Single Family,1,1927,3,2,2,1510,2600,1,935000,619,,,,Blake Waggoner,The Agency Seattle,COMPASS,47.6767205,-122.366335,https://www.redfin.com/WA/Seattle/6524-Division-Ave-NW-98117/home/495617
2026-09-19T19:54:21.154Z,Beacon Hill,2026-03-24,102182902,211944815,2479658,Closed,7004 Holly Park Dr S,,Seattle,WA,98118,Beacon Hill,Townhouse,3,2006,4,2.5,2,1820,176400,1.5,630000,346,550,,,Eric Robison,Keller Williams Downtown Sea,Coldwell Banker Bain,47.5396773,-122.2876447,https://www.redfin.com/WA/Seattle/7004-Holly-Park-Dr-S-98118/home/102182902
2026-09-19T19:54:21.154Z,Northgate,2026-03-24,103244,211290255,2475332,Closed,14043 Burke Ave N,,Seattle,WA,98133,Seattle,Single Family,1,1952,2,1,1,770,5250,1,668000,868,,,,Jesse Paulson,RE/MAX Northwest,Keller Williams Rlty Bellevue,47.7317229,-122.3361155,https://www.redfin.com/WA/Seattle/14043-Burke-Ave-N-98133/home/103244
2026-09-19T19:54:21.154Z,Northgate,2026-03-24,114679,210945803,2468690,Closed,12818 8th Ave NE,,Seattle,WA,98125,Jackson Park,Single Family,1,1950,4,2,2,1490,6640,1.5,750000,503,,,,Sara Montagne,Keller Williams Realty Bothell,Ensemble,47.7229087,-122.3205102,https://www.redfin.com/WA/Seattle/12818-8th-Ave-NE-98125/home/114679
2026-09-19T19:54:21.154Z,West Seattle,2026-03-24,12090361,211260214,2474948,Closed,2674 SW Sylvan Heights Dr,,Seattle,WA,98106,West Seattle,Townhouse,3,2008,2,2.5,2,1460,1487,1.5,599995,411,380,,,Monica Ulmer,Windermere West Metro,Coldwell Banker Bain,47.5399683,-122.3678481,https://www.redfin.com/WA/Seattle/2674-SW-Sylvan-Heights-Dr-98106/home/12090361
2026-09-19T19:54:21.154Z,Magnolia,2026-03-24,124638,210714922,2458934,Closed,3249 27th Ave W,,Seattle,WA,98199,Magnolia,Single Family,1,1928,4,2.5,2,3070,5000,2,1700000,554,,,,Scott Shutes,Windermere RE Greenwood,Windermere Real Estate Central,47.6501829,-122.3918843,https://www.redfin.com/WA/Seattle/3249-27th-Ave-W-98199/home/124638
2026-09-19T19:54:21.154Z,Queen Anne,2026-03-24,131066,209251252,2454614,Closed,2446 Queen Anne Ave N,,Seattle,WA,98109,Queen Anne,Single Family,1,1907,5,3.5,3,3360,5400,3,1935000,576,,,,Shelley Korn,COMPASS,Allode,47.6409566,-122.3565631,https://www.redfin.com/WA/Seattle/2446-Queen-Anne-Ave-N-98109/home/131066
2026-09-19T19:54:21.154Z,Central Seattle,2026-03-24,138859,212298201,2465412,Closed,1533 Shenandoah Dr E,,Seattle,WA,98112,Broadmoor,Single Family,1,1930,4,3.5,3,3470,7200,2,2931975,845,241,,,Brad Knowles,Windermere Real Estate Midtown,Windermere Real Estate/East,47.6328966,-122.2897054,https://www.redfin.com/WA/Seattle/1533-Shenandoah-Dr-E-98112/home/138859
2026-09-19T19:54:21.154Z,Central Seattle,2026-03-24,147377,212352687,2482638,Closed,212 27th Ave E,,Seattle,WA,98112,Madison Valley,Single Family,1,1996,3,2.5,2,1740,2350,2,1045000,601,,,,Chris Bierrum,Real Broker LLC,Designed Realty,47.620647,-122.2969769,https://www.redfin.com/WA/Seattle/212-27th-Ave-E-98112/home/147377
2026-09-19T19:54:21.154Z,West Seattle,2026-03-24,188746865,210744832,2466216,Closed,5244 23rd Ave SW,,Seattle,WA,98106,Puget Ridge,Single Family,1,2025,5,4.5,4,3121,4198,1.5,1300000,417,,,,Albert Clark,Real Residential,Coldwell Banker Bain,47.5541965,-122.361544,https://www.redfin.com/WA/Seattle/5244-23rd-Ave-SW-98106/home/188746865
2026-09-19T19:54:21.154Z,Northgate,2026-03-24,195905873,212717323,2485241,Closed,8833 B Wallingford Ave N,,Seattle,WA,98103,Green Lake,Townhouse,3,2025,2,2,2,1098,619,1.5,699000,637,113,,,Dan Wilcynski,Windermere Real Estate Midtown,COMPASS,47.6933579,-122.3367639,https://www.redfin.com/WA/Seattle/8833-Wallingford-Ave-N-98103/unit-B/home/195905873
2026-09-19T19:54:21.154Z,Northgate,2026-03-24,195964226,211189177,2472593,Closed,8831 C Wallingford Ave N,,Seattle,WA,98103,Green Lake,Townhouse,3,2025,2,2,2,1096,625,1.5,699000,638,113,,,Dan Wilcynski,Windermere Real Estate Midtown,Kelly Right RE of Seattle LLC,47.693235653,-122.3366379,https://www.redfin.com/WA/Seattle/8831-C-Wallingford-Ave-N-98103/unit-B/home/195964226
2026-09-19T19:54:21.154Z,Maple Leaf,2026-03-24,200399998,211848213,2477443,Closed,1511 NE 96th St,,Seattle,WA,98115,Maple Leaf,Single Family,1,2026,3,2,2,1310,2328,2,800000,611,50,,,Vibhu Passi,eXp Realty,Kelly Right RE of Seattle LLC,47.698291,-122.3115642,https://www.redfin.com/WA/Seattle/1511-NE-96th-St-98115/home/200399998
2026-09-19T19:54:21.154Z,Phinney Ridge,2026-03-24,299844,212534918,2484030,Closed,6026 2nd Ave NW,,Seattle,WA,98107,Phinney Ridge,Single Family,1,1925,5,2,2,3070,5000,1.5,1410000,459,,,,Tara Townsend,Lake & Company,Windermere Real Estate Midtown,47.6732085,-122.3592239,https://www.redfin.com/WA/Seattle/6026-2nd-Ave-NW-98107/home/299844
2026-09-19T19:54:21.154Z,Wallingford,2026-03-24,305827,212489952,2479358,Closed,106 NE 59th St,,Seattle,WA,98105,Green Lake,Single Family,1,1924,4,2,2,1953,4000,1,1480000,758,,,,Kris Murphy,KW Greater Seattle,Sammamish Realty Inc.,47.6717613,-122.3278404,https://www.redfin.com/WA/Seattle/106-NE-59th-St-98105/home/305827
2026-09-19T19:54:21.154Z,NE Seattle,2026-03-24,316044,212323671,2480776,Closed,8215 40th Ave NE,,Seattle,WA,98115,Wedgwood,Single Family,1,1946,3,2,2,2210,6000,1,1100000,498,,,,Michele Flinn,Windermere Real Estate Co.,John L. Scott Everett,47.688895,-122.2856522,https://www.redfin.com/WA/Seattle/8215-40th-Ave-NE-98115/home/316044
2026-09-19T19:54:21.154Z,NE Seattle,2026-03-24,321043,212525977,2481264,Closed,7733 58th Ave NE,,Seattle,WA,98115,View Ridge,Single Family,1,1964,4,3,3,2955,6448,3,2480000,839,,,,,Windermere Real Estate Midtown,Redfin,47.6856609,-122.2664987,https://www.redfin.com/WA/Seattle/7733-58th-Ave-NE-98115/home/321043
2026-09-19T19:54:21.154Z,West Seattle,2026-03-24,330123,212494798,2477902,Closed,2314 46th Ave SW,,Seattle,WA,98116,North Admiral,Single Family,1,1922,4,3,3,2020,5750,1,1525000,755,,,,Jennifer Bryant,Inspire Realty,Windermere West Metro,47.5824969,-122.3901843,https://www.redfin.com/WA/Seattle/2314-46th-Ave-SW-98116/home/330123
2026-09-19T19:54:21.154Z,West Seattle,2026-03-24,471871,212543661,2485450,Closed,3409 SW Trenton St,,Seattle,WA,98126,Westwood,Single Family,1,1956,4,2,2,2520,7475,1,819000,325,,,,Cheyenne Gillooly,KW Greater Seattle,"John L. Scott, Inc.",47.5244788,-122.3757981,https://www.redfin.com/WA/Seattle/3409-SW-Trenton-St-98126/home/471871
2026-09-19T19:54:21.154Z,West Seattle,2026-03-24,8190460,213478322,2499006,Closed,8627 25th Ave SW Unit C,Unit C,Seattle,WA,98106,Delridge,Single Family,1,1981,3,1,1,1022,15338,1,405000,396,210,,,Ingrid Haugaard,Windermere Real Estate Central,NWMLS-NonOffice,47.5256569,-122.3648703,https://www.redfin.com/WA/Seattle/8627-25th-Ave-SW-98106/unit-C/home/8190460
