mlsNumber,redfinPropertyId,redfinListingId,url,address,zip,propertyType,firstSeen,lastSeen,lastSeenActive,firstAsk,lastAsk,lastActiveAsk,listDate,lastDom,lastCdom,lastStatus,lastAskChangeDate,firstAskChangeDate,askChangeCount
0F9FEBECD99F,201817814,215255466,https://www.redfin.com/WA/Seattle/Seattle/9518-Salish/home/201817814,9518 Salish Plan,98103,Townhouse,2026-06-08,2026-09-19,2026-09-19,675000,675000,675000,2026-05-12,130,130,Active,,,0
120342,179840525,223613806,https://www.redfin.com/WA/Seattle/3420-33rd-Ave-W-98199/home/179840525,3420 33rd Ave W,98199,Single Family,2026-09-18,2026-09-19,2026-09-19,2250000,2250000,2250000,2026-09-17,2,2,Coming Soon,,,0
120466,300468,223602901,https://www.redfin.com/WA/Seattle/768-N-75th-St-98103/home/300468,768 N 75th St,98103,Single Family,2026-09-18,2026-09-19,2026-09-19,1450000,1450000,1450000,2026-09-17,2,2,Coming Soon,,,0
1E5E475B5BF5,321429,216978627,https://www.redfin.com/WA/Seattle/5306-NE-74th-St-98115/home/321429,5306 NE 74th St,98115,Single Family,2026-06-18,2026-09-19,2026-09-19,3087900,3087900,3087900,2026-06-17,94,94,Active,,,0
2192386460381597809,22706008,223405684,https://www.redfin.com/WA/Seattle/112-18th-Ave-98122/home/22706008,112 18th Ave,98122,Single Family,2026-09-12,2026-09-19,2026-09-19,925000,925000,925000,2026-09-11,8,8,Coming Soon,,,0
2192468325956468825,205525164,223409853,https://www.redfin.com/WA/Seattle/4032-53rd-Ave-SW-98116/unit-A/home/205525164,4032 53rd Ave SW Unit A Unit A,98116,Single Family,2026-09-13,2026-09-19,2026-09-19,1048000,999000,999000,2026-09-11,8,8,Coming Soon,2026-09-19,2026-09-19,1
2192471343666157465,205525177,223410091,https://www.redfin.com/WA/Seattle/4030-53rd-Ave-SW-98116/home/205525177,4030 53rd Ave SW,98116,Single Family,2026-09-13,2026-09-19,2026-09-19,750000,750000,750000,2026-09-11,8,8,Coming Soon,,,0
2196008245602753937,143689,223560600,https://www.redfin.com/WA/Seattle/116-24th-Ave-S-98144/home/143689,116 24th Ave S,98144,Single Family,2026-09-17,2026-09-19,2026-09-19,800000,800000,800000,2026-09-16,3,3,Coming Soon,,,0
2196668563244733473,134962,223601780,https://www.redfin.com/WA/Seattle/1612-5th-Ave-N-98109/home/134962,1612 5th Ave N,98109,Single Family,2026-09-18,2026-09-19,2026-09-19,2395000,2395000,2395000,2026-09-17,2,2,Coming Soon,,,0
2327308,105847,199008447,https://www.redfin.com/WA/Seattle/522-NE-127th-St-98125/home/105847,522 NE 127th St,98125,1,2026-09-19,2026-09-19,2026-09-19,1000000,1000000,1000000,2025-02-04,592,592,Active,,,0
2352687,195212367,200937992,https://www.redfin.com/WA/Seattle/2524-Westlake-Ave-N-98109/unit-E/home/195212367,2524 Westlake Ave N Unit E Unit E,98109,Single Family,2026-06-08,2026-09-19,2026-09-19,738000,738000,738000,2025-03-31,537,537,Active,,,0
2353618,311753,201315048,https://www.redfin.com/WA/Seattle/5016-7th-Ave-NE-98105/home/311753,5016 7th Ave NE,98105,1,2026-09-19,2026-09-19,2026-09-19,925000,925000,925000,2025-04-10,527,527,Active,,,0
2384209,493628,203232438,https://www.redfin.com/WA/Seattle/1526-NW-53rd-St-98107/home/493628,1526 NW 53rd St,98107,1,2026-09-19,2026-09-19,2026-09-19,950000,950000,950000,2025-08-04,411,411,Active,,,0
2398896,320728,205039766,https://www.redfin.com/WA/Seattle/8508-54th-Ave-NE-98115/home/320728,8508 54TH Ave NE,98115,Single Family,2026-06-08,2026-09-19,2026-09-19,3270000,2950000,2950000,2025-07-11,435,435,Active,2026-07-13,2026-07-13,1
2436337,195811850,207697308,https://www.redfin.com/WA/Seattle/1080-W-Ewing-Pl-98119/unit-0-P/home/195811850,1080 W Ewing Pl Unit 0-P Unit 0-P,98119,Single Family,2026-06-08,2026-09-19,2026-09-19,398000,398000,398000,2025-09-24,360,360,Active,,,0
2436655,12094090,207742781,https://www.redfin.com/WA/Seattle/2401-N-Northlake-Way-98103/home/12094090,2401 N Northlake Way,98103,Single Family,2026-06-08,2026-09-19,2026-09-19,125000,125000,125000,2025-10-16,338,338,Active,,,0
2438650,289413,207880841,https://www.redfin.com/WA/Seattle/9104-28th-Ave-NW-98117/home/289413,9104 28th Ave NW,98117,1,2026-09-19,2026-09-19,2026-09-19,950000,950000,950000,2025-09-28,356,356,Active,,,0
24402931,104795,212229710,https://www.redfin.com/WA/Seattle/10717-Burke-Ave-N-98133/home/104795,10717 Burke Ave N,98133,Townhouse,2026-06-08,2026-09-19,2026-09-19,468500,468500,468500,2026-02-15,216,216,Active,,,0
2443296,130293,208417220,https://www.redfin.com/WA/Seattle/2822-Prosch-Ave-W-98119/home/130293,2822 Prosch Ave W,98119,1,2026-09-19,2026-09-19,2026-09-19,795000,795000,795000,2025-10-15,339,339,Active,,,0
2452809,105495,209087813,https://www.redfin.com/WA/Seattle/10019-Interlake-Ave-N-98133/home/105495,10019 Interlake Ave N,98133,Single Family,2026-06-08,2026-09-19,2026-09-19,745000,645000,645000,2025-11-05,318,318,Active,2026-07-05,2026-07-05,1
2453553,154997,209221487,https://www.redfin.com/WA/Seattle/3730-SW-99th-St-98126/home/154997,3730 SW 99th St,98126,Single Family,2026-06-08,2026-09-19,2026-09-19,1150000,1150000,1150000,2025-11-11,312,312,Active,,,0
2454432,101610809,209311272,https://www.redfin.com/WA/Seattle/7758-Delridge-Way-SW-98106/home/101610809,7758 Delridge Way SW,98106,Townhouse,2026-06-08,2026-09-19,2026-09-19,535000,515000,515000,2025-11-15,302,302,Active,2026-07-20,2026-07-20,1
2455057,193377031,209360722,https://www.redfin.com/WA/Seattle/1080-W-Ewing-St-98119/unit-E-2/home/193377031,1080 W Ewing St Unit E-2 Unit E-2,98119,Single Family,2026-06-08,2026-09-19,2026-09-19,299000,264900,264900,2025-11-15,308,308,Active,2026-08-11,2026-08-11,1
2455655,173655007,211038369,https://www.redfin.com/WA/Seattle/3642-Interlake-Ave-N-98103/home/173655007,3642 A Interlake Ave N,98103,Townhouse,2026-06-08,2026-09-19,2026-09-19,739000,739000,739000,2026-01-21,241,241,Active,,,0
2457915,199462821,209600908,https://www.redfin.com/WA/Seattle/1014-B-NE-70th-St-98115/home/199462821,1014 B NE 70th St,98115,Townhouse,2026-06-08,2026-09-19,2026-09-19,824950,824950,824950,2025-11-28,295,295,Active,,,0
2463684,175631481,210371287,https://www.redfin.com/WA/Seattle/1015-Sturgus-Ave-S-98144/unit-A/home/175631481,1015 Sturgus Ave S Unit A Unit A,98144,Townhouse,2026-06-08,2026-09-19,2026-09-19,798000,798000,798000,2025-12-29,264,264,Active,,,0
2464746,197115600,210461045,https://www.redfin.com/WA/Seattle/8750-13th-Ave-NW-98117/unit-B/home/197115600,8750 13th Ave NW Unit B Unit B,98117,1,2026-09-19,2026-09-19,2026-09-19,899950,899950,899950,2026-01-03,259,259,Active,,,0
2465110,109972209,210685462,https://www.redfin.com/WA/Seattle/4272-SW-Bradford-St-98116/home/109972209,4272 SW Bradford St,98116,Townhouse,2026-06-08,2026-09-19,2026-09-19,799900,775000,775000,2026-01-07,254,254,Active,2026-07-29,2026-07-05,2
2471432,190258469,211118516,https://www.redfin.com/WA/Seattle/2019-W-Bertona-St-98199/home/190258469,2019 W Bertona,98199,Townhouse,2026-06-08,2026-09-19,2026-09-19,869950,814950,814950,2026-01-23,239,239,Active,2026-09-03,2026-07-17,2
2477363,191420521,211774723,https://www.redfin.com/WA/Seattle/8610-42nd-Ave-S-98118/home/191420521,8610 42nd Ave S,98118,Single Family,2026-06-08,2026-09-19,2026-09-19,899500,899500,899500,2026-02-05,226,226,Active,,,0
2477365,191420523,211775252,https://www.redfin.com/WA/Seattle/8612-42nd-Ave-S-98118/unit-B/home/191420523,8612 42nd Ave S Unit B Unit B,98118,Townhouse,2026-06-08,2026-09-19,2026-09-19,689000,689000,689000,2026-02-05,226,226,Active,,,0
2479995,18659416,215236108,https://www.redfin.com/WA/Seattle/114-W-Florentia-St-98119/unit-B/home/18659416,114 W Florentia St Unit B Unit B,98119,Townhouse,2026-06-08,2026-09-19,2026-09-19,799000,698000,698000,2026-05-12,130,130,Active,2026-08-19,2026-07-05,2
2480162,201101290,212224545,https://www.redfin.com/WA/Seattle/1123-10th-Ave-E-98102/home/201101290,1123 C 10th Ave E,98102,Townhouse,2026-06-08,2026-09-19,2026-09-19,1120000,1099950,1099950,2026-03-04,199,199,Active,2026-08-22,2026-08-22,1
2480345,303426,212533608,https://www.redfin.com/WA/Seattle/4309-Evanston-Ave-N-98103/home/303426,4309 Evanston Ave N,98103,1,2026-09-19,2026-09-19,2026-09-19,1200000,1200000,1200000,2026-02-26,205,205,Active,,,0
2482064,156118,212351255,https://www.redfin.com/WA/Seattle/3012-SW-102nd-St-98146/home/156118,3012 SW 102nd St,98146,Single Family,2026-06-08,2026-09-19,2026-09-19,649950,634950,634950,2026-03-04,173,173,Active,2026-08-22,2026-08-22,1
2483935,182747461,212469703,https://www.redfin.com/WA/Seattle/119-18th-Ave-E-98122/home/182747461,119 A 18th Ave E,98122,Townhouse,2026-06-08,2026-09-19,2026-09-19,699950,675000,675000,2026-02-25,206,206,Active,2026-09-11,2026-09-11,1
2484097,481418,212553298,https://www.redfin.com/WA/Seattle/5526-20th-Ave-S-98108/home/481418,5526 20th Ave S,98108,Single Family,2026-06-08,2026-09-19,2026-09-19,819000,785000,785000,2026-02-27,204,204,Active,2026-09-03,2026-06-18,6
2484374,137125,212510103,https://www.redfin.com/WA/Seattle/1603-Lakeview-Blvd-E-98102/home/137125,1603 Lakeview Blvd E,98102,1,2026-09-19,2026-09-19,,799000,799000,,2026-02-26,205,205,Active Under Contract,,,0
2486459,147937,212916883,https://www.redfin.com/WA/Seattle/2903-E-Union-St-98122/home/147937,2903 E Union St,98122,Single Family,2026-06-08,2026-09-19,2026-09-19,700000,700000,700000,2026-03-26,177,177,Active,,,0
2486694,199470417,212738917,https://www.redfin.com/WA/Seattle/4416-Midvale-Ave-N-98103/home/199470417,4416 Midvale Ave N,98103,3,2026-09-19,2026-09-19,2026-09-19,894950,894950,894950,2026-03-05,198,198,Active,,,0
2487704,183666193,213032813,https://www.redfin.com/WA/Seattle/2211-17th-Ave-S-98144/home/183666193,2211 17th Ave S,98144,Single Family,2026-06-08,2026-09-19,2026-09-19,630000,630000,630000,2026-03-13,190,190,Active,,,0
2488003,191422285,212764986,https://www.redfin.com/WA/Seattle/9518-Interlake-Ave-N-98103/home/191422285,9518 Interlake Ave N,98103,Townhouse,2026-06-08,2026-09-19,2026-09-19,665000,625000,625000,2026-03-05,192,192,Active,2026-08-07,2026-08-07,1
2488822,200783418,212797154,https://www.redfin.com/WA/Seattle/Undisclosed-address-98136/home/200783418,,98136,Single Family,2026-06-08,2026-09-19,2026-09-19,2800000,2800000,2800000,2026-03-06,197,197,Active,,,0
2489955,122631,213027955,https://www.redfin.com/WA/Seattle/4502-55th-Ave-NE-98105/home/122631,4502 55th Ave NE,98105,Single Family,2026-06-08,2026-09-19,2026-09-19,10000000,10000000,10000000,2026-03-13,190,190,Active,,,0
2490442,202718828,212880722,https://www.redfin.com/WA/Seattle/8731-13th-Ave-NW-98117/home/202718828,8731 13th Ave NW,98117,Single Family,2026-06-08,2026-09-19,2026-09-19,599950,574950,574950,2026-03-10,193,193,Active,2026-07-13,2026-07-13,1
2491348,135964,213826746,https://www.redfin.com/WA/Seattle/803-E-Prospect-St-98102/home/135964,803 E Prospect St,98102,Single Family,2026-06-08,2026-09-19,2026-09-19,5000000,4500000,4500000,2026-04-08,164,164,Active,2026-07-05,2026-07-05,1
2491463,191420617,213208388,https://www.redfin.com/WA/Seattle/9427-8th-Ave-SW-98106/unit-1/home/191420617,9427 8th Ave SW #1,98106,Single Family,2026-06-08,2026-09-19,2026-09-19,539950,529950,529950,2026-03-19,184,184,Active,2026-08-07,2026-07-05,2
2492695,148734529,213039122,https://www.redfin.com/WA/Seattle/5114-24th-Ave-NE-98105/home/148734529,5114 24th Ave NE,98105,Townhouse,2026-06-08,2026-09-19,2026-09-19,750000,750000,750000,2026-03-13,190,190,Active,,,0
2492720,126358,213052930,https://www.redfin.com/WA/Seattle/1914-Magnolia-Blvd-W-98199/home/126358,1914 Magnolia Blvd W,98199,Single Family,2026-06-08,2026-09-19,2026-09-19,7175000,6995000,6995000,2026-03-15,188,188,Active,2026-09-09,2026-09-09,1
2492728,481139,213139328,https://www.redfin.com/WA/Seattle/1729-S-Columbian-Way-98108/home/481139,1729 S Columbian Way,98108,Single Family,2026-06-08,2026-09-19,2026-09-19,639995,639995,639995,2026-03-18,185,185,Active,,,0
2492983,134211,213208390,https://www.redfin.com/WA/Seattle/623-W-Highland-Dr-98119/home/134211,623 W Highland Dr,98119,Single Family,2026-06-08,2026-09-19,2026-09-19,5950000,5950000,5950000,2026-03-19,184,184,Active,,,0
2492989,178440723,213154374,https://www.redfin.com/WA/Seattle/4155-Delridge-Way-SW-98106/home/178440723,4155 Delridge Way SW,98106,Townhouse,2026-06-08,2026-09-19,2026-09-19,535000,450000,450000,2026-03-18,185,185,Active,2026-08-13,2026-06-18,3
2493652,195903740,215841101,https://www.redfin.com/WA/Seattle/12534-5th-Ave-NE-98125/unit-C/home/195903740,12534 C 5th Ave NE,98125,Single Family,2026-06-18,2026-09-19,2026-09-19,639950,599999,599999,2026-05-21,121,121,Active,2026-08-22,2026-07-28,2
2493776,131791,213255984,https://www.redfin.com/WA/Seattle/1412-Taylor-Ave-N-98109/home/131791,1412 Taylor Ave N,98109,Single Family,2026-06-08,2026-09-19,2026-09-19,1350000,1295000,1295000,2026-03-20,183,183,Active,2026-07-05,2026-07-05,1
2493889,125029,213131466,https://www.redfin.com/WA/Seattle/3037-21st-Ave-W-98199/home/125029,3037 21st Ave W,98199,1,2026-09-19,2026-09-19,2026-09-19,1199950,1199950,1199950,2026-04-14,158,158,Active,,,0
2494131,200947100,213219934,https://www.redfin.com/WA/Seattle/8327-B-12th-Ave-NW-98117/home/200947100,8327 B 12th Ave NW,98117,3,2026-09-19,2026-09-19,2026-09-19,874900,874900,874900,2026-03-24,179,179,Active,,,0
2494783,200947356,213221728,https://www.redfin.com/WA/Seattle/1125-10th-Ave-E-98102/home/200947356,1125 A 10th Ave E,98102,Townhouse,2026-06-08,2026-09-19,2026-09-19,1275000,1275000,1275000,2026-03-19,184,184,Active,,,0
2494902,200947339,213221656,https://www.redfin.com/WA/Seattle/2706-Westlake-Ave-N-98109/unit-01A/home/200947339,2706 Westlake Ave N Unit 01A Unit 01A,98109,Single Family,2026-06-08,2026-09-19,2026-09-19,400000,299000,299000,2026-03-19,184,184,Active,2026-08-19,2026-07-19,2
2495122,40080072,213219040,https://www.redfin.com/WA/Seattle/930-N-96th-St-98103/home/40080072,930 N 96th St,98103,Single Family,2026-06-08,2026-09-19,2026-09-19,600000,525000,525000,2026-03-19,184,184,Active,2026-08-20,2026-06-18,4
2495272,203201600,213717288,https://www.redfin.com/WA/Seattle/9239-16th-Ave-SW-98106/home/203201600,9239 A 16th Ave SW,98106,Townhouse,2026-06-08,2026-09-19,2026-09-19,674900,625000,625000,2026-04-04,168,168,Active,2026-09-19,2026-09-19,1
2496771,140462,214392915,https://www.redfin.com/WA/Seattle/624-35th-Ave-98122/home/140462,624 35th Ave,98122,Single Family,2026-06-08,2026-09-19,2026-09-19,2645000,2495000,2495000,2026-04-24,109,109,Active,2026-08-17,2026-06-18,2
2497399,156877,213392800,https://www.redfin.com/WA/Seattle/10445-Marine-View-Dr-SW-98146/home/156877,10445 Marine View Dr SW,98146,Single Family,2026-06-08,2026-09-19,2026-09-19,1899999,1700000,1700000,2026-03-25,178,178,Active,2026-09-15,2026-07-31,3
2498024,201021524,213458369,https://www.redfin.com/WA/Seattle/7344-23rd-Ave-NW-98117/unit-B/home/201021524,7344 23rd Ave NW Unit B Unit B,98117,Single Family,2026-06-08,2026-09-19,2026-09-19,859950,819000,819000,2026-05-13,109,109,Active,2026-09-11,2026-07-22,2
2498345,480753,213433261,https://www.redfin.com/WA/Seattle/7301-32nd-Ave-S-98118/home/480753,7301 32nd Ave S,98118,Single Family,2026-06-08,2026-09-19,2026-09-19,880000,850000,850000,2026-03-26,177,177,Active,2026-07-31,2026-07-31,1
2498715,172398023,214892614,https://www.redfin.com/WA/Seattle/2401-N-Northlake-Way-98103/unit-B13/home/172398023,2401 N Northlake Way Unit B13 Unit B13,98103,Single Family,2026-06-08,2026-09-19,2026-09-19,740000,740000,740000,2026-05-08,107,107,Active,,,0
2498722,201088524,213598172,https://www.redfin.com/WA/Seattle/2441-NW-61st-St-98107/unit-C/home/201088524,2441 NW 61st St Unit C Unit C,98107,Townhouse,2026-06-08,2026-09-19,2026-09-19,669000,629000,629000,2026-04-01,171,171,Active,2026-08-26,2026-06-18,4
2498928,123696,213762711,https://www.redfin.com/WA/Seattle/4047-25th-Ave-W-98199/home/123696,4047 25TH Ave W,98199,Single Family,2026-06-08,2026-09-19,2026-09-19,624950,579950,579950,2026-04-06,166,166,Active,2026-07-18,2026-07-05,2
2499816,100591,213562145,https://www.redfin.com/WA/Seattle/1016-NW-85th-St-98117/home/100591,1016 NW 85th St,98117,Single Family,2026-06-08,2026-09-19,2026-09-19,1050000,995000,995000,2026-03-31,167,167,Active,2026-07-05,2026-07-05,1
2499918,108884,217253838,https://www.redfin.com/WA/Seattle/826-NE-80th-St-98115/home/108884,826 NE 80th St,98115,Single Family,2026-07-05,2026-09-19,2026-09-19,920000,874000,874000,2026-06-26,85,85,Active,2026-08-26,2026-08-26,1
2500908,17383251,213595194,https://www.redfin.com/WA/Seattle/5450-Leary-Ave-NW-98107/unit-242/home/17383251,5450 Leary Ave NW #242,98107,Single Family,2026-06-18,2026-09-19,2026-09-19,349997,319997,319997,2026-04-01,171,171,Active,2026-09-09,2026-07-05,5
2501047,196537379,213597220,https://www.redfin.com/WA/Seattle/8733-13th-Ave-NW-98117/unit-C/home/196537379,8733 13th Ave NW Unit C Unit C,98117,Townhouse,2026-06-08,2026-09-19,2026-09-19,659950,659950,659950,2026-04-01,171,171,Active,,,0
2502102,195913100,213674756,https://www.redfin.com/WA/Seattle/219-NE-75th-St-98115/home/195913100,219 NE 75th St,98115,Townhouse,2026-06-08,2026-09-19,2026-09-19,869000,825000,825000,2026-04-03,169,169,Active,2026-07-25,2026-07-25,1
2502208,95490,213666564,https://www.redfin.com/WA/Seattle/10125-3rd-Ave-NW-98177/home/95490,10125 3rd Ave NW,98177,Single Family,2026-06-08,2026-09-19,2026-09-19,2000000,2000000,2000000,2026-04-03,169,169,Active,,,0
2502705,146087936,213723312,https://www.redfin.com/WA/Seattle/3070-SW-Avalon-Way-98126/unit-G/home/146087936,3070 SW Avalon Way Unit G Unit G,98126,Townhouse,2026-06-08,2026-09-19,2026-09-19,615000,599950,599950,2026-04-04,167,167,Active,2026-08-14,2026-08-14,1
2503982,187970972,213794489,https://www.redfin.com/WA/Seattle/10350-Wallingford-Ave-N-98133/unit-B/home/187970972,10350 Wallingford Ave N Unit B Unit B,98133,Townhouse,2026-06-08,2026-09-19,2026-09-19,534999,514999,514999,2026-04-07,165,165,Active,2026-08-05,2026-06-18,2
2504701,177921663,214342153,https://www.redfin.com/WA/Seattle/2309-N-Northlake-Way-98103/unit-13/home/177921663,2309 N Northlake Way #13,98107,Single Family,2026-06-08,2026-09-19,2026-09-19,2198000,2198000,2198000,2026-04-23,149,149,Active,,,0
2505572,197671784,213932644,https://www.redfin.com/WA/Seattle/5718-14th-Ave-NW-98107/home/197671784,5718 14th Ave NW,98107,Townhouse,2026-06-08,2026-09-19,2026-09-19,1099950,1099950,1099950,2026-04-10,125,125,Active,,,0
2506120,478794,213941005,https://www.redfin.com/WA/Seattle/6750-28th-Ave-S-98108/home/478794,6750 28th Ave S,98108,Single Family,2026-06-08,2026-09-19,2026-09-19,925000,925000,925000,2026-04-11,161,161,Active,,,0
2506921,186787723,214314479,https://www.redfin.com/WA/Seattle/2708-1st-Ave-W-98119/home/186787723,2708 1st Ave W,98119,Single Family,2026-06-18,2026-09-19,2026-09-19,925000,875000,875000,2026-04-22,150,150,Active,2026-08-07,2026-07-05,2
2507212,99403,214102957,https://www.redfin.com/WA/Seattle/934-N-100th-St-98133/home/99403,934 N 100th St,98133,Single Family,2026-06-08,2026-09-19,2026-09-19,724950,724950,724950,2026-04-16,156,156,Active,,,0
2507226,2081210,214122148,https://www.redfin.com/WA/Seattle/9501-Interlake-Ave-N-98103/home/2081210,9501 Interlake Ave N,98103,Townhouse,2026-06-08,2026-09-19,2026-09-19,649000,639800,639800,2026-04-16,156,156,Active,2026-07-13,2026-07-13,1
2507471,201418698,214162186,https://www.redfin.com/WA/Seattle/942-NW-54th-St-98107/home/201418698,942 NW 54th St,98107,Townhouse,2026-06-08,2026-09-19,2026-09-19,979000,979000,979000,2026-04-17,155,155,Active,,,0
2507951,28581355,214352579,https://www.redfin.com/WA/Seattle/3215-W-Lynn-St-98199/home/28581355,3215 W Lynn St,98199,Townhouse,2026-06-08,2026-09-19,2026-09-19,1478000,1425000,1425000,2026-04-23,149,149,Active,2026-07-13,2026-07-13,1
2508178,288133,215539346,https://www.redfin.com/WA/Seattle/2425-NW-Blue-Ridge-Dr-98177/home/288133,2425 NW Blue Ridge Dr,98177,Single Family,2026-06-08,2026-09-19,2026-09-19,2890000,2790000,2790000,2026-05-20,122,122,Active,2026-07-05,2026-07-05,1
2508645,193974391,214148145,https://www.redfin.com/WA/Seattle/9731-13th-Ave-NW-98117/home/193974391,9731 13th Ave NW,98117,Townhouse,2026-06-08,2026-09-19,2026-09-19,899950,819950,819950,2026-04-17,145,145,Active,2026-08-09,2026-07-05,2
2509910,191480495,214232326,https://www.redfin.com/WA/Seattle/5015-8th-Ave-NW-98107/home/191480495,5015 A 8th Ave NW,98107,Townhouse,2026-06-08,2026-09-19,2026-09-19,899000,845000,845000,2026-04-20,152,152,Active,2026-09-17,2026-08-08,2
2510500,52428828,214312278,https://www.redfin.com/WA/Seattle/1741-NW-60th-St-98107/unit-A/home/52428828,1741 NW 60th St Unit A Unit A,98107,Single Family,2026-06-08,2026-09-19,2026-09-19,865000,820000,820000,2026-04-22,150,150,Active,2026-09-18,2026-06-18,3
2510653,108439315,214257221,https://www.redfin.com/WA/Seattle/4331-Woodland-Park-Ave-N-98103/home/108439315,4331 Woodland Park Ave N,98103,Townhouse,2026-06-08,2026-09-19,2026-09-19,825000,810000,810000,2026-05-05,137,137,Active,2026-08-06,2026-06-18,2
2510724,147685,214837377,https://www.redfin.com/WA/Seattle/610-27th-Ave-E-98112/home/147685,610 27th Ave E,98112,Single Family,2026-06-08,2026-09-19,2026-09-19,1399950,1315000,1315000,2026-05-07,135,135,Active,2026-08-31,2026-07-13,2
2511118,132037,214312414,https://www.redfin.com/WA/Seattle/2538-Dexter-Ave-N-98109/home/132037,2538 Dexter Ave N Ave N,98109,Single Family,2026-06-08,2026-09-19,2026-09-19,1520000,1520000,1520000,2026-04-22,150,150,Active,,,0
2511371,12306704,214311550,https://www.redfin.com/WA/Seattle/9010-18th-Ave-SW-98106/unit-B/home/12306704,9010 18th Ave SW Unit B Unit B,98106,Townhouse,2026-06-08,2026-09-19,2026-09-19,499000,495000,495000,2026-04-22,150,150,Active,2026-08-08,2026-08-08,1
2511868,133437,214309388,https://www.redfin.com/WA/Seattle/1012-2nd-Ave-W-98119/home/133437,1012 2nd Ave W,98119,Single Family,2026-06-08,2026-09-19,2026-09-19,2600000,2600000,2600000,2026-04-22,150,150,Active,,,0
2512080,105510586,214392308,https://www.redfin.com/WA/Seattle/8297-5th-Ave-NE-98115/home/105510586,8297 5th Ave NE,98115,Single Family,2026-06-08,2026-09-19,2026-09-19,945000,910000,910000,2026-04-24,121,121,Active,2026-09-09,2026-06-18,3
2512668,157805,214545098,https://www.redfin.com/WA/Seattle/10835-Arroyo-Beach-Pl-SW-98146/home/157805,10835 Arroyo Beach Pl SW,98146,Single Family,2026-06-08,2026-09-19,2026-09-19,2285000,2185000,2185000,2026-04-29,143,143,Active,2026-07-28,2026-07-28,1
2513274,201259288,214404412,https://www.redfin.com/WA/Seattle/14031-Densmore-Ave-N-98133/home/201259288,14031 Densmore Ave N,98133,Townhouse,2026-06-08,2026-09-19,2026-09-19,1099900,1049950,1049950,2026-04-24,148,148,Active,2026-07-05,2026-07-05,1
2513298,200860717,214405738,https://www.redfin.com/WA/Seattle/14035-Densmore-Ave-N-98133/home/200860717,14035 Densmore Ave N,98133,Townhouse,2026-06-08,2026-09-19,2026-09-19,749900,699900,699900,2026-04-24,148,148,Active,2026-07-28,2026-07-05,2
2513552,159670,214840512,https://www.redfin.com/WA/Seattle/2816-SW-Dakota-St-98126/home/159670,2816 SW Dakota St,98126,Single Family,2026-06-08,2026-09-19,2026-09-19,950000,799999,799999,2026-05-07,135,135,Active,2026-08-27,2026-07-13,2
2513626,158606,223340657,https://www.redfin.com/WA/Seattle/7229-Ledroit-Ct-SW-98136/home/158606,7229 Ledroit Ct SW,98136,Single Family,2026-09-11,2026-09-19,2026-09-19,1995000,1995000,1995000,2026-09-10,9,9,Active,,,0
2513723,108233,215276526,https://www.redfin.com/WA/Seattle/621-NE-77th-St-98115/home/108233,621 NE 77th St,98115,Single Family,2026-06-08,2026-09-19,2026-09-19,1525000,1350000,1350000,2026-05-13,129,129,Active,2026-09-11,2026-06-18,3
2513925,155964,215222079,https://www.redfin.com/WA/Seattle/3551-SW-99th-St-98126/home/155964,3551 SW 99th St,98126,Single Family,2026-06-08,2026-09-19,2026-09-19,799999,747000,747000,2026-05-13,110,110,Active,2026-09-04,2026-07-14,3
2514210,201622630,214497410,https://www.redfin.com/WA/Seattle/1412-A-N-47th-St-98103/home/201622630,1412 A N 47th St,98103,Townhouse,2026-06-08,2026-09-19,2026-09-19,1068000,1068000,1068000,2026-04-28,144,144,Active,,,0
2514272,189454206,214464679,https://www.redfin.com/WA/Seattle/3406-15th-Ave-W-98119/unit-C/home/189454206,3406 15th Ave W Unit C Unit C,98119,Townhouse,2026-06-08,2026-09-19,2026-09-19,745750,745750,745750,2026-04-27,145,145,Active,,,0
2514398,169115,214899683,https://www.redfin.com/WA/Seattle/2202-20th-Ave-S-98144/home/169115,2202 20th Ave S,98144,Single Family,2026-06-08,2026-09-19,2026-09-19,878999,828998,828998,2026-05-08,113,113,Active,2026-08-25,2026-07-05,2
2514769,302538,214584740,https://www.redfin.com/WA/Seattle/806-NW-52nd-St-98107/home/302538,806 NW 52nd St,98107,Townhouse,2026-06-08,2026-09-19,2026-09-19,889999,820000,820000,2026-04-30,142,142,Active,2026-08-20,2026-06-18,3
2515139,110002,214631842,https://www.redfin.com/WA/Seattle/311-NE-95th-St-98115/home/110002,311 NE 95th St,98115,Single Family,2026-06-08,2026-09-19,2026-09-19,880000,850000,850000,2026-05-04,138,138,Active,2026-09-16,2026-09-16,1
2515170,493261,214584565,https://www.redfin.com/WA/Seattle/836-NW-Market-St-98107/home/493261,836 NW Market St,98107,Single Family,2026-06-08,2026-09-19,2026-09-19,950000,950000,950000,2026-04-30,142,142,Active,,,0
2515237,109661368,214583625,https://www.redfin.com/WA/Seattle/1761-20th-Ave-S-98144/home/109661368,1761 20th Ave S,98144,Single Family,2026-06-08,2026-09-19,2026-09-19,749950,729950,729950,2026-04-30,142,142,Active,2026-08-07,2026-07-05,2
2517214,201692505,214694385,https://www.redfin.com/WA/Seattle/2727-Fairview-Ave-E-98102/unit-4/home/201692505,2727 Fairview Ave E #4,98102,Single Family,2026-06-08,2026-09-19,2026-09-19,2400000,1500000,1500000,2026-05-04,138,138,Active,2026-07-30,2026-07-30,1
2517505,8186587,214785909,https://www.redfin.com/WA/Seattle/6003-Lanham-Pl-SW-98126/home/8186587,6003 Lanham Pl SW,98126,Townhouse,2026-06-08,2026-09-19,2026-09-19,629000,629000,629000,2026-05-05,137,137,Active,,,0
2517757,113179348,217214666,https://www.redfin.com/WA/Seattle/2227-NW-60th-St-98107/unit-B/home/113179348,2227 NW 60TH St Unit B Unit B,98107,Townhouse,2026-07-05,2026-09-19,2026-09-19,899950,875000,875000,2026-06-25,86,86,Active,2026-08-12,2026-08-12,1
2518115,468408,214781144,https://www.redfin.com/WA/Seattle/6543-35th-Ave-SW-98126/unit-B/home/468408,6543 35th Ave SW Unit B Unit B,98126,Townhouse,2026-06-08,2026-09-19,2026-09-19,725000,675000,675000,2026-05-05,137,137,Active,2026-08-04,2026-08-04,1
2518245,144410188,214855128,https://www.redfin.com/WA/Seattle/4419B-Corliss-Ave-N-98103/home/144410188,4419 B Corliss Ave N,98103,Townhouse,2026-06-08,2026-09-19,2026-09-19,975000,929900,929900,2026-05-07,112,112,Active,2026-06-18,2026-06-18,1
2518717,106405,214952005,https://www.redfin.com/WA/Seattle/11718-5th-Ave-NE-98125/home/106405,11718 5th Ave NE,98125,Single Family,2026-06-08,2026-09-19,2026-09-19,795000,735000,735000,2026-05-11,113,113,Active,2026-08-11,2026-07-05,3
2518850,159506,215360066,https://www.redfin.com/WA/Seattle/4724-25th-Ave-SW-98106/home/159506,4724 25th Ave SW,98106,Single Family,2026-06-08,2026-09-19,2026-09-19,598000,598000,598000,2026-05-14,128,128,Active,,,0
2519194,182041973,214807225,https://www.redfin.com/WA/Seattle/8015-Mary-Ave-NW-98117/unit-D/home/182041973,8015 Mary Ave NW Unit D Unit D,98117,Townhouse,2026-06-08,2026-09-19,2026-09-19,740000,699000,699000,2026-05-06,123,123,Active,2026-08-05,2026-07-05,2
2519416,143110,215324240,https://www.redfin.com/WA/Seattle/1118-16th-Ave-98122/unit-A/home/143110,1118 16th Ave Unit A Unit A,98122,Townhouse,2026-06-08,2026-09-19,2026-09-19,699999,699999,699999,2026-05-14,128,128,Active,,,0
2519817,146776,214890614,https://www.redfin.com/WA/Seattle/2302-E-Pike-St-98122/home/146776,2302 E Pike St,98122,Single Family,2026-06-08,2026-09-19,2026-09-19,1295958,1178000,1178000,2026-05-08,134,134,Active,2026-09-08,2026-07-05,3
2520080,195259637,214862059,https://www.redfin.com/WA/Seattle/7358-33rd-Ave-NE-98115/home/195259637,7358 33rd Ave NE,98115,Single Family,2026-06-08,2026-09-19,2026-09-19,2179950,2199950,2199950,2026-05-07,135,135,Active,2026-07-05,2026-06-18,2
2520114,201741761,214856303,https://www.redfin.com/WA/Seattle/4425-Fremont-Ave-N-98103/unit-A/home/201741761,4425 Fremont Ave N Unit A Unit A,98103,Townhouse,2026-06-08,2026-09-19,2026-09-19,1035999,1035999,1035999,2026-05-07,135,135,Active,,,0
2520394,200785628,214869763,https://www.redfin.com/WA/Seattle/1457-22nd-Ave-98122/unit-A/home/200785628,1457 22nd Ave Unit A Unit A,98122,Townhouse,2026-06-08,2026-09-19,2026-09-19,649950,619950,619950,2026-05-07,125,125,Active,2026-08-21,2026-08-21,1
2520542,167942,214879146,https://www.redfin.com/WA/Seattle/2367-S-Forest-St-98144/home/167942,2367 S Forest St,98144,Townhouse,2026-06-08,2026-09-19,2026-09-19,880000,870000,870000,2026-05-08,134,134,Active,2026-06-18,2026-06-18,1
2520897,50269696,215552707,https://www.redfin.com/WA/Seattle/221-NW-50th-St-98107/home/50269696,221 NW 50th St,98107,Single Family,2026-06-08,2026-09-19,2026-09-19,1595000,1199950,1199950,2026-05-20,122,122,Active,2026-09-19,2026-07-05,6
2521368,201804959,215205061,https://www.redfin.com/WA/Seattle/6825-Holly-Park-Dr-S-98118/home/201804959,6825 Holly Park Dr S,98118,Townhouse,2026-06-08,2026-09-19,2026-09-19,599950,549950,549950,2026-05-11,131,131,Active,2026-09-15,2026-08-18,2
2521783,201550417,215206939,https://www.redfin.com/WA/Seattle/4419-2nd-Ave-NE-98105/unit-A/home/201550417,4419 2nd Ave NE Unit A Unit A,98105,Townhouse,2026-06-08,2026-09-19,2026-09-19,759000,759000,759000,2026-05-11,126,126,Active,,,0
2521945,304410,215350460,https://www.redfin.com/WA/Seattle/1608-N-50th-St-98103/home/304410,1608 N 50th St,98103,Single Family,2026-06-08,2026-09-19,2026-09-19,1299000,1199900,1199900,2026-05-14,128,128,Active,2026-08-25,2026-08-04,2
2521998,133398,215467168,https://www.redfin.com/WA/Seattle/1014-4th-Ave-N-98109/home/133398,1014 4th Ave N,98109,Single Family,2026-06-08,2026-09-19,2026-09-19,2645000,2445000,2445000,2026-05-18,124,124,Active,2026-08-31,2026-07-05,3
2522306,142129,215244169,https://www.redfin.com/WA/Seattle/424-21st-Ave-98122/home/142129,424 21st Ave,98122,Single Family,2026-06-08,2026-09-19,2026-09-19,995000,995000,995000,2026-05-12,130,130,Active,,,0
2522925,133241,215286805,https://www.redfin.com/WA/Seattle/700-W-Prospect-St-98119/home/133241,700 W Prospect St,98119,Single Family,2026-06-08,2026-09-19,2026-09-19,2350000,2125000,2125000,2026-05-13,129,129,Active,2026-09-18,2026-07-05,3
2523005,144466462,215334679,https://www.redfin.com/WA/Seattle/9230-Interlake-Ave-N-98103/home/144466462,9230 Interlake Ave N,98103,Single Family,2026-06-08,2026-09-19,2026-09-19,1050000,995000,995000,2026-05-14,120,120,Active,2026-07-13,2026-06-18,2
2523006,201827406,215283528,https://www.redfin.com/WA/Seattle/8823-Dibble-Ave-NW-98117/home/201827406,8823 Dibble Ave NW,98117,Single Family,2026-06-08,2026-09-19,2026-09-19,775000,699950,699950,2026-05-13,129,129,Active,2026-09-12,2026-07-05,2
2523299,202683107,220577259,https://www.redfin.com/WA/Seattle/5446-40th-Ave-SW-98136/home/202683107,5446 40th Ave SW,98136,Single Family,2026-07-13,2026-09-19,2026-09-19,1395000,1395000,1395000,2026-07-09,73,73,Active,,,0
2523361,168926872,215341956,https://www.redfin.com/WA/Seattle/2265-14th-Ave-W-98119/home/168926872,2265 14th Ave W,98119,Townhouse,2026-06-08,2026-09-19,2026-09-19,820000,774950,774950,2026-05-14,128,128,Active,2026-09-09,2026-06-18,2
2523377,203158083,220928032,https://www.redfin.com/WA/Seattle/5444-40th-Ave-SW-98136/home/203158083,5444 40th Ave SW,98136,Single Family,2026-07-17,2026-09-19,2026-09-19,629000,629000,629000,2026-07-16,65,65,Active,,,0
2523443,191422990,215352088,https://www.redfin.com/WA/Seattle/1031-McGilvra-Blvd-E-98112/home/191422990,1031 McGilvra Blvd East,98112,Single Family,2026-06-08,2026-09-19,2026-09-19,7998000,7798000,7798000,2026-05-14,104,104,Active,2026-07-30,2026-07-30,1
2523560,137349,215341947,https://www.redfin.com/WA/Seattle/1606-Lakeview-Blvd-E-98102/home/137349,1606 Lakeview Blvd E,98102,Single Family,2026-06-08,2026-09-19,2026-09-19,950000,850000,850000,2026-05-14,128,128,Active,2026-09-11,2026-06-18,2
2523584,129744,215331221,https://www.redfin.com/WA/Seattle/110-Smith-St-98109/home/129744,110 Smith St,98109,Single Family,2026-06-08,2026-09-19,2026-09-19,1995000,1995000,1995000,2026-05-14,128,128,Active,,,0
2523970,195649191,215332580,https://www.redfin.com/WA/Seattle/1203-G-N-Allen-Pl-98103/home/195649191,1203 G N Allen Pl,98103,Townhouse,2026-06-08,2026-09-19,2026-09-19,1049000,1019950,1019950,2026-05-14,128,128,Active,2026-08-22,2026-06-18,2
2524132,175091714,215600934,https://www.redfin.com/WA/Seattle/3817B-California-Ave-SW-98116/home/175091714,3817 B California Ave SW,98116,Townhouse,2026-06-08,2026-09-19,2026-09-19,799000,770000,770000,2026-05-21,121,121,Active,2026-09-18,2026-09-18,1
2524206,195019748,216324744,https://www.redfin.com/WA/Seattle/7005-9th-Ave-NE-98115/home/195019748,7005 9th Ave NE,98115,Townhouse,2026-06-08,2026-09-19,2026-09-19,819950,775000,775000,2026-06-02,109,109,Active,2026-09-05,2026-07-18,2
2524220,148698359,215777104,https://www.redfin.com/WA/Seattle/3029-3rd-Ave-W-98119/unit-B/home/148698359,3029 3rd Ave W Unit B Unit B,98119,Townhouse,2026-06-08,2026-09-19,2026-09-19,945000,895000,895000,2026-05-21,121,121,Active,2026-07-23,2026-07-23,1
2524221,109131,215354006,https://www.redfin.com/WA/Seattle/1020-NE-100th-St-98125/home/109131,1020 NE 100th St,98125,Single Family,2026-06-18,2026-09-19,2026-09-19,1049950,1049950,1049950,2026-05-14,128,128,Active,,,0
2524298,143771,215484770,https://www.redfin.com/WA/Seattle/1113-26th-Ave-S-98144/home/143771,1113 26th Ave S,98144,Single Family,2026-06-08,2026-09-19,2026-09-19,1095000,1095000,1095000,2026-05-19,123,123,Active,,,0
2524839,121480,215853586,https://www.redfin.com/WA/Seattle/3310-E-Laurelhurst-Dr-NE-98105/home/121480,3310 E Laurelhurst Dr NE,98105,Single Family,2026-06-08,2026-09-19,2026-09-19,9800000,9800000,9800000,2026-05-22,120,120,Active,,,0
2524923,39904460,215401222,https://www.redfin.com/WA/Seattle/1845-16th-Ave-98122/home/39904460,1845 16th Ave,98122,Townhouse,2026-06-08,2026-09-19,2026-09-19,2250000,1995000,1995000,2026-05-15,123,123,Active,2026-07-24,2026-07-24,1
2524997,138795,216065173,https://www.redfin.com/WA/Seattle/1514-Shenandoah-Dr-E-98112/home/138795,1514 Shenandoah Dr E,98112,Single Family,2026-06-08,2026-09-19,2026-09-19,4900000,4900000,4900000,2026-05-27,89,89,Active,,,0
2525030,170400926,215567308,https://www.redfin.com/WA/Seattle/9043-Mary-Ave-NW-98117/home/170400926,9043 C Mary Ave NW,98117,Townhouse,2026-06-08,2026-09-19,2026-09-19,699950,635000,635000,2026-05-20,122,122,Active,2026-08-29,2026-06-18,3
2525040,201858739,215404107,https://www.redfin.com/WA/Seattle/1411-B-N-48th-St-98103/home/201858739,1411 B N 48th St,98103,Townhouse,2026-06-08,2026-09-19,2026-09-19,1098000,1098000,1098000,2026-05-15,127,127,Active,,,0
2525072,154061,215428055,https://www.redfin.com/WA/Seattle/5637-Beach-Dr-SW-98136/home/154061,5637 Beach Dr SW,98136,Single Family,2026-06-08,2026-09-19,2026-09-19,2195000,2000000,2000000,2026-05-16,126,126,Active,2026-08-29,2026-07-13,2
2525097,313232,223609890,https://www.redfin.com/WA/Seattle/3002-NE-57th-St-98105/home/313232,3002 NE 57th St,98105,Single Family,2026-09-18,2026-09-19,2026-09-19,899000,899000,899000,2026-09-17,2,2,Active,,,0
2525259,102702,215420801,https://www.redfin.com/WA/Seattle/14033-Densmore-Ave-N-98133/home/102702,14033 Densmore Ave N,98133,Townhouse,2026-06-08,2026-09-19,2026-09-19,679900,649900,649900,2026-05-16,126,126,Active,2026-06-18,2026-06-18,1
2525586,311967,215446353,https://www.redfin.com/WA/Seattle/5242-11th-Ave-NE-98105/home/311967,5242 11 Ave NE,98105,Single Family,2026-06-08,2026-09-19,2026-09-19,980000,980000,980000,2026-05-18,124,124,Active,,,0
2525685,175767527,215457767,https://www.redfin.com/WA/Seattle/1-Ward-St-98109/unit-C/home/175767527,1 Ward St Unit C Unit C,98109,Townhouse,2026-06-08,2026-09-19,2026-09-19,1475000,1295000,1295000,2026-05-19,123,123,Active,2026-09-08,2026-06-18,2
2525978,18661786,215556182,https://www.redfin.com/WA/Seattle/5912-31st-Ave-SW-98126/home/18661786,5912 31st Ave SW,98126,Townhouse,2026-06-08,2026-09-19,2026-09-19,535000,515000,515000,2026-05-20,122,122,Active,2026-08-06,2026-07-13,2
2526389,108499447,215866161,https://www.redfin.com/WA/Seattle/705-18th-Ave-S-98144/unit-B/home/108499447,705 18th Ave S Unit B Unit B,98144,Townhouse,2026-06-08,2026-09-19,2026-09-19,878787,865000,865000,2026-05-22,75,75,Active,2026-07-13,2026-07-13,1
2526768,124414,215842294,https://www.redfin.com/WA/Seattle/2830-23rd-Ave-W-98199/home/124414,2830 23rd Ave W,98199,Single Family,2026-06-08,2026-09-19,2026-09-19,1450000,1299000,1299000,2026-05-21,110,110,Active,2026-08-19,2026-07-05,4
2526799,109590,215590159,https://www.redfin.com/WA/Seattle/547-NE-91st-St-98115/home/109590,547 NE 91st St,98115,Single Family,2026-06-08,2026-09-19,2026-09-19,925000,865000,865000,2026-05-25,117,117,Active,2026-09-01,2026-06-18,4
2526851,191415981,215593340,https://www.redfin.com/WA/Seattle/902-N-86th-St-98103/home/191415981,902 N 86th St,98103,Townhouse,2026-06-08,2026-09-19,2026-09-19,1025000,999999,999999,2026-05-21,120,120,Active,2026-09-02,2026-07-05,2
2527041,148560385,215560078,https://www.redfin.com/WA/Seattle/3855-21st-Ave-SW-98106/home/148560385,3855 21st Ave SW,98106,Townhouse,2026-06-08,2026-09-19,2026-09-19,427400,415000,415000,2026-05-20,122,122,Active,2026-09-14,2026-09-14,1
2527428,469676,215727823,https://www.redfin.com/WA/Seattle/6901-40th-Ave-SW-98136/home/469676,6901 40th Ave SW,98136,Single Family,2026-06-08,2026-09-19,2026-09-19,1245000,1199000,1199000,2026-05-26,116,116,Active,2026-08-02,2026-08-02,1
2527529,103934,215577331,https://www.redfin.com/WA/Seattle/2157-N-122nd-St-98133/home/103934,2157 N 122nd St,98133,Single Family,2026-06-08,2026-09-19,2026-09-19,915000,899000,899000,2026-05-20,122,122,Active,2026-06-18,2026-06-18,1
2527764,136066,216006266,https://www.redfin.com/WA/Seattle/1642-Federal-Ave-E-98102/home/136066,1642 Federal Ave E,98122,Single Family,2026-06-08,2026-09-19,2026-09-19,8800000,8800000,8800000,2026-05-26,116,116,Active,,,0
2527817,288928,215866949,https://www.redfin.com/WA/Seattle/9226-25th-Ave-NW-98117/home/288928,9226 25th Ave NW,98117,Single Family,2026-06-08,2026-09-19,2026-09-19,1998000,1898000,1898000,2026-05-22,120,120,Active,2026-07-18,2026-07-05,2
2527820,109275292,216143724,https://www.redfin.com/WA/Seattle/1516-NW-61st-St-98107/home/109275292,1516 NW 61st St,98107,Townhouse,2026-06-08,2026-09-19,2026-09-19,995000,949000,949000,2026-05-28,114,114,Active,2026-07-29,2026-07-05,2
2527844,157432,215848223,https://www.redfin.com/WA/Seattle/10851-Marine-View-Dr-SW-98146/home/157432,10851 Marine View Dr,98146,Single Family,2026-06-08,2026-09-19,2026-09-19,1274488,1174950,1174950,2026-05-22,120,120,Active,2026-08-06,2026-07-05,2
2528174,478715,215827072,https://www.redfin.com/WA/Seattle/5306-26th-Ave-S-98108/home/478715,5306 26th Ave S,98118,Single Family,2026-06-08,2026-09-19,2026-09-19,899000,870000,870000,2026-05-21,121,121,Active,2026-06-18,2026-06-18,1
2528474,18657950,217227570,https://www.redfin.com/WA/Seattle/2130-N-113th-St-98133/unit-A/home/18657950,2130 N 113th St Unit A Unit A,98133,Townhouse,2026-07-05,2026-09-19,2026-09-19,699000,675000,675000,2026-06-25,86,86,Active,2026-08-26,2026-08-26,1
2528505,98969,215881555,https://www.redfin.com/WA/Seattle/9802-Linden-Ave-N-98103/home/98969,9802 Linden Ave N,98103,Single Family,2026-06-08,2026-09-19,2026-09-19,1295500,1295500,1295500,2026-05-22,120,120,Active,,,0
2528575,199535057,215898144,https://www.redfin.com/WA/Seattle/4409-21st-Ave-SW-98106/home/199535057,4409 B 21st Ave SW,98106,Townhouse,2026-06-08,2026-09-19,2026-09-19,629900,599900,599900,2026-05-22,117,117,Active,2026-06-18,2026-06-18,1
2528630,198946005,215910505,https://www.redfin.com/WA/Seattle/4411-21st-Ave-SW-98106/home/198946005,4411 21st Ave SW,98106,Townhouse,2026-06-08,2026-09-19,2026-09-19,719900,699900,699900,2026-05-22,120,120,Active,2026-06-18,2026-06-18,1
2529339,158378,216087017,https://www.redfin.com/WA/Seattle/9326-California-Ave-SW-98136/home/158378,9326 California Ave SW,98136,Single Family,2026-06-08,2026-09-19,2026-09-19,1349500,1315000,1315000,2026-05-27,115,115,Active,2026-09-08,2026-09-08,1
2529553,139015,216322202,https://www.redfin.com/WA/Seattle/1637-Broadmoor-Dr-E-98112/home/139015,1637 Broadmoor Dr E,98112,Single Family,2026-06-08,2026-09-19,2026-09-19,2850000,2850000,2850000,2026-06-02,109,109,Active,,,0
2529592,140998,216186635,https://www.redfin.com/WA/Seattle/1126-33rd-Ave-S-98144/home/140998,1126 33rd Ave S,98144,Single Family,2026-06-08,2026-09-19,2026-09-19,3200000,2750000,2750000,2026-05-29,113,113,Active,2026-07-31,2026-07-17,2
2529825,202054072,216138726,https://www.redfin.com/WA/Seattle/8623-30th-Ave-SW-98126/home/202054072,8623 30th Ave SW,98126,Single Family,2026-06-18,2026-09-19,2026-09-19,655000,640000,640000,2026-05-28,114,114,Active,2026-09-03,2026-09-03,1
2529977,202041602,216090851,https://www.redfin.com/WA/Seattle/2031-Fairview-Ave-E-98102/unit-H/home/202041602,2031 Fairview Ave E Unit H Unit H,98102,Single Family,2026-06-08,2026-09-19,2026-09-19,5499000,4499000,4499000,2026-05-27,115,115,Active,2026-09-09,2026-06-18,3
2530053,202053738,216137527,https://www.redfin.com/WA/Seattle/4529-Corliss-Ave-N-98103/home/202053738,4529 Corliss Ave N,98103,Single Family,2026-06-08,2026-09-19,2026-09-19,1159950,1159950,1159950,2026-05-28,107,107,Active,,,0
2530271,133217,216184888,https://www.redfin.com/WA/Seattle/1519-1st-Ave-N-98109/home/133217,1519 1st Ave N,98109,Single Family,2026-06-08,2026-09-19,2026-09-19,2150000,1995000,1995000,2026-05-29,113,113,Active,2026-08-19,2026-07-13,2
2530486,20119,216200321,https://www.redfin.com/WA/Seattle/2143-N-Northlake-Way-98103/unit-34/home/20119,2143 N Northlake Way #34,98103,Single Family,2026-06-18,2026-09-19,2026-09-19,318000,318000,318000,2026-05-29,113,113,Active,,,0
2530525,496897,216611374,https://www.redfin.com/WA/Seattle/6753-14th-Ave-NW-98117/home/496897,6753 14th Ave NW,98117,Single Family,2026-06-18,2026-09-19,2026-09-19,1249000,1195000,1195000,2026-06-08,103,103,Active,2026-07-05,2026-07-05,1
2530593,47809,216137462,https://www.redfin.com/WA/Seattle/3406-W-Government-Way-98199/unit-7/home/47809,3406 W Government Way #7,98199,Townhouse,2026-06-08,2026-09-19,2026-09-19,499950,469950,469950,2026-05-28,114,114,Active,2026-09-18,2026-08-28,2
2530736,179175967,216521470,https://www.redfin.com/WA/Seattle/919-NW-56th-St-98107/unit-D/home/179175967,919 NW 56th St Unit D Unit D,98107,Townhouse,2026-06-08,2026-09-19,2026-09-19,670000,670000,670000,2026-06-04,107,107,Active,,,0
2530859,147049743,216125609,https://www.redfin.com/WA/Seattle/4411-1st-Ave-NE-98105/home/147049743,4411 1st Ave NE,98105,Single Family,2026-06-08,2026-09-19,2026-09-19,2039950,2039950,2039950,2026-05-28,113,113,Active Under Contract,,,0
2531020,121589,216182103,https://www.redfin.com/WA/Seattle/4911-NE-Laurelcrest-Ln-98105/home/121589,4911 NE Laurelcrest Ln,98105,Single Family,2026-06-08,2026-09-19,2026-09-19,15950000,15950000,15950000,2026-05-29,113,113,Active,,,0
2531022,311139,216178402,https://www.redfin.com/WA/Seattle/811-NE-66th-St-98115/home/311139,811 NE 66th St,98115,Single Family,2026-06-08,2026-09-19,2026-09-19,1279000,1199000,1199000,2026-05-29,113,113,Active,2026-08-20,2026-08-20,1
2531086,171919157,216303029,https://www.redfin.com/WA/Seattle/6325-34th-Ave-SW-98126/unit-C/home/171919157,6325 34th Ave SW Unit C Unit C,98126,Townhouse,2026-06-08,2026-09-19,2026-09-19,749000,699000,699000,2026-06-02,109,109,Active,2026-07-28,2026-07-13,2
2531105,140461,216660135,https://www.redfin.com/WA/Seattle/614-35th-Ave-98122/home/140461,614 35th Ave,98122,Single Family,2026-06-18,2026-09-19,2026-09-19,2747000,2450000,2450000,2026-06-09,102,102,Active,2026-09-13,2026-07-26,3
2531221,171972129,216125517,https://www.redfin.com/WA/Seattle/8613-23rd-Ave-NE-98115/unit-B/home/171972129,8613 23rd Ave NE Unit B Unit B,98115,Townhouse,2026-06-08,2026-09-19,2026-09-19,895000,895000,895000,2026-05-28,114,114,Active,,,0
2531287,201843005,216128961,https://www.redfin.com/WA/Seattle/4411-2nd-Ave-NE-98105/home/201843005,4411 2nd Ave NE,98105,Townhouse,2026-06-08,2026-09-19,2026-09-19,919000,919000,919000,2026-05-28,112,112,Active,,,0
2531415,139577,216934128,https://www.redfin.com/WA/Seattle/814-McGilvra-Blvd-E-98112/home/139577,814 McGilvra Blvd E,98112,Single Family,2026-06-18,2026-09-19,2026-09-19,8500000,7500000,7500000,2026-06-16,95,95,Active,2026-08-18,2026-07-13,2
2531445,310774,216724554,https://www.redfin.com/WA/Seattle/1706-NE-82nd-St-98115/home/310774,1706 NE 82nd St,98115,Single Family,2026-06-18,2026-09-19,2026-09-19,1200000,1100000,1100000,2026-06-10,101,101,Active,2026-07-28,2026-07-28,1
2531480,302148,216172007,https://www.redfin.com/WA/Seattle/837-NW-Market-St-98107/home/302148,837 NW Market St,98107,Single Family,2026-06-08,2026-09-19,2026-09-19,855000,855000,855000,2026-05-29,113,113,Active,,,0
2531487,174074359,216141714,https://www.redfin.com/WA/Seattle/8561-Mary-Ave-NW-98117/home/174074359,8561 Mary Ave NW,98117,Townhouse,2026-06-08,2026-09-19,2026-09-19,825000,699000,699000,2026-05-28,114,114,Active,2026-09-11,2026-07-05,5
2531558,493882,216165398,https://www.redfin.com/WA/Seattle/1530-NW-53rd-St-98107/home/493882,1530 NW 53rd St,98107,Single Family,2026-06-08,2026-09-19,2026-09-19,1050000,1050000,1050000,2026-05-29,113,113,Active,,,0
2531631,99867,216524452,https://www.redfin.com/WA/Seattle/918-N-100th-St-98133/unit-B/home/99867,918 N 100th St Unit B Unit B,98133,Townhouse,2026-06-08,2026-09-19,2026-09-19,624999,525000,525000,2026-06-04,107,107,Active,2026-09-01,2026-07-05,4
2531660,139183,220617566,https://www.redfin.com/WA/Seattle/1525-McGilvra-Blvd-E-98112/home/139183,1525 McGilvra Blvd E,98112,Single Family,2026-07-13,2026-09-19,2026-09-19,1295000,1295000,1295000,2026-07-10,14,14,Active,,,0
2531769,305202,216172240,https://www.redfin.com/WA/Seattle/400-NE-50th-St-98105/home/305202,400 NE 50th St,98105,Single Family,2026-06-08,2026-09-19,2026-09-19,1399000,1399000,1399000,2026-05-29,113,113,Active,,,0
2531884,475610,216184437,https://www.redfin.com/WA/Seattle/8421-6th-Ave-SW-98106/home/475610,8421 6th Ave SW,98106,Single Family,2026-06-08,2026-09-19,2026-09-19,750000,750000,750000,2026-05-29,113,113,Active,,,0
2531997,202065152,216190755,https://www.redfin.com/WA/Seattle/8750-13th-Ave-NW-98117/unit-C/home/202065152,8750 13th Ave NW Unit C Unit C,98117,Single Family,2026-06-08,2026-09-19,2026-09-19,995000,995000,995000,2026-05-29,113,113,Active,,,0
2532121,138665,216793481,https://www.redfin.com/WA/Seattle/1955-21st-Ave-E-98112/home/138665,1955 21st Ave E,98112,Single Family,2026-06-18,2026-09-19,2026-09-19,1849000,1799000,1799000,2026-06-11,100,100,Active,2026-08-14,2026-08-14,1
2532129,140244,216992444,https://www.redfin.com/WA/Seattle/1810-Madrona-Dr-98122/home/140244,1810 Madrona Dr,98122,Single Family,2026-06-18,2026-09-19,2026-09-19,2950000,2950000,2950000,2026-06-17,38,38,Active,,,0
2532132,120727,216194896,https://www.redfin.com/WA/Seattle/5113-47th-Ave-NE-98105/home/120727,5113 47th Ave NE,98105,Single Family,2026-06-08,2026-09-19,2026-09-19,2650000,2350000,2350000,2026-05-29,113,113,Active,2026-09-17,2026-09-17,1
2532228,202092597,216199360,https://www.redfin.com/WA/Seattle/2836-NW-73rd-St-98117/unit-B/home/202092597,2836 NW 73rd St Unit B Unit B,98117,Townhouse,2026-06-08,2026-09-19,2026-09-19,750000,725000,725000,2026-05-29,106,106,Active,2026-09-06,2026-09-06,1
2532689,175631480,216237090,https://www.redfin.com/WA/Seattle/1019-Sturgus-Ave-S-98144/unit-B/home/175631480,1019 Sturgus Ave S Unit B Unit B,98144,Townhouse,2026-06-08,2026-09-19,2026-09-19,879000,879000,879000,2026-06-01,110,110,Active,,,0
2532966,472243,216749836,https://www.redfin.com/WA/Seattle/9456-21st-Ave-SW-98106/unit-C/home/472243,9456 21st Ave SW Unit C Unit C,98106,Single Family,2026-06-18,2026-09-19,2026-09-19,559000,499999,499999,2026-06-11,100,100,Active,2026-08-20,2026-07-05,3
2533062,28644446,216292070,https://www.redfin.com/WA/Seattle/2019-Fairview-Ave-E-98102/unit-B/home/28644446,2019 Fairview Ave E Unit B Unit B,98102,Single Family,2026-06-08,2026-09-19,2026-09-19,1398000,1298000,1298000,2026-06-01,110,110,Active,2026-08-19,2026-06-18,2
2533191,202153724,216559429,https://www.redfin.com/WA/Seattle/823B-17th-Ave-98122/home/202153724,823 B 17th Ave,98144,Townhouse,2026-06-08,2026-09-19,2026-09-19,949950,899900,899900,2026-06-05,106,106,Active,2026-09-19,2026-08-06,2
2533242,45451369,216504453,https://www.redfin.com/WA/Seattle/2651-22nd-Ave-W-98199/unit-A/home/45451369,2651 22nd Ave W Unit A Unit A,98199,Townhouse,2026-06-08,2026-09-19,2026-09-19,785000,698500,698500,2026-06-04,107,107,Active,2026-09-09,2026-06-18,4
2533250,202192527,216682235,https://www.redfin.com/WA/Seattle/1407-N-103rd-St-98133/home/202192527,1407 N 103rd St,98133,Townhouse,2026-06-18,2026-09-19,2026-09-19,675000,675000,675000,2026-06-09,102,102,Active,,,0
2533692,159233,221597863,https://www.redfin.com/WA/Seattle/2811-SW-Dakota-St-98126/home/159233,2811 SW Dakota St,98126,Single Family,2026-07-31,2026-09-19,2026-09-19,735000,700000,700000,2026-07-30,51,51,Active,2026-09-19,2026-08-28,2
2533855,104816,216490984,https://www.redfin.com/WA/Seattle/10346-Midvale-Ave-N-98133/home/104816,10346 Midvale Ave N,98133,Single Family,2026-06-08,2026-09-19,2026-09-19,699000,650000,650000,2026-06-04,106,106,Active,2026-09-04,2026-07-13,3
2533980,18658199,216520879,https://www.redfin.com/WA/Seattle/1137-26th-Ave-98122/home/18658199,1137 26th Ave,98122,Townhouse,2026-06-08,2026-09-19,2026-09-19,899990,825000,825000,2026-06-04,107,107,Active,2026-08-05,2026-07-05,3
2534042,304891,216828041,https://www.redfin.com/WA/Seattle/331-NE-53rd-St-98105/home/304891,331 NE 53rd St,98105,Single Family,2026-06-18,2026-09-19,2026-09-19,1398800,1299800,1299800,2026-06-12,99,99,Active,2026-08-13,2026-07-23,2
2534173,17161828,216476153,https://www.redfin.com/WA/Seattle/2821-Fairview-Ave-E-98102/unit-5/home/17161828,2821 Fairview Ave E #5,98102,Single Family,2026-06-08,2026-09-19,2026-09-19,3248000,2865000,2865000,2026-06-03,108,108,Active,2026-08-27,2026-08-27,1
2534183,314160,216502821,https://www.redfin.com/WA/Seattle/4116-NE-60th-St-98115/home/314160,4116 NE 60th St,98115,Single Family,2026-06-08,2026-09-19,2026-09-19,1399950,1375950,1375950,2026-06-04,101,101,Active,2026-07-24,2026-07-24,1
2534204,202137778,216502770,https://www.redfin.com/WA/Seattle/4114-NE-60th-St-98115/home/202137778,4114 NE 60th St,98115,Single Family,2026-06-08,2026-09-19,2026-09-19,914950,849950,849950,2026-06-04,107,107,Active,2026-09-12,2026-07-05,3
2534214,202139613,216513000,https://www.redfin.com/WA/Seattle/4116-NE-60th-St-98115/unit-B/home/202139613,4116 NE 60th St Unit B Unit B,98115,Single Family,2026-06-08,2026-09-19,2026-09-19,829950,759950,759950,2026-06-04,106,106,Active,2026-09-12,2026-07-05,3
2534272,199482819,221937370,https://www.redfin.com/WA/Seattle/2230-NW-60th-St-98107/unit-B/home/199482819,2230 B NW 60th St,98107,Townhouse,2026-08-04,2026-09-19,2026-09-19,798000,778000,778000,2026-08-03,47,47,Active,2026-09-05,2026-09-05,1
2534328,308987,216484947,https://www.redfin.com/WA/Seattle/6314-19th-Ave-NE-98115/home/308987,6314 19th Ave NE,98115,Single Family,2026-06-08,2026-09-19,2026-09-19,1599000,1450000,1450000,2026-06-04,107,107,Active,2026-09-02,2026-06-18,2
2534624,202129029,216469297,https://www.redfin.com/WA/Seattle/7334-25th-Ave-NW-98117/home/202129029,7334 25th Ave NW,98117,Townhouse,2026-06-08,2026-09-19,2026-09-19,769950,729950,729950,2026-06-03,100,100,Active,2026-09-11,2026-07-05,2
2534804,288828,216570392,https://www.redfin.com/WA/Seattle/1731-NW-97th-St-98117/home/288828,1731 NW 97th St,98117,Single Family,2026-06-08,2026-09-19,2026-09-19,1295000,1250000,1250000,2026-06-05,106,106,Active,2026-08-05,2026-08-05,1
2535086,106157,216508275,https://www.redfin.com/WA/Seattle/12042-5th-Ave-NE-98125/home/106157,12042 5th Ave NE,98125,Single Family,2026-06-08,2026-09-19,2026-09-19,719000,649000,649000,2026-06-04,107,107,Active,2026-09-17,2026-07-05,4
2535228,124064,216518007,https://www.redfin.com/WA/Seattle/3443-21st-Ave-W-98199/home/124064,3443 21st Ave W,98199,Single Family,2026-06-08,2026-09-19,2026-09-19,850000,820000,820000,2026-06-04,107,107,Active,2026-08-28,2026-08-28,1
2535662,130196,220689722,https://www.redfin.com/WA/Seattle/2622-Mayfair-Ave-N-98109/home/130196,2622 Mayfair Ave N,98109,Single Family,2026-07-13,2026-09-19,2026-09-19,2650000,2599000,2599000,2026-07-11,71,71,Active,2026-09-09,2026-09-09,1
2535689,109969492,216537934,https://www.redfin.com/WA/Seattle/2326-Minor-Ave-E-98102/unit-B/home/109969492,2326 Minor Ave E Unit B Unit B,98102,Single Family,2026-06-08,2026-09-19,2026-09-19,1049000,959000,959000,2026-06-05,106,106,Active,2026-07-13,2026-07-13,1
2535807,202296246,216977411,https://www.redfin.com/WA/Seattle/8709-15th-Ave-NW-98117/unit-A/home/202296246,8709 15th Ave NW Unit A Unit A,98117,Townhouse,2026-06-18,2026-09-19,2026-09-19,899000,899000,899000,2026-06-17,94,94,Active,,,0
2535808,202287999,216953095,https://www.redfin.com/WA/Seattle/8711-15th-Ave-NW-98117/unit-A/home/202287999,8711 15th Ave NW Unit A Unit A,98117,Townhouse,2026-06-18,2026-09-19,2026-09-19,799000,799000,799000,2026-06-17,94,94,Active,,,0
2535887,496788,216573245,https://www.redfin.com/WA/Seattle/6735-11th-Ave-NW-98117/home/496788,6735 11th Ave NW,98117,Townhouse,2026-06-08,2026-09-19,2026-09-19,1200000,1100000,1100000,2026-06-05,106,106,Active,2026-08-01,2026-06-18,2
2535979,173681448,222080978,https://www.redfin.com/WA/Seattle/1713-19th-Ave-S-98144/home/173681448,1713 19th Ave S,98144,Townhouse,2026-08-07,2026-09-19,2026-09-19,629000,629000,629000,2026-08-06,44,44,Active,,,0
2536032,198413017,220432424,https://www.redfin.com/WA/Seattle/6546-D-Latona-Ave-NE-98115/home/198413017,6546 D Latona Ave NE,98115,Townhouse,2026-07-05,2026-09-19,2026-09-19,818000,778000,778000,2026-07-02,79,79,Active,2026-08-06,2026-07-18,2
2536192,152071,216948457,https://www.redfin.com/WA/Seattle/4014-57th-Ave-SW-98116/home/152071,4014 57th Ave SW,98116,Single Family,2026-06-18,2026-09-19,2026-09-19,995000,949000,949000,2026-06-17,94,94,Active,2026-09-09,2026-09-09,1
2536366,18658058,216765042,https://www.redfin.com/WA/Seattle/938-NW-51st-St-98107/home/18658058,938 NW 51st St,98107,Townhouse,2026-06-18,2026-09-19,2026-09-19,769900,724900,724900,2026-06-11,100,100,Active,2026-09-11,2026-07-13,3
2536576,124668,216741824,https://www.redfin.com/WA/Seattle/2607-W-Newton-St-98199/home/124668,2607 W Newton St,98199,Single Family,2026-06-18,2026-09-19,2026-09-19,2385000,2200000,2200000,2026-06-11,100,100,Active,2026-07-25,2026-07-25,1
2536962,171388204,216951921,https://www.redfin.com/WA/Seattle/806-NW-50th-St-98107/unit-C/home/171388204,806 NW 50th St Unit C Unit C,98107,Townhouse,2026-06-18,2026-09-19,2026-09-19,785000,749950,749950,2026-06-17,94,94,Active,2026-08-29,2026-07-13,3
2537047,109969472,217001330,https://www.redfin.com/WA/Seattle/2605-22nd-Ave-W-98199/unit-B/home/109969472,2605 22nd AVE W Unit B Unit B Unit B,98199,Townhouse,2026-06-18,2026-09-19,2026-09-19,899000,849000,849000,2026-06-17,93,93,Active,2026-08-21,2026-07-13,2
2537137,476008,216636633,https://www.redfin.com/WA/Seattle/1207-SW-Cambridge-St-98106/home/476008,1207 SW cambridge St,98106,Single Family,2026-06-18,2026-09-19,2026-09-19,599995,595995,595995,2026-06-08,103,103,Active,2026-07-18,2026-07-18,1
2537401,95404,216837508,https://www.redfin.com/WA/Seattle/12742-Palatine-Ave-N-98133/home/95404,12742 Palatine Ave N,98133,Single Family,2026-06-18,2026-09-19,2026-09-19,895000,870000,870000,2026-06-12,99,99,Active,2026-07-22,2026-07-22,1
2537640,150272,216815678,https://www.redfin.com/WA/Seattle/5603-SW-Lander-St-98116/home/150272,5603 SW Lander St,98116,Single Family,2026-06-18,2026-09-19,2026-09-19,849950,765000,765000,2026-06-12,99,99,Active,2026-08-07,2026-07-13,2
2537827,143457424,222042348,https://www.redfin.com/WA/Seattle/3812-Whitman-Ave-N-98103/home/143457424,3812 Whitman Ave N,98103,Single Family,2026-08-06,2026-09-19,2026-09-19,1085000,1004950,1004950,2026-08-05,45,45,Active,2026-09-19,2026-08-19,2
2537974,149472,221579577,https://www.redfin.com/WA/Seattle/2712-58th-Ave-SW-98116/home/149472,2712 58th Ave SW,98116,Single Family,2026-07-31,2026-09-19,2026-09-19,849000,849000,849000,2026-07-30,51,51,Active,,,0
2538014,202268402,216895662,https://www.redfin.com/WA/Seattle/334-NE-90th-St-98115/home/202268402,334 NE 90th St,98115,Townhouse,2026-06-18,2026-09-19,2026-09-19,1229950,1049999,1049999,2026-06-15,96,96,Active,2026-08-20,2026-07-22,3
2538073,107948490,216755318,https://www.redfin.com/WA/Seattle/2645-NW-63rd-St-98107/home/107948490,2645 NW 63rd St,98107,Single Family,2026-06-18,2026-09-19,2026-09-19,1175000,1100000,1100000,2026-06-11,96,96,Active,2026-08-22,2026-07-18,3
2538117,104503,217181768,https://www.redfin.com/WA/Seattle/10025-Ashworth-Ave-N-98133/home/104503,10025 Ashworth Ave N,98133,Single Family,2026-07-05,2026-09-19,2026-09-19,850000,799000,799000,2026-06-24,87,87,Active,2026-09-12,2026-07-27,3
2538159,496439,216777047,https://www.redfin.com/WA/Seattle/1480-NW-80th-St-98117/home/496439,1480 NW 80th St,98117,Single Family,2026-06-18,2026-09-19,2026-09-19,799950,774950,774950,2026-06-11,100,100,Active,2026-08-05,2026-08-05,1
2538221,18661297,216788450,https://www.redfin.com/WA/Seattle/1616-Bigelow-Ave-N-98109/home/18661297,1616 Bigelow Ave N,98109,Single Family,2026-06-18,2026-09-19,2026-09-19,3875000,3875000,3875000,2026-06-11,100,100,Active,,,0
2538319,139170,216962612,https://www.redfin.com/WA/Seattle/131-Madrona-Pl-E-98112/home/139170,131 Madrona Pl E,98112,Single Family,2026-06-18,2026-09-19,2026-09-19,2967000,2967000,2967000,2026-06-17,94,94,Active,,,0
2538570,169695327,216789218,https://www.redfin.com/WA/Seattle/2706-Westlake-Ave-N-98109/unit-76/home/169695327,2706 Westlake Ave N #76,98109,Single Family,2026-06-18,2026-09-19,2026-09-19,425000,399000,399000,2026-06-11,100,100,Active,2026-07-19,2026-07-19,1
2538602,179700882,221287025,https://www.redfin.com/WA/Seattle/5454-35th-Ave-SW-98126/home/179700882,5454 35th Ave SW,98126,Single Family,2026-07-26,2026-09-19,2026-09-19,625000,574000,574000,2026-07-25,56,56,Active,2026-09-19,2026-08-05,2
2538715,200421336,216767619,https://www.redfin.com/WA/Seattle/1556-S-Pearl-St-98108/unit-B/home/200421336,1556 S Pearl St Unit B Unit B,98108,Single Family,2026-07-05,2026-09-19,2026-09-19,699000,689000,689000,2026-06-11,100,100,Active,2026-07-27,2026-07-27,1
2538757,134279,216776191,https://www.redfin.com/WA/Seattle/1307-W-Boston-St-98119/home/134279,1307 W Boston St,98119,Single Family,2026-06-18,2026-09-19,2026-09-19,1599000,1599000,1599000,2026-06-11,100,100,Active,,,0
2538786,97540,217173136,https://www.redfin.com/WA/Seattle/741-N-128th-St-98133/home/97540,741 N 128th St,98133,Single Family,2026-07-05,2026-09-19,2026-09-19,560000,425000,425000,2026-06-24,73,73,Active,2026-09-19,2026-08-18,2
2538791,201089690,216767282,https://www.redfin.com/WA/Seattle/1556-S-Pearl-St-98108/unit-C/home/201089690,1556 S Pearl St Unit C Unit C,98108,Single Family,2026-06-18,2026-09-19,2026-09-19,775000,765000,765000,2026-06-11,100,100,Active,2026-07-25,2026-07-25,1
2538849,22392812,216770380,https://www.redfin.com/WA/Seattle/1546-Sturgus-Ave-S-98144/home/22392812,1546 Sturgus Ave S,98144,Single Family,2026-06-18,2026-09-19,2026-09-19,815000,778000,778000,2026-06-11,100,100,Active,2026-09-01,2026-07-16,2
2538909,22222079,216932509,https://www.redfin.com/WA/Seattle/470-N-130th-St-98133/home/22222079,470 N 130th St,98133,Townhouse,2026-06-18,2026-09-19,2026-09-19,589000,589000,589000,2026-06-16,95,95,Active,,,0
2539127,306493,216842872,https://www.redfin.com/WA/Seattle/443-NE-Ravenna-Blvd-98115/unit-B/home/306493,443 NE Ravenna Blvd Unit B Unit B,98115,Townhouse,2026-06-18,2026-09-19,2026-09-19,825000,699000,699000,2026-06-12,99,99,Active,2026-09-01,2026-07-13,3
2539206,121408,216830277,https://www.redfin.com/WA/Seattle/3038-E-Laurelhurst-Dr-NE-98105/home/121408,3038 E Laurelhurst Dr NE,98105,Single Family,2026-06-18,2026-09-19,2026-09-19,16900000,16900000,16900000,2026-06-12,99,99,Active,,,0
2539324,148187218,216839373,https://www.redfin.com/WA/Seattle/2706-Westlake-Ave-N-98109/unit-99C/home/148187218,2706 Westlake Ave N #84,98109,Single Family,2026-06-18,2026-09-19,2026-09-19,389000,349900,349900,2026-06-12,99,99,Active,2026-08-31,2026-07-25,2
2539347,140175,216885338,https://www.redfin.com/WA/Seattle/180-Lake-Washington-Blvd-E-98112/home/140175,180 Lake Washington Blvd E,98112,Single Family,2026-06-18,2026-09-19,2026-09-19,4650000,4650000,4650000,2026-06-15,96,96,Active,,,0
2539377,145248,216813970,https://www.redfin.com/WA/Seattle/1821-E-Howell-St-98122/home/145248,1821 E Howell St,98122,Single Family,2026-06-18,2026-09-19,2026-09-19,950000,950000,950000,2026-06-12,99,99,Active,,,0
2539787,21884042,216837959,https://www.redfin.com/WA/Seattle/3414-33rd-Ave-SW-98126/home/21884042,3414 33rd Ave SW,98126,Single Family,2026-06-18,2026-09-19,2026-09-19,1050000,1050000,1050000,2026-06-12,99,99,Active,,,0
2539907,169822,216849565,https://www.redfin.com/WA/Seattle/3625-15th-Ave-S-98144/home/169822,3625 15th Ave S,98144,Single Family,2026-06-18,2026-09-19,2026-09-19,775000,575000,575000,2026-06-13,98,98,Active,2026-08-01,2026-07-05,3
2540069,494762,216932364,https://www.redfin.com/WA/Seattle/5620-6th-Ave-NW-98107/home/494762,5620 6th Ave NW,98107,Single Family,2026-06-18,2026-09-19,2026-09-19,2269000,2189000,2189000,2026-06-16,95,95,Active,2026-08-07,2026-08-07,1
2540113,313174,216928111,https://www.redfin.com/WA/Seattle/2722-NE-Blakeley-St-98105/home/313174,2722 NE Blakeley St,98105,Single Family,2026-06-18,2026-09-19,2026-09-19,799000,799000,799000,2026-06-16,78,78,Active,,,0
2540263,134343,217198950,https://www.redfin.com/WA/Seattle/2002-1st-Ave-N-98109/home/134343,2002 1st Ave N,98109,Single Family,2026-07-05,2026-09-19,2026-09-19,2389950,2249000,2249000,2026-06-25,86,86,Active,2026-09-04,2026-07-28,2
2540334,202258302,216880517,https://www.redfin.com/WA/Seattle/6219-9th-Ave-NE-98115/home/202258302,6219 9th Ave NE,98115,Townhouse,2026-06-18,2026-09-19,2026-09-19,699950,689950,689950,2026-06-15,96,96,Active,2026-09-09,2026-09-09,1
2540413,302387,216963372,https://www.redfin.com/WA/Seattle/4104-Leary-Way-NW-98107/home/302387,4104 Leary Way NW,98107,Townhouse,2026-06-18,2026-09-19,2026-09-19,965000,905000,905000,2026-06-17,94,94,Active,2026-08-15,2026-07-20,2
2540675,148208,217016074,https://www.redfin.com/WA/Seattle/1822-31st-Ave-98122/home/148208,1822 31st Ave,98122,Single Family,2026-07-05,2026-09-19,2026-09-19,1875000,1694000,1694000,2026-06-18,93,93,Active,2026-09-09,2026-07-13,6
2540716,156842,217108469,https://www.redfin.com/WA/Seattle/9839-51st-Ave-SW-98136/home/156842,9839 51st Ave SW,98136,Single Family,2026-07-05,2026-09-19,2026-09-19,2185000,2015000,2015000,2026-06-22,89,89,Active,2026-09-05,2026-07-13,3
2540784,482770,216942561,https://www.redfin.com/WA/Seattle/5919-19th-Ave-S-98108/home/482770,5919 19th Ave S,98108,Single Family,2026-06-18,2026-09-19,2026-09-19,695000,675000,675000,2026-06-17,94,94,Active,2026-09-06,2026-09-06,1
2540858,204414295,222074059,https://www.redfin.com/WA/Seattle/8323-A-12th-Ave-NW-98117/home/204414295,8323 A 12th Ave NW,98117,Townhouse,2026-08-07,2026-09-19,2026-09-19,849995,849995,849995,2026-08-06,44,44,Active,,,0
2540865,240,216949896,https://www.redfin.com/WA/Seattle/205-27th-Ave-S-98144/unit-205/home/240,205 27th Ave S #205,98144,Townhouse,2026-06-18,2026-09-19,2026-09-19,798000,748000,748000,2026-06-17,94,94,Active,2026-09-09,2026-09-09,1
2540946,104029,216974416,https://www.redfin.com/WA/Seattle/2345-N-130th-St-98133/home/104029,2345 N 130th St,98133,Single Family,2026-06-18,2026-09-19,2026-09-19,1100000,875000,875000,2026-06-17,94,94,Active,2026-08-28,2026-07-05,4
2541141,122391,217021295,https://www.redfin.com/WA/Seattle/4529-E-Laurel-Dr-NE-98105/home/122391,4529 E Laurel Dr NE,98105,Single Family,2026-07-05,2026-09-19,2026-09-19,2625000,2625000,2625000,2026-06-18,93,93,Active,,,0
2541143,121293,217019080,https://www.redfin.com/WA/Seattle/5757-64th-Ave-NE-98105/home/121293,5757 64th Ave NE,98105,Single Family,2026-07-05,2026-09-19,2026-09-19,3195000,3050000,3050000,2026-06-18,93,93,Active Under Contract,2026-07-22,2026-07-22,1
2541256,194995497,216968790,https://www.redfin.com/WA/Seattle/5739-25th-Ave-NE-98105/home/194995497,5739 25th Ave NE,98105,Single Family,2026-06-18,2026-09-19,2026-09-19,2329950,2269950,2269950,2026-06-17,94,94,Active,2026-08-08,2026-08-08,1
2541437,22708814,216989319,https://www.redfin.com/WA/Seattle/11212-Greenwood-Ave-N-98133/unit-B/home/22708814,11212 Greenwood Ave N Unit B Unit B,98133,Townhouse,2026-06-18,2026-09-19,2026-09-19,610000,585000,585000,2026-06-17,93,93,Active,2026-07-17,2026-07-17,1
2541580,132214,216954579,https://www.redfin.com/WA/Seattle/408-Aloha-St-98109/home/132214,408 Aloha St,98109,Townhouse,2026-06-18,2026-09-19,2026-09-19,1600000,1525000,1525000,2026-06-17,94,94,Active,2026-09-09,2026-08-13,2
2541623,22692359,217002827,https://www.redfin.com/WA/Seattle/1406-N-Northgate-Way-98133/unit-B/home/22692359,1406 N Northgate Way Unit B Unit B,98133,Townhouse,2026-06-18,2026-09-19,2026-09-19,595000,575000,575000,2026-06-17,93,93,Active,2026-07-13,2026-07-13,1
2541630,306513,217147313,https://www.redfin.com/WA/Seattle/8257-Interlake-Ave-N-98103/home/306513,8257 Interlake Ave N,98103,Single Family,2026-07-05,2026-09-19,2026-09-19,795000,795000,795000,2026-06-23,88,88,Active,,,0
2541637,150306,216990401,https://www.redfin.com/WA/Seattle/2769-59th-Ave-SW-98116/unit-B/home/150306,2769 59th Ave SW Unit B Unit B,98116,Townhouse,2026-06-18,2026-09-19,2026-09-19,1100000,1100000,1100000,2026-06-17,93,93,Active,,,0
2541786,143830,217019045,https://www.redfin.com/WA/Seattle/1443-22nd-Ave-98122/home/143830,1443 22nd Ave,98122,Single Family,2026-07-05,2026-09-19,2026-09-19,1498000,1350000,1350000,2026-06-18,93,93,Active,2026-09-05,2026-07-25,2
2541794,176359584,217190437,https://www.redfin.com/WA/Seattle/2106-NE-85th-St-98115/unit-E/home/176359584,2106 NE 85th St Unit E Unit E,98115,Townhouse,2026-07-05,2026-09-19,2026-09-19,760000,719000,719000,2026-06-24,87,87,Active,2026-08-22,2026-08-05,2
2541910,148874,217021690,https://www.redfin.com/WA/Seattle/1302-30th-Ave-S-98144/home/148874,1302 30th Ave S,98144,Townhouse,2026-07-05,2026-09-19,2026-09-19,899000,799000,799000,2026-06-18,93,93,Active,2026-09-12,2026-07-18,3
2542084,159639,217202197,https://www.redfin.com/WA/Seattle/6715-Delridge-Way-SW-98106/home/159639,6715 Delridge Way SW,98106,Single Family,2026-07-05,2026-09-19,2026-09-19,950000,950000,950000,2026-06-25,86,86,Active,,,0
2542089,12305825,217012924,https://www.redfin.com/WA/Seattle/6526-34th-Ave-NE-98115/unit-B/home/12305825,6526 34th Ave NE Unit B Unit B,98115,Townhouse,2026-07-05,2026-09-19,2026-09-19,875000,825000,825000,2026-06-18,93,93,Active,2026-08-20,2026-07-15,2
2542205,140411,217023067,https://www.redfin.com/WA/Seattle/618-37th-Ave-98122/home/140411,618 37th Ave,98122,Single Family,2026-07-05,2026-09-19,2026-09-19,2379000,2379000,2379000,2026-06-18,93,93,Active,,,0
2542307,153810,216997761,https://www.redfin.com/WA/Seattle/5050-50th-Ave-SW-98136/home/153810,5050 50th Ave SW,98136,Single Family,2026-06-18,2026-09-19,2026-09-19,650000,650000,650000,2026-06-17,79,79,Active,,,0
2542378,202366125,217179589,https://www.redfin.com/WA/Seattle/108-29th-Ave-E-98112/home/202366125,108 29th Ave E,98112,Single Family,2026-07-05,2026-09-19,2026-09-19,779950,779950,779950,2026-06-24,87,87,Active,,,0
2542417,202306861,217012927,https://www.redfin.com/WA/Seattle/2805-S-Charles-St-98144/home/202306861,2805 S Charles St S,98144,Townhouse,2026-07-05,2026-09-19,2026-09-19,799950,799950,799950,2026-06-18,93,93,Active,,,0
2542534,202330676,217064421,https://www.redfin.com/WA/Seattle/3035-21st-Ave-W-98199/home/202330676,3035 A 21st Ave W,98199,Townhouse,2026-07-05,2026-09-19,2026-09-19,897000,897000,897000,2026-06-19,92,92,Active,,,0
2542605,128591,217235637,https://www.redfin.com/WA/Seattle/3613-40th-Ave-W-98199/home/128591,3613 40th Ave W,98199,Single Family,2026-07-05,2026-09-19,2026-09-19,1425000,1385000,1385000,2026-06-25,86,86,Active,2026-08-08,2026-07-28,2
2542641,12317516,217026353,https://www.redfin.com/WA/Seattle/2414-SW-Holden-St-98106/unit-B/home/12317516,2414 SW Holden St Unit B Unit B,98106,Townhouse,2026-07-05,2026-09-19,2026-09-19,565000,565000,565000,2026-06-18,93,93,Active,,,0
2542713,177918743,217125621,https://www.redfin.com/WA/Seattle/2401-N-Northlake-Way-98103/unit-E7/home/177918743,2401 N Northlake Way Unit E7 Unit E7,98103,Single Family,2026-07-05,2026-09-19,2026-09-19,340000,299000,299000,2026-06-23,88,88,Active,2026-08-07,2026-07-24,2
2542925,143458472,217048197,https://www.redfin.com/WA/Seattle/612-N-45th-St-98103/unit-C/home/143458472,612 N 45th St Unit C Unit C,98103,Townhouse,2026-07-05,2026-09-19,2026-09-19,769500,750000,750000,2026-06-19,92,92,Active,2026-08-29,2026-08-29,1
2543023,146892,220349850,https://www.redfin.com/WA/Seattle/1729-34th-Ave-98122/home/146892,1729 34th Ave,98122,Single Family,2026-07-05,2026-09-19,2026-09-19,2495000,2495000,2495000,2026-07-01,80,80,Active,,,0
2543084,12539031,217066800,https://www.redfin.com/WA/Seattle/5033-12th-Ave-NE-98105/unit-B/home/12539031,5033 12th Ave NE Unit B Unit B,98105,Townhouse,2026-07-05,2026-09-19,2026-09-19,620000,599950,599950,2026-06-19,92,92,Active,2026-08-17,2026-08-17,1
2543132,330197,217049079,https://www.redfin.com/WA/Seattle/4411-50th-Ave-SW-98116/home/330197,4411 50th Ave SW,98116,Single Family,2026-07-05,2026-09-19,2026-09-19,850000,800000,800000,2026-06-19,85,85,Active,2026-08-13,2026-07-17,2
2543147,195906094,217076336,https://www.redfin.com/WA/Seattle/1019-California-Ln-SW-98116/home/195906094,1019 California Ln SW,98116,Single Family,2026-07-05,2026-09-19,2026-09-19,6975000,6975000,6975000,2026-06-20,91,91,Active,,,0
2543235,98851,217057899,https://www.redfin.com/WA/Seattle/337-N-105th-St-98133/unit-A/home/98851,337 N 105th St Unit A Unit A,98133,Townhouse,2026-07-05,2026-09-19,2026-09-19,599000,599000,599000,2026-06-19,62,62,Active,,,0
2543266,12318639,217334030,https://www.redfin.com/WA/Seattle/3128-Franklin-Ave-E-98102/unit-B/home/12318639,3128 Franklin Ave E Unit B Unit B,98102,Single Family,2026-07-05,2026-09-19,2026-09-19,1000000,1000000,1000000,2026-06-29,82,82,Active,,,0
2543281,171925747,220527654,https://www.redfin.com/WA/Seattle/422-10th-Ave-E-98102/unit-F/home/171925747,422 10th Ave E Unit F Unit F,98102,Townhouse,2026-07-13,2026-09-19,2026-09-19,849950,825000,825000,2026-07-08,74,74,Active,2026-09-02,2026-08-08,2
2543442,195906093,217076209,https://www.redfin.com/WA/Seattle/1017-California-Ln-SW-98116/unit-1017/home/195906093,1017 California Ln SW,98116,Single Family,2026-07-05,2026-09-19,2026-09-19,6395000,6395000,6395000,2026-06-20,91,91,Active,,,0
2543495,121816,220521325,https://www.redfin.com/WA/Seattle/3333-43rd-Ave-NE-98105/home/121816,3333 43rd Ave NE,98105,Single Family,2026-07-13,2026-09-19,2026-09-19,4850000,4850000,4850000,2026-07-08,74,74,Active,,,0
2543663,21470992,217132752,https://www.redfin.com/WA/Seattle/3636-13th-Ave-W-98119/unit-A/home/21470992,3636 13th Ave W Unit A Unit A,98119,Townhouse,2026-07-05,2026-09-19,2026-09-19,855000,835000,835000,2026-06-23,88,88,Active,2026-08-27,2026-08-27,1
2543948,120445,217114700,https://www.redfin.com/WA/Seattle/4460-Midvale-Ave-N-98103/home/120445,4460 Midvale Ave N,98103,Townhouse,2026-07-05,2026-09-19,2026-09-19,1610250,1425000,1425000,2026-06-22,89,89,Active,2026-07-18,2026-07-13,2
2544104,312933,217153884,https://www.redfin.com/WA/Seattle/5508-31st-Ave-NE-98105/home/312933,5508 31st Ave NE,98105,Single Family,2026-07-05,2026-09-19,2026-09-19,1249000,1145000,1145000,2026-06-23,88,88,Active,2026-09-11,2026-07-17,3
2544229,12543677,217120949,https://www.redfin.com/WA/Seattle/209-12th-Ave-E-98102/home/12543677,209 12th Ave E,98102,Single Family,2026-07-05,2026-09-19,2026-09-19,1749000,1749000,1749000,2026-06-22,89,89,Active,,,0
2544249,122889,217266441,https://www.redfin.com/WA/Seattle/4611-34th-Ave-W-98199/home/122889,4611 34th Ave W,98199,Single Family,2026-07-16,2026-09-19,2026-09-19,1025000,997000,997000,2026-07-08,73,73,Active,2026-09-12,2026-09-12,1
2544300,123360,217215881,https://www.redfin.com/WA/Seattle/4030-26th-Ave-W-98199/home/123360,4030 26th Ave W,98199,Single Family,2026-07-05,2026-09-19,2026-09-19,1525000,1450000,1450000,2026-06-25,86,86,Active,2026-08-19,2026-07-18,2
2544445,105182,217215255,https://www.redfin.com/WA/Seattle/10306-Midvale-Ave-N-98133/unit-A/home/105182,10306 Midvale Ave N Unit A Unit A,98133,Townhouse,2026-07-05,2026-09-19,2026-09-19,729950,729950,729950,2026-06-25,86,86,Active,,,0
2544601,307094,217143707,https://www.redfin.com/WA/Seattle/8216-Interlake-Ave-N-98103/home/307094,8216 Interlake Ave N,98103,Single Family,2026-07-05,2026-09-19,2026-09-19,1230000,1195000,1195000,2026-06-23,88,88,Active,2026-07-13,2026-07-13,1
2544628,175727860,217165696,https://www.redfin.com/WA/Seattle/604-NW-77th-St-98117/unit-D/home/175727860,604 NW 77th St Unit D Unit D,98117,Townhouse,2026-07-05,2026-09-19,2026-09-19,735000,714990,714990,2026-06-24,87,87,Active,2026-09-18,2026-08-19,2
2544819,17381916,223394959,https://www.redfin.com/WA/Seattle/1712-NW-58th-St-98107/unit-B/home/17381916,1712 NW 58th St Unit B Unit B,98107,Townhouse,2026-09-12,2026-09-19,2026-09-19,755000,755000,755000,2026-09-11,,,First Look,,,0
2544992,69353894,217238857,https://www.redfin.com/WA/Seattle/3007-NW-56th-St-98107/home/69353894,3007 NW 56th St,98107,Townhouse,2026-07-05,2026-09-19,2026-09-19,825000,825000,825000,2026-06-25,86,86,Active,,,0
2545365,12306477,217264679,https://www.redfin.com/WA/Seattle/2815-24th-Ave-S-98144/home/12306477,2815 24th Ave S,98144,Townhouse,2026-07-05,2026-09-19,2026-09-19,649950,585950,585950,2026-07-01,80,80,Active,2026-09-18,2026-07-13,3
2545366,159804,217205716,https://www.redfin.com/WA/Seattle/2609-SW-Adams-St-98126/unit-B/home/159804,2609 B SW Adams St,98126,Single Family,2026-07-05,2026-09-19,2026-09-19,617000,599000,599000,2026-06-25,86,86,Active,2026-08-04,2026-08-04,1
2545388,191416653,217189553,https://www.redfin.com/WA/Seattle/14338-Ashworth-Ave-N-98133/unit-B/home/191416653,14338 Ashworth Ave N Unit B Unit B,98133,Single Family,2026-07-05,2026-09-19,2026-09-19,593000,550000,550000,2026-06-24,87,87,Active,2026-09-01,2026-07-18,4
2545415,202386126,217279034,https://www.redfin.com/WA/Seattle/8738-13th-Ave-NW-98117/home/202386126,8738 B 13th Ave NW,98117,Single Family,2026-07-23,2026-09-19,2026-09-19,509000,509000,509000,2026-06-26,85,85,Active,,,0
2545487,121648,217237839,https://www.redfin.com/WA/Seattle/3908-NE-38th-St-98105/home/121648,3908 NE 38th St,98105,Single Family,2026-07-05,2026-09-19,2026-09-19,3150000,3150000,3150000,2026-06-25,86,86,Active,,,0
2545542,305276,217240402,https://www.redfin.com/WA/Seattle/5426-Green-Lake-Way-N-98103/home/305276,5426 Green Lake Way N,98103,Single Family,2026-07-05,2026-09-19,2026-09-19,1200000,1050000,1050000,2026-06-25,86,86,Active,2026-09-11,2026-07-28,3
2545601,478439,220516496,https://www.redfin.com/WA/Seattle/6325-S-Eddy-Ct-98118/home/478439,6325 S Eddy Ct,98118,Single Family,2026-07-13,2026-09-19,2026-09-19,749950,649950,649950,2026-07-07,75,75,Active,2026-08-21,2026-07-24,2
2545746,202376094,217223732,https://www.redfin.com/WA/Seattle/10215-Evanston-Ave-N-98133/unit-2/home/202376094,10215 Evanston Ave N #2,98133,Single Family,2026-07-05,2026-09-19,2026-09-19,785000,750000,750000,2026-06-25,86,86,Active,2026-08-14,2026-08-14,1
2546306,156959,217243549,https://www.redfin.com/WA/Seattle/10818-31st-Ave-SW-98146/home/156959,10818 31st Ave SW,98146,Single Family,2026-07-05,2026-09-19,2026-09-19,1025000,949000,949000,2026-06-25,54,54,Active,2026-09-05,2026-07-13,2
2546364,133035,217300279,https://www.redfin.com/WA/Seattle/1117-W-Blaine-St-98119/home/133035,1117 W Blaine St,98119,Single Family,2026-07-05,2026-09-19,2026-09-19,1360000,1300000,1300000,2026-06-27,84,84,Active,2026-07-25,2026-07-25,1
2546417,148101,217270509,https://www.redfin.com/WA/Seattle/715-27th-Ave-98122/home/148101,715 27th Ave,98122,Single Family,2026-07-05,2026-09-19,2026-09-19,950000,950000,950000,2026-06-26,85,85,Active,,,0
2546579,165271,220411458,https://www.redfin.com/WA/Seattle/7337-Jones-Ave-NW-98117/home/165271,7337 Jones Ave NW,98117,Single Family,2026-07-05,2026-09-19,2026-09-19,1400000,1330000,1330000,2026-07-02,79,79,Active,2026-08-06,2026-08-06,1
2546665,159818,217291792,https://www.redfin.com/WA/Seattle/5040-35th-Ave-SW-98126/home/159818,5040 35th Ave SW,98126,Single Family,2026-07-05,2026-09-19,2026-09-19,850000,825000,825000,2026-06-27,84,84,Active,2026-09-12,2026-09-12,1
2546765,170624438,220564405,https://www.redfin.com/WA/Seattle/2852-SW-Nevada-St-98126/home/170624438,2852 SW Nevada St,98126,Single Family,2026-07-13,2026-09-19,2026-09-19,630000,579988,579988,2026-07-09,73,73,Active,2026-08-05,2026-07-22,2
2546828,202387011,217284066,https://www.redfin.com/WA/Seattle/4317-35th-Ave-W-98199/home/202387011,4317 35th Ave W,98199,Townhouse,2026-07-05,2026-09-19,2026-09-19,1195000,1195000,1195000,2026-06-26,85,85,Active,,,0
2547038,472704,217300043,https://www.redfin.com/WA/Seattle/9231-26th-Ave-SW-98106/home/472704,9231 26th Ave SW,98106,Single Family,2026-07-05,2026-09-19,2026-09-19,645000,615000,615000,2026-06-27,73,73,Active,2026-08-19,2026-08-19,1
2547136,172725955,218586028,https://www.redfin.com/WA/Seattle/6313-9th-Ave-NE-98115/unit-A/home/172725955,6313 9th Ave NE Unit A Unit A,98115,Townhouse,2026-07-05,2026-09-19,2026-09-19,665000,665000,665000,2026-07-01,80,80,Active,,,0
2547142,97794,220926037,https://www.redfin.com/WA/Seattle/610-N-125th-St-98133/home/97794,610 N 125th St,98133,Single Family,2026-07-16,2026-09-19,2026-09-19,925000,829000,829000,2026-07-15,65,65,Active,2026-09-11,2026-07-31,3
2547144,101269,217307337,https://www.redfin.com/WA/Seattle/9520-2nd-Ave-NW-98117/home/101269,9520 2nd Ave NW,98117,Single Family,2026-07-05,2026-09-19,2026-09-19,725000,699000,699000,2026-06-28,83,83,Active,2026-07-23,2026-07-23,1
2547160,201382966,217315700,https://www.redfin.com/WA/Seattle/3636-Greenwood-Ave-N-98103/unit-A/home/201382966,3636 Greenwood Ave N Unit A Unit A,98103,Townhouse,2026-07-05,2026-09-19,2026-09-19,1097000,998950,998950,2026-06-29,82,82,Active,2026-07-29,2026-07-29,1
2547168,109972305,220969041,https://www.redfin.com/WA/Seattle/3834-California-Ave-SW-98116/home/109972305,3834 California Ave SW,98116,Townhouse,2026-07-17,2026-09-19,2026-09-19,1100000,1100000,1100000,2026-07-16,65,65,Active,,,0
2547195,474805,217340171,https://www.redfin.com/WA/Seattle/7703-11th-Ave-SW-98106/home/474805,7703 11 Ave SW,98106,Townhouse,2026-07-05,2026-09-19,2026-09-19,549999,499999,499999,2026-06-29,82,82,Active,2026-09-09,2026-08-09,2
2547204,30612,217335060,https://www.redfin.com/WA/Seattle/501-23rd-Ave-S-98144/unit-C3/home/30612,501 23rd Ave S Unit C3 Unit C3,98144,Townhouse,2026-07-05,2026-09-19,2026-09-19,630000,570000,570000,2026-06-29,82,82,Active,2026-09-16,2026-08-09,2
2547264,105510859,220532810,https://www.redfin.com/WA/Seattle/8765-15th-Ave-NW-98117/home/105510859,8765 15th Ave NW,98117,Single Family,2026-07-13,2026-09-19,2026-09-19,975000,950000,950000,2026-07-08,74,74,Active,2026-09-14,2026-09-14,1
2547455,205397575,220580587,https://www.redfin.com/WA/Seattle/4464-Midvale-Ave-N-98103/home/205397575,4464 Midvale Ave N,98103,Townhouse,2026-07-13,2026-09-19,2026-09-19,1595000,1595000,1595000,2026-07-09,73,73,Active,,,0
2547509,317675,218310623,https://www.redfin.com/WA/Seattle/8255-30th-Ave-NE-98115/home/317675,8255 30th Ave NE,98115,Single Family,2026-07-05,2026-09-19,2026-09-19,950000,950000,950000,2026-06-30,81,81,Active,,,0
2547931,202480004,218307841,https://www.redfin.com/WA/Seattle/2014-Fairview-Ave-E-98102/unit-C/home/202480004,2014 Fairview Ave E Unit C Unit C,98102,Townhouse,2026-07-05,2026-09-19,2026-09-19,799950,799950,799950,2026-06-30,81,81,Active,,,0
2547949,148823,221131830,https://www.redfin.com/WA/Seattle/2902-S-Jackson-St-98144/home/148823,2902 S Jackson St,98144,Single Family,2026-07-23,2026-09-19,2026-09-19,1199999,1199999,1199999,2026-07-22,48,48,Active,,,0
2548207,22591276,220390558,https://www.redfin.com/WA/Seattle/440-13th-Ave-E-98102/home/22591276,440 13th Ave,98122,Townhouse,2026-07-05,2026-09-19,2026-09-19,1190000,1190000,1190000,2026-07-01,80,80,Active,,,0
2548250,478058,220647129,https://www.redfin.com/WA/Seattle/2539-S-Graham-St-98108/home/478058,2539 S Graham,98108,Single Family,2026-07-13,2026-09-19,2026-09-19,910000,850000,850000,2026-07-10,72,72,Active,2026-08-30,2026-07-18,3
2548363,133169,220650479,https://www.redfin.com/WA/Seattle/101-Prospect-St-98109/home/133169,101 Prospect St,98109,Single Family,2026-07-13,2026-09-19,2026-09-19,3750000,3750000,3750000,2026-07-10,72,72,Active,,,0
2548561,98369,220393767,https://www.redfin.com/WA/Seattle/9815-Linden-Ave-N-98103/home/98369,9815 Linden Ave N,98103,Townhouse,2026-07-05,2026-09-19,2026-09-19,1075000,999950,999950,2026-07-01,73,73,Active,2026-08-05,2026-08-05,1
2548636,202555779,220394456,https://www.redfin.com/WA/Seattle/9813-Linden-Ave-N-98103/home/202555779,9813 Linden Ave N,98103,Townhouse,2026-07-05,2026-09-19,2026-09-19,665000,665000,665000,2026-07-01,80,80,Active,,,0
2548722,478890,220506966,https://www.redfin.com/WA/Seattle/5018-28th-Ave-S-98108/home/478890,5018 28th Ave S,98108,Single Family,2026-07-13,2026-09-19,2026-09-19,1050000,995000,995000,2026-07-07,75,75,Active,2026-08-20,2026-08-04,2
2548781,122508,223119931,https://www.redfin.com/WA/Seattle/3517-43rd-Ave-NE-98105/home/122508,3517 43rd Ave NE,98105,Single Family,2026-09-03,2026-09-19,2026-09-19,10950000,10950000,10950000,2026-09-02,16,16,Active,,,0
2548844,103665,220555021,https://www.redfin.com/WA/Seattle/2137-N-128th-St-98133/home/103665,2137 N 128TH St,98133,Single Family,2026-07-13,2026-09-19,2026-09-19,1595000,1595000,1595000,2026-07-08,74,74,Active,,,0
2548890,309386,221984448,https://www.redfin.com/WA/Seattle/6534-19th-Ave-NE-98115/home/309386,6534 19th Ave NE,98115,Single Family,2026-08-05,2026-09-19,2026-09-19,1335000,1280000,1280000,2026-08-04,45,45,Active,2026-09-04,2026-08-18,2
2548922,199482850,220412894,https://www.redfin.com/WA/Seattle/1155-NW-58th-St-98107/home/199482850,1155 NW 58th St,98107,Townhouse,2026-07-05,2026-09-19,2026-09-19,996950,996950,996950,2026-07-02,79,79,Active,,,0
2548950,106884,223149252,https://www.redfin.com/WA/Seattle/1518-NE-86th-St-98115/home/106884,1518 NE 86th St,98115,Single Family,2026-09-04,2026-09-19,2026-09-19,488600,448400,448400,2026-09-03,16,16,Active,2026-09-18,2026-09-18,1
2548957,201018230,220430108,https://www.redfin.com/WA/Seattle/906-28th-Ave-S-98144/home/201018230,906 B 28th Ave S,98144,Townhouse,2026-07-05,2026-09-19,2026-09-19,739950,739950,739950,2026-07-02,79,79,Active,,,0
2548968,199462845,220430929,https://www.redfin.com/WA/Seattle/1127-10th-Ave-E-98102/home/199462845,1127 C 10th Ave E,98102,Townhouse,2026-07-05,2026-09-19,2026-09-19,1195900,1195900,1195900,2026-07-02,79,79,Active,,,0
2549043,128114,220418712,https://www.redfin.com/WA/Seattle/4333-32nd-Ave-W-98199/home/128114,4333 32nd Ave W,98199,Single Family,2026-07-05,2026-09-19,2026-09-19,1092000,985000,985000,2026-07-02,79,79,Active,2026-07-28,2026-07-28,1
2549054,12090509,220573325,https://www.redfin.com/WA/Seattle/2707-SW-Sylvan-Heights-Dr-98106/home/12090509,2707 SW Sylvan Heights Dr,98106,Townhouse,2026-07-13,2026-09-19,2026-09-19,610000,610000,610000,2026-07-09,73,73,Active,,,0
2549060,141170,221051178,https://www.redfin.com/WA/Seattle/1318-Lake-Washington-Blvd-S-98144/home/141170,1318 Lake Washington Blvd S,98144,Single Family,2026-07-22,2026-09-19,2026-09-19,2275000,2100000,2100000,2026-07-20,61,61,Active,2026-09-19,2026-08-27,2
2549131,168835121,220854030,https://www.redfin.com/WA/Seattle/5206-Delridge-Way-SW-98106/unit-B/home/168835121,5206 Delridge Way SW Unit B Unit B,98106,Townhouse,2026-07-15,2026-09-19,2026-09-19,825000,799000,799000,2026-07-14,67,67,Active,2026-08-29,2026-08-29,1
2549165,117734,220895223,https://www.redfin.com/WA/Seattle/4720-Interlake-Ave-N-98103/home/117734,4720 Interlake Ave N,98103,Townhouse,2026-07-16,2026-09-19,2026-09-19,875000,875000,875000,2026-07-15,66,66,Active,,,0
2549174,194155984,220535871,https://www.redfin.com/WA/Seattle/223-NE-75th-St-98115/home/194155984,223 NE 75th St,98115,Townhouse,2026-07-13,2026-09-19,2026-09-19,949000,899000,899000,2026-07-08,74,74,Active,2026-09-11,2026-07-25,2
2549333,202707472,220650088,https://www.redfin.com/WA/Seattle/4113-Chilberg-Ave-SW-98116/unit-B/home/202707472,4113 Chilberg Ave SW Unit B Unit B,98116,Townhouse,2026-07-13,2026-09-19,2026-09-19,995000,949950,949950,2026-07-10,72,72,Active,2026-08-27,2026-08-27,1
2549372,202671166,220494288,https://www.redfin.com/WA/Seatle/1510-A-NW-59th-St-98107/home/202671166,1510 A NW 59th St,98107,Townhouse,2026-07-13,2026-09-19,2026-09-19,1200000,1150000,1150000,2026-07-07,75,75,Active,2026-09-15,2026-09-15,1
2549486,124490,220540123,https://www.redfin.com/WA/Seattle/3415-24th-Ave-W-98199/home/124490,3415 24th Ave W,98199,Single Family,2026-07-13,2026-09-19,2026-09-19,1090000,1090000,1090000,2026-07-08,43,43,Active,,,0
2549818,12539353,220610779,https://www.redfin.com/WA/Seattle/4516-Dayton-Ave-N-98103/home/12539353,4516 Dayton Ave N,98103,Townhouse,2026-07-13,2026-09-19,2026-09-19,620000,579900,579900,2026-07-10,72,72,Active,2026-08-29,2026-07-24,3
2549853,138836,220549206,https://www.redfin.com/WA/Seattle/1935-Parkside-Dr-E-98112/home/138836,1935 Parkside Dr E,98112,Single Family,2026-07-13,2026-09-19,2026-09-19,8500000,7950000,7950000,2026-07-08,74,74,Active,2026-09-17,2026-09-17,1
2550076,481370,220574712,https://www.redfin.com/WA/Seattle/5307-16th-Ave-S-98108/home/481370,5307 16th Ave S,98108,Single Family,2026-07-18,2026-09-19,2026-09-19,495000,475000,475000,2026-07-13,68,68,Active,2026-09-03,2026-09-03,1
2550084,197033492,220588677,https://www.redfin.com/WA/Seattle/1208-NE-Northgate-Way-98125/home/197033492,1208 NE Northgate Way,98125,Single Family,2026-07-13,2026-09-19,2026-09-19,724950,699950,699950,2026-07-09,73,73,Active,2026-08-14,2026-08-14,1
2550162,288238,220954360,https://www.redfin.com/WA/Seattle/13237-8th-Ave-NW-98177/home/288238,13237 8th Ave NW,98177,Single Family,2026-07-17,2026-09-19,2026-09-19,2250000,2200000,2200000,2026-07-16,65,65,Active,2026-09-03,2026-08-11,2
2550387,328511,220542443,https://www.redfin.com/WA/Seattle/3903-SW-Dakota-St-98116/home/328511,3903 SW Dakota St,98116,Single Family,2026-07-24,2026-09-19,2026-09-19,950000,839000,839000,2026-07-07,74,74,Active,2026-09-11,2026-08-04,3
2550541,22808667,220602981,https://www.redfin.com/WA/Seattle/209-27th-Ave-E-98112/unit-B/home/22808667,209 27th Ave E Unit B Unit B,98112,Townhouse,2026-07-13,2026-09-19,2026-09-19,975000,975000,975000,2026-07-10,72,72,Active,,,0
2550642,123318,220696965,https://www.redfin.com/WA/Seattle/3645-22nd-Ave-W-98199/unit-G/home/123318,3645 22nd Ave W Unit G Unit G,98199,Townhouse,2026-07-13,2026-09-19,2026-09-19,750000,735000,735000,2026-07-11,71,71,Active,2026-07-22,2026-07-22,1
2550653,12317792,220535873,https://www.redfin.com/WA/Seattle/4736-Delridge-Way-SW-98106/unit-B/home/12317792,4736 Delridge Way SW Unit B Unit B,98106,Townhouse,2026-07-13,2026-09-19,2026-09-19,450000,425000,425000,2026-07-08,69,69,Active,2026-08-07,2026-08-07,1
2550801,22274573,220573068,https://www.redfin.com/WA/Seattle/9423-Roosevelt-Way-NE-98115/home/22274573,9423 Roosevelt Way NE,98115,Single Family,2026-07-13,2026-09-19,2026-09-19,875000,775000,775000,2026-07-09,73,73,Active,2026-09-18,2026-07-24,4
2550829,288900,220676235,https://www.redfin.com/WA/Seattle/8505-21st-Ave-NW-98117/home/288900,8505 21st Ave NW,98117,Single Family,2026-07-13,2026-09-19,2026-09-19,1995000,1895000,1895000,2026-07-11,71,71,Active,2026-09-04,2026-09-04,1
2550998,329001,220584568,https://www.redfin.com/WA/Seattle/3410-37th-Ave-SW-98126/home/329001,3410 37th Ave SW,98126,Single Family,2026-07-26,2026-09-19,2026-09-19,725000,699000,699000,2026-07-21,60,60,Active,2026-08-18,2026-08-18,1
2550999,146196135,220648725,https://www.redfin.com/WA/Seattle/2235-Fairview-Ave-E-98102/unit-6/home/146196135,2235 Fairview Ave E #6,98102,Single Family,2026-07-13,2026-09-19,2026-09-19,1199000,1150000,1150000,2026-07-10,72,72,Active,2026-09-11,2026-09-11,1
2551066,188,220580397,https://www.redfin.com/WA/Seattle/8442-26th-Ave-SW-98106/unit-A/home/188,8442 26th Ave SW Unit A Unit A,98106,Townhouse,2026-07-13,2026-09-19,2026-09-19,450000,440000,440000,2026-07-09,73,73,Active,2026-07-31,2026-07-31,1
2551105,132291,220571964,https://www.redfin.com/WA/Seattle/1225-9th-Ave-W-98119/home/132291,1225 9th Ave W,98119,Single Family,2026-07-13,2026-09-19,2026-09-19,1828000,1695000,1695000,2026-07-09,58,58,Active,2026-09-17,2026-09-17,1
2551263,130356,222927984,https://www.redfin.com/WA/Seattle/3451-12th-Ave-W-98119/home/130356,3451 12th Ave W,98119,Single Family,2026-08-28,2026-09-19,2026-09-19,2468888,2399000,2399000,2026-08-27,23,23,Active,2026-09-11,2026-09-11,1
2551279,494283,220620820,https://www.redfin.com/WA/Seattle/1130-NW-57th-St-98107/home/494283,1130 NW 57th St,98107,Single Family,2026-07-13,2026-09-19,2026-09-19,1195000,1195000,1195000,2026-07-10,72,72,Active,,,0
2551299,159587,220654529,https://www.redfin.com/WA/Seattle/2609-SW-Nevada-St-98126/home/159587,2609 SW Nevada St,98126,Townhouse,2026-07-13,2026-09-19,2026-09-19,659000,635000,635000,2026-07-10,72,72,Active,2026-09-18,2026-07-31,2
2551406,474423,220649412,https://www.redfin.com/WA/Seattle/8848-13th-Ave-SW-98106/home/474423,8848 13th Ave SW,98106,Single Family,2026-07-13,2026-09-19,2026-09-19,539000,525000,525000,2026-07-10,72,72,Active,2026-09-11,2026-09-11,1
2551472,175252901,220697490,https://www.redfin.com/WA/Seattle/6538-11th-Ave-NW-98117/unit-1/home/175252901,6538 11th Ave NW #1,98117,Single Family,2026-07-13,2026-09-19,2026-09-19,1950000,1795000,1795000,2026-07-11,54,54,Active,2026-09-12,2026-09-12,1
2551492,130183,220616447,https://www.redfin.com/WA/Seattle/2612-1st-Ave-N-98109/home/130183,2612 1st Ave N,98109,Single Family,2026-07-13,2026-09-19,2026-09-19,2100000,2049000,2049000,2026-07-10,72,72,Active,2026-08-12,2026-08-12,1
2551537,139286,221992604,https://www.redfin.com/WA/Seattle/1021-McGilvra-Blvd-E-98112/home/139286,1021 McGilvra Blvd E,98112,Single Family,2026-08-06,2026-09-19,2026-09-19,2595000,2495000,2495000,2026-08-05,45,45,Active,2026-08-26,2026-08-26,1
2551556,159853,220951812,https://www.redfin.com/WA/Seattle/5423-31st-Ave-SW-98126/home/159853,5423 31st Ave SW,98126,Single Family,2026-07-17,2026-09-19,2026-09-19,819000,779000,779000,2026-07-16,65,65,Active,2026-09-09,2026-08-13,2
2551577,155620,222433856,https://www.redfin.com/WA/Seattle/9802-35th-Ave-SW-98126/home/155620,9802 35th Ave SW,98126,Single Family,2026-08-15,2026-09-19,2026-09-19,579950,500000,500000,2026-08-14,36,36,Active,2026-09-19,2026-08-25,3
2551590,311844,220702307,https://www.redfin.com/WA/Seattle/5621-Brooklyn-Ave-NE-98105/home/311844,5621 Brooklyn Ave NE,98105,Single Family,2026-07-13,2026-09-19,2026-09-19,735000,729500,729500,2026-07-11,71,71,Active,2026-08-08,2026-08-08,1
2551593,479487,220584317,https://www.redfin.com/WA/Seattle/4729-Mount-View-Dr-S-98108/home/479487,4729 Mount View Dr S,98108,Single Family,2026-07-13,2026-09-19,2026-09-19,898000,898000,898000,2026-07-09,73,73,Active,,,0
2551796,201383043,220603321,https://www.redfin.com/WA/Seattle/3638-Greenwood-Ave-N-98103/unit-B/home/201383043,3638 Greenwood Ave N Unit B Unit B,98103,Townhouse,2026-07-13,2026-09-19,2026-09-19,1176000,1176000,1176000,2026-07-10,72,72,Active,,,0
2551831,471870,220590602,https://www.redfin.com/WA/Seattle/3004-SW-Barton-St-98126/home/471870,3004 SW Barton St,98126,Single Family,2026-07-13,2026-09-19,2026-09-19,915000,823000,823000,2026-07-09,73,73,Active,2026-09-11,2026-07-30,4
2551918,202719995,220697724,https://www.redfin.com/WA/Seattle/6538-11th-Ave-NW-98117/unit-2/home/202719995,6538 11th Ave NW #2,98117,Single Family,2026-07-13,2026-09-19,2026-09-19,725000,650000,650000,2026-07-11,54,54,Active,2026-09-12,2026-09-12,1
2551934,2070261,220653265,https://www.redfin.com/WA/Seattle/2368-Franklin-Ave-E-98102/unit-B/home/2070261,2368 Franklin Ave E Unit B Unit B,98102,Townhouse,2026-07-13,2026-09-19,2026-09-19,849950,849950,849950,2026-07-10,72,72,Active,,,0
2551948,135099,220684906,https://www.redfin.com/WA/Seattle/1218-3rd-Ave-W-98119/home/135099,1218 3rd Ave W,98119,Single Family,2026-07-13,2026-09-19,2026-09-19,2975000,2875000,2875000,2026-07-11,27,27,Active,2026-09-11,2026-09-11,1
2551951,192213741,220596576,https://www.redfin.com/WA/Seattle/2144-Westlake-Ave-N-98109/unit-01DO7/home/192213741,2144 N Westlake Ave N Unit 01DO7 Unit 01DO7,98109,Single Family,2026-07-13,2026-09-19,2026-09-19,700000,700000,700000,2026-07-09,73,73,Active,,,0
2551977,312113,220655200,https://www.redfin.com/WA/Seattle/5520-Brooklyn-Ave-NE-98105/home/312113,5520 Brooklyn Ave NE,98105,Single Family,2026-07-13,2026-09-19,2026-09-19,2300000,2300000,2300000,2026-07-10,72,72,Active,,,0
2552112,200946237,220629092,https://www.redfin.com/WA/Seattle/3812-SW-Morgan-St-98126/home/200946237,3812 SW Morgan St,98126,Single Family,2026-07-16,2026-09-19,2026-09-19,710000,685000,685000,2026-07-09,72,72,Active,2026-09-18,2026-09-18,1
2552182,202314660,220680985,https://www.redfin.com/WA/Seattle/512-N-92nd-St-98103/home/202314660,512 N 92nd St,98103,Single Family,2026-07-13,2026-09-19,2026-09-19,664000,664000,664000,2026-07-11,71,71,Active,,,0
2552277,121839,220648397,https://www.redfin.com/WA/Seattle/4322-NE-43rd-St-98105/home/121839,4322 NE 43rd St,98105,Single Family,2026-07-13,2026-09-19,2026-09-19,1849000,1699000,1699000,2026-07-10,72,72,Active,2026-09-19,2026-08-07,2
2552297,18661287,220685753,https://www.redfin.com/WA/Seattle/1701-33rd-Ave-98122/home/18661287,1701 33rd Ave,98122,Single Family,2026-07-13,2026-09-19,2026-09-19,2650000,2399000,2399000,2026-07-11,71,71,Active,2026-09-16,2026-08-14,2
2552329,301999,220630888,https://www.redfin.com/WA/Seattle/512-NW-44th-St-98107/home/301999,512 NW 44th St,98107,Single Family,2026-07-13,2026-09-19,2026-09-19,1092499,999999,999999,2026-07-10,72,72,Active,2026-09-18,2026-07-24,3
2552414,148009986,220650766,https://www.redfin.com/WA/Seattle/210-20th-Ave-S-98144/home/148009986,210 20th Ave S,98144,Townhouse,2026-07-13,2026-09-19,2026-09-19,785000,749000,749000,2026-07-10,72,72,Active,2026-08-02,2026-08-02,1
2552425,134276,220651990,https://www.redfin.com/WA/Seattle/2043-13th-Ave-W-98119/home/134276,2043 C 13th Ave W,98119,Townhouse,2026-07-13,2026-09-19,2026-09-19,850000,799000,799000,2026-07-10,72,72,Active,2026-09-16,2026-08-07,2
2552433,470338,220697492,https://www.redfin.com/WA/Seattle/6759-41st-Ave-SW-98136/home/470338,6759 41st Ave SW,98136,Single Family,2026-07-13,2026-09-19,2026-09-19,2100000,1950000,1950000,2026-07-11,71,71,Active,2026-08-24,2026-08-24,1
2552524,495749,220765873,https://www.redfin.com/WA/Seattle/6714-Mary-Ave-NW-98117/unit-A/home/495749,6714 Mary Ave NW Unit A Unit A,98117,Townhouse,2026-07-13,2026-09-19,2026-09-19,917000,875000,875000,2026-07-12,70,70,Active,2026-09-19,2026-08-19,2
2552626,202717865,220684384,https://www.redfin.com/WA/Seattle/5051-35th-Ave-SW-98126/home/202717865,5051 35th Ave SW,98126,Single Family,2026-07-13,2026-09-19,2026-09-19,749950,699000,699000,2026-07-11,71,71,Active,2026-09-16,2026-08-01,2
2552667,45465119,220954871,https://www.redfin.com/WA/Seattle/1536-Sturgus-Ave-S-98144/home/45465119,1536 Sturgus Ave S,98144,Single Family,2026-07-17,2026-09-19,2026-09-19,830000,830000,830000,2026-07-16,65,65,Active,,,0
2552757,104464237,220928422,https://www.redfin.com/WA/Seattle/7016-California-Ave-SW-98136/unit-E/home/104464237,7016 California Ave SW Unit E Unit E,98136,Townhouse,2026-07-17,2026-09-19,2026-09-19,795000,795000,795000,2026-07-16,65,65,Active,,,0
2552840,202719685,220696199,https://www.redfin.com/WA/Seattle/5039-41st-Ave-SW-98136/unit-1/home/202719685,5039 41st Ave SW #1,98136,Townhouse,2026-07-13,2026-09-19,2026-09-19,1249800,1198800,1198800,2026-07-11,71,71,Active,2026-09-18,2026-09-18,1
2552879,127886,220679529,https://www.redfin.com/WA/Seattle/2518-36th-Ave-W-98199/home/127886,2518 36th Ave W,98199,Single Family,2026-07-13,2026-09-19,2026-09-19,1295000,1295000,1295000,2026-07-11,71,71,Active,,,0
2552939,2077457,220950730,https://www.redfin.com/WA/Seattle/424-35th-Ave-S-98144/home/2077457,424 35th Ave S,98144,Single Family,2026-07-17,2026-09-19,2026-09-19,1824000,1749000,1749000,2026-07-16,65,65,Active,2026-09-11,2026-09-11,1
2553213,126099,221743333,https://www.redfin.com/WA/Seattle/1515-28th-Ave-W-98199/home/126099,1515 28th Ave W,98199,Single Family,2026-08-01,2026-09-19,2026-09-19,2550000,2550000,2550000,2026-07-31,50,50,Active,,,0
2553221,200408772,221058167,https://www.redfin.com/WA/Seattle/1706-B-N-47th-St-98103/home/200408772,1706 B N 47th St,98103,Townhouse,2026-07-22,2026-09-19,2026-09-19,1128000,1098000,1098000,2026-07-20,61,61,Active,2026-09-04,2026-09-04,1
2553284,143457714,221083757,https://www.redfin.com/WA/Seattle/333-N-90th-St-98103/home/143457714,333 N 90th St,98103,Townhouse,2026-07-22,2026-09-19,2026-09-19,825000,799000,799000,2026-07-21,60,60,Active,2026-08-23,2026-08-23,1
2553316,167368760,220920978,https://www.redfin.com/WA/Seattle/3025-62nd-Ave-SW-98116/home/167368760,3025 62nd Ave SW,98116,Single Family,2026-07-16,2026-09-19,2026-09-19,1089000,1089000,1089000,2026-07-15,66,66,Active,,,0
2553338,313188,220762590,https://www.redfin.com/WA/Seattle/3032-NE-Blakeley-St-98105/home/313188,3032 NE Blakeley St,98105,Single Family,2026-07-13,2026-09-19,2026-09-19,2339800,2339800,2339800,2026-07-12,70,70,Active,,,0
2553372,202662373,220767816,https://www.redfin.com/WA/Seattle/4105-25th-Ave-SW-98106/home/202662373,4105 25th Ave SW,98106,Townhouse,2026-07-13,2026-09-19,2026-09-19,685000,685000,685000,2026-07-12,70,70,Active,,,0
2553448,289997,221141107,https://www.redfin.com/WA/Seattle/2342-NW-98th-St-98117/home/289997,2342 NW 98th St,98117,Single Family,2026-07-23,2026-09-19,2026-09-19,1225000,1185000,1185000,2026-07-22,59,59,Active,2026-08-13,2026-08-13,1
2553485,175242084,220953338,https://www.redfin.com/WA/Seattle/945-NW-56th-St-98107/home/175242084,945 NW 56th St,98107,Townhouse,2026-07-17,2026-09-19,2026-09-19,709995,699995,699995,2026-07-16,65,65,Active,2026-08-21,2026-08-21,1
2553535,302309,220774304,https://www.redfin.com/WA/Seattle/5006-3rd-Ave-NW-98107/home/302309,5006 3rd Ave NW,98107,Single Family,2026-07-13,2026-09-19,2026-09-19,1850000,1800000,1800000,2026-07-13,69,69,Active,2026-07-24,2026-07-24,1
2553580,130985,220776085,https://www.redfin.com/WA/Seattle/114-Queen-Anne-Dr-98109/home/130985,114 Queen Anne Dr,98109,Single Family,2026-07-13,2026-09-19,2026-09-19,1495000,1399000,1399000,2026-07-13,69,69,Active,2026-08-07,2026-08-07,1
2553653,158532,220854999,https://www.redfin.com/WA/Seattle/11123-34th-Pl-SW-98146/home/158532,11123 34th Pl SW,98146,Single Family,2026-07-15,2026-09-19,2026-09-19,1125000,1110000,1110000,2026-07-14,54,54,Active,2026-09-17,2026-09-17,1
2553710,288696,220838770,https://www.redfin.com/WA/Seattle/14405-3rd-Ave-NW-98177/home/288696,14405 3rd Ave NW,98177,Single Family,2026-07-15,2026-09-19,2026-09-19,4590000,4590000,4590000,2026-07-14,67,67,Active,,,0
2553736,12088521,220807657,https://www.redfin.com/WA/Seattle/725-Harvard-Ave-E-98102/home/12088521,725 Harvard Ave E,98102,Townhouse,2026-07-13,2026-09-19,2026-09-19,2750000,2750000,2750000,2026-07-13,68,68,Active,,,0
2553854,17605,220839063,https://www.redfin.com/WA/Seattle/2241-Fairview-Ave-E-98102/unit-B/home/17605,2241 Fairview Ave E Unit B Unit B,98102,Single Family,2026-07-15,2026-09-19,2026-09-19,3150000,3150000,3150000,2026-07-14,67,67,Active,,,0
2553913,205401490,221198565,https://www.redfin.com/WA/Seattle/4514-Corliss-Ave-N-98103/home/205401490,4514 A Corliss Ave N,98103,Townhouse,2026-07-24,2026-09-19,2026-09-19,1274900,1249900,1249900,2026-07-23,58,58,Active,2026-09-02,2026-09-02,1
2553977,181289836,220933077,https://www.redfin.com/WA/Seattle/916-NW-56th-St-98107/unit-G/home/181289836,916 NW 56th St Unit G Unit G,98107,Townhouse,2026-07-17,2026-09-19,2026-09-19,756000,756000,756000,2026-07-16,65,65,Active,,,0
2554012,101916,220808925,https://www.redfin.com/WA/Seattle/13729-Stone-Ave-N-98133/home/101916,13729 Stone Ave N,98133,Single Family,2026-07-13,2026-09-19,2026-09-19,695000,650000,650000,2026-07-13,68,68,Active,2026-08-27,2026-08-27,1
2554176,149385,220924835,https://www.redfin.com/WA/Seattle/2364-Hobart-Ave-SW-98116/home/149385,2364 Hobart Ave SW,98116,Single Family,2026-07-16,2026-09-19,2026-09-19,1325000,1250000,1250000,2026-07-15,65,65,Active,2026-09-16,2026-07-23,3
2554280,200858623,221194313,https://www.redfin.com/WA/Seattle/7336-27th-Ave-NW-98117/home/200858623,7336 27th Ave NW,98117,Townhouse,2026-07-24,2026-09-19,2026-09-19,1258950,1197275,1197275,2026-07-23,58,58,Active,2026-09-18,2026-09-18,1
2554309,200562675,220827569,https://www.redfin.com/WA/Seattle/7511-41st-Ave-NE-98115/home/200562675,7511 41st Ave NE,98115,Single Family,2026-07-15,2026-09-19,2026-09-19,1994000,1994000,1994000,2026-07-14,67,67,Active,,,0
2554337,122595,220948492,https://www.redfin.com/WA/Seattle/4319-NE-44th-St-98105/home/122595,4319 NE 44th St,98105,Single Family,2026-07-17,2026-09-19,2026-09-19,2125000,1895950,1895950,2026-07-16,65,65,Active,2026-08-22,2026-08-07,2
2554369,139099,221089798,https://www.redfin.com/WA/Seattle/2109-38th-Ave-E-98112/home/139099,2109 38th Ave E,98112,Single Family,2026-07-22,2026-09-19,2026-09-19,3399950,3100000,3100000,2026-07-21,60,60,Active,2026-09-04,2026-09-04,1
2554403,200999278,223304377,https://www.redfin.com/WA/Seattle/5515-C-9th-Ave-NW-98107/home/200999278,5515 C 9th Ave NW,98107,Townhouse,2026-09-11,2026-09-19,2026-09-19,659950,659950,659950,2026-09-09,10,10,Active,,,0
2554500,95870,220921913,https://www.redfin.com/WA/Seattle/122-NW-103rd-St-98177/home/95870,122 NW 103rd St,98177,Single Family,2026-07-16,2026-09-19,2026-09-19,560000,560000,560000,2026-07-15,61,61,Active,,,0
2554556,191509016,221051862,https://www.redfin.com/WA/Seattle/3924-Linden-Ave-N-98103/unit-E/home/191509016,3924 Linden Ave N Unit E Unit E,98103,Townhouse,2026-07-22,2026-09-19,2026-09-19,749950,725000,725000,2026-07-20,61,61,Active,2026-08-18,2026-08-18,1
2554607,103250,221058656,https://www.redfin.com/WA/Seattle/14301-Meridian-Ave-N-98133/home/103250,14301 Meridian Ave N,98133,Single Family,2026-07-22,2026-09-19,2026-09-19,594950,529000,529000,2026-07-20,52,52,Active,2026-09-01,2026-08-15,2
2554701,69354108,220848214,https://www.redfin.com/WA/Seattle/431-26th-Ave-E-98112/home/69354108,431 26th Ave E,98112,Single Family,2026-07-15,2026-09-19,2026-09-19,2795000,2795000,2795000,2026-07-14,67,67,Active,,,0
2554796,69356850,220926849,https://www.redfin.com/WA/Seattle/2804-Fairview-Ave-E-98102/home/69356850,2804 Fairview Ave E,98102,Townhouse,2026-07-16,2026-09-19,2026-09-19,2400000,2350000,2350000,2026-07-15,65,65,Active,2026-09-07,2026-09-07,1
2554879,315882,220918731,https://www.redfin.com/WA/Seattle/3209-NE-94th-St-98115/home/315882,3209 NE 94th St,98115,Single Family,2026-07-16,2026-09-19,2026-09-19,2300000,2250000,2250000,2026-07-15,66,66,Active,2026-09-19,2026-09-19,1
2554886,475179,220952915,https://www.redfin.com/WA/Seattle/7776-Highland-Park-Way-SW-98106/unit-A/home/475179,7776 Highland Park Way SW Unit A Unit A,98106,Single Family,2026-07-17,2026-09-19,2026-09-19,875000,875000,875000,2026-07-16,65,65,Active,,,0
2554914,143416,220854844,https://www.redfin.com/WA/Seattle/310-21st-Ave-98122/unit-A/home/143416,310 21st Ave Unit A Unit A,98122,Townhouse,2026-07-15,2026-09-19,2026-09-19,750000,740000,740000,2026-07-14,66,66,Active,2026-09-12,2026-09-12,1
2554979,106440,220997151,https://www.redfin.com/WA/Seattle/12042-14th-Ave-NE-98125/home/106440,12042 14th Ave NE,98125,Single Family,2026-07-18,2026-09-19,2026-09-19,845000,795000,795000,2026-07-17,64,64,Active,2026-08-28,2026-08-06,2
2555174,18658625,220935892,https://www.redfin.com/WA/Seattle/3028-SW-Avalon-Way-98126/unit-B/home/18658625,3028 SW Avalon Way Unit B Unit B,98126,Townhouse,2026-07-17,2026-09-19,2026-09-19,700000,700000,700000,2026-07-16,65,65,Active,,,0
2555195,18662426,220948748,https://www.redfin.com/WA/Seattle/3046-SW-Manning-St-98126/home/18662426,3046 SW Manning St,98126,Single Family,2026-07-17,2026-09-19,2026-09-19,1450000,1398000,1398000,2026-07-16,65,65,Active,2026-08-20,2026-08-20,1
2555374,203150327,220914780,https://www.redfin.com/WA/Seattle/9811-Linden-Ave-N-98103/home/203150327,9811 Linden Ave N,98103,Single Family,2026-07-16,2026-09-19,2026-09-19,699999,699999,699999,2026-07-15,66,66,Active,,,0
2555412,194153606,220913065,https://www.redfin.com/WA/Seattle/3116-Queen-Anne-Ave-N-98109/home/194153606,3116 Queen Anne Ave N,98119,Townhouse,2026-07-16,2026-09-19,2026-09-19,1099950,1099950,1099950,2026-07-15,66,66,Active,,,0
2555426,101490,220914318,https://www.redfin.com/WA/Seattle/8903-3rd-Ave-NW-98117/home/101490,8903 3rd Ave NW,98117,Single Family,2026-07-16,2026-09-19,2026-09-19,1282500,1249900,1249900,2026-07-15,64,64,Active,2026-09-02,2026-09-02,1
2555504,163367,220962883,https://www.redfin.com/WA/Seattle/8504-29th-Ave-NW-98117/home/163367,8504 29th Ave NW,98117,Townhouse,2026-07-17,2026-09-19,2026-09-19,750000,750000,750000,2026-07-16,65,65,Active,,,0
2555534,328178,220958436,https://www.redfin.com/WA/Seattle/3909-SW-Stevens-St-98116/home/328178,3909 SW Stevens St,98116,Single Family,2026-07-17,2026-09-19,2026-09-19,1074989,1034533,1034533,2026-07-16,65,65,Active,2026-08-29,2026-08-09,2
2555559,69353944,223365349,https://www.redfin.com/WA/Seattle/3608-1st-Ave-NW-98107/unit-A/home/69353944,3608 1st Ave NW Unit A Unit A,98107,Townhouse,2026-09-11,2026-09-19,2026-09-19,950000,950000,950000,2026-09-10,9,9,Active,,,0
2555611,112863663,220961651,https://www.redfin.com/WA/Seattle/4809-Delridge-Way-SW-98106/unit-A/home/112863663,4809 Delridge Way SW Unit A Unit A,98106,Townhouse,2026-07-17,2026-09-19,2026-09-19,640000,640000,640000,2026-07-16,65,65,Active,,,0
2555622,203164531,220953599,https://www.redfin.com/WA/Seattle/2456-55th-Ave-SW-98116/home/203164531,2456 55th Ave SW,98116,Townhouse,2026-07-17,2026-09-19,2026-09-19,1149000,1149000,1149000,2026-07-16,64,64,Active,,,0
2555640,203227986,221134399,https://www.redfin.com/WA/Seattle/2454-55th-Ave-SW-98116/unit-A/home/203227986,2454 55th Ave SW Unit A Unit A,98116,Townhouse,2026-07-23,2026-09-19,2026-09-19,1099000,1099000,1099000,2026-07-22,58,58,Active,,,0
2555672,142671,220966317,https://www.redfin.com/WA/Seattle/1225-E-Jefferson-St-98122/home/142671,1225 E Jefferson St,98122,Single Family,2026-07-17,2026-09-19,2026-09-19,1250000,1250000,1250000,2026-07-16,65,65,Active,,,0
2555722,120838,220987780,https://www.redfin.com/WA/Seattle/6340-NE-Windermere-Rd-98105/home/120838,6340 NE Windermere Rd,98105,Single Family,2026-07-18,2026-09-19,2026-09-19,5400000,5298000,5298000,2026-07-17,64,64,Active,2026-09-05,2026-09-05,1
2555840,199470415,220943902,https://www.redfin.com/WA/Seattle/4420-Midvale-Ave-N-98103/home/199470415,4420 Midvale Ave N,98103,Townhouse,2026-07-17,2026-09-19,2026-09-19,896900,896900,896900,2026-07-16,65,65,Active,,,0
2555849,473110,220948090,https://www.redfin.com/WA/Seattle/9219-26th-Ave-SW-98106/home/473110,9219 26th Ave SW,98106,Single Family,2026-07-17,2026-09-19,2026-09-19,719500,729500,729500,2026-07-16,63,63,Active,2026-09-13,2026-09-13,1
2555945,199486170,220967871,https://www.redfin.com/WA/Seattle/532-W-Barrett-St-98119/home/199486170,532 W Barrett St,98119,Single Family,2026-07-17,2026-09-19,2026-09-19,999900,999900,999900,2026-07-16,65,65,Active,,,0
2555958,196623000,220954366,https://www.redfin.com/WA/Seattle/2025-Fairview-Ave-E-98102/unit-E/home/196623000,2025 Fairview Ave E Unit E Unit E,98102,Single Family,2026-07-17,2026-09-19,2026-09-19,1398000,1398000,1398000,2026-07-16,65,65,Active,,,0
2555960,479827,220997252,https://www.redfin.com/WA/Seattle/9201-36th-Ave-S-98118/home/479827,9201 36 Ave S,98118,Single Family,2026-07-18,2026-09-19,2026-09-19,639000,594000,594000,2026-07-17,64,64,Active,2026-09-14,2026-08-15,2
2556103,288156,220984046,https://www.redfin.com/WA/Seattle/340-NW-137th-St-98177/home/288156,340 NW 137th St,98177,Single Family,2026-07-18,2026-09-19,2026-09-19,2750000,2750000,2750000,2026-07-17,64,64,Active,,,0
2556121,203166567,220964707,https://www.redfin.com/WA/Seattle/10331-Ashworth-Ave-N-98133/home/203166567,10331 Ashworth Ave N,98133,Townhouse,2026-07-17,2026-09-19,2026-09-19,729000,729000,729000,2026-07-16,65,65,Active,,,0
2556123,317717,221007577,https://www.redfin.com/WA/Seattle/3152-NE-82nd-St-98115/home/317717,3152 NE 82nd St,98115,Single Family,2026-07-18,2026-09-19,2026-09-19,1349950,1299950,1299950,2026-07-17,64,64,Active,2026-08-29,2026-08-29,1
2556141,161886,221709551,https://www.redfin.com/WA/Seattle/2652-NW-57th-St-98107/home/161886,2652 NW 57th St,98107,Single Family,2026-08-01,2026-09-19,2026-09-19,1449950,1399950,1399950,2026-07-31,50,50,Active,2026-09-11,2026-09-11,1
2556145,148499,221140773,https://www.redfin.com/WA/Seattle/2706-S-Judkins-St-98144/home/148499,2706 S Judkins St,98144,Single Family,2026-07-23,2026-09-19,2026-09-19,789000,724950,724950,2026-07-22,59,59,Active,2026-09-03,2026-08-15,2
2556234,59703744,220961085,https://www.redfin.com/WA/Seattle/4222-Linden-Ave-N-98103/home/59703744,4222 Linden Ave N,98103,Single Family,2026-07-17,2026-09-19,2026-09-19,990000,990000,990000,2026-07-16,65,65,Active,,,0
2556324,106393,220985436,https://www.redfin.com/WA/Seattle/151-NE-115th-St-98125/home/106393,151 NE 115th St,98125,Single Family,2026-07-18,2026-09-19,2026-09-19,950000,950000,950000,2026-07-17,64,64,Active,,,0
2556372,179582879,221005796,https://www.redfin.com/WA/Seattle/3806-35th-Ave-W-98199/unit-1/home/179582879,3806 35th Ave W Unit 1 Unit 1,98199,Single Family,2026-07-18,2026-09-19,2026-09-19,599000,535000,535000,2026-07-17,64,64,Active,2026-08-13,2026-08-13,1
2556396,154803,223382884,https://www.redfin.com/WA/Seattle/3228-SW-97th-St-98126/home/154803,3228 SW 97th St,98126,Single Family,2026-09-12,2026-09-19,2026-09-19,676000,669950,669950,2026-09-11,8,8,Active,2026-09-18,2026-09-18,1
2556420,17067679,221692654,https://www.redfin.com/WA/Seattle/371-W-Olympic-Pl-98119/home/17067679,371 W Olympic Pl,98119,Townhouse,2026-08-01,2026-09-19,2026-09-19,1250000,1250000,1250000,2026-07-31,50,50,Active,,,0
2556427,135028,221017564,https://www.redfin.com/WA/Seattle/516-W-Howe-St-98119/home/135028,516 W Howe St,98119,Single Family,2026-07-19,2026-09-19,2026-09-19,695000,695000,695000,2026-07-18,63,63,Active Under Contract,,,0
2556475,22268903,221206038,https://www.redfin.com/WA/Seattle/9229-17th-Ave-SW-98106/unit-A/home/22268903,9229 17th Ave SW Unit A Unit A,98106,Townhouse,2026-07-24,2026-09-19,2026-09-19,595000,580000,580000,2026-07-23,58,58,Active,2026-08-29,2026-08-29,1
2556488,498029,220990902,https://www.redfin.com/WA/Seattle/1110-NW-70th-St-98117/home/498029,1110 NW 70th St,98117,Single Family,2026-07-18,2026-09-19,2026-09-19,599000,599000,599000,2026-07-17,64,64,Active,,,0
2556511,50902,220992464,https://www.redfin.com/WA/Seattle/80-E-Roanoke-St-98102/unit-2/home/50902,80 E Roanoke St #2,98102,Townhouse,2026-07-18,2026-09-19,2026-09-19,1300000,1270000,1270000,2026-07-17,29,29,Active,2026-09-09,2026-09-09,1
2556514,122027,221165795,https://www.redfin.com/WA/Seattle/5201-NE-43rd-St-98105/home/122027,5201 NE 43rd Ave,98105,Single Family,2026-07-24,2026-09-19,2026-09-19,2900000,2900000,2900000,2026-07-23,58,58,Active,,,0
2556550,142594,221146671,https://www.redfin.com/WA/Seattle/1601-E-Alder-St-98122/home/142594,1601 E Alder St,98122,Single Family,2026-07-23,2026-09-19,2026-09-19,1450000,1450000,1450000,2026-07-22,59,59,Active,,,0
2556584,151580,221261753,https://www.redfin.com/WA/Seattle/4054-54th-Ave-SW-98116/home/151580,4054 54th Ave SW,98116,Single Family,2026-07-25,2026-09-19,2026-09-19,1230000,1195000,1195000,2026-07-24,57,57,Active,2026-08-11,2026-08-11,1
2556900,131612,221052777,https://www.redfin.com/WA/Seattle/2414-Queen-Anne-Ave-N-98109/home/131612,2414 Queen Anne Ave N,98119,Townhouse,2026-07-22,2026-09-19,2026-09-19,1299950,1249950,1249950,2026-07-20,61,61,Active,2026-09-12,2026-09-12,1
2556901,205393168,221052872,https://www.redfin.com/WA/Seattle/2412-Queen-Anne-Ave-N-98109/home/205393168,2412 Queen Anne Ave N,98119,Townhouse,2026-07-22,2026-09-19,2026-09-19,899950,849950,849950,2026-07-20,61,61,Active,2026-08-22,2026-08-22,1
2556931,120991,221245360,https://www.redfin.com/WA/Seattle/6573-NE-Windermere-Rd-98105/home/120991,6573 NE Windermere Rd,98105,Single Family,2026-07-25,2026-09-19,2026-09-19,3295000,3295000,3295000,2026-07-24,57,57,Active,,,0
2556990,107141,221182655,https://www.redfin.com/WA/Seattle/1529-NE-94th-St-98115/home/107141,1529 NE 94th St,98115,Single Family,2026-07-24,2026-09-19,2026-09-19,825000,825000,825000,2026-07-23,58,58,Active,,,0
2557004,203174782,221022402,https://www.redfin.com/WA/Seattle/4049-44th-Ave-SW-98116/home/203174782,4049 44th Ave SW,98116,Single Family,2026-07-19,2026-09-19,2026-09-19,1529000,1419000,1419000,2026-07-18,63,63,Active,2026-09-12,2026-08-20,2
2557039,204480837,221992912,https://www.redfin.com/WA/Seattle/2414-Queen-Anne-Ave-N-98119/unit-B/home/204480837,2414 B Queen Anne Ave N,98119,Townhouse,2026-08-06,2026-09-19,2026-09-19,814950,799950,799950,2026-08-05,45,45,Active,2026-08-22,2026-08-22,1
2557158,201547998,221142457,https://www.redfin.com/WA/Seattle/2012-Fairview-Ave-E-98102/unit-A/home/201547998,2012 Fairview Ave E Unit A Unit A,98102,Townhouse,2026-07-23,2026-09-19,2026-09-19,1024950,1024950,1024950,2026-07-22,37,37,Active,,,0
2557160,202674050,222078447,https://www.redfin.com/WA/Seattle/2020-Fairview-Ave-E-98102/unit-A/home/202674050,2020 Fairview Ave E Unit A Unit A,98102,Townhouse,2026-08-07,2026-09-19,2026-09-19,1475000,1475000,1475000,2026-08-06,44,44,Active,,,0
2557195,186623567,221179540,https://www.redfin.com/WA/Seattle/1916-18th-Ave-S-98144/unit-B/home/186623567,1916 18th Ave S Unit B Unit B,98144,Townhouse,2026-07-24,2026-09-19,2026-09-19,546000,539000,539000,2026-07-23,58,58,Active,2026-08-28,2026-08-28,1
2557336,28582394,222079030,https://www.redfin.com/WA/Seattle/1232-N-Northgate-Way-98133/home/28582394,1232 N Northgate Way,98133,Townhouse,2026-08-07,2026-09-19,2026-09-19,645000,629500,629500,2026-08-06,44,44,Active,2026-09-11,2026-09-11,1
2557339,175478851,221048458,https://www.redfin.com/WA/Seattle/8020-17th-Ave-NW-98117/home/175478851,8020 17th Ave NW,98117,Single Family,2026-07-22,2026-09-19,2026-09-19,1200000,1170000,1170000,2026-07-20,61,61,Active,2026-09-07,2026-09-07,1
2557376,39537167,221580680,https://www.redfin.com/WA/Seattle/1114-29th-Ave-S-98144/unit-A/home/39537167,1114 29th Ave S Unit A Unit A,98144,Townhouse,2026-07-31,2026-09-19,2026-09-19,729950,729950,729950,2026-07-30,51,51,Active,,,0
2557464,203225336,221121032,https://www.redfin.com/WA/Seattle/830B-16th-Ave-98122/home/203225336,830 B 16th Ave,98122,Single Family,2026-07-23,2026-09-19,2026-09-19,1175000,1125000,1125000,2026-07-22,59,59,Active,2026-09-04,2026-09-04,1
2557569,96333,222065050,https://www.redfin.com/WA/Seattle/10737-3rd-Ave-NW-98177/home/96333,10737 3rd Ave NW,98177,Single Family,2026-08-07,2026-09-19,2026-09-19,1099000,1099000,1099000,2026-08-06,44,44,Active,,,0
2557664,203358680,221067185,https://www.redfin.com/WA/Seattle/9215-12th-Ave-NE-98115/unit-B/home/203358680,9215 B 12th Ave NE,98115,Single Family,2026-07-22,2026-09-19,2026-09-19,750000,699900,699900,2026-07-20,61,61,Active,2026-09-03,2026-09-03,1
2557677,203202014,221067184,https://www.redfin.com/WA/Seattle/9215-12th-Ave-NE-98115/home/203202014,9215 12th Ave NE,98115,Single Family,2026-07-28,2026-09-19,2026-09-19,1250000,1175000,1175000,2026-07-20,61,61,Active,2026-09-03,2026-09-03,1
2557855,205399179,221214051,https://www.redfin.com/WA/Seattle/1912-Ferry-Ave-SW-98116/home/205399179,1912 B Ferry Ave SW,98116,Townhouse,2026-07-25,2026-09-19,2026-09-19,1224950,1224950,1224950,2026-07-24,57,57,Active,,,0
2557864,195019745,221142682,https://www.redfin.com/WA/Seattle/7009-9th-Ave-NE-98115/home/195019745,7009 9th Ave NE,98115,Townhouse,2026-07-23,2026-09-19,2026-09-19,739950,718000,718000,2026-07-22,59,59,Active,2026-09-05,2026-09-05,1
2557953,160569,221117168,https://www.redfin.com/WA/Seattle/4151-23rd-Ave-SW-98106/home/160569,4151 23rd Ave SW,98106,Single Family,2026-07-23,2026-09-19,2026-09-19,879000,779000,779000,2026-07-22,59,59,Active,2026-09-11,2026-08-08,3
2557964,203487570,221411294,https://www.redfin.com/WA/Seattle/952-NW-54th-St-98107/home/203487570,952 NW 54th St,98107,Townhouse,2026-07-29,2026-09-19,2026-09-19,799000,799000,799000,2026-07-28,52,52,Active,,,0
2558033,195649230,221411297,https://www.redfin.com/WA/Seattle/972-NW-54th-St-98107/home/195649230,972 NW 54th St,98107,Townhouse,2026-07-29,2026-09-19,2026-09-19,849000,849000,849000,2026-07-28,52,52,Active,,,0
2558048,203487569,221411293,https://www.redfin.com/WA/Seattle/958-NW-54th-St-98107/home/203487569,958 NW 54th St,98107,Townhouse,2026-07-29,2026-09-19,2026-09-19,849000,849000,849000,2026-07-28,53,53,Active,,,0
2558049,205416112,222119955,https://www.redfin.com/WA/Seattle/1143-NW-57th-St-98107/home/205416112,1143 NW 57th St,98107,Townhouse,2026-08-08,2026-09-19,2026-09-19,1070000,1070000,1070000,2026-08-07,43,43,Active,,,0
2558058,192268540,221140775,https://www.redfin.com/WA/Seattle/6538-Latona-Ave-NE-98115/unit-A/home/192268540,6538 A Latona Ave NE,98115,Townhouse,2026-07-23,2026-09-19,2026-09-19,889950,858000,858000,2026-07-22,59,59,Active,2026-08-06,2026-08-06,1
2558059,182536650,221097217,https://www.redfin.com/WA/Seattle/1338-California-Ave-SW-98116/home/182536650,1338 California Ave SW,98116,Single Family,2026-07-22,2026-09-19,2026-09-19,888000,888000,888000,2026-07-21,60,60,Active,,,0
2558153,16700,221164245,https://www.redfin.com/WA/Seattle/2822-Boyer-Ave-E-98102/unit-1/home/16700,2822 Boyer Ave E #1,98102,Single Family,2026-07-24,2026-09-19,2026-09-19,1525000,1425000,1425000,2026-07-23,58,58,Active,2026-09-17,2026-08-26,2
2558211,302455,221142116,https://www.redfin.com/WA/Seattle/647-NW-51st-St-98107/home/302455,647 NW 51st St,98107,Single Family,2026-07-23,2026-09-19,2026-09-19,1095000,1095000,1095000,2026-07-22,53,53,Active,,,0
2558313,202707441,221181320,https://www.redfin.com/WA/Seattle/2615-NW-87th-St-98117/home/202707441,2615 NW 87th St,98117,Townhouse,2026-07-24,2026-09-19,2026-09-19,779950,779950,779950,2026-07-23,58,58,Active,,,0
2558378,123192,221179732,https://www.redfin.com/WA/Seattle/2506-W-Halladay-St-98199/home/123192,2506 W Halladay St,98199,Single Family,2026-07-24,2026-09-19,2026-09-19,3300000,3300000,3300000,2026-07-23,58,58,Active,,,0
2558427,149032,221127303,https://www.redfin.com/WA/Seattle/714-28th-Ave-S-98144/home/149032,714 28th Ave S,98144,Single Family,2026-07-23,2026-09-19,2026-09-19,1299000,1269000,1269000,2026-07-22,59,59,Active,2026-08-29,2026-08-29,1
2558439,133484,221245952,https://www.redfin.com/WA/Seattle/1928-9th-Ave-W-98119/home/133484,1928 9th Ave W,98119,Single Family,2026-07-25,2026-09-19,2026-09-19,1299950,1150000,1150000,2026-07-24,57,57,Active,2026-09-17,2026-09-09,2
2558472,36822,221477454,https://www.redfin.com/WA/Seattle/908-Hiawatha-Pl-S-98144/unit-B/home/36822,908 Hiawatha Pl S Unit B Unit B,98144,Townhouse,2026-07-30,2026-09-19,2026-09-19,850000,824950,824950,2026-07-29,52,52,Active,2026-08-14,2026-08-14,1
2558494,159361,221198147,https://www.redfin.com/WA/Seattle/6704-23rd-Ave-SW-98106/home/159361,6704 23rd Ave SW,98106,Single Family,2026-07-24,2026-09-19,2026-09-19,949950,899950,899950,2026-07-23,58,58,Active,2026-09-05,2026-08-19,2
2558528,145708460,221263564,https://www.redfin.com/WA/Seattle/8527-Interlake-Ave-N-98103/home/145708460,8527 Interlake Ave N,98103,Townhouse,2026-07-25,2026-09-19,2026-09-19,819900,799900,799900,2026-07-24,57,57,Active,2026-09-16,2026-09-16,1
2558651,106725802,221413326,https://www.redfin.com/WA/Seattle/2247-NW-64th-St-98107/home/106725802,2247 NW 64th St,98107,Single Family,2026-07-29,2026-09-19,2026-09-19,1038000,995000,995000,2026-07-28,53,53,Active,2026-09-11,2026-09-11,1
2558669,155041,221187115,https://www.redfin.com/WA/Seattle/3310-SW-104th-St-98146/home/155041,3310 SW 104th St,98146,Single Family,2026-07-24,2026-09-19,2026-09-19,799999,799999,799999,2026-07-23,52,52,Active,,,0
2558690,203229396,221142461,https://www.redfin.com/WA/Seattle/1407-29th-Ave-98122/unit-B/home/203229396,1407 29th Ave Unit B Unit B,98122,Townhouse,2026-07-23,2026-09-19,2026-09-19,749950,749950,749950,2026-07-22,59,59,Active,,,0
2558897,321368,222006116,https://www.redfin.com/WA/Seattle/4902-NE-70th-St-98115/home/321368,4902 NE 70th St,98115,Single Family,2026-08-06,2026-09-19,2026-09-19,1790000,1640000,1640000,2026-08-05,45,45,Active,2026-09-15,2026-08-18,2
2558900,182044030,221982414,https://www.redfin.com/WA/Seattle/1467-S-Columbian-Way-98144/home/182044030,1467 S Columbian Way,98144,Townhouse,2026-08-05,2026-09-19,2026-09-19,699950,674950,674950,2026-08-04,45,45,Active,2026-09-03,2026-09-03,1
2558925,314648,221188812,https://www.redfin.com/WA/Seattle/3222-NE-85th-St-98115/home/314648,3222 NE 85th St,98115,Single Family,2026-07-24,2026-09-19,2026-09-19,925000,849000,849000,2026-07-23,55,55,Active,2026-09-13,2026-08-20,2
2559007,107179858,221267948,https://www.redfin.com/WA/Seattle/3029-Beacon-Ave-S-98144/home/107179858,3029 Beacon Ave S,98144,Townhouse,2026-07-25,2026-09-19,2026-09-19,749950,739000,739000,2026-07-24,57,57,Active,2026-08-26,2026-08-26,1
2559034,476451,221143626,https://www.redfin.com/WA/Seattle/8847-9th-Ave-SW-98106/unit-A/home/476451,8847 9th Ave SW Unit A Unit A,98106,Townhouse,2026-07-23,2026-09-19,2026-09-19,448000,448000,448000,2026-07-22,59,59,Active,,,0
2559345,203243453,221189249,https://www.redfin.com/WA/Seattle/5617-California-Ave-SW-98136/unit-B/home/203243453,5617 California Ave SW Unit B Unit B,98136,Single Family,2026-07-24,2026-09-19,2026-09-19,950000,950000,950000,2026-07-23,58,58,Active,,,0
2559428,109277,221215610,https://www.redfin.com/WA/Seattle/9002-2nd-Ave-NE-98115/home/109277,9002 2nd Ave NE,98115,Single Family,2026-07-25,2026-09-19,2026-09-19,700000,675000,675000,2026-07-24,57,57,Active,2026-08-25,2026-08-25,1
2559438,205231032,222963247,https://www.redfin.com/WA/Seattle/4021-W-Raye-St-98199/home/205231032,4021 & 4023 W Raye St,98199,Single Family,2026-08-29,2026-09-19,2026-09-19,3900000,3900000,3900000,2026-08-28,22,22,Active,,,0
2559514,172190401,221201531,https://www.redfin.com/WA/Seattle/8605-21st-Pl-NE-98115/unit-Q80/home/172190401,8605 21st Pl NE Unit Q80 Unit Q80,98115,Townhouse,2026-07-24,2026-09-19,2026-09-19,750000,750000,750000,2026-07-23,58,58,Active,,,0
2559515,137984,221265199,https://www.redfin.com/WA/Seattle/1852-E-Shelby-St-98112/home/137984,1852 E Shelby St,98112,Single Family,2026-07-25,2026-09-19,2026-09-19,3750000,3750000,3750000,2026-07-24,57,57,Active,,,0
2559560,162355,221486470,https://www.redfin.com/WA/Seattle/3407-NW-Market-St-98107/unit-A/home/162355,3407 A NW Market St,98107,Townhouse,2026-07-30,2026-09-19,2026-09-19,1069950,1069950,1069950,2026-07-29,52,52,Active,,,0
2559616,203264201,221214307,https://www.redfin.com/WA/Seattle/4516-Corliss-Ave-N-98103/home/203264201,4516 B Corliss Ave N,98103,Townhouse,2026-07-25,2026-09-19,2026-09-19,1249900,1224900,1224900,2026-07-24,57,57,Active,2026-09-02,2026-09-02,1
2559647,199466743,221487479,https://www.redfin.com/WA/Seattle/957-N-35th-St-98103/home/199466743,957 N 35th St,98103,Townhouse,2026-07-30,2026-09-19,2026-09-19,1079950,1059950,1059950,2026-07-29,52,52,Active,2026-09-04,2026-09-04,1
2559709,113995325,221204885,https://www.redfin.com/WA/Seattle/727-Belmont-Ave-E-98102/home/113995325,727 Belmont Ave E,98102,Townhouse,2026-07-24,2026-09-19,2026-09-19,1275000,1249000,1249000,2026-07-23,58,58,Active,2026-09-11,2026-09-11,1
2559765,145144015,221255439,https://www.redfin.com/WA/Seattle/632-NW-85th-St-98117/unit-B/home/145144015,632 NW 85th St Unit B Unit B,98117,Townhouse,2026-07-25,2026-09-19,2026-09-19,857000,845000,845000,2026-07-24,57,57,Active,2026-08-29,2026-08-29,1
2559799,106274,221207410,https://www.redfin.com/WA/Seattle/11709-Roosevelt-Way-NE-98125/home/106274,11709 Roosevelt Way NE,98125,Single Family,2026-07-24,2026-09-19,2026-09-19,1749950,1599000,1599000,2026-07-23,58,58,Active,2026-09-16,2026-08-28,2
2559879,47830,221245362,https://www.redfin.com/WA/Seattle/2325-Harbor-Ave-SW-98126/unit-B2/home/47830,2325 Harbor Ave SW Unit B2 Unit B2,98126,Townhouse,2026-07-25,2026-09-19,2026-09-19,900000,787000,787000,2026-07-24,57,57,Active,2026-09-17,2026-08-20,3
2559895,478129,221551365,https://www.redfin.com/WA/Seattle/3112-S-Hudson-St-98108/home/478129,3112 S Hudson St,98108,Single Family,2026-07-31,2026-09-19,2026-09-19,795000,749950,749950,2026-07-30,51,51,Active,2026-09-17,2026-08-14,2
2559911,135475,221267674,https://www.redfin.com/WA/Seattle/938-18th-Ave-E-98112/home/135475,938 18th Ave E,98112,Single Family,2026-07-25,2026-09-19,2026-09-19,2450000,2198000,2198000,2026-07-24,51,51,Active,2026-09-02,2026-09-02,1
2559931,144008,222060028,https://www.redfin.com/WA/Seattle/916-23rd-Ave-S-98144/home/144008,916 23rd Ave S,98144,Single Family,2026-08-07,2026-09-19,2026-09-19,665000,665000,665000,2026-08-06,44,44,Active,,,0
2560040,147535,221276542,https://www.redfin.com/WA/Seattle/520-30th-Ave-E-98112/home/147535,520 30th Ave E,98112,Single Family,2026-07-25,2026-09-19,2026-09-19,1699950,1599950,1599950,2026-07-24,57,57,Active,2026-09-11,2026-09-11,1
2560073,196489939,221775363,https://www.redfin.com/WA/Seattle/6669-N-NE-Windermere-Rd-98115/home/196489939,6669 N NE Windermere Rd,98115,Single Family,2026-08-02,2026-09-19,2026-09-19,6650000,6650000,6650000,2026-08-01,49,49,Active,,,0
2560110,164415,221269841,https://www.redfin.com/WA/Seattle/7332-25th-Ave-NW-98117/home/164415,7332 25th Ave NW,98117,Townhouse,2026-07-25,2026-09-19,2026-09-19,1092000,1092000,1092000,2026-07-24,57,57,Active,,,0
2560279,203278991,221280673,https://www.redfin.com/WA/Seattle/9251-Palatine-Ave-N-98103/unit-C/home/203278991,9251 Palatine Ave N Unit C Unit C,98103,Single Family,2026-07-25,2026-09-19,2026-09-19,850000,749000,749000,2026-07-24,57,57,Active,2026-08-15,2026-08-15,1
2560393,298999,221313351,https://www.redfin.com/WA/Seattle/410-N-46th-St-98103/home/298999,410 N 46th St,98103,Single Family,2026-07-28,2026-09-19,2026-09-19,975500,899000,899000,2026-07-27,54,54,Active,2026-08-29,2026-08-22,2
2560573,311533,221492690,https://www.redfin.com/WA/Seattle/5246-12th-Ave-NE-98105/home/311533,5246 12th Ave NE,98105,Single Family,2026-07-30,2026-09-19,2026-09-19,1300000,1300000,1300000,2026-07-29,52,52,Active,,,0
2560623,2075207,221414199,https://www.redfin.com/WA/Seattle/7722-39th-Ave-S-98118/home/2075207,7722 39th Ave S,98118,Single Family,2026-07-29,2026-09-19,2026-09-19,760000,749000,749000,2026-07-28,49,49,Active,2026-08-15,2026-08-15,1
2560674,135408,222181821,https://www.redfin.com/WA/Seattle/1111-Bellevue-Pl-E-98102/home/135408,1111 Bellevue Pl E,98102,Single Family,2026-08-10,2026-09-19,2026-09-19,2595000,2595000,2595000,2026-08-09,40,40,Active,,,0
2560695,191516197,222004526,https://www.redfin.com/WA/Seattle/2249-Minor-Ave-E-98102/home/191516197,2249 Minor Ave E,98102,Townhouse,2026-08-06,2026-09-19,2026-09-19,1395000,1395000,1395000,2026-08-05,45,45,Active,,,0
2560902,121214,222012640,https://www.redfin.com/WA/Seattle/5717-59th-Ave-NE-98105/home/121214,5717 59th Ave NE,98105,Single Family,2026-08-06,2026-09-19,2026-09-19,1700000,1625000,1625000,2026-08-05,45,45,Active,2026-08-15,2026-08-15,1
2560976,317435,222102257,https://www.redfin.com/WA/Seattle/2745-NE-89th-St-98115/home/317435,2745 NE 89th St,98115,Single Family,2026-08-07,2026-09-19,2026-09-19,1295000,1225000,1225000,2026-08-06,43,43,Active,2026-09-16,2026-09-16,1
2561144,2062630,221405170,https://www.redfin.com/WA/Seattle/9121-23rd-Ave-NE-98115/home/2062630,9121 23rd Ave NE,98115,Townhouse,2026-07-29,2026-09-19,2026-09-19,498000,498000,498000,2026-07-28,52,52,Active,,,0
2561257,131024,221582429,https://www.redfin.com/WA/Seattle/801-W-Barrett-St-98119/home/131024,801 W Barrett St,98119,Single Family,2026-07-31,2026-09-19,2026-09-19,2299000,2188000,2188000,2026-07-30,51,51,Active,2026-09-18,2026-09-18,1
2561459,199466744,221507252,https://www.redfin.com/WA/Seattle/955-N-35th-St-98103/home/199466744,955 N 35th St,98103,Townhouse,2026-07-30,2026-09-19,2026-09-19,1028000,999950,999950,2026-07-29,52,52,Active,2026-09-04,2026-09-04,1
2561474,481733,221486010,https://www.redfin.com/WA/Seattle/5560-15th-Ave-S-98108/home/481733,5560 15th Ave S,98108,Single Family,2026-07-30,2026-09-19,2026-09-19,699999,699999,699999,2026-07-29,52,52,Active,,,0
2561489,191427726,221705848,https://www.redfin.com/WA/Seattle/1129-NW-61st-St-98107/unit-B/home/191427726,1129 NW 61st Unit B Unit B,98107,Single Family,2026-08-01,2026-09-19,2026-09-19,825000,825000,825000,2026-07-31,50,50,Active,,,0
2561525,133821,221567366,https://www.redfin.com/WA/Seattle/431-Smith-St-98109/home/133821,431 Smith St,98109,Single Family,2026-07-31,2026-09-19,2026-09-19,2295000,2295000,2295000,2026-07-30,51,51,Active,,,0
2561552,185891232,222109503,https://www.redfin.com/WA/Seattle/1906-S-State-St-98144/home/185891232,1906 S State St,98144,Townhouse,2026-08-08,2026-09-19,2026-09-19,629000,629000,629000,2026-08-07,43,43,Active,,,0
2561569,172718044,221486003,https://www.redfin.com/WA/Seattle/6747-15th-Ave-NW-98117/home/172718044,6747 15th Ave NW,98117,Townhouse,2026-07-30,2026-09-19,2026-09-19,924950,899950,899950,2026-07-29,52,52,Active,2026-09-05,2026-09-05,1
2561570,191428873,221471938,https://www.redfin.com/WA/Seattle/7150-47th-Ave-SW-98136/home/191428873,7150 47th Ave SW,98136,Townhouse,2026-07-30,2026-09-19,2026-09-19,739999,739999,739999,2026-07-29,52,52,Active,,,0
2561582,142077,222393750,https://www.redfin.com/WA/Seattle/2018-S-Ingersoll-Pl-98144/unit-B/home/142077,2018 S Ingersoll Pl Unit B Unit B,98144,Single Family,2026-08-14,2026-09-19,2026-09-19,699950,699950,699950,2026-08-13,36,36,Active,,,0
2561639,128731,221577438,https://www.redfin.com/WA/Seattle/3854-36th-Ave-W-98199/home/128731,3854 36th Ave W,98199,Single Family,2026-07-31,2026-09-19,2026-09-19,1095000,1095000,1095000,2026-07-30,51,51,Active,,,0
2561647,117709,221473984,https://www.redfin.com/WA/Seattle/4318-1st-Ave-NE-98105/home/117709,4318 1st Ave NE,98105,Single Family,2026-07-30,2026-09-19,2026-09-19,1235000,1195000,1195000,2026-07-29,52,52,Active,2026-09-11,2026-09-11,1
2561714,476029,221552352,https://www.redfin.com/WA/Seattle/9439-11th-Ave-SW-98106/home/476029,9439 11th Ave SW,98106,Single Family,2026-07-31,2026-09-19,2026-09-19,699950,799950,799950,2026-07-30,51,51,Active,2026-09-17,2026-08-11,4
2561761,69353969,221560453,https://www.redfin.com/WA/Seattle/6911-California-Ave-SW-98136/unit-C/home/69353969,6911 California Ave SW Unit C Unit C,98136,Townhouse,2026-07-31,2026-09-19,2026-09-19,635000,635000,635000,2026-07-30,51,51,Active,,,0
2561811,127098,222058022,https://www.redfin.com/WA/Seattle/3406-37th-Ave-W-98199/home/127098,3406 37th Ave W,98199,Single Family,2026-08-07,2026-09-19,2026-09-19,1899000,1799000,1799000,2026-08-06,44,44,Active,2026-09-03,2026-09-03,1
2561914,192269707,221493678,https://www.redfin.com/WA/Seattle/3110-Queen-Anne-Ave-N-98109/home/192269707,3110 Queen Anne Ave N,98109,Townhouse,2026-07-30,2026-09-19,2026-09-19,694000,694000,694000,2026-07-29,52,52,Active,,,0
2561916,192269708,221494500,https://www.redfin.com/WA/Seattle/3112-Queen-Anne-Ave-N-98109/home/192269708,3112 Queen Anne Ave N,98119,Townhouse,2026-07-30,2026-09-19,2026-09-19,784950,784950,784950,2026-07-29,52,52,Active,,,0
2561918,194153677,221593061,https://www.redfin.com/WA/Seattle/1755-17th-Ave-98122/home/194153677,1755 17th Ave,98122,Townhouse,2026-07-31,2026-09-19,2026-09-19,985000,985000,985000,2026-07-30,51,51,Active,,,0
2561953,170623708,221706826,https://www.redfin.com/WA/Seattle/1530-13th-Ave-S-98144/unit-D/home/170623708,1530 13th Ave S Unit D Unit D,98144,Townhouse,2026-08-01,2026-09-19,2026-09-19,770000,749000,749000,2026-07-31,50,50,Active,2026-08-29,2026-08-29,1
2562052,189787293,221558145,https://www.redfin.com/WA/Seattle/1770C-14th-Ave-S-98144/home/189787293,1770 C 14th Ave S,98144,Townhouse,2026-07-31,2026-09-19,2026-09-19,699000,699000,699000,2026-07-30,51,51,Active,,,0
2562058,307309,222086337,https://www.redfin.com/WA/Seattle/6544-Latona-Ave-NE-98115/unit-A/home/307309,6544 A Latona Ave NE,98115,Townhouse,2026-08-07,2026-09-19,2026-09-19,798000,798000,798000,2026-08-06,44,44,Active,,,0
2562069,170468059,222114781,https://www.redfin.com/WA/Seattle/818-NW-53rd-St-98107/unit-B/home/170468059,818 NW 53rd St Unit B Unit B,98107,Townhouse,2026-08-08,2026-09-19,2026-09-19,765000,725000,725000,2026-08-07,43,43,Active,2026-09-11,2026-08-19,2
2562170,22228364,221579763,https://www.redfin.com/WA/Seattle/5630-Beach-Dr-SW-98136/home/22228364,5630 Beach Dr SW,98136,Single Family,2026-07-31,2026-09-19,2026-09-19,3575000,3575000,3575000,2026-07-30,51,51,Active,,,0
2562313,22719031,221569715,https://www.redfin.com/WA/Seattle/9215-22nd-Ave-SW-98106/home/22719031,9215 22nd Ave SW,98106,Single Family,2026-07-31,2026-09-19,2026-09-19,1549500,1549500,1549500,2026-07-30,51,51,Active,,,0
2562321,316998,221587373,https://www.redfin.com/WA/Seattle/3834-NE-86th-St-98115/home/316998,3834 NE 86th St,98115,Single Family,2026-07-31,2026-09-19,2026-09-19,1185000,1125000,1125000,2026-07-30,51,51,Active,2026-09-04,2026-09-04,1
2562335,316522,222346650,https://www.redfin.com/WA/Seattle/9009-45th-Ave-NE-98115/home/316522,9009 45th Ave NE,98115,Single Family,2026-08-14,2026-09-19,2026-09-19,1799999,1749999,1749999,2026-08-13,37,37,Active,2026-09-02,2026-09-02,1
2562345,200513957,221593401,https://www.redfin.com/WA/Seattle/2538-14th-Ave-W-98119/unit-B/home/200513957,2538 14th Ave W Unit B Unit B,98119,Townhouse,2026-07-31,2026-09-19,2026-09-19,1025000,1025000,1025000,2026-07-30,51,51,Active,,,0
2562363,69356866,221592720,https://www.redfin.com/WA/Seattle/2834-Fairview-Ave-E-98102/home/69356866,2834 Fairview Ave E,98102,Townhouse,2026-07-31,2026-09-19,2026-09-19,2218250,2218250,2218250,2026-07-30,51,51,Active,,,0
2562471,144466580,221568329,https://www.redfin.com/WA/Seattle/2337-W-Plymouth-St-98199/home/144466580,2337 W Plymouth St,98199,Single Family,2026-07-31,2026-09-19,2026-09-19,1230000,1195000,1195000,2026-07-30,51,51,Active,2026-09-18,2026-09-18,1
2562476,203522135,221568269,https://www.redfin.com/WA/Seattle/1778A-Alki-Ave-SW-98116/home/203522135,1778 A Alki Ave SW,98116,Townhouse,2026-07-31,2026-09-19,2026-09-19,1548450,1519000,1519000,2026-07-30,44,44,Active,2026-08-13,2026-08-13,1
2562498,96351,221570255,https://www.redfin.com/WA/Seattle/10124-3rd-Ave-NW-98177/home/96351,10124 3rd Ave NW,98177,Single Family,2026-07-31,2026-09-19,2026-09-19,949950,899000,899000,2026-07-30,51,51,Active,2026-09-02,2026-08-07,2
2562508,139474,221588427,https://www.redfin.com/WA/Seattle/1819-39th-Ave-E-98112/home/139474,1819 39th Ave E,98112,Single Family,2026-07-31,2026-09-19,2026-09-19,2085000,2085000,2085000,2026-07-30,51,51,Active,,,0
2562519,120980,221668090,https://www.redfin.com/WA/Seattle/5752-NE-62nd-St-98115/home/120980,5752 NE 62nd St,98115,Single Family,2026-07-31,2026-09-19,2026-09-19,950000,800000,800000,2026-07-30,50,50,Active,2026-08-28,2026-08-15,3
2562521,110203,221667920,https://www.redfin.com/WA/Seattle/9617-15th-Ave-NE-98115/home/110203,9617 15th Ave NE,98115,Single Family,2026-07-31,2026-09-19,2026-09-19,750000,695000,695000,2026-07-30,50,50,Active,2026-08-18,2026-08-18,1
2562529,113072772,221592687,https://www.redfin.com/WA/Seattle/710-10th-Ave-E-98102/home/113072772,710 10 Ave E,98102,Single Family,2026-07-31,2026-09-19,2026-09-19,1590000,1590000,1590000,2026-07-30,51,51,Active,,,0
2562564,144574683,221579365,https://www.redfin.com/WA/Seattle/9032-14th-Ave-NW-98117/unit-D/home/144574683,9032 14th Ave NW Unit D Unit D,98117,Townhouse,2026-07-31,2026-09-19,2026-09-19,599000,599000,599000,2026-07-30,51,51,Active,,,0
2562605,203551691,221674771,https://www.redfin.com/WA/Seattle/1214-NE-100th-St-98125/home/203551691,1214 NE 100th St,98125,Single Family,2026-08-01,2026-09-19,2026-09-19,649900,649900,649900,2026-07-31,50,50,Active,,,0
2562644,475395,221701672,https://www.redfin.com/WA/Seattle/8139-4th-Ave-SW-98106/home/475395,8139 4th Ave SW,98106,Single Family,2026-08-01,2026-09-19,2026-09-19,999950,999950,999950,2026-07-31,50,50,Active,,,0
2562700,204357226,221999179,https://www.redfin.com/WA/Seattle/7935-13th-Ave-SW-98106/unit-1/home/204357226,7935 13th Ave SW #1,98106,Single Family,2026-08-06,2026-09-19,2026-09-19,735000,735000,735000,2026-08-05,45,45,Active,,,0
2562743,133239,223574131,https://www.redfin.com/WA/Seattle/708-W-Prospect-St-98119/home/133239,708 W Prospect St,98119,Single Family,2026-09-17,2026-09-19,2026-09-19,1998500,1998500,1998500,2026-09-16,2,2,Active,,,0
2562807,191518496,221613260,https://www.redfin.com/WA/Seattle/8815-Interlake-Ave-N-98103/unit-C/home/191518496,8815 Interlake Ave N Unit C Unit C,98103,Townhouse,2026-07-31,2026-09-19,2026-09-19,575000,550000,550000,2026-07-30,51,51,Active,2026-08-29,2026-08-29,1
2562815,133954,221613036,https://www.redfin.com/WA/Seattle/360-Howe-St-98109/home/133954,360 Howe St,98109,Single Family,2026-07-31,2026-09-19,2026-09-19,1375000,1350000,1350000,2026-07-30,51,51,Active,2026-09-04,2026-09-04,1
2562821,200203346,221701675,https://www.redfin.com/WA/Seattle/6400-Fauntleroy-Way-SW-98136/home/200203346,6400 Fauntleroy Way SW,98136,Townhouse,2026-08-01,2026-09-19,2026-09-19,740000,740000,740000,2026-07-31,50,50,Active,,,0
2562836,187485496,221673874,https://www.redfin.com/WA/Seattle/800-23rd-Ave-S-98144/unit-C/home/187485496,800 23RD Ave S Unit C Unit C,98144,Townhouse,2026-08-01,2026-09-19,2026-09-19,639000,609995,609995,2026-07-31,50,50,Active,2026-09-19,2026-08-26,2
2562846,138834,221676205,https://www.redfin.com/WA/Seattle/2017-Parkside-Dr-E-98112/home/138834,2017 Parkside Dr E,98112,Single Family,2026-08-01,2026-09-19,2026-09-19,6500000,5995000,5995000,2026-07-31,50,50,Active,2026-08-25,2026-08-25,1
2563110,149325,222072363,https://www.redfin.com/WA/Seattle/5017-SW-Grayson-St-98116/home/149325,5017 SW Grayson St,98116,Single Family,2026-08-07,2026-09-19,2026-09-19,975000,925000,925000,2026-08-06,44,44,Active,2026-08-25,2026-08-25,1
2563112,123649,221719695,https://www.redfin.com/WA/Seattle/3602-24th-Ave-W-98199/home/123649,3602 24th Ave W,98199,Single Family,2026-08-01,2026-09-19,2026-09-19,1350000,1199999,1199999,2026-07-31,50,50,Active,2026-09-09,2026-08-21,2
2563122,22072679,222079516,https://www.redfin.com/WA/Seattle/8516-Nesbit-Ave-N-98103/unit-A/home/22072679,8516 Nesbit Ave N Unit A Unit A,98103,Townhouse,2026-08-07,2026-09-19,2026-09-19,535000,535000,535000,2026-08-06,44,44,Active,,,0
2563150,201632241,221723651,https://www.redfin.com/WA/Seattle/10835-11th-Ave-NE-98125/home/201632241,10835 11th Ave NE,98125,Townhouse,2026-08-01,2026-09-19,2026-09-19,799000,799000,799000,2026-07-31,50,50,Active,,,0
2563170,201652709,221720819,https://www.redfin.com/WA/Seattle/7330-25th-Ave-NW-98117/home/201652709,7330 25th Ave NW,98117,Townhouse,2026-08-01,2026-09-19,2026-09-19,779950,779950,779950,2026-07-31,50,50,Active Under Contract,,,0
2563195,52911434,222415661,https://www.redfin.com/WA/Seattle/10-E-Allison-St-98102/home/52911434,10 E Allison St,98102,Single Family,2026-08-15,2026-09-19,2026-09-19,298000,298000,298000,2026-08-14,36,36,Active,,,0
2563200,203526111,221724540,https://www.redfin.com/WA/Seattle/1502-N-100th-St-98103/home/203526111,1502 N 100th St,98133,Single Family,2026-08-01,2026-09-19,2026-09-19,750000,779000,779000,2026-07-31,50,50,Active,2026-08-04,2026-08-04,1
2563233,139634,221743687,https://www.redfin.com/WA/Seattle/3806-E-Galer-St-98112/home/139634,3806 E Galer St,98112,Single Family,2026-08-01,2026-09-19,2026-09-19,1450000,1350000,1350000,2026-07-31,50,50,Active,2026-09-16,2026-08-25,2
2563239,203526112,221728596,https://www.redfin.com/WA/Seattle/1504-N-100th-St-98103/home/203526112,1504 N 100th St,98133,Townhouse,2026-08-01,2026-09-19,2026-09-19,725000,769000,769000,2026-07-31,50,50,Active,2026-08-04,2026-08-04,1
2563245,194156014,221728924,https://www.redfin.com/WA/Seattle/1506-N-100th-St-98133/home/194156014,1506 N 100th St,98133,Townhouse,2026-08-01,2026-09-19,2026-09-19,1100000,1195000,1195000,2026-07-31,50,50,Active,2026-08-04,2026-08-04,1
2563316,135696,222108996,https://www.redfin.com/WA/Seattle/918-18th-Ave-E-98112/home/135696,918 18th Ave E,98122,Single Family,2026-08-08,2026-09-19,2026-09-19,2595000,2595000,2595000,2026-08-07,27,27,Active,,,0
2563320,131510,221772150,https://www.redfin.com/WA/Seattle/2910-9th-Ave-W-98119/home/131510,2910 9th Ave W,98119,Single Family,2026-08-02,2026-09-19,2026-09-19,2449000,2249000,2249000,2026-08-01,49,49,Active,2026-09-09,2026-09-09,1
2563484,113996103,221995150,https://www.redfin.com/WA/Seattle/11530-Greenwood-Ave-N-98133/home/113996103,11530 Greenwood Ave N,98133,Townhouse,2026-08-06,2026-09-19,2026-09-19,760000,699800,699800,2026-08-05,45,45,Active,2026-09-17,2026-09-03,2
2563545,313816,223344847,https://www.redfin.com/WA/Seattle/6026-41st-Ave-NE-98115/home/313816,6026 41st Ave NE,98115,Single Family,2026-09-11,2026-09-19,2026-09-19,1695000,1695000,1695000,2026-09-10,9,9,Active,,,0
2563558,205592137,223607157,https://www.redfin.com/WA/Seattle/6028-41st-Ave-NE-98115/home/205592137,6028 41st Ave NE,98115,Townhouse,2026-09-18,2026-09-19,2026-09-19,799000,799000,799000,2026-09-17,2,2,Active,,,0
2563563,205592136,223607156,https://www.redfin.com/WA/Seattle/6030-41st-Ave-NE-98115/home/205592136,6030 41st Ave NE,98115,Single Family,2026-09-18,2026-09-19,2026-09-19,819000,819000,819000,2026-09-17,2,2,Active,,,0
2563603,109828,222125764,https://www.redfin.com/WA/Seattle/9704-8th-Ave-NE-98115/home/109828,9704 8th Ave NE,98115,Single Family,2026-08-08,2026-09-19,2026-09-19,599900,599900,599900,2026-08-07,43,43,Active,,,0
2563641,482531,221961874,https://www.redfin.com/WA/Seattle/5922-23rd-Ave-S-98108/home/482531,5922 23rd Ave S,98108,Single Family,2026-08-05,2026-09-19,2026-09-19,849990,849990,849990,2026-08-04,46,46,Active,,,0
2563651,310276,221933864,https://www.redfin.com/WA/Seattle/7011-14th-Ave-NE-98115/home/310276,7011 14 TH Ave NW,98115,Single Family,2026-08-04,2026-09-19,2026-09-19,1049000,949000,949000,2026-08-03,47,47,Active,2026-09-03,2026-08-19,2
2563689,107883,221927872,https://www.redfin.com/WA/Seattle/10606-Roosevelt-Way-NE-98125/home/107883,10606 Roosevelt Way NE,98125,Single Family,2026-08-04,2026-09-19,2026-09-19,800000,749500,749500,2026-08-03,45,45,Active,2026-09-06,2026-09-06,1
2563703,107882,221927953,https://www.redfin.com/WA/Seattle/10616-Roosevelt-Way-NE-98125/home/107882,10616 Roosevelt Way NE,98125,Single Family,2026-08-04,2026-09-19,2026-09-19,800000,749500,749500,2026-08-03,45,45,Active,2026-09-06,2026-09-06,1
2563734,193388742,221920031,https://www.redfin.com/WA/Seattle/1255-NE-100th-St-98125/home/193388742,1255 NE 100th St,98125,Townhouse,2026-08-04,2026-09-19,2026-09-19,750000,750000,750000,2026-08-03,47,47,Active,,,0
2563751,123535,221965061,https://www.redfin.com/WA/Seattle/2422-W-Lynn-St-98199/home/123535,2422 W Lynn St,98199,Single Family,2026-08-05,2026-09-19,2026-09-19,1295000,1245000,1245000,2026-08-04,46,46,Active,2026-09-09,2026-09-09,1
2563754,193388638,221924872,https://www.redfin.com/WA/Seattle/1257-NE-100th-St-98125/home/193388638,1257 NE 100th St,98125,Single Family,2026-08-04,2026-09-19,2026-09-19,725000,725000,725000,2026-08-03,47,47,Active,,,0
2563778,205553305,223504579,https://www.redfin.com/WA/Seattle/13732-Stone-Ave-N-98133/home/205553305,13732 Stone Ave N,98133,Single Family,2026-09-16,2026-09-19,2026-09-19,635000,635000,635000,2026-09-15,4,4,Active,,,0
2563779,205553222,223504010,https://www.redfin.com/WA/Seattle/13730-Stone-Ave-N-98133/home/205553222,13730 Stone Ave N,98133,Single Family,2026-09-16,2026-09-19,2026-09-19,599000,599000,599000,2026-09-15,4,4,Active,,,0
2563795,476341,222606969,https://www.redfin.com/WA/Seattle/9208-17th-Ave-SW-98106/home/476341,9208 17th Ave SW,98106,Single Family,2026-08-20,2026-09-19,2026-09-19,775000,775000,775000,2026-08-19,31,31,Active,,,0
2563833,153988,221934577,https://www.redfin.com/WA/Seattle/4622-57th-Ave-SW-98116/home/153988,4622 57th Ave SW,98116,Single Family,2026-08-04,2026-09-19,2026-09-19,2175000,2175000,2175000,2026-08-03,47,47,Active,,,0
2563854,18657608,221988610,https://www.redfin.com/WA/Seattle/4507-Linden-Ave-N-98103/unit-A/home/18657608,4507 Linden Ave N Unit A Unit A,98103,Townhouse,2026-08-06,2026-09-19,2026-09-19,845000,799000,799000,2026-08-05,45,45,Active,2026-09-11,2026-09-11,1
2563893,17067731,221956774,https://www.redfin.com/WA/Seattle/2908-SW-Raymond-St-98126/home/17067731,2908 SW Raymond St,98126,Townhouse,2026-08-05,2026-09-19,2026-09-19,650000,650000,650000,2026-08-04,46,46,Active,,,0
2563999,199484443,222555431,https://www.redfin.com/WA/Seattle/3409-NW-Market-St-98107/unit-B/home/199484443,3409 B NW Market St,98107,Townhouse,2026-08-19,2026-09-19,2026-09-19,1180000,1180000,1180000,2026-08-18,32,32,Active,,,0
2564039,204359457,222007995,https://www.redfin.com/WA/Seattle/2328-Franklin-Ave-E-98102/unit-C/home/204359457,2328 Franklin Ave E Unit C Unit C,98102,Townhouse,2026-08-06,2026-09-19,2026-09-19,899950,879950,879950,2026-08-05,45,45,Active,2026-09-01,2026-09-01,1
2564061,197861155,222131579,https://www.redfin.com/WA/Seattle/2538-14th-Ave-W-98119/unit-E/home/197861155,2538 14th Ave W Unit E Unit E,98119,Townhouse,2026-08-08,2026-09-19,2026-09-19,899000,899000,899000,2026-08-07,43,43,Active,,,0
2564100,40089283,222077543,https://www.redfin.com/WA/Seattle/1018-NE-103rd-St-98125/home/40089283,1018 NE 103rd St,98125,Single Family,2026-08-07,2026-09-19,2026-09-19,1250000,1200000,1200000,2026-08-06,44,44,Active,2026-08-28,2026-08-28,1
2564119,195912252,221975361,https://www.redfin.com/WA/Seattle/1713-17th-Ave-98122/home/195912252,1713 17th Ave,98122,Townhouse,2026-08-05,2026-09-19,2026-09-19,1050000,1050000,1050000,2026-08-04,46,46,Active,,,0
2564138,331039,222536604,https://www.redfin.com/WA/Seattle/1633-California-Ave-SW-98116/unit-B/home/331039,1633 California Ave SW Unit B Unit B,98116,Townhouse,2026-08-19,2026-09-19,2026-09-19,735000,685000,685000,2026-08-18,32,32,Active,2026-09-16,2026-09-04,2
2564166,482557,222083325,https://www.redfin.com/WA/Seattle/1735-S-Pearl-St-98108/home/482557,1735 S Pearl St,98108,Single Family,2026-08-07,2026-09-19,2026-09-19,1050000,1050000,1050000,2026-08-06,44,44,Active,,,0
2564193,495769,221945617,https://www.redfin.com/WA/Seattle/7217-4th-Ave-NW-98117/home/495769,7217 4th Ave NW,98117,Single Family,2026-08-14,2026-09-19,2026-09-19,859000,859000,859000,2026-08-03,47,47,Active,,,0
2564195,308696,221972861,https://www.redfin.com/WA/Seattle/5248-17th-Ave-NE-98105/home/308696,5248 17th Ave NE,98105,Single Family,2026-08-05,2026-09-19,2026-09-19,1745000,1688500,1688500,2026-08-04,46,46,Active,2026-09-03,2026-08-15,3
2564196,179702973,221965296,https://www.redfin.com/WA/Seattle/3835-25th-Ave-W-98199/home/179702973,3835 25th Ave W,98199,Townhouse,2026-08-05,2026-09-19,2026-09-19,774999,774999,774999,2026-08-04,46,46,Active,,,0
2564214,178440767,221948626,https://www.redfin.com/WA/Seattle/1318-Yakima-Ave-S-98144/unit-A03/home/178440767,1318 Yakima Ave S Unit A03 Unit A03,98144,Townhouse,2026-08-05,2026-09-19,2026-09-19,735000,725000,725000,2026-08-04,46,46,Active,2026-08-26,2026-08-26,1
2564239,180792339,221995879,https://www.redfin.com/WA/Seattle/821-17th-Ave-98122/unit-B/home/180792339,821 B 17th Ave,98144,Townhouse,2026-08-06,2026-09-19,2026-09-19,999950,974900,974900,2026-08-05,45,45,Active,2026-09-19,2026-09-19,1
2564241,2080898,221952291,https://www.redfin.com/WA/Seattle/1109-33rd-Ave-E-98112/home/2080898,1109 33rd Ave E,98112,Single Family,2026-08-05,2026-09-19,2026-09-19,2370000,2195000,2195000,2026-08-04,46,46,Active,2026-09-17,2026-09-17,1
2564318,144466527,221973264,https://www.redfin.com/WA/Seattle/305-17th-Ave-E-98112/home/144466527,305 17th Ave E,98112,Townhouse,2026-08-05,2026-09-19,2026-09-19,1091550,1091550,1091550,2026-08-04,46,46,Active,,,0
2564336,145421,221972519,https://www.redfin.com/WA/Seattle/435-19th-Ave-E-98112/home/145421,435 19th Ave E,98112,Townhouse,2026-08-05,2026-09-19,2026-09-19,1099000,1099000,1099000,2026-08-04,46,46,Active,,,0
2564388,109972259,222867592,https://www.redfin.com/WA/Seattle/464-NE-Maple-Leaf-Pl-98115/unit-B/home/109972259,464 NE Maple Leaf Pl Unit B Unit B,98115,Townhouse,2026-08-26,2026-09-19,2026-09-19,885000,885000,885000,2026-08-25,25,25,Active,,,0
2564521,142592,222085871,https://www.redfin.com/WA/Seattle/1609-E-Alder-St-98122/home/142592,1609 E Alder St,98122,Single Family,2026-08-08,2026-09-19,2026-09-19,850000,850000,850000,2026-08-07,43,43,Active,,,0
2564528,312006,222662014,https://www.redfin.com/WA/Seattle/4341-8th-Ave-NE-98105/home/312006,4341 8th Ave NE,98105,Townhouse,2026-08-21,2026-09-19,2026-09-19,625000,625000,625000,2026-08-20,30,30,Active,,,0
2564543,481559,222160450,https://www.redfin.com/WA/Seattle/1924-S-Graham-St-98108/home/481559,1924 S Graham St,98108,Single Family,2026-08-10,2026-09-19,2026-09-19,899000,899000,899000,2026-08-09,41,41,Active,,,0
2564570,200945175,221998333,https://www.redfin.com/WA/Seattle/2117-N-36th-St-98103/home/200945175,2117 N 36th St,98103,Single Family,2026-08-06,2026-09-19,2026-09-19,2595000,2595000,2595000,2026-08-05,45,45,Active,,,0
2564589,192257476,222128032,https://www.redfin.com/WA/Seattle/117-22nd-Ave-98122/unit-B/home/192257476,117 22nd Ave Unit B Unit B,98122,Townhouse,2026-08-08,2026-09-19,2026-09-19,799000,799000,799000,2026-08-07,43,43,Active,,,0
2564612,195254092,221976162,https://www.redfin.com/WA/Seattle/3849-NE-88th-St-98115/home/195254092,3849 NE 88th St,98115,Townhouse,2026-08-05,2026-09-19,2026-09-19,1375000,1375000,1375000,2026-08-04,46,46,Active,,,0
2564613,109662157,222340911,https://www.redfin.com/WA/Seattle/710-14th-Ave-98122/unit-C/home/109662157,710 14th Ave Unit C Unit C,98122,Townhouse,2026-08-14,2026-09-19,2026-09-19,665000,665000,665000,2026-08-13,37,37,Active,,,0
2564632,12304067,222669026,https://www.redfin.com/WA/Seattle/4856-18th-Ave-SW-98106/home/12304067,4856 18th Ave SW,98106,Single Family,2026-08-21,2026-09-19,2026-09-19,985000,965000,965000,2026-08-20,30,30,Active,2026-09-09,2026-09-09,1
2564645,191912111,222128033,https://www.redfin.com/WA/Seattle/115-22nd-Ave-98122/unit-A/home/191912111,115 22nd Ave Unit A Unit A,98122,Townhouse,2026-08-08,2026-09-19,2026-09-19,879000,879000,879000,2026-08-07,43,43,Active,,,0
2564649,204432763,222124695,https://www.redfin.com/WA/Seattle/613-18th-Ave-E-98112/home/204432763,613 18th Ave E,98112,Single Family,2026-08-10,2026-09-19,2026-09-19,1949950,1949950,1949950,2026-08-07,43,43,Active,,,0
2564734,148691,222068965,https://www.redfin.com/WA/Seattle/515-30th-Ave-S-98144/home/148691,515 30th Ave S,98144,Single Family,2026-08-07,2026-09-19,2026-09-19,1899000,1850000,1850000,2026-08-06,44,44,Active,2026-09-12,2026-09-12,1
2564757,306766,222696871,https://www.redfin.com/WA/Seattle/2316-N-80th-St-98103/home/306766,2316 N 80th St,98103,Single Family,2026-08-21,2026-09-19,2026-09-19,905000,905000,905000,2026-08-20,30,30,Active,,,0
2564764,198079367,221979623,https://www.redfin.com/WA/Seattle/2727-Fairview-Ave-E-98102/unit-18/home/198079367,2727 Fairview Ave E #18,98102,Single Family,2026-08-05,2026-09-19,2026-09-19,550000,550000,550000,2026-08-04,46,46,Active,,,0
2564771,143088,223589243,https://www.redfin.com/WA/Seattle/615-18th-Ave-E-98112/home/143088,615 18th Ave E,98112,Single Family,2026-09-18,2026-09-19,2026-09-19,924950,924950,924950,2026-09-17,2,2,Active,,,0
2564776,475897,222240858,https://www.redfin.com/WA/Seattle/8815-18th-Ave-SW-98106/home/475897,8815 18th Ave SW,98106,Single Family,2026-08-12,2026-09-19,2026-09-19,900000,850000,850000,2026-08-11,39,39,Active,2026-08-20,2026-08-20,1
2564826,204409738,222052218,https://www.redfin.com/WA/Seattle/721-15th-Ave-98122/unit-A/home/204409738,721 15th Ave Unit A Unit A,98122,Townhouse,2026-08-07,2026-09-19,2026-09-19,824950,824950,824950,2026-08-06,44,44,Active,,,0
2564829,100132,222057667,https://www.redfin.com/WA/Seattle/1302-NW-90th-St-98117/home/100132,1302 NW 90th St,98117,Single Family,2026-08-07,2026-09-19,2026-09-19,1295000,1249500,1249500,2026-08-06,44,44,Active,2026-09-18,2026-09-18,1
2564897,204390210,222025198,https://www.redfin.com/WA/Seattle/4347-SW-Willow-St-98136/home/204390210,4347 SW Willow St,98136,Townhouse,2026-08-06,2026-09-19,2026-09-19,799000,779000,779000,2026-08-05,45,45,Active,2026-09-18,2026-09-18,1
2564938,99930,222344637,https://www.redfin.com/WA/Seattle/9227-Palatine-Ave-N-98103/home/99930,9227 Palatine Ave N,98103,Single Family,2026-08-14,2026-09-19,2026-09-19,661000,627950,627950,2026-08-13,37,37,Active,2026-09-11,2026-09-11,1
2564962,195902230,222012155,https://www.redfin.com/WA/Seattle/427-19th-Ave-E-98112/home/195902230,427 19th Ave E,98112,Townhouse,2026-08-06,2026-09-19,2026-09-19,1149000,1149000,1149000,2026-08-05,45,45,Active,,,0
2565083,202142514,222035950,https://www.redfin.com/WA/Seattle/8316-Mary-Ave-NW-98117/unit-C/home/202142514,8316 Mary Ave NW Unit C Unit C,98117,Townhouse,2026-08-06,2026-09-19,2026-09-19,699950,699950,699950,2026-08-05,45,45,Active,,,0
2565118,179731738,222360342,https://www.redfin.com/WA/Seattle/3818-23rd-Ave-W-98199/home/179731738,3818 B 23rd Ave W,98199,Townhouse,2026-08-14,2026-09-19,2026-09-19,775000,725000,725000,2026-08-13,37,37,Active,2026-09-18,2026-09-18,1
2565151,129610,222058885,https://www.redfin.com/WA/Seattle/3410-15th-Ave-W-98119/unit-B/home/129610,3410 15th Ave W Unit B Unit B,98119,Townhouse,2026-08-07,2026-09-19,2026-09-19,720000,720000,720000,2026-08-06,44,44,Active,,,0
2565181,204413785,222070888,https://www.redfin.com/WA/Seattle/2818-Boyer-Ave-E-98102/unit-8/home/204413785,2818 Boyer Ave E #8,98102,Single Family,2026-08-07,2026-09-19,2026-09-19,899000,780000,780000,2026-08-06,44,44,Active,2026-09-11,2026-08-20,2
2565304,172698534,222112850,https://www.redfin.com/WA/Seattle/1801-20th-Ave-98122/unit-B/home/172698534,1801 20th Ave Unit B Unit B,98122,Townhouse,2026-08-08,2026-09-19,2026-09-19,699950,699950,699950,2026-08-07,43,43,Active,,,0
2565387,471209,222308039,https://www.redfin.com/WA/Seattle/5615-Fauntleroy-Way-SW-98136/home/471209,5615 Fauntleroy Way SW,98136,Single Family,2026-08-13,2026-09-19,2026-09-19,725000,699000,699000,2026-08-12,38,38,Active,2026-09-12,2026-09-12,1
2565450,493567,222075715,https://www.redfin.com/WA/Seattle/805-NW-63rd-St-98107/unit-B/home/493567,805 NW 63rd St St Unit B Unit B,98107,Townhouse,2026-08-07,2026-09-19,2026-09-19,1042950,1042950,1042950,2026-08-06,44,44,Active,,,0
2565454,203438280,222075720,https://www.redfin.com/WA/Seattle/813-NW-63rd-St-98107/home/203438280,813 NW 63rd St,98107,Townhouse,2026-08-07,2026-09-19,2026-09-19,899950,899950,899950,2026-08-06,44,44,Active,,,0
2565535,99408,222079034,https://www.redfin.com/WA/Seattle/9556-Phinney-Ave-N-98103/home/99408,9556 Phinney Ave N,98103,Single Family,2026-08-07,2026-09-19,2026-09-19,1750000,1650000,1650000,2026-08-06,44,44,Active,2026-08-25,2026-08-25,1
2565565,18659176,222081180,https://www.redfin.com/WA/Seattle/3026-SW-Avalon-Way-98126/unit-A/home/18659176,3026 SW Avalon Way Unit A Unit A,98126,Townhouse,2026-08-07,2026-09-19,2026-09-19,675000,675000,675000,2026-08-06,43,43,Active,,,0
2565569,198602012,222073703,https://www.redfin.com/WA/Seattle/1612-N-92nd-St-98103/home/198602012,1612 N 92nd St N,98103,Townhouse,2026-08-07,2026-09-19,2026-09-19,474900,474900,474900,2026-08-06,44,44,Active,,,0
2565683,200269761,222125912,https://www.redfin.com/WA/Seattle/1825-E-Pine-St-98122/home/200269761,1825 E Pine St,98122,Townhouse,2026-08-08,2026-09-19,2026-09-19,785000,785000,785000,2026-08-07,43,43,Active,,,0
2565726,470407,222070889,https://www.redfin.com/WA/Seattle/3702-SW-Austin-St-98126/home/470407,3702 SW Austin St,98126,Single Family,2026-08-07,2026-09-19,2026-09-19,985000,985000,985000,2026-08-06,40,40,Active,,,0
2565761,203525568,222069751,https://www.redfin.com/WA/Seattle/11028-Evanston-Ave-N-98133/home/203525568,11028 Evanston Ave N,98133,Single Family,2026-08-07,2026-09-19,2026-09-19,775000,775000,775000,2026-08-06,44,44,Active,,,0
2565775,300858,222101791,https://www.redfin.com/WA/Seattle/7008-Linden-Ave-N-98103/home/300858,7008 Linden Ave N,98103,Single Family,2026-08-14,2026-09-19,2026-09-19,2059000,1998000,1998000,2026-08-07,43,43,Active,2026-09-09,2026-09-09,1
2565846,98638,222120553,https://www.redfin.com/WA/Seattle/518-N-102nd-St-98133/home/98638,518 N 102nd St,98133,Single Family,2026-08-08,2026-09-19,2026-09-19,549900,549900,549900,2026-08-07,43,43,Active,,,0
2565850,146946,222177200,https://www.redfin.com/WA/Seattle/101-Martin-Luther-King-Jr-Way-E-98112/home/146946,101 Martin Luther King Jr Way East E,98112,Single Family,2026-08-11,2026-09-19,2026-09-19,1595000,1545000,1545000,2026-08-10,40,40,Active,2026-08-28,2026-08-28,1
2565860,201025650,222120452,https://www.redfin.com/WA/Seattle/520-N-102nd-St-98133/home/201025650,520 N 102nd St,98133,Townhouse,2026-08-08,2026-09-19,2026-09-19,839900,839900,839900,2026-08-07,43,43,Active,,,0
2565888,104422,222124309,https://www.redfin.com/WA/Seattle/10733-Interlake-Ave-N-98133/home/104422,10733 Interlake Ave N,98133,Single Family,2026-08-08,2026-09-19,2026-09-19,975000,949950,949950,2026-08-07,43,43,Active,2026-09-15,2026-09-15,1
2565890,8188228,222422036,https://www.redfin.com/WA/Seattle/226-26th-Ave-E-98112/unit-B/home/8188228,226 B 26th Ave E,98112,Townhouse,2026-08-15,2026-09-19,2026-09-19,775000,775000,775000,2026-08-14,36,36,Active,,,0
2566035,202347818,222089477,https://www.redfin.com/WA/Seattle/5301-49th-Ave-SW-98136/home/202347818,5301 49th Ave SW,98136,Single Family,2026-08-08,2026-09-19,2026-09-19,1400000,1400000,1400000,2026-08-06,44,44,Active,,,0
2566065,204714778,222087235,https://www.redfin.com/WA/Seattle/11911-Stendall-Dr-N-98133/home/204714778,11911 Stendall Dr N #21,98133,Townhouse,2026-08-07,2026-09-19,2026-09-19,798000,798000,798000,2026-08-06,44,44,Active,,,0
2566157,38826,222112453,https://www.redfin.com/WA/Seattle/1551-Cherrylane-Ave-S-98144/unit-1551/home/38826,1551 Cherrylane Ave S #1551,98144,Townhouse,2026-08-08,2026-09-19,2026-09-19,399995,359999,359999,2026-08-07,38,38,Active,2026-08-30,2026-08-30,1
2566177,99519,222137704,https://www.redfin.com/WA/Seattle/929-N-87th-St-98103/home/99519,929 N 87th St,98103,Single Family,2026-08-08,2026-09-19,2026-09-19,954950,954950,954950,2026-08-07,42,42,Active,,,0
2566178,201537523,222137708,https://www.redfin.com/WA/Seattle/931-N-87th-St-98103/home/201537523,931 N 87th St,98103,Single Family,2026-08-08,2026-09-19,2026-09-19,924950,924950,924950,2026-08-07,42,42,Active,,,0
2566179,202098623,222137705,https://www.redfin.com/WA/Seattle/933-N-87th-St-98103/home/202098623,933 N 87th St,98103,Single Family,2026-08-08,2026-09-19,2026-09-19,984950,984950,984950,2026-08-07,42,42,Active,,,0
2566233,201258942,222105783,https://www.redfin.com/WA/Seattle/3820-NE-62nd-St-98115/home/201258942,3820 NE 62nd St,98115,Single Family,2026-08-08,2026-09-19,2026-09-19,2200000,2200000,2200000,2026-08-07,43,43,Active,,,0
2566297,118076,222131276,https://www.redfin.com/WA/Seattle/4042-5th-Ave-NE-98105/home/118076,4042 5th Ave NE,98105,Single Family,2026-08-08,2026-09-19,2026-09-19,1185000,1050000,1050000,2026-08-07,43,43,Active,2026-09-18,2026-08-28,2
2566302,473872,222328184,https://www.redfin.com/WA/Seattle/7955-29th-Ave-SW-98126/home/473872,7955 29th Ave SW,98126,Single Family,2026-08-14,2026-09-19,2026-09-19,599995,599995,599995,2026-08-13,37,37,Active,,,0
2566306,103189,222356248,https://www.redfin.com/WA/Seattle/14350-Corliss-Ave-N-98133/home/103189,14350 Corliss Ave N,98133,Single Family,2026-08-14,2026-09-19,2026-09-19,995000,995000,995000,2026-08-13,37,37,Active,,,0
2566424,202310618,222119454,https://www.redfin.com/WA/Seattle/4907-SW-Canada-Dr-98136/home/202310618,4907 SW Canada Dr,98136,Single Family,2026-08-08,2026-09-19,2026-09-19,725000,699950,699950,2026-08-07,43,43,Active,2026-09-12,2026-09-12,1
2566461,202119115,222125192,https://www.redfin.com/WA/Seattle/624-W-Ewing-St-98119/home/202119115,624 W Ewing St,98119,Single Family,2026-08-08,2026-09-19,2026-09-19,175000,175000,175000,2026-08-07,43,43,Active,,,0
2566464,477925,222131668,https://www.redfin.com/WA/Seattle/5210-30th-Ave-S-98108/home/477925,5210 30th Ave S,98108,Single Family,2026-08-08,2026-09-19,2026-09-19,894990,869990,869990,2026-08-07,43,43,Active,2026-08-30,2026-08-30,1
2566679,304678,222135110,https://www.redfin.com/WA/Seattle/1706-N-50th-St-98103/home/304678,1706 N 50th St,98103,Single Family,2026-08-08,2026-09-19,2026-09-19,949000,949000,949000,2026-08-07,43,43,Active,,,0
2566701,194159975,222137680,https://www.redfin.com/WA/Seattle/526-N-100th-St-98133/home/194159975,526 N 100th St,98133,Single Family,2026-08-08,2026-09-19,2026-09-19,735000,699000,699000,2026-08-07,42,42,Active,2026-09-16,2026-09-16,1
2566715,128084,222141973,https://www.redfin.com/WA/Seattle/3215-39th-Ave-W-98199/home/128084,3215 39th Ave W,98199,Single Family,2026-08-09,2026-09-19,2026-09-19,2750000,2750000,2750000,2026-08-08,42,42,Active,,,0
2566738,39904964,222282957,https://www.redfin.com/WA/Seattle/1519-14th-Ave-S-98144/unit-C/home/39904964,1519 14th Ave S Unit C Unit C,98144,Townhouse,2026-08-13,2026-09-19,2026-09-19,695000,679000,679000,2026-08-12,38,38,Active,2026-08-28,2026-08-28,1
2566802,309519,222339557,https://www.redfin.com/WA/Seattle/7343-19th-Ave-NE-98115/home/309519,7343 19th Ave NE,98115,Single Family,2026-08-14,2026-09-19,2026-09-19,1230000,1175000,1175000,2026-08-13,37,37,Active,2026-08-25,2026-08-25,1
2566807,102268,222326742,https://www.redfin.com/WA/Seattle/14022-Roslyn-Pl-N-98133/home/102268,14022 Roslyn Pl N,98133,Single Family,2026-08-14,2026-09-19,2026-09-19,679000,659000,659000,2026-08-13,37,37,Active,2026-09-11,2026-09-11,1
2566890,131961,222190653,https://www.redfin.com/WA/Seattle/2109-Aurora-Ave-N-98109/home/131961,2109 Aurora Ave N,98109,Single Family,2026-08-11,2026-09-19,2026-09-19,950000,950000,950000,2026-08-10,40,40,Active,,,0
2567000,132813,222174164,https://www.redfin.com/WA/Seattle/1509-4th-Ave-W-98119/home/132813,1509 4th Ave W,98119,Single Family,2026-08-10,2026-09-19,2026-09-19,1128000,1128000,1128000,2026-08-09,40,40,Active,,,0
2567018,202671165,222651272,https://www.redfin.com/WA/Seattle/1510-B-NW-59th-St-98107/home/202671165,1510 B NW 59th St,98107,Townhouse,2026-08-21,2026-09-19,2026-09-19,1159000,1099000,1099000,2026-08-20,30,30,Active,2026-09-03,2026-08-30,2
2567048,142133,222355626,https://www.redfin.com/WA/Seattle/721-15th-Ave-98122/unit-B/home/142133,721 15th Ave Unit B Unit B,98122,Townhouse,2026-08-14,2026-09-19,2026-09-19,879950,879950,879950,2026-08-13,37,37,Active,,,0
2567081,188717853,222309642,https://www.redfin.com/WA/Seattle/2624-Eastlake-Ave-E-98102/unit-A/home/188717853,2624 Eastlake Ave E Unit A Unit A,98102,Townhouse,2026-08-13,2026-09-19,2026-09-19,1325000,1249950,1249950,2026-08-12,38,38,Active,2026-09-16,2026-09-09,2
2567095,189410513,222289990,https://www.redfin.com/WA/Seattle/825-NE-105th-St-98125/home/189410513,825 NE 105th St,98125,Single Family,2026-08-13,2026-09-19,2026-09-19,1135250,1135250,1135250,2026-08-12,38,38,Active,,,0
2567123,124764,222192679,https://www.redfin.com/WA/Seattle/4047-Williams-Ave-W-98199/home/124764,4047 Willams Ave W,98199,Single Family,2026-08-11,2026-09-19,2026-09-19,2380000,2280000,2280000,2026-08-10,40,40,Active,2026-09-03,2026-09-03,1
2567171,178441556,222189441,https://www.redfin.com/WA/Seattle/10413-Alderbrook-Pl-NW-98177/home/178441556,10413 Alderbrook Pl NW,98177,Townhouse,2026-08-10,2026-09-19,2026-09-19,612700,612700,612700,2026-08-09,40,40,Active,,,0
2567221,109661731,222195591,https://www.redfin.com/WA/Seattle/4206-S-Greenbelt-Station-Dr-98118/home/109661731,4206 S Greenbelt Station Dr,98118,Townhouse,2026-08-11,2026-09-19,2026-09-19,540000,515000,515000,2026-08-10,40,40,Active,2026-08-29,2026-08-29,1
2567262,191514412,222198546,https://www.redfin.com/WA/Seattle/2251-14th-Ave-W-98109/unit-C/home/191514412,2251 14th Ave W Unit C Unit C,98119,Townhouse,2026-08-11,2026-09-19,2026-09-19,699000,699000,699000,2026-08-10,39,39,Active,,,0
2567283,205593029,223611814,https://www.redfin.com/WA/Seattle/3312-W-Dravus-St-98199/home/205593029,3312 W Dravus St,98199,Townhouse,2026-09-18,2026-09-19,2026-09-19,1595000,1595000,1595000,2026-09-17,2,2,Active,,,0
2567299,205593766,223614201,https://www.redfin.com/WA/Seattle/3314-W-Dravus-St-98199/home/205593766,3314 W Dravus St,98199,Townhouse,2026-09-18,2026-09-19,2026-09-19,850000,850000,850000,2026-09-17,2,2,Active,,,0
2567318,291544,222237922,https://www.redfin.com/WA/Seattle/12703-4th-Ave-NW-98177/home/291544,12703 4th Ave NW,98177,Single Family,2026-08-12,2026-09-19,2026-09-19,1295000,1295000,1295000,2026-08-11,39,39,Active,,,0
2567331,304490,222239860,https://www.redfin.com/WA/Seattle/332-NE-50th-St-98105/home/304490,332 NE 50th St,98105,Single Family,2026-08-12,2026-09-19,2026-09-19,679250,669000,669000,2026-08-11,39,39,Active,2026-09-04,2026-09-04,1
2567335,17080229,222200122,https://www.redfin.com/WA/Seattle/1301-N-Northlake-Way-98103/home/17080229,1301 N Northlake Way,98103,Single Family,2026-08-11,2026-09-19,2026-09-19,598000,598000,598000,2026-08-10,40,40,Active,,,0
2567347,130651,222326578,https://www.redfin.com/WA/Seattle/2716-Warren-Ave-N-98109/home/130651,2716 Warren Ave N,98109,Single Family,2026-08-14,2026-09-19,2026-09-19,1475000,1475000,1475000,2026-08-13,37,37,Active,,,0
2567404,188501952,222311113,https://www.redfin.com/WA/Seattle/10354-Wallingford-Ave-N-98133/unit-B/home/188501952,10354 Wallingford Ave N Unit B Unit B,98133,Single Family,2026-08-13,2026-09-19,2026-09-19,511000,511000,511000,2026-08-12,38,38,Active,,,0
2567460,177270615,222245415,https://www.redfin.com/WA/Seattle/1010A-NE-92nd-St-98115/home/177270615,1010 A NE 92nd St,98115,Townhouse,2026-08-12,2026-09-19,2026-09-19,725000,699000,699000,2026-08-11,39,39,Active,2026-09-02,2026-09-02,1
2567498,201920985,222348519,https://www.redfin.com/WA/Seattle/1935B-7th-Ave-W-98119/home/201920985,1935 B 7th Ave W,98119,Townhouse,2026-08-14,2026-09-19,2026-09-19,947500,947500,947500,2026-08-13,37,37,Active,,,0
2567541,204590097,222424666,https://www.redfin.com/WA/Seattle/3640A-13th-Ave-W-98119/home/204590097,3640 A 13th Ave W,98119,Townhouse,2026-08-15,2026-09-19,2026-09-19,1149000,1149000,1149000,2026-08-14,36,36,Active,,,0
2567549,95588,223402434,https://www.redfin.com/WA/Seattle/927-NW-105th-St-98177/home/95588,927 NW 105th St,98177,Single Family,2026-09-12,2026-09-19,2026-09-19,1100000,1100000,1100000,2026-09-11,4,4,Active,,,0
2567614,477825,222425397,https://www.redfin.com/WA/Seattle/5517-33rd-Ave-S-98118/home/477825,5517 33rd Ave S,98118,Single Family,2026-08-16,2026-09-19,2026-09-19,525000,485000,485000,2026-08-15,35,35,Active,2026-09-03,2026-09-03,1
2567680,477946,222334194,https://www.redfin.com/WA/Seattle/5914-35th-Ave-S-98118/unit-B/home/477946,5914 35th Ave Ave S Unit B Unit B,98118,Townhouse,2026-08-14,2026-09-19,2026-09-19,641000,629950,629950,2026-08-13,37,37,Active,2026-09-11,2026-09-11,1
2567805,482233,222420798,https://www.redfin.com/WA/Seattle/2515-S-Willow-St-98108/home/482233,2515 S Willow St,98108,Single Family,2026-08-15,2026-09-19,2026-09-19,920000,889000,889000,2026-08-14,36,36,Active,2026-09-19,2026-09-19,1
2567836,124883,222332480,https://www.redfin.com/WA/Seattle/2568-28th-Ave-W-98199/home/124883,2568 28th Ave W,98199,Single Family,2026-08-14,2026-09-19,2026-09-19,1650000,1650000,1650000,2026-08-13,37,37,Active,,,0
2567848,145708811,222368218,https://www.redfin.com/WA/Seattle/1116-13th-Ave-98122/unit-D/home/145708811,1116 13th Ave Unit D Unit D,98122,Townhouse,2026-08-14,2026-09-19,2026-09-19,549000,549000,549000,2026-08-13,37,37,Active,,,0
2567868,205394889,222658335,https://www.redfin.com/WA/Seattle/3802-25th-Ave-W-98199/home/205394889,3802 25th Ave W Unit 4G Unit 4G,98199,Townhouse,2026-08-21,2026-09-19,2026-09-19,775000,775000,775000,2026-08-20,30,30,Active,,,0
2567892,107058,222257677,https://www.redfin.com/WA/Seattle/10713-15th-Ave-NE-98125/home/107058,10713 15th Ave NE,98125,Single Family,2026-08-12,2026-09-19,2026-09-19,799000,799000,799000,2026-08-11,39,39,Active,,,0
2567914,106245,222283750,https://www.redfin.com/WA/Seattle/11526-3rd-Ave-NE-98125/home/106245,11526 3rd Ave NE,98125,Single Family,2026-08-13,2026-09-19,2026-09-19,825000,799000,799000,2026-08-12,38,38,Active,2026-09-16,2026-09-16,1
2567982,169154,223140144,https://www.redfin.com/WA/Seattle/2311-21st-Ave-S-98144/home/169154,2311 21st Ave S,98144,Single Family,2026-09-12,2026-09-19,2026-09-19,700000,700000,700000,2026-09-11,8,8,Active,,,0
2568002,97754,222704679,https://www.redfin.com/WA/Seattle/11549-N-Park-Ave-N-98133/home/97754,11549 N Park Ave N,98133,Single Family,2026-08-21,2026-09-19,2026-09-19,699950,699950,699950,2026-08-20,29,29,Active,,,0
2568041,320377,222323750,https://www.redfin.com/WA/Seattle/6030-Ann-Arbor-Ave-NE-98115/home/320377,6030 Ann Arbor Ave NE,98115,Single Family,2026-08-14,2026-09-19,2026-09-19,2795000,2749000,2749000,2026-08-13,37,37,Active,2026-09-17,2026-09-17,1
2568047,148009,222309218,https://www.redfin.com/WA/Seattle/3302-E-Pine-St-98122/home/148009,3302 E Pine St,98122,Single Family,2026-08-13,2026-09-19,2026-09-19,1995980,1970980,1970980,2026-08-12,38,38,Active,2026-09-18,2026-09-18,1
2568153,103559,222348419,https://www.redfin.com/WA/Seattle/1331-N-121st-St-98133/home/103559,1331 N 121st St,98133,Single Family,2026-08-14,2026-09-19,2026-09-19,785000,750000,750000,2026-08-13,37,37,Active,2026-09-17,2026-08-20,2
2568175,101932,222752756,https://www.redfin.com/WA/Seattle/13734-Stone-Ave-N-98133/home/101932,13734 Stone Ave N,88133,Single Family,2026-08-22,2026-09-19,2026-09-19,624000,624000,624000,2026-08-21,29,29,Active,,,0
2568207,52400257,222739442,https://www.redfin.com/WA/Seattle/3410-NW-Market-St-98107/unit-B/home/52400257,3410 B NW Market St,98107,Townhouse,2026-08-22,2026-09-19,2026-09-19,783500,723500,723500,2026-08-21,29,29,Active,2026-09-11,2026-09-11,1
2568231,146864,222319591,https://www.redfin.com/WA/Seattle/1614-32nd-Ave-98122/home/146864,1614 32nd Ave,98122,Single Family,2026-08-13,2026-09-19,2026-09-19,1395000,1341000,1341000,2026-08-12,37,37,Active,2026-09-09,2026-09-09,1
2568268,496245,222303186,https://www.redfin.com/WA/Seattle/139-NW-85th-St-98117/home/496245,139 NW 85th St,98117,Single Family,2026-08-13,2026-09-19,2026-09-19,1680000,1680000,1680000,2026-08-12,38,38,Active,,,0
2568283,174075344,222343703,https://www.redfin.com/WA/Seattle/3104-SW-Avalon-Way-98126/unit-F/home/174075344,3104 SW Avalon Way Unit F Unit F,98126,Townhouse,2026-08-14,2026-09-19,2026-09-19,520000,520000,520000,2026-08-13,37,37,Active,,,0
2568317,204638056,222567608,https://www.redfin.com/WA/Seattle/708-N-102nd-St-98133/unit-2/home/204638056,708 N 102nd St #2,98133,Townhouse,2026-08-19,2026-09-19,2026-09-19,725000,685000,685000,2026-08-18,32,32,Active,2026-09-15,2026-08-27,2
2568319,204571880,222337220,https://www.redfin.com/WA/Seattle/1761-NW-62nd-St-98107/home/204571880,1761 NW 62nd St,98107,Townhouse,2026-08-14,2026-09-19,2026-09-19,899950,884950,884950,2026-08-13,37,37,Active,2026-09-11,2026-09-11,1
2568385,167189,222693204,https://www.redfin.com/WA/Seattle/3208-15th-Ave-S-98144/home/167189,3208 15th Ave S,98144,Single Family,2026-08-21,2026-09-19,2026-09-19,545000,545000,545000,2026-08-20,19,19,Active,,,0
2568428,140503,223603175,https://www.redfin.com/WA/Seattle/1302-Lakeside-Ave-S-98144/home/140503,1302 Lakeside Ave S,98144,Single Family,2026-09-18,2026-09-19,2026-09-19,2200000,2200000,2200000,2026-09-17,2,2,Active,,,0
2568447,179865330,222483328,https://www.redfin.com/WA/Seattle/2637-NW-57th-St-98107/home/179865330,2637 A NW 57th St,98107,Townhouse,2026-08-18,2026-09-19,2026-09-19,789900,765000,765000,2026-08-17,33,33,Active,2026-09-04,2026-09-04,1
2568464,161141,222683957,https://www.redfin.com/WA/Seattle/7559-19th-Ave-SW-98106/home/161141,7559 19th Ave SW,98106,Single Family,2026-08-21,2026-09-19,2026-09-19,555000,555000,555000,2026-08-20,30,30,Active,,,0
2568502,141130,223641420,https://www.redfin.com/WA/Seattle/508-Randolph-Ave-98122/home/141130,508 Randolph Ave,98122,Single Family,2026-09-19,2026-09-19,2026-09-19,1870000,1870000,1870000,2026-09-18,1,1,Active,,,0
2568597,8189559,222454034,https://www.redfin.com/WA/Seattle/6825-Weedin-Pl-NE-98115/unit-A/home/8189559,6825 Weedin Pl NE Unit A Unit A,98115,Townhouse,2026-08-16,2026-09-19,2026-09-19,875000,835000,835000,2026-08-15,35,35,Active,2026-09-17,2026-09-17,1
2568621,141851,222311693,https://www.redfin.com/WA/Seattle/3700-E-Superior-St-98122/home/141851,3700 E Superior St,98122,Single Family,2026-08-13,2026-09-19,2026-09-19,1499950,1499950,1499950,2026-08-12,38,38,Active,,,0
2568632,135391,222956675,https://www.redfin.com/WA/Seattle/723-12th-Ave-E-98102/home/135391,723 12th Ave E,98102,Single Family,2026-08-29,2026-09-19,2026-09-19,2150000,2150000,2150000,2026-08-28,22,22,Active,,,0
2568708,174806016,222332166,https://www.redfin.com/WA/Seattle/1036-NE-102nd-St-98125/unit-B/home/174806016,1036 NE 102nd St Unit B Unit B,98125,Single Family,2026-08-14,2026-09-19,2026-09-19,700000,660000,660000,2026-08-13,37,37,Active,2026-09-09,2026-09-09,1
2568727,102215,223649916,https://www.redfin.com/WA/Seattle/13045-Corliss-Ave-N-98133/home/102215,13045 Corliss Ave N,98133,Single Family,2026-09-19,2026-09-19,2026-09-19,899000,899000,899000,2026-09-19,,,First Look,,,0
2568758,481019,222340775,https://www.redfin.com/WA/Seattle/4910-19th-Ave-S-98108/home/481019,4910 19th Ave S,98108,Single Family,2026-08-14,2026-09-19,2026-09-19,798000,773000,773000,2026-08-13,37,37,Active,2026-09-19,2026-09-19,1
2568775,205465928,222603665,https://www.redfin.com/WA/Seattle/1407-29th-Ave-98122/home/205465928,1407 29th Ave,98122,Townhouse,2026-08-20,2026-09-19,2026-09-19,999950,999950,999950,2026-08-19,31,31,Active,,,0
2568818,157165,222438143,https://www.redfin.com/WA/Seattle/8917-Fauntleroy-Way-SW-98136/home/157165,8917 Fauntleroy Way SW,98136,Single Family,2026-08-15,2026-09-19,2026-09-19,2499999,2499999,2499999,2026-08-14,36,36,Active,,,0
2568859,99971,222341002,https://www.redfin.com/WA/Seattle/8821-Dibble-Ave-NW-98117/home/99971,8821 Dibble Ave NW,98117,Single Family,2026-08-14,2026-09-19,2026-09-19,2298000,2298000,2298000,2026-08-13,37,37,Active,,,0
2568867,307135,222353514,https://www.redfin.com/WA/Seattle/8019-Bagley-Ave-N-98103/home/307135,8019 Bagley Ave N,98103,Single Family,2026-08-14,2026-09-19,2026-09-19,1349950,1349950,1349950,2026-08-13,37,37,Active,,,0
2569048,121208,222352168,https://www.redfin.com/WA/Seattle/5027-48th-Ave-NE-98105/home/121208,5027 48th Ave NE,98105,Single Family,2026-08-14,2026-09-19,2026-09-19,3495000,3250000,3250000,2026-08-13,37,37,Active,2026-09-12,2026-09-12,1
2569091,195505405,222354667,https://www.redfin.com/WA/Seattle/5928-18th-Ave-S-98108/home/195505405,5928 18th Ave S,98108,Single Family,2026-08-14,2026-09-19,2026-09-19,599950,599950,599950,2026-08-13,37,37,Active,,,0
2569098,474140,222684317,https://www.redfin.com/WA/Seattle/8703-16th-Ave-SW-98106/home/474140,8703 16th Ave SW,98106,Single Family,2026-08-21,2026-09-19,2026-09-19,599000,575000,575000,2026-08-20,30,30,Active,2026-09-11,2026-09-11,1
2569148,165019,223340658,https://www.redfin.com/WA/Seattle/7032-22nd-Ave-NW-98117/home/165019,7032 22nd Ave NW,98117,Single Family,2026-09-11,2026-09-19,2026-09-19,1049000,1049000,1049000,2026-09-10,9,9,Active,,,0
2569186,289276,222683958,https://www.redfin.com/WA/Seattle/2858-NW-90th-Pl-98117/home/289276,2858 NW 90th Pl,98117,Single Family,2026-08-21,2026-09-19,2026-09-19,1488000,1438000,1438000,2026-08-20,30,30,Active,2026-09-09,2026-09-09,1
2569194,157756,222528996,https://www.redfin.com/WA/Seattle/8022-Fauntleroy-Way-SW-98136/home/157756,8022 Fauntleroy Way SW,98136,Single Family,2026-08-18,2026-09-19,2026-09-19,2125000,1995000,1995000,2026-08-17,32,32,Active,2026-09-15,2026-09-04,2
2569199,158504,222411940,https://www.redfin.com/WA/Seattle/4201-SW-109th-St-98146/home/158504,4201 SW 109th,98146,Single Family,2026-08-15,2026-09-19,2026-09-19,1950000,1950000,1950000,2026-08-14,36,36,Active,,,0
2569205,2087838,222558385,https://www.redfin.com/WA/Seattle/3308-S-Holly-Pl-98118/home/2087838,3308 S Holly Pl,98118,Townhouse,2026-08-19,2026-09-19,2026-09-19,489000,489000,489000,2026-08-18,32,32,Active,,,0
2569216,200772686,222389346,https://www.redfin.com/WA/Seattle/10702-Linden-Ave-N-98133/home/200772686,10702 Linden Ave N,98133,Single Family,2026-08-14,2026-09-19,2026-09-19,899000,899000,899000,2026-08-13,36,36,Active,,,0
2569220,308251,223021550,https://www.redfin.com/WA/Seattle/1920-NE-Naomi-Pl-98115/home/308251,1920 NE Naomi Pl,98115,Single Family,2026-09-01,2026-09-19,2026-09-19,1750000,1750000,1750000,2026-08-31,19,19,Active,,,0
2569281,289915,222409258,https://www.redfin.com/WA/Seattle/9528-28th-Ave-NW-98117/home/289915,9528 28th Ave NW,98117,Single Family,2026-08-15,2026-09-19,2026-09-19,2612500,2612500,2612500,2026-08-14,36,36,Active,,,0
2569337,202021330,222393437,https://www.redfin.com/WA/Seattle/7533-31st-Ave-NE-98115/unit-B/home/202021330,7533 31st Ave NE Unit B Unit B,98115,Townhouse,2026-08-14,2026-09-19,2026-09-19,759950,759950,759950,2026-08-13,36,36,Active,,,0
2569339,129420,223611812,https://www.redfin.com/WA/Seattle/3006-11th-Ave-W-98119/home/129420,3006 11th Ave W,98119,Single Family,2026-09-18,2026-09-19,2026-09-19,1165000,1165000,1165000,2026-09-17,2,2,Active,,,0
2569357,148752711,223339087,https://www.redfin.com/WA/Seattle/5110-24th-Ave-NE-98105/home/148752711,5110 24th Ave NE,98105,Townhouse,2026-09-11,2026-09-19,2026-09-19,699000,699000,699000,2026-09-10,9,9,Active,,,0
2569463,175217159,222420799,https://www.redfin.com/WA/Seattle/720-N-43rd-St-98103/home/175217159,720 N 43rd St,98103,Townhouse,2026-08-15,2026-09-19,2026-09-19,770000,750000,750000,2026-08-14,36,36,Active,2026-09-01,2026-09-01,1
2569493,147602,222419098,https://www.redfin.com/WA/Seattle/227-29th-Ave-E-98112/home/147602,227 29th Ave E,98112,Single Family,2026-08-15,2026-09-19,2026-09-19,1998000,1998000,1998000,2026-08-14,36,36,Active,,,0
2569507,144466646,223258746,https://www.redfin.com/WA/Seattle/3211-California-Ave-SW-98116/home/144466646,3211 California Ave SW,98116,Townhouse,2026-09-09,2026-09-19,2026-09-19,995000,995000,995000,2026-09-08,11,11,Active,,,0
2569552,106789,222573794,https://www.redfin.com/WA/Seattle/9119-17th-Ave-NE-98115/home/106789,9119 17th Ave NE,98115,Single Family,2026-08-19,2026-09-19,2026-09-19,1350000,1350000,1350000,2026-08-18,31,31,Active,,,0
2569582,203246755,222428534,https://www.redfin.com/WA/Seattle/12713-4th-Ave-NW-98177/home/203246755,12713 4th Ave NW,98177,Townhouse,2026-08-15,2026-09-19,2026-09-19,749000,749000,749000,2026-08-14,36,36,Active,,,0
2569625,188725026,222431264,https://www.redfin.com/WA/Seattle/3847-NE-88th-St-98115/home/188725026,3847 NE 88th St,98115,Townhouse,2026-08-15,2026-09-19,2026-09-19,650000,650000,650000,2026-08-14,36,36,Active,,,0
2569638,204592208,222435653,https://www.redfin.com/WA/Seattle/5009-Fauntleroy-Way-SW-98136/unit-C/home/204592208,5009 Fauntleroy Ave SW Unit C Unit C,98136,Townhouse,2026-08-15,2026-09-19,2026-09-19,599900,599900,599900,2026-08-14,36,36,Active,,,0
2569727,204673447,222692895,https://www.redfin.com/WA/Seattle/3513-SW-Austin-St-98126/home/204673447,3513 SW Austin St,98126,Single Family,2026-08-21,2026-09-19,2026-09-19,634950,634950,634950,2026-08-20,30,30,Active,,,0
2569771,106178,223539630,https://www.redfin.com/WA/Seattle/11522-8th-Ave-NE-98125/home/106178,11522 8th Ave NE,98125,Single Family,2026-09-17,2026-09-19,2026-09-19,829000,829000,829000,2026-09-16,3,3,Active,,,0
2569829,18658377,222454411,https://www.redfin.com/WA/Seattle/9243-35th-Ave-SW-98126/unit-A/home/18658377,9243 35th Ave SW Unit A Unit A,98126,Townhouse,2026-08-16,2026-09-19,2026-09-19,489950,479995,479995,2026-08-15,35,35,Active,2026-09-02,2026-09-02,1
2569868,174174240,222599642,https://www.redfin.com/WA/Seattle/8012-20th-Ave-NW-98117/home/174174240,8012 20th Ave NW,98117,Townhouse,2026-08-20,2026-09-19,2026-09-19,858000,838000,838000,2026-08-19,31,31,Active,2026-09-17,2026-09-17,1
2569902,320791,222849035,https://www.redfin.com/WA/Seattle/6635-57th-Ave-NE-98115/home/320791,6635 57th Ave NE,98115,Single Family,2026-08-26,2026-09-19,2026-09-19,2050000,1895000,1895000,2026-08-25,25,25,Active,2026-09-18,2026-09-11,2
2570012,197181197,222923492,https://www.redfin.com/WA/Seattle/1220-N-137th-St-98133/unit-4/home/197181197,1220 N 137th St Unit C Unit C,98133,Townhouse,2026-08-28,2026-09-19,2026-09-19,474950,474950,474950,2026-08-27,23,23,Active,,,0
2570080,136526,222663323,https://www.redfin.com/WA/Seattle/1108-Harvard-Ave-E-98102/home/136526,1108 Harvard Ave E,98102,Single Family,2026-08-21,2026-09-19,2026-09-19,3550000,3550000,3550000,2026-08-20,30,30,Active,,,0
2570089,194154866,222503269,https://www.redfin.com/WA/Seattle/222-10th-Ave-E-98102/unit-D/home/194154866,222 10th Ave E Unit D Unit D,98102,Townhouse,2026-08-18,2026-09-19,2026-09-19,859950,859950,859950,2026-08-17,33,33,Active,,,0
2570112,52428184,222556580,https://www.redfin.com/WA/Seattle/918-Martin-Luther-King-Jr-Way-S-98144/unit-D/home/52428184,918 Martin Luther King Jr. Way S Unit D Unit D,98144,Townhouse,2026-08-19,2026-09-19,2026-09-19,750000,699950,699950,2026-08-18,32,32,Active,2026-09-15,2026-08-29,2
2570119,171855766,222665923,https://www.redfin.com/WA/Seattle/2630-NW-58th-St-98107/unit-C/home/171855766,2630 NW 58th St Unit C Unit C,98107,Townhouse,2026-08-21,2026-09-19,2026-09-19,779000,779000,779000,2026-08-20,30,30,Active,,,0
2570164,328632,222489736,https://www.redfin.com/WA/Seattle/2647-Walnut-Ave-SW-98116/home/328632,2647 Walnut Ave SW Unit B Unit B,98116,Single Family,2026-08-18,2026-09-19,2026-09-19,1519000,1519000,1519000,2026-08-17,33,33,Active,,,0
2570227,315251,222506667,https://www.redfin.com/WA/Seattle/9417-44th-Pl-NE-98115/home/315251,9417 44th Pl NE,98115,Single Family,2026-08-18,2026-09-19,2026-09-19,825000,825000,825000,2026-08-17,33,33,Active,,,0
2570228,144780,222607415,https://www.redfin.com/WA/Seattle/165-20th-Ave-98122/home/144780,165 20th Ave,98122,Single Family,2026-08-20,2026-09-19,2026-09-19,875000,850000,850000,2026-08-19,31,31,Active,2026-09-15,2026-09-15,1
2570236,327849,222686583,https://www.redfin.com/WA/Seattle/2623-39th-Ave-SW-98116/home/327849,2623 39th Ave SW,98116,Single Family,2026-08-21,2026-09-19,2026-09-19,965000,945000,945000,2026-08-20,30,30,Active,2026-09-19,2026-09-19,1
2570255,119598,223117593,https://www.redfin.com/WA/Seattle/1211-N-50th-St-98103/home/119598,1211 N 50th St,98103,Single Family,2026-09-03,2026-09-19,2026-09-19,999500,999500,999500,2026-09-02,17,17,Active,,,0
2570260,141084,223562467,https://www.redfin.com/WA/Seattle/1803-36th-Ave-98122/home/141084,1803 36th Ave,98122,Single Family,2026-09-17,2026-09-19,2026-09-19,2150000,2150000,2150000,2026-09-16,3,3,Active,,,0
2570334,142473,222753136,https://www.redfin.com/WA/Seattle/2216-E-Fir-St-98122/home/142473,2216 E Fir St,98122,Single Family,2026-08-22,2026-09-19,2026-09-19,1185000,1140000,1140000,2026-08-21,29,29,Active,2026-09-05,2026-09-05,1
2570339,204647470,222609257,https://www.redfin.com/WA/Seattle/811-NE-90th-St-98115/home/204647470,811 NE 90th St,98115,Single Family,2026-08-20,2026-09-19,2026-09-19,859950,848950,848950,2026-08-19,31,31,Active,2026-09-18,2026-09-18,1
2570375,39904453,222540925,https://www.redfin.com/WA/Seattle/1849-16th-Ave-98122/home/39904453,1849 16th Ave,98112,Townhouse,2026-08-19,2026-09-19,2026-09-19,2299000,2299000,2299000,2026-08-18,32,32,Active,,,0
2570433,2089526,222545556,https://www.redfin.com/WA/Seattle/1914-Ferry-Ave-SW-98116/home/2089526,1914 C Ferry Ave SW,98116,Townhouse,2026-08-19,2026-09-19,2026-09-19,1114950,1114950,1114950,2026-08-18,32,32,Active,,,0
2570447,321188,222942117,https://www.redfin.com/WA/Seattle/6816-51st-Ave-NE-98115/home/321188,6816 51st Ave NE,98115,Single Family,2026-08-28,2026-09-19,2026-09-19,3450000,3280000,3280000,2026-08-27,23,23,Active,2026-09-16,2026-09-16,1
2570451,310762,222872135,https://www.redfin.com/WA/Seattle/1703-NE-73rd-St-98115/home/310762,1703 NE 73rd St,98115,Single Family,2026-08-26,2026-09-19,2026-09-19,1099000,1099000,1099000,2026-08-25,25,25,Active,,,0
2570481,203164841,222556282,https://www.redfin.com/WA/Seattle/4416-Corliss-Ave-N-98103/home/203164841,4416 B Corliss Ave N,98103,Townhouse,2026-08-19,2026-09-19,2026-09-19,1049950,1035000,1035000,2026-08-18,32,32,Active,2026-09-11,2026-09-11,1
2570490,204700207,222743976,https://www.redfin.com/WA/Seattle/12040-5th-Ave-NE-98125/home/204700207,12040 5th Ave NE,98125,Townhouse,2026-08-22,2026-09-19,2026-09-19,699000,669000,669000,2026-08-21,29,29,Active,2026-09-12,2026-09-12,1
2570538,164427,222685999,https://www.redfin.com/WA/Seattle/8337-27th-Ave-NW-98117/home/164427,8337 27th Ave NW,98117,Single Family,2026-08-21,2026-09-19,2026-09-19,750000,725000,725000,2026-08-20,30,30,Active,2026-09-18,2026-09-18,1
2570605,204645157,222598959,https://www.redfin.com/WA/Seattle/8039-Wallingford-Ave-N-98103/unit-B/home/204645157,8039 Wallingford Ave N Unit B Unit B,98103,Single Family,2026-08-20,2026-09-19,2026-09-19,729950,729950,729950,2026-08-19,31,31,Active,,,0
2570620,191513075,222684539,https://www.redfin.com/WA/Seattle/3920-1st-Ave-NE-98105/unit-C/home/191513075,3920 1st Ave NE Unit C Unit C,98105,Townhouse,2026-08-21,2026-09-19,2026-09-19,949000,949000,949000,2026-08-20,30,30,Active,,,0
2570666,494754,222593638,https://www.redfin.com/WA/Seattle/2230-NW-60th-St-98107/unit-D/home/494754,2230 D NW 60th St,98107,Townhouse,2026-08-20,2026-09-19,2026-09-19,724950,699950,699950,2026-08-19,31,31,Active,2026-09-11,2026-09-11,1
2570680,135955,223511721,https://www.redfin.com/WA/Seattle/930-20th-Ave-E-98112/home/135955,930 20th Ave E,98112,Single Family,2026-09-16,2026-09-19,2026-09-19,1585000,1585000,1585000,2026-09-15,4,4,Active,,,0
2570755,191418969,222680279,https://www.redfin.com/WA/Seattle/627-13th-Ave-E-98102/home/191418969,627 13th Ave E,98102,Townhouse,2026-08-21,2026-09-19,2026-09-19,939900,939900,939900,2026-08-20,30,30,Active,,,0
2570757,192259524,222564680,https://www.redfin.com/WA/Seattle/1227-E-Roy-St-98102/home/192259524,1227 E Roy St,98102,Townhouse,2026-08-19,2026-09-19,2026-09-19,749900,749900,749900,2026-08-18,32,32,Active,,,0
2570784,191418968,222558596,https://www.redfin.com/WA/Seattle/629-13th-Ave-E-98102/home/191418968,629 13th Ave E,98102,Townhouse,2026-08-19,2026-09-19,2026-09-19,899900,899900,899900,2026-08-18,32,32,Active,,,0
2570834,8189671,222550469,https://www.redfin.com/WA/Seattle/1939-10th-Ave-W-98119/unit-B/home/8189671,1939 10th Ave W Unit B Unit B,98119,Townhouse,2026-08-19,2026-09-19,2026-09-19,740000,740000,740000,2026-08-18,32,32,Active,,,0
2570856,171905479,222606714,https://www.redfin.com/WA/Seattle/116-W-Florentia-St-98119/unit-A/home/171905479,116 W Florentia St Unit A Unit A,98119,Townhouse,2026-08-20,2026-09-19,2026-09-19,968000,968000,968000,2026-08-19,31,31,Active,,,0
2570869,494417,222602856,https://www.redfin.com/WA/Seattle/2211-NW-64th-St-98107/home/494417,2211 NW 64th St,98107,Single Family,2026-08-20,2026-09-19,2026-09-19,999950,899950,899950,2026-08-19,31,31,Active,2026-09-15,2026-09-15,1
2570873,496412,223579751,https://www.redfin.com/WA/Seattle/6736-10th-Ave-NW-98117/home/496412,6736 10th Ave NW,98117,Single Family,2026-09-18,2026-09-19,2026-09-19,990000,990000,990000,2026-09-17,2,2,Active,,,0
2570974,298642,222662581,https://www.redfin.com/WA/Seattle/101-NW-58th-St-98107/unit-12/home/298642,101 NW 58th St #12,98107,Townhouse,2026-08-21,2026-09-19,2026-09-19,965000,965000,965000,2026-08-20,30,30,Active,,,0
2571019,288413,223584238,https://www.redfin.com/WA/Seattle/10037-15th-Ave-NW-98177/home/288413,10037 15th Ave NW,98177,Single Family,2026-09-18,2026-09-19,2026-09-19,1998000,1998000,1998000,2026-09-17,2,2,Active,,,0
2571050,200593380,222607134,https://www.redfin.com/WA/Seattle/1206-B-NW-83rd-St-98117/home/200593380,1206 B NW 83rd St,98117,Townhouse,2026-08-20,2026-09-19,2026-09-19,595000,595000,595000,2026-08-19,31,31,Active,,,0
2571093,470529,222632495,https://www.redfin.com/WA/Seattle/5011-Fauntleroy-Way-SW-98136/unit-A/home/470529,5011 Fauntleroy Way SW Unit A Unit A,98136,Townhouse,2026-08-20,2026-09-19,2026-09-19,839900,839900,839900,2026-08-19,31,31,Active,,,0
2571096,204646791,222606082,https://www.redfin.com/WA/Seattle/12038-N-Park-Ave-N-98133/home/204646791,12038 N Park Ave N,98133,Single Family,2026-08-20,2026-09-19,2026-09-19,809950,809950,809950,2026-08-19,31,31,Active,,,0
2571133,200571909,222607239,https://www.redfin.com/WA/Seattle/8815-Densmore-Ave-N-98103/unit-B/home/200571909,8815 Densmore Ave N Unit B Unit B,98103,Single Family,2026-08-20,2026-09-19,2026-09-19,749950,749950,749950,2026-08-19,31,31,Active,,,0
2571158,175889603,222807788,https://www.redfin.com/WA/Seattle/1728-11th-Ave-98122/unit-A/home/175889603,1728 11th Ave Unit A Unit A,98122,Townhouse,2026-08-24,2026-09-19,2026-09-19,689000,689000,689000,2026-08-23,27,27,Active,,,0
2571201,171929337,222665705,https://www.redfin.com/WA/Seattle/1539-14th-Ave-S-98144/unit-B/home/171929337,1539 14th Ave S Unit B Unit B,98144,Townhouse,2026-08-21,2026-09-19,2026-09-19,450000,450000,450000,2026-08-20,30,30,Active,,,0
2571214,49410,222614384,https://www.redfin.com/WA/Seattle/1400-Hubbell-Pl-98101/unit-814/home/49410,1400 Hubbell Pl #814,98101,Single Family,2026-08-20,2026-09-19,2026-09-19,250000,219000,219000,2026-08-19,31,31,Active,2026-09-17,2026-09-17,1
2571257,312432,222603224,https://www.redfin.com/WA/Seattle/5761-35th-Ave-NE-98105/home/312432,5761 35th Ave NE,98105,Single Family,2026-08-20,2026-09-19,2026-09-19,1399000,1399000,1399000,2026-08-19,31,31,Active,,,0
2571273,190470957,222936065,https://www.redfin.com/WA/Seattle/12307-10th-Pl-NE-98125/unit-C/home/190470957,12307 10th Pl NE Unit C Unit C,98125,Townhouse,2026-08-28,2026-09-19,2026-09-19,599000,599000,599000,2026-08-27,23,23,Active,,,0
2571314,123070,222683077,https://www.redfin.com/WA/Seattle/4330-W-Cramer-St-98199/home/123070,4330 W Cramer St,98199,Single Family,2026-08-21,2026-09-19,2026-09-19,2950000,2950000,2950000,2026-08-20,30,30,Active,,,0
2571316,109065576,222614512,https://www.redfin.com/WA/Seattle/1707-NW-63rd-St-98107/unit-A/home/109065576,1707 NW 63rd St Unit A Unit A,98107,Townhouse,2026-08-20,2026-09-19,2026-09-19,825000,825000,825000,2026-08-19,31,31,Active,,,0
2571355,117798,222603788,https://www.redfin.com/WA/Seattle/1326-N-40th-St-98103/home/117798,1326 N 40th St,98103,Single Family,2026-08-20,2026-09-19,2026-09-19,1045000,999900,999900,2026-08-19,31,31,Active,2026-09-15,2026-09-15,1
2571371,160346,222816434,https://www.redfin.com/WA/Seattle/4721-21st-Ave-SW-98106/home/160346,4721 21st Ave SW,98106,Single Family,2026-08-25,2026-09-19,2026-09-19,549950,549950,549950,2026-08-24,26,26,Active,,,0
2571440,493648,222660498,https://www.redfin.com/WA/Seattle/1131-NW-60th-St-98107/unit-B/home/493648,1131 B NW 60th St,98107,Townhouse,2026-08-21,2026-09-19,2026-09-19,859950,839950,839950,2026-08-20,30,30,Active,2026-09-11,2026-09-11,1
2571455,191418965,223359838,https://www.redfin.com/WA/Seattle/637-13th-Ave-E-98102/home/191418965,637 13th Ave E,98102,Townhouse,2026-09-11,2026-09-19,2026-09-19,875000,875000,875000,2026-09-10,9,9,Active,,,0
2571532,18660823,222661142,https://www.redfin.com/WA/Seattle/2018-Broadmoor-Dr-E-98112/home/18660823,2018 Broadmoor Dr E,98112,Single Family,2026-08-21,2026-09-19,2026-09-19,5650000,5650000,5650000,2026-08-20,30,30,Active,,,0
2571560,141932,222849563,https://www.redfin.com/WA/Seattle/1113-33rd-Ave-S-98144/home/141932,1113 33rd Ave S,98144,Single Family,2026-08-26,2026-09-19,2026-09-19,775000,740000,740000,2026-08-25,25,25,Active,2026-09-18,2026-09-18,1
2571697,303450,222699952,https://www.redfin.com/WA/Seattle/654-NW-53rd-St-98107/home/303450,654 NW 53 St,98107,Single Family,2026-08-21,2026-09-19,2026-09-19,1525000,1525000,1525000,2026-08-20,30,30,Active,,,0
2571705,2073634,222932241,https://www.redfin.com/WA/Seattle/4025-Burton-Pl-W-98199/home/2073634,4025 Burton Pl W,98199,Single Family,2026-08-28,2026-09-19,2026-09-19,2750000,2750000,2750000,2026-08-27,23,23,Active,,,0
2571716,313376,223611729,https://www.redfin.com/WA/Seattle/6215-38th-Ave-NE-98115/home/313376,6215 38th Ave NE,98115,Single Family,2026-09-18,2026-09-19,2026-09-19,1095000,1095000,1095000,2026-09-17,2,2,Active,,,0
2571733,132072,222683080,https://www.redfin.com/WA/Seattle/2708-Franklin-Ave-E-98102/unit-B/home/132072,2708 Franklin Ave E Unit B Unit B,98102,Single Family,2026-08-21,2026-09-19,2026-09-19,1299000,1299000,1299000,2026-08-20,30,30,Active,,,0
2571802,169929,222637963,https://www.redfin.com/WA/Seattle/3820-14th-Ave-S-98108/home/169929,3820 14th Ave S,98178,Single Family,2026-08-20,2026-09-19,2026-09-19,749995,749995,749995,2026-08-19,30,30,Active,,,0
2571809,189787931,222641856,https://www.redfin.com/WA/Seattle/6542-32nd-Ave-NE-98115/unit-A/home/189787931,6542 32nd Ave NE Unit A Unit A,98115,Townhouse,2026-08-20,2026-09-19,2026-09-19,1080000,1080000,1080000,2026-08-19,30,30,Active,,,0
2571872,152308,222753596,https://www.redfin.com/WA/Seattle/5813-SW-Horton-St-98116/home/152308,5813 SW Horton St,98116,Single Family,2026-08-22,2026-09-19,2026-09-19,1600000,1600000,1600000,2026-08-21,29,29,Active,,,0
2571888,133235,222725215,https://www.redfin.com/WA/Seattle/1411-10th-Ave-W-98119/home/133235,1411 10th Ave W,98119,Single Family,2026-08-22,2026-09-19,2026-09-19,2150000,1999950,1999950,2026-08-21,29,29,Active,2026-09-16,2026-09-16,1
2571893,110255,222793256,https://www.redfin.com/WA/Seattle/8804-5th-Ave-NE-98115/home/110255,8804 5th Ave NE,98115,Single Family,2026-08-23,2026-09-19,2026-09-19,1188800,1138000,1138000,2026-08-22,28,28,Active,2026-09-09,2026-09-09,1
2571921,497923,222679408,https://www.redfin.com/WA/Seattle/6525-3rd-Ave-NW-98117/home/497923,6525 3rd Ave NW,98117,Single Family,2026-08-21,2026-09-19,2026-09-19,1282500,1282500,1282500,2026-08-20,30,30,Active,,,0
2571928,203214915,222778014,https://www.redfin.com/WA/Seattle/14338-Bagley-Ave-N-98133/unit-B/home/203214915,14338 Bagley Ave N Unit B Unit B,98133,Single Family,2026-08-23,2026-09-19,2026-09-19,889000,889000,889000,2026-08-22,28,28,Active,,,0
2571997,311000,222674297,https://www.redfin.com/WA/Seattle/7208-8th-Ave-NE-98115/home/311000,7208 8th Ave NE,98115,Single Family,2026-08-21,2026-09-19,2026-09-19,1282000,1282000,1282000,2026-08-20,30,30,Active,,,0
2571999,191489570,222737519,https://www.redfin.com/WA/Seattle/2340-44th-Ave-SW-98116/unit-C/home/191489570,2340 44th Ave SW Unit C Unit C,98116,Townhouse,2026-08-22,2026-09-19,2026-09-19,715000,715000,715000,2026-08-21,29,29,Active,,,0
2572014,133569,222746736,https://www.redfin.com/WA/Seattle/307-W-Highland-Dr-98119/home/133569,307 W Highland Dr,98119,Single Family,2026-08-22,2026-09-19,2026-09-19,2325000,2325000,2325000,2026-08-21,29,29,Active,,,0
2572164,204671321,222681881,https://www.redfin.com/WA/Seattle/513-N-122nd-St-98133/home/204671321,513 N 122nd St,98133,Single Family,2026-08-21,2026-09-19,2026-09-19,745000,745000,745000,2026-08-20,30,30,Active,,,0
2572239,290546,222751861,https://www.redfin.com/WA/Seattle/3210-NW-69th-St-98117/home/290546,3210 NW 69th St,98117,Single Family,2026-08-22,2026-09-19,2026-09-19,1295000,1095000,1095000,2026-08-21,29,29,Active,2026-09-12,2026-08-23,2
2572312,493371,222724852,https://www.redfin.com/WA/Seattle/1755-NW-62nd-St-98107/home/493371,1755 NW 62nd St,98107,Townhouse,2026-08-22,2026-09-19,2026-09-19,849950,849950,849950,2026-08-21,29,29,Active,,,0
2572346,195902744,222704749,https://www.redfin.com/WA/Seattle/4540-40th-Ave-SW-98116/home/195902744,4540 40th Ave SW,98116,Townhouse,2026-08-21,2026-09-19,2026-09-19,699000,699000,699000,2026-08-20,27,27,Active,,,0
2572377,105586,222781580,https://www.redfin.com/WA/Seattle/9026-Corliss-Ave-N-98103/home/105586,9026 Corliss Ave N,98103,Single Family,2026-08-23,2026-09-19,2026-09-19,699950,699950,699950,2026-08-22,28,28,Active,,,0
2572431,100855,222735480,https://www.redfin.com/WA/Seattle/10214-1st-Ave-NW-98177/unit-B/home/100855,10214 1st Ave NW Unit B Unit B,98177,Townhouse,2026-08-22,2026-09-19,2026-09-19,650000,650000,650000,2026-08-21,29,29,Active,,,0
2572446,35137,223135847,https://www.redfin.com/WA/Seattle/116-Aloha-St-98109/unit-116/home/35137,116 Aloha St #116,98109,Townhouse,2026-09-04,2026-09-19,2026-09-19,950000,950000,950000,2026-09-03,16,16,Active,,,0
2572500,317191,223302987,https://www.redfin.com/WA/Seattle/8009-28th-Ave-NE-98115/home/317191,8009 28th Ave NE,98115,Single Family,2026-09-11,2026-09-19,2026-09-19,1625000,1600000,1600000,2026-09-09,3,3,Active,2026-09-17,2026-09-17,1
2572552,12302976,222866285,https://www.redfin.com/WA/Seattle/3000-SW-Graham-St-98126/home/12302976,3000 SW Graham St,19812,Townhouse,2026-08-26,2026-09-19,2026-09-19,698000,698000,698000,2026-08-25,25,25,Active,,,0
2572558,176359982,222733754,https://www.redfin.com/WA/Seattle/11502-6th-Ave-NW-98177/unit-1/home/176359982,11502 6 Ave NW #1,98177,Single Family,2026-08-22,2026-09-19,2026-09-19,2700000,2700000,2700000,2026-08-21,29,29,Active,,,0
2572561,328806,223653665,https://www.redfin.com/WA/Seattle/4010-35th-Ave-SW-98126/home/328806,4010 35th Ave SW,98126,Single Family,2026-09-19,2026-09-19,2026-09-19,1150000,1150000,1150000,2026-09-18,1,1,Active,,,0
2572594,204670838,222735371,https://www.redfin.com/WA/Seattle/1455A-22nd-Ave-98122/unit-A/home/204670838,1455 22nd Ave Unit A Unit A,98122,Townhouse,2026-08-22,2026-09-19,2026-09-19,629950,629950,629950,2026-08-21,29,29,Active,,,0
2572623,474472,222739441,https://www.redfin.com/WA/Seattle/9044-9th-Ave-SW-98106/home/474472,9044 9th Ave SW,98106,Single Family,2026-08-22,2026-09-19,2026-09-19,569900,529000,529000,2026-08-21,29,29,Active,2026-09-19,2026-08-29,3
2572625,190632021,222935057,https://www.redfin.com/WA/Seattle/8370-Loyal-Way-NW-98117/unit-C/home/190632021,8370 Loyal Way NW Unit C Unit C,98117,Townhouse,2026-08-28,2026-09-19,2026-09-19,785000,785000,785000,2026-08-27,23,23,Active,,,0
2572629,139131,222740045,https://www.redfin.com/WA/Seattle/463-39th-Ave-E-98112/home/139131,463 39th Ave E,98112,Single Family,2026-08-22,2026-09-19,2026-09-19,3595000,3595000,3595000,2026-08-21,29,29,Active,,,0
2572703,199462822,222747447,https://www.redfin.com/WA/Seattle/1014-NE-70th-St-98115/unit-C/home/199462822,1014 C NE 70th St Unit C Unit C,98115,Townhouse,2026-08-22,2026-09-19,2026-09-19,924950,899950,899950,2026-08-21,29,29,Active,2026-09-04,2026-09-04,1
2572719,119177,223282211,https://www.redfin.com/WA/Seattle/4600-Green-Lake-Way-N-98103/home/119177,4600 Green Lake Way N,98103,Single Family,2026-09-09,2026-09-19,2026-09-19,1250000,1199000,1199000,2026-09-08,10,10,Active,2026-09-11,2026-09-11,1
2572731,2080350,222778129,https://www.redfin.com/WA/Seattle/1926-Ferry-Ave-SW-98116/home/2080350,1926 Ferry Ave SW,98116,Townhouse,2026-08-23,2026-09-19,2026-09-19,949900,949900,949900,2026-08-22,28,28,Active,,,0
2572739,201843878,222759751,https://www.redfin.com/WA/Seattle/8510-15th-Ave-NE-98115/home/201843878,8510 15th Ave NE,98115,Single Family,2026-08-22,2026-09-19,2026-09-19,779000,779000,779000,2026-08-21,29,29,Active,,,0
2572740,106697,222759723,https://www.redfin.com/WA/Seattle/8512-15th-Ave-NE-98115/home/106697,8512 15th Ave NE,98115,Single Family,2026-08-22,2026-09-19,2026-09-19,1349000,1299000,1299000,2026-08-21,29,29,Active,2026-09-16,2026-09-16,1
2572894,2061688,222778650,https://www.redfin.com/WA/Seattle/5262-15th-Ave-NE-98105/home/2061688,5262 15th Ave NE,98105,Single Family,2026-08-23,2026-09-19,2026-09-19,1150000,1150000,1150000,2026-08-22,28,28,Active,,,0
2572907,125546,222937636,https://www.redfin.com/WA/Seattle/2481-Perkins-Ln-W-98199/home/125546,2481 Perkins Ln W,98199,Single Family,2026-08-28,2026-09-19,2026-09-19,8995000,8995000,8995000,2026-08-27,23,23,Active,,,0
2572965,132404,222787470,https://www.redfin.com/WA/Seattle/1518-4th-Ave-N-98109/home/132404,1518 4th Ave N,98109,Single Family,2026-08-23,2026-09-19,2026-09-19,3498000,3498000,3498000,2026-08-22,28,28,Active,,,0
2573097,102563,222832115,https://www.redfin.com/WA/Seattle/317-N-138th-St-98133/home/102563,317 N 138th St,98133,Single Family,2026-08-25,2026-09-19,2026-09-19,850000,850000,850000,2026-08-24,26,26,Active,,,0
2573129,205592904,223611472,https://www.redfin.com/WA/Seattle/10530-Ashworth-Ave-N-98133/unit-B/home/205592904,10530 Ashworth Ave N Unit B Unit B,98133,Single Family,2026-09-18,2026-09-19,2026-09-19,865000,865000,865000,2026-09-17,2,2,Active,,,0
2573137,104315,222942069,https://www.redfin.com/WA/Seattle/10530-Ashworth-Ave-N-98133/home/104315,10530 Ashworth Ave N,98133,Single Family,2026-08-28,2026-09-19,2026-09-19,775000,775000,775000,2026-08-27,23,23,Active,,,0
2573159,474734,222806120,https://www.redfin.com/WA/Seattle/7768-14th-Ave-SW-98106/home/474734,7768 14th Ave SW,98106,Single Family,2026-08-24,2026-09-19,2026-09-19,589000,589000,589000,2026-08-23,27,27,Active,,,0
2573248,170619,222865830,https://www.redfin.com/WA/Seattle/1900-23rd-Ave-S-98144/home/170619,1900 23rd Ave S,98144,Single Family,2026-08-26,2026-09-19,2026-09-19,1100000,1100000,1100000,2026-08-25,25,25,Active,,,0
2573258,117694,222955411,https://www.redfin.com/WA/Seattle/4663-1st-Ave-NE-98105/home/117694,4663 1st Ave NE,98105,Single Family,2026-08-29,2026-09-19,2026-09-19,1048000,1048000,1048000,2026-08-28,22,22,Active,,,0
2573306,169746,223333583,https://www.redfin.com/WA/Seattle/1110-S-Bennett-St-98108/home/169746,1110 S Bennett St,98108,Single Family,2026-09-11,2026-09-19,2026-09-19,625000,625000,625000,2026-09-10,9,9,Active,,,0
2573355,22229011,222834842,https://www.redfin.com/WA/Seattle/7511-Dumar-Way-SW-98106/home/22229011,7511 Dumar Way SW,98106,Single Family,2026-08-25,2026-09-19,2026-09-19,869250,849000,849000,2026-08-24,26,26,Active,2026-09-13,2026-09-13,1
2573422,2068457,223212896,https://www.redfin.com/WA/Seattle/1508-37th-Ave-E-98112/home/2068457,1508 37th Ave E,98112,Single Family,2026-09-06,2026-09-19,2026-09-19,3695000,3695000,3695000,2026-09-05,11,11,Active,,,0
2573447,12090430,222893083,https://www.redfin.com/WA/Seattle/7174-27th-Ave-SW-98106/home/12090430,7174 27th Ave SW,98106,Townhouse,2026-08-27,2026-09-19,2026-09-19,615000,615000,615000,2026-08-26,24,24,Active,,,0
2573538,160216,223041074,https://www.redfin.com/WA/Seattle/1810-SW-Dakota-St-98106/home/160216,1810 SW Dakota St,98106,Single Family,2026-09-01,2026-09-19,2026-09-19,1375000,1295000,1295000,2026-08-31,18,18,Active,2026-09-19,2026-09-19,1
2573553,205194051,222897911,https://www.redfin.com/WA/Seattle/8736B-13th-Ave-NW-98117/home/205194051,8736 B 13th Ave NW,98117,Single Family,2026-08-27,2026-09-19,2026-09-19,549000,549000,549000,2026-08-26,24,24,Active,,,0
2573624,155595,223408580,https://www.redfin.com/WA/Seattle/3707-SW-105th-St-98146/home/155595,3707 SW 105th St,98146,Single Family,2026-09-12,2026-09-19,2026-09-19,725000,725000,725000,2026-09-11,8,8,Active,,,0
2573668,119284,222862151,https://www.redfin.com/WA/Seattle/3917-Midvale-Ave-N-98103/unit-A/home/119284,3917 Midvale Ave N Unit A Unit A,98103,Single Family,2026-08-26,2026-09-19,2026-09-19,1139810,1139810,1139810,2026-08-25,25,25,Active,,,0
2573703,109168,222881143,https://www.redfin.com/WA/Seattle/1216-NE-100th-St-98125/home/109168,1216 NE 100th St,98125,Single Family,2026-08-27,2026-09-19,2026-09-19,1200000,1200000,1200000,2026-08-26,24,24,Active,,,0
2573748,118299,222915784,https://www.redfin.com/WA/Seattle/1317-N-44th-St-98103/unit-A/home/118299,1317 N 44th St Unit A Unit A,98103,Townhouse,2026-08-28,2026-09-19,2026-09-19,699999,699999,699999,2026-08-27,23,23,Active,,,0
2573768,98428,222858779,https://www.redfin.com/WA/Seattle/937-N-88th-St-98103/home/98428,937 N 88th St,98103,Single Family,2026-08-26,2026-09-19,2026-09-19,700000,685000,685000,2026-08-25,25,25,Active,2026-09-16,2026-09-16,1
2573771,318166,222854817,https://www.redfin.com/WA/Seattle/9229-45th-Ave-NE-98115/home/318166,9229 45th Ave NE,98115,Single Family,2026-08-26,2026-09-19,2026-09-19,945000,945000,945000,2026-08-25,25,25,Active,,,0
2573805,307720,222896346,https://www.redfin.com/WA/Seattle/6800-Oswego-Pl-NE-98115/home/307720,6800 Oswego Pl NE,98115,Townhouse,2026-08-27,2026-09-19,2026-09-19,720000,699950,699950,2026-08-26,24,24,Active,2026-09-12,2026-09-12,1
2573849,130360,222892336,https://www.redfin.com/WA/Seattle/3442-13th-Ave-W-98119/unit-A/home/130360,3442 13th Ave W Unit A Unit A,98119,Single Family,2026-08-27,2026-09-19,2026-09-19,1899900,1899900,1899900,2026-08-26,24,24,Active,,,0
2573854,202699913,222892147,https://www.redfin.com/WA/Seattle/3446-13th-Ave-W-98119/unit-B/home/202699913,3446 13th Ave W Unit B Unit B,98119,Single Family,2026-08-27,2026-09-19,2026-09-19,849900,849900,849900,2026-08-26,24,24,Active,,,0
2573859,202699958,222891992,https://www.redfin.com/WA/Seattle/3444-13th-Ave-W-98119/unit-C/home/202699958,3444 13th Ave W Unit C Unit C,98119,Single Family,2026-08-27,2026-09-19,2026-09-19,949900,949900,949900,2026-08-26,24,24,Active,,,0
2573870,120385,223297898,https://www.redfin.com/WA/Seattle/3613-Wallingford-Ave-N-98103/home/120385,3613 Wallingford Ave N,98103,Single Family,2026-09-11,2026-09-19,2026-09-19,1150000,1150000,1150000,2026-09-09,10,10,Active,,,0
2573877,125821,223185884,https://www.redfin.com/WA/Seattle/3051-44th-Ave-W-98199/home/125821,3051 44th Ave W,98199,Single Family,2026-09-05,2026-09-19,2026-09-19,1840000,1840000,1840000,2026-09-04,9,9,Active,,,0
2573907,201270724,222862150,https://www.redfin.com/WA/Seattle/2935-39th-Ave-SW-98116/home/201270724,2935 39th Ave SW,98116,Single Family,2026-08-26,2026-09-19,2026-09-19,750000,750000,750000,2026-08-25,25,25,Active,,,0
2573912,145828,223308436,https://www.redfin.com/WA/Seattle/300-26th-Ave-E-98112/unit-D/home/145828,300 26th Ave E Unit D Unit D,98112,Townhouse,2026-09-11,2026-09-19,2026-09-19,995000,995000,995000,2026-09-09,10,10,Active,,,0
2573945,40051,222864056,https://www.redfin.com/WA/Seattle/2609-NW-57th-St-98107/unit-C/home/40051,2609 NW 57th St Unit C Unit C,98107,Townhouse,2026-08-26,2026-09-19,2026-09-19,639000,639000,639000,2026-08-25,25,25,Active,,,0
2573949,201703951,223242043,https://www.redfin.com/WA/Seattle/634-N-92nd-St-98103/home/201703951,634 N 92nd St,98103,Townhouse,2026-09-09,2026-09-19,2026-09-19,829900,799900,799900,2026-09-08,11,11,Active,2026-09-19,2026-09-19,1
2573964,320320,223625486,https://www.redfin.com/WA/Seattle/6225-NE-Princeton-Way-98115/home/320320,6225 NE Princeton Way,98115,Single Family,2026-09-19,2026-09-19,2026-09-19,1750000,1750000,1750000,2026-09-18,1,1,Active,,,0
2574060,110226,222978976,https://www.redfin.com/WA/Seattle/815-NE-100th-St-98125/home/110226,815 NE 100th St,98125,Single Family,2026-08-29,2026-09-19,2026-09-19,779950,779950,779950,2026-08-28,22,22,Active,,,0
2574214,44653955,222907672,https://www.redfin.com/WA/Seattle/2122-NE-89th-St-98115/home/44653955,2122 NE 89th St,98115,Townhouse,2026-08-27,2026-09-19,2026-09-19,607000,607000,607000,2026-08-26,24,24,Active,,,0
2574283,136953,222904787,https://www.redfin.com/WA/Seattle/716-15th-Ave-E-98112/home/136953,716 15th Ave E,98112,Single Family,2026-08-27,2026-09-19,2026-09-19,2450000,2450000,2450000,2026-08-26,24,24,Active,,,0
2574288,308896,223552562,https://www.redfin.com/WA/Seattle/1828-NE-Ravenna-Blvd-98105/home/308896,1828 NE Ravenna Blvd,98105,Single Family,2026-09-17,2026-09-19,2026-09-19,1599000,1599000,1599000,2026-09-16,3,3,Active,,,0
2574294,480286,222890066,https://www.redfin.com/WA/Seattle/7226-33rd-Ave-S-98118/home/480286,7226 33rd Ave S,98118,Single Family,2026-08-27,2026-09-19,2026-09-19,739000,739000,739000,2026-08-26,24,24,Active,,,0
2574328,123151,223117656,https://www.redfin.com/WA/Seattle/4320-31st-Ave-W-98199/home/123151,4320 31st Ave W,98199,Single Family,2026-09-03,2026-09-19,2026-09-19,649999,598888,598888,2026-09-02,17,17,Active,2026-09-14,2026-09-14,1
2574355,12318750,223049980,https://www.redfin.com/WA/Seattle/1613-21st-Ave-98122/unit-B/home/12318750,1613 21st Ave Unit B Unit B,98122,Single Family,2026-09-02,2026-09-19,2026-09-19,700000,700000,700000,2026-09-01,18,18,Active,,,0
2574371,8189968,222926965,https://www.redfin.com/WA/Seattle/641-NW-Market-St-98107/unit-A/home/8189968,641 NW Market St Unit A Unit A,98107,Townhouse,2026-08-28,2026-09-19,2026-09-19,775000,775000,775000,2026-08-27,23,23,Active,,,0
2574376,314207,222895699,https://www.redfin.com/WA/Seattle/5013-40th-Ave-NE-98105/home/314207,5013 40th Ave NE,98105,Townhouse,2026-08-27,2026-09-19,2026-09-19,845000,845000,845000,2026-08-26,24,24,Active,,,0
2574423,134509,223117714,https://www.redfin.com/WA/Seattle/118-Highland-Dr-98109/home/134509,118 Highland Dr,98109,Single Family,2026-09-03,2026-09-19,2026-09-19,3590000,3590000,3590000,2026-09-02,17,17,Active,,,0
2574429,160173,222937585,https://www.redfin.com/WA/Seattle/5247-21st-Ave-SW-98106/home/160173,5247 21st Ave SW,98106,Single Family,2026-08-28,2026-09-19,2026-09-19,1295000,1295000,1295000,2026-08-27,23,23,Active,,,0
2574435,132776,223597715,https://www.redfin.com/WA/Seattle/1114-2nd-Ave-N-98109/home/132776,1114 2nd Ave N,98109,Single Family,2026-09-18,2026-09-19,2026-09-19,1749500,1749500,1749500,2026-09-17,2,2,Active,,,0
2574452,288380,222903783,https://www.redfin.com/WA/Seattle/13021-13th-Ave-NW-98177/home/288380,13021 13th Ave NW,98177,Single Family,2026-08-27,2026-09-19,2026-09-19,3250000,3250000,3250000,2026-08-26,24,24,Active,,,0
2574469,205213591,222928692,https://www.redfin.com/WA/Seattle/7507-Latona-Ave-NE-98115/home/205213591,7507 Latona Ave NE,98115,Single Family,2026-08-28,2026-09-19,2026-09-19,789950,789950,789950,2026-08-27,23,23,Active,,,0
2574494,300487,222995378,https://www.redfin.com/WA/Seattle/536-N-73rd-St-98103/home/300487,536 N 73rd St,98103,Single Family,2026-08-30,2026-09-19,2026-09-19,699950,699950,699950,2026-08-29,21,21,Active,,,0
2574520,135992,223312178,https://www.redfin.com/WA/Seattle/1946-Harvard-Ave-E-98102/home/135992,1946 Harvard Ave E,98102,Single Family,2026-09-11,2026-09-19,2026-09-19,2499000,2499000,2499000,2026-09-09,10,10,Active,,,0
2574528,471434,223638368,https://www.redfin.com/WA/Seattle/6325-42nd-Ave-SW-98136/home/471434,6325 42nd Ave SW,98136,Single Family,2026-09-19,2026-09-19,2026-09-19,675000,675000,675000,2026-09-18,1,1,Active,,,0
2574633,146195,223354060,https://www.redfin.com/WA/Seattle/324-27th-Ave-E-98112/home/146195,324 27th Ave E,98112,Single Family,2026-09-11,2026-09-19,2026-09-19,1395000,1395000,1395000,2026-09-10,9,9,Active,,,0
2574659,159027,222944461,https://www.redfin.com/WA/Seattle/6516-24th-Ave-SW-98106/home/159027,6516 24th Ave SW,98106,Single Family,2026-08-28,2026-09-19,2026-09-19,1000000,1000000,1000000,2026-08-27,23,23,Active,,,0
2574664,127127,222971002,https://www.redfin.com/WA/Seattle/3228-35th-Ave-W-98199/home/127127,3228 35th Ave W,98199,Single Family,2026-08-29,2026-09-19,2026-09-19,1760000,1760000,1760000,2026-08-28,22,22,Active,,,0
2574729,478011,222908939,https://www.redfin.com/WA/Seattle/2854-S-Juneau-St-98108/home/478011,2854 S Juneau St,98108,Single Family,2026-08-27,2026-09-19,2026-09-19,500000,500000,500000,2026-08-26,24,24,Active,,,0
2574800,205220021,222944713,https://www.redfin.com/WA/Seattle/14342-Bagley-Ave-N-98133/home/205220021,14342 Bagley Ave N,98133,Single Family,2026-08-28,2026-09-19,2026-09-19,1395000,1395000,1395000,2026-08-27,23,23,Active,,,0
2574803,103190,222944980,https://www.redfin.com/WA/Seattle/14340-Bagley-Ave-N-98133/home/103190,14340 Bagley Ave N,98133,Single Family,2026-08-28,2026-09-19,2026-09-19,795000,795000,795000,2026-08-27,23,23,Active,,,0
2574820,126738,223295425,https://www.redfin.com/WA/Seattle/1560-28th-Ave-W-98199/home/126738,1560 28th Ave W,98199,Single Family,2026-09-11,2026-09-19,2026-09-19,1638750,1638750,1638750,2026-09-09,10,10,Active,,,0
2574865,2086850,223591579,https://www.redfin.com/WA/Seattle/7019-Ravenna-Ave-NE-98115/home/2086850,7019 Ravenna Ave NE,98116,Single Family,2026-09-18,2026-09-19,2026-09-19,1070000,1070000,1070000,2026-09-17,2,2,Active,,,0
2574898,112863490,223476024,https://www.redfin.com/WA/Seattle/911-N-104th-St-98133/unit-B/home/112863490,911 N 104th St Unit B Unit B,98133,Townhouse,2026-09-15,2026-09-19,2026-09-19,650000,650000,650000,2026-09-14,5,5,Active,,,0
2574907,471387,222940688,https://www.redfin.com/WA/Seattle/5616-Fauntleroy-Way-SW-98136/home/471387,5616 Fauntleroy Way SW,98136,Single Family,2026-08-29,2026-09-19,2026-09-19,725000,700000,700000,2026-08-27,23,23,Active,2026-09-17,2026-09-17,1
2574911,471567,222940821,https://www.redfin.com/WA/Seattle/5614-Fauntleroy-Way-SW-98136/unit-A/home/471567,5614 Fauntleroy Way SW Unit A Unit A,98136,Townhouse,2026-08-28,2026-09-19,2026-09-19,610000,610000,610000,2026-08-27,23,23,Active,,,0
2574915,205217574,222941368,https://www.redfin.com/WA/Seattle/5614-Fauntleroy-Way-SW-98136/home/205217574,5614 Fauntleroy Way SW,98136,Single Family,2026-08-28,2026-09-19,2026-09-19,1150000,1250000,1250000,2026-08-27,23,23,Active,2026-09-17,2026-09-17,1
2574924,97897,222932581,https://www.redfin.com/WA/Seattle/11558-Fremont-Ave-N-98133/home/97897,11558 Fremont Ave,98133,Single Family,2026-08-28,2026-09-19,2026-09-19,710000,710000,710000,2026-08-27,23,23,Active,,,0
2575146,301103,222941774,https://www.redfin.com/WA/Seattle/7520-Linden-Ave-N-98103/home/301103,7520 Linden Ave N,98103,Single Family,2026-08-28,2026-09-19,2026-09-19,945000,945000,945000,2026-08-27,23,23,Active,,,0
2575168,97313,222945379,https://www.redfin.com/WA/Seattle/210-N-115th-St-98133/home/97313,210 N 115th St,98133,Single Family,2026-08-29,2026-09-19,2026-09-19,949950,949950,949950,2026-08-27,23,23,Active,,,0
2575187,101858,222943961,https://www.redfin.com/WA/Seattle/13302-Bitter-Pl-N-98133/home/101858,13302 Bitter Pl N,98133,Single Family,2026-08-28,2026-09-19,2026-09-19,1449950,1449950,1449950,2026-08-27,23,23,Active Under Contract,,,0
2575228,168766,222947458,https://www.redfin.com/WA/Seattle/3428-18th-Ave-S-98144/home/168766,3428 18th Ave S,98144,Single Family,2026-08-28,2026-09-19,2026-09-19,750000,750000,750000,2026-08-27,23,23,Active,,,0
2575234,205392015,222949092,https://www.redfin.com/WA/Seattle/2536-Westlake-Ave-N-98109/home/205392015,2536 Westlake Ave N,98109,Single Family,2026-09-05,2026-09-19,2026-09-19,179000,179000,179000,2026-08-28,22,22,Active,,,0
2575242,205220272,222944975,https://www.redfin.com/WA/Seattle/121-N-136th-St-98133/home/205220272,121 N 136th St,98133,Single Family,2026-08-28,2026-09-19,2026-09-19,1099500,1099500,1099500,2026-08-27,23,23,Active,,,0
2575249,132322,222979185,https://www.redfin.com/WA/Seattle/1512-6th-Ave-W-98119/home/132322,1512 6th Ave W,98119,Single Family,2026-08-29,2026-09-19,2026-09-19,1295000,1250000,1250000,2026-08-28,22,22,Active,2026-09-05,2026-09-05,1
2575287,311949,223250029,https://www.redfin.com/WA/Seattle/5522-12th-Ave-NE-98105/home/311949,5522 12th Ave NE,98105,Single Family,2026-09-09,2026-09-19,2026-09-19,949000,949000,949000,2026-09-08,11,11,Active,,,0
2575324,493506,223051961,https://www.redfin.com/WA/Seattle/1549-NW-61st-St-98107/unit-A/home/493506,1549 NW 61st St Unit A Unit A,98107,Single Family,2026-09-02,2026-09-19,2026-09-19,629000,619000,619000,2026-09-01,18,18,Active,2026-09-18,2026-09-18,1
2575334,149372,222970360,https://www.redfin.com/WA/Seattle/4011-SW-Maryland-Pl-98116/home/149372,4011 SW Maryland Pl,98116,Single Family,2026-08-29,2026-09-19,2026-09-19,990000,990000,990000,2026-08-28,22,22,Active,,,0
2575347,98694,222955632,https://www.redfin.com/WA/Seattle/10532-Evanston-Ave-N-98133/home/98694,10532 Evanston Ave N,98133,Single Family,2026-08-29,2026-09-19,2026-09-19,1095000,1095000,1095000,2026-08-28,22,22,Active,,,0
2575377,104194175,222964950,https://www.redfin.com/WA/Seattle/2409-NW-64th-St-98107/home/104194175,2409 NW 64th St,98107,Townhouse,2026-08-29,2026-09-19,2026-09-19,759000,759000,759000,2026-08-28,22,22,Active,,,0
2575433,203271343,222972628,https://www.redfin.com/WA/Seattle/3308-Fuhrman-Ave-E-98102/unit-1/home/203271343,3308 Fuhrman Ave E #1,98102,Single Family,2026-08-29,2026-09-19,2026-09-19,585000,585000,585000,2026-08-28,22,22,Active,,,0
2575439,145924,222978595,https://www.redfin.com/WA/Seattle/504-23rd-Ave-E-98112/home/145924,504 23rd Ave E,98112,Single Family,2026-08-29,2026-09-19,2026-09-19,1185000,1185000,1185000,2026-08-28,22,22,Active,,,0
2575461,99841,222966804,https://www.redfin.com/WA/Seattle/9406-Linden-Ave-N-98103/unit-B/home/99841,9406 Linden Ave N Unit B Unit B,98103,Townhouse,2026-08-29,2026-09-19,2026-09-19,479950,479950,479950,2026-08-28,22,22,Active,,,0
2575464,479207,223095798,https://www.redfin.com/WA/Seattle/5407-31st-Ave-S-98108/home/479207,5407 31st Ave S,98108,Single Family,2026-09-03,2026-09-19,2026-09-19,665000,665000,665000,2026-09-02,17,17,Active,,,0
2575485,493691,223460900,https://www.redfin.com/WA/Seattle/2107-NW-65th-St-98117/home/493691,2107 NW 65th St,98117,Single Family,2026-09-17,2026-09-19,2026-09-19,745000,745000,745000,2026-09-16,3,3,Active,,,0
2575533,137121,223352270,https://www.redfin.com/WA/Seattle/2217-Federal-Ave-E-98102/home/137121,2217 Federal Ave E,98102,Single Family,2026-09-11,2026-09-19,2026-09-19,1549000,1549000,1549000,2026-09-10,9,9,Active,,,0
2575535,55550949,222973614,https://www.redfin.com/WA/Seattle/6704-15th-Ave-NW-98117/home/55550949,6704 15th Ave NW,98117,Townhouse,2026-08-29,2026-09-19,2026-09-19,663100,663100,663100,2026-08-28,22,22,Active,,,0
2575564,2066835,222983195,https://www.redfin.com/WA/Seattle/8846-Midvale-Ave-N-98103/unit-B/home/2066835,8846 Midvale Ave N Unit B Unit B,98103,Townhouse,2026-08-29,2026-09-19,2026-09-19,649950,635000,635000,2026-08-28,22,22,Active,2026-09-08,2026-09-08,1
2575580,479150,222975313,https://www.redfin.com/WA/Seattle/5316-31st-Ave-S-98108/home/479150,5316 31st Ave S,98108,Single Family,2026-08-29,2026-09-19,2026-09-19,800000,800000,800000,2026-08-28,22,22,Active,,,0
2575607,495283,222997190,https://www.redfin.com/WA/Seattle/8106-8th-Ave-NW-98117/home/495283,8106 8th Ave NW,98117,Single Family,2026-08-30,2026-09-19,2026-09-19,699990,699990,699990,2026-08-29,21,21,Active,,,0
2575788,12302929,222996902,https://www.redfin.com/WA/Seattle/5925-31st-Ave-SW-98126/home/12302929,5925 31st Ave SW,98126,Single Family,2026-08-30,2026-09-19,2026-09-19,1011000,995000,995000,2026-08-29,21,21,Active,2026-09-11,2026-09-11,1
2575859,108166,223325970,https://www.redfin.com/WA/Seattle/825-NE-75th-St-98115/home/108166,825 NE 75th St,98115,Single Family,2026-09-11,2026-09-19,2026-09-19,1350000,1350000,1350000,2026-09-10,9,9,Active,,,0
2575876,299090,222995350,https://www.redfin.com/WA/Seattle/303-N-64th-St-98103/home/299090,303 N 64th St,98103,Single Family,2026-08-30,2026-09-19,2026-09-19,920500,920500,920500,2026-08-29,21,21,Active,,,0
2575901,320323,223411142,https://www.redfin.com/WA/Seattle/6049-Princeton-Ave-NE-98115/home/320323,6049 Princeton Ave NE,98115,Single Family,2026-09-15,2026-09-19,2026-09-19,2195000,2195000,2195000,2026-09-14,4,4,Active,,,0
2575935,205500376,223343475,https://www.redfin.com/WA/Seattle/5549-34th-Ave-NE-98105/unit-B/home/205500376,5549 B 34th Ave NE,98105,Single Family,2026-09-11,2026-09-19,2026-09-19,925000,925000,925000,2026-09-10,9,9,Active,,,0
2575962,496094,223366501,https://www.redfin.com/WA/Seattle/6533-5th-Ave-NW-98117/home/496094,6533 5th Ave NW,98117,Single Family,2026-09-11,2026-09-19,2026-09-19,618600,618600,618600,2026-09-10,9,9,Active,,,0
2576006,108152,223006292,https://www.redfin.com/WA/Seattle/7526-Roosevelt-Way-NE-98115/home/108152,7526 Roosevelt Way NE,98115,Single Family,2026-08-31,2026-09-19,2026-09-19,1299900,1299900,1299900,2026-08-30,20,20,Active,,,0
2576019,205259911,223016339,https://www.redfin.com/WA/Seattle/212-N-115th-St-98133/home/205259911,212 N 115th St,98133,Single Family,2026-09-01,2026-09-19,2026-09-19,749950,749950,749950,2026-08-31,19,19,Active,,,0
2576044,97836,223030229,https://www.redfin.com/WA/Seattle/11032-Dayton-Ave-N-98133/home/97836,11032 Dayton Ave N,98133,Single Family,2026-09-01,2026-09-19,2026-09-19,649985,649985,649985,2026-08-31,4,4,Active,,,0
2576058,2077847,223022426,https://www.redfin.com/WA/Seattle/7624-39th-Ave-S-98118/home/2077847,7624 39th Ave S,98118,Single Family,2026-09-01,2026-09-19,2026-09-19,650000,650000,650000,2026-08-31,19,19,Active,,,0
2576108,126291,223275513,https://www.redfin.com/WA/Seattle/3233-Magnolia-Blvd-W-98199/home/126291,3233 Magnolia Blvd W,98119,Single Family,2026-09-09,2026-09-19,2026-09-19,3500000,3500000,3500000,2026-09-08,11,11,Active,,,0
2576155,191511784,223054974,https://www.redfin.com/WA/Seattle/13716-Midvale-Ave-N-98133/unit-C/home/191511784,13716 Midvale Ave N Unit C Unit C,98133,Townhouse,2026-09-02,2026-09-19,2026-09-19,521000,521000,521000,2026-09-01,18,18,Active,,,0
2576208,312220,223575550,https://www.redfin.com/WA/Seattle/6049-33rd-Ave-NE-98115/home/312220,6049 33rd Ave NE,98115,Single Family,2026-09-17,2026-09-19,2026-09-19,840000,840000,840000,2026-09-16,2,2,Active,,,0
2576214,494744,223299247,https://www.redfin.com/WA/Seattle/921-NW-59th-St-98107/home/494744,921 NW 59th St,98107,Townhouse,2026-09-11,2026-09-19,2026-09-19,859000,859000,859000,2026-09-09,10,10,Active,,,0
2576254,144720,223073976,https://www.redfin.com/WA/Seattle/158-15th-Ave-98122/unit-B/home/144720,158 15th Ave Unit B Unit B,98122,Townhouse,2026-09-02,2026-09-19,2026-09-19,636500,636500,636500,2026-09-01,18,18,Active,,,0
2576260,140292,223286832,https://www.redfin.com/WA/Seattle/2223-39th-Ave-E-98112/home/140292,2223 39th Ave E,98112,Single Family,2026-09-11,2026-09-19,2026-09-19,3395000,3395000,3395000,2026-09-09,10,10,Active,,,0
2576305,146816,223070334,https://www.redfin.com/WA/Seattle/2614-E-John-St-98112/home/146816,2614 E John St,98112,Single Family,2026-09-02,2026-09-19,2026-09-19,585000,585000,585000,2026-09-01,18,18,Active,,,0
2576336,204687050,223030719,https://www.redfin.com/WA/Seattle/2650-NW-95th-St-98117/home/204687050,2650 NW 95th St,98117,Single Family,2026-09-01,2026-09-19,2026-09-19,799000,799000,799000,2026-08-31,19,19,Active,,,0
2576376,170482947,223139365,https://www.redfin.com/WA/Seattle/8544-21st-Pl-NE-98115/home/170482947,8544 21st Pl NE,98115,Townhouse,2026-09-04,2026-09-19,2026-09-19,895000,895000,895000,2026-09-03,16,16,Active,,,0
2576415,168712,223491090,https://www.redfin.com/WA/Seattle/4038-24th-Pl-S-98108/home/168712,4038 24th Pl S,98108,Single Family,2026-09-16,2026-09-19,2026-09-19,1100000,1100000,1100000,2026-09-15,4,4,Active,,,0
2576498,202009708,223054247,https://www.redfin.com/WA/Seattle/311-NW-92nd-St-98117/home/202009708,311 NW 92nd St,98117,Single Family,2026-09-02,2026-09-19,2026-09-19,674950,674950,674950,2026-09-01,18,18,Active,,,0
2576535,179419719,223049567,https://www.redfin.com/WA/Seattle/1524-13th-Ave-S-98144/unit-A/home/179419719,1524 13th Ave S Unit A Unit A,98144,Townhouse,2026-09-02,2026-09-19,2026-09-19,799000,799000,799000,2026-09-01,18,18,Active,,,0
2576537,306913,223068873,https://www.redfin.com/WA/Seattle/1111-N-76th-St-98103/unit-1/home/306913,1111 N 76th St #1,98103,Single Family,2026-09-02,2026-09-19,2026-09-19,806550,806550,806550,2026-09-01,18,18,Active,,,0
2576584,2070973,223117744,https://www.redfin.com/WA/Seattle/1644-20th-Ave-98122/home/2070973,1644 B 20th Ave,98122,Townhouse,2026-09-03,2026-09-19,2026-09-19,925000,925000,925000,2026-09-02,17,17,Active,,,0
2576591,199483267,223054992,https://www.redfin.com/WA/Seattle/2328-Franklin-Ave-E-98102/unit-D/home/199483267,2328 Franklin Ave E Unit D Unit D,98102,Townhouse,2026-09-02,2026-09-19,2026-09-19,799950,799950,799950,2026-09-01,18,18,Active,,,0
2576648,129429,223063934,https://www.redfin.com/WA/Seattle/2568-13th-Ave-W-98119/home/129429,2568 13th Ave W,98119,Single Family,2026-09-02,2026-09-19,2026-09-19,1575000,1498000,1498000,2026-09-01,18,18,Active,2026-09-11,2026-09-11,1
2576656,106725707,223344253,https://www.redfin.com/WA/Seattle/1735-27th-Ave-98122/home/106725707,1735 27th Ave,98122,Townhouse,2026-09-11,2026-09-19,2026-09-19,925000,925000,925000,2026-09-10,9,9,Active,,,0
2576677,140016,223289495,https://www.redfin.com/WA/Seattle/805-33rd-Ave-E-98112/home/140016,805 33rd Ave E,98112,Single Family,2026-09-11,2026-09-19,2026-09-19,2099000,2099000,2099000,2026-09-09,10,10,Active,,,0
2576679,205330312,223073934,https://www.redfin.com/WA/Seattle/2316-S-Forest-St-98144/home/205330312,2316 S Forest St,98144,Single Family,2026-09-02,2026-09-19,2026-09-19,935000,885000,885000,2026-09-01,18,18,Active,2026-09-12,2026-09-12,1
2576697,205328639,223064870,https://www.redfin.com/WA/Seattle/2328-Franklin-Ave-E-98102/unit-A/home/205328639,2328 Franklin Ave E Unit A Unit A,98102,Townhouse,2026-09-02,2026-09-19,2026-09-19,899950,899950,899950,2026-09-01,18,18,Active,,,0
2576723,143412,223117410,https://www.redfin.com/WA/Seattle/731-19th-Ave-98122/home/143412,731 19th Ave,98122,Single Family,2026-09-03,2026-09-19,2026-09-19,1080000,1080000,1080000,2026-09-02,17,17,Active,,,0
2576725,136400,223068877,https://www.redfin.com/WA/Seattle/2353-Federal-Ave-E-98102/home/136400,2353 Federal Ave E,98102,Single Family,2026-09-02,2026-09-19,2026-09-19,997500,997500,997500,2026-09-01,18,18,Active,,,0
2576753,497655,223068531,https://www.redfin.com/WA/Seattle/6747-Alonzo-Ave-NW-98117/home/497655,6747 Alonzo Ave NW,98117,Single Family,2026-09-02,2026-09-19,2026-09-19,599000,599000,599000,2026-09-01,18,18,Active,,,0
2576830,152962,223557453,https://www.redfin.com/WA/Seattle/6545-Fauntleroy-Way-SW-98136/home/152962,6545 Fauntleroy Way SW,98136,Single Family,2026-09-17,2026-09-19,2026-09-19,985000,985000,985000,2026-09-16,3,3,Active,,,0
2576917,147827,223104341,https://www.redfin.com/WA/Seattle/1123-31st-Ave-98122/home/147827,1123 31st Ave,98122,Single Family,2026-09-03,2026-09-19,2026-09-19,2575000,2495000,2495000,2026-09-02,17,17,Active,2026-09-19,2026-09-19,1
2577010,313532,223118596,https://www.redfin.com/WA/Seattle/5243-40th-Ave-NE-98105/home/313532,5243 40th Ave NE,98105,Townhouse,2026-09-03,2026-09-19,2026-09-19,825000,825000,825000,2026-09-02,16,16,Active,,,0
2577019,205350025,223104117,https://www.redfin.com/WA/Seattle/9004-12th-Ave-NE-98115/home/205350025,9004 12th Ave NE,98115,Single Family,2026-09-03,2026-09-19,2026-09-19,1689000,1689000,1689000,2026-09-02,17,17,Active,,,0
2577023,98520,223081633,https://www.redfin.com/WA/Seattle/9535-Dayton-Ave-N-98103/home/98520,9535 Dayton Ave N,98103,Single Family,2026-09-02,2026-09-19,2026-09-19,1599950,1599950,1599950,2026-09-01,18,18,Active,,,0
2577102,99526,223095902,https://www.redfin.com/WA/Seattle/943-N-103rd-St-98133/home/99526,943 N 103rd St,98133,Single Family,2026-09-03,2026-09-19,2026-09-19,540000,540000,540000,2026-09-02,17,17,Active,,,0
2577114,317282,223106622,https://www.redfin.com/WA/Seattle/2615-NE-87th-St-98115/home/317282,2615 NE 87th St,98115,Single Family,2026-09-03,2026-09-19,2026-09-19,2495000,2495000,2495000,2026-09-02,17,17,Active,,,0
2577118,135225,223096613,https://www.redfin.com/WA/Seattle/426-Smith-St-98109/home/135225,426 Smith St,98109,Single Family,2026-09-03,2026-09-19,2026-09-19,2280000,2280000,2280000,2026-09-02,17,17,Active,,,0
2577127,98764,223097019,https://www.redfin.com/WA/Seattle/945-N-103rd-St-98133/home/98764,945 N 103rd St,98133,Single Family,2026-09-03,2026-09-19,2026-09-19,495000,495000,495000,2026-09-02,17,17,Active,,,0
2577133,177204571,223116907,https://www.redfin.com/WA/Seattle/1212-E-Shelby-St-98102/unit-5/home/177204571,1212 E Shelby St #5,98102,Single Family,2026-09-03,2026-09-19,2026-09-19,2999000,2999000,2999000,2026-09-02,17,17,Active,,,0
2577135,99525,223096614,https://www.redfin.com/WA/Seattle/941-N-103rd-St-98133/home/99525,941 N 103rd St,98133,Single Family,2026-09-03,2026-09-19,2026-09-19,720000,720000,720000,2026-09-02,17,17,Active,,,0
2577176,141307,223362215,https://www.redfin.com/WA/Seattle/1129-37th-Ave-98122/home/141307,1129 37th Ave,98122,Single Family,2026-09-11,2026-09-19,2026-09-19,1795000,1795000,1795000,2026-09-10,9,9,Active,,,0
2577201,178441494,223403778,https://www.redfin.com/WA/Seattle/2303-E-Alder-St-98122/home/178441494,2303 E Alder St,98122,Townhouse,2026-09-12,2026-09-19,2026-09-19,899000,899000,899000,2026-09-11,8,8,Active,,,0
2577298,201243573,223544848,https://www.redfin.com/WA/Seattle/3406-34th-Ave-W-98199/home/201243573,3406 B 34th Ave W,98199,Townhouse,2026-09-17,2026-09-19,2026-09-19,849990,849990,849990,2026-09-16,3,3,Active,,,0
2577386,121372,223146205,https://www.redfin.com/WA/Seattle/6681-NE-Windermere-Rd-98115/home/121372,6681 NE Windermere Rd,98115,Single Family,2026-09-04,2026-09-19,2026-09-19,2978000,2978000,2978000,2026-09-03,16,16,Active,,,0
2577392,179860441,223303338,https://www.redfin.com/WA/Seattle/5021-Sand-Point-Pl-NE-98105/unit-E/home/179860441,5021 Sand Point Pl NE Unit E Unit E,98105,Townhouse,2026-09-11,2026-09-19,2026-09-19,753000,753000,753000,2026-09-09,10,10,Active,,,0
2577508,481335,223261741,https://www.redfin.com/WA/Seattle/5561-23rd-Ave-S-98108/home/481335,5561 23rd Ave S,98108,Single Family,2026-09-09,2026-09-19,2026-09-19,680000,680000,680000,2026-09-08,11,11,Active,,,0
2577521,311567,223188506,https://www.redfin.com/WA/Seattle/5247-Brooklyn-Ave-NE-98105/home/311567,5247 Brooklyn Ave NE,98105,Single Family,2026-09-05,2026-09-19,2026-09-19,899000,899000,899000,2026-09-04,15,15,Active,,,0
2577556,482042,223238176,https://www.redfin.com/WA/Seattle/5208-15th-Ave-S-98108/home/482042,5208 15th Ave S,98108,Single Family,2026-09-08,2026-09-19,2026-09-19,410000,410000,410000,2026-09-07,11,11,Active,,,0
2577580,202383624,223138663,https://www.redfin.com/WA/Seattle/1401-29th-Ave-98122/home/202383624,1401 29th Ave,98122,Townhouse,2026-09-04,2026-09-19,2026-09-19,799950,799950,799950,2026-09-03,16,16,Active,,,0
2577596,202154759,223138790,https://www.redfin.com/WA/Seattle/1409-29th-Ave-98122/home/202154759,1409 29th Ave,98122,Single Family,2026-09-04,2026-09-19,2026-09-19,829950,829950,829950,2026-09-03,16,16,Active,,,0
2577638,306603,223284285,https://www.redfin.com/WA/Seattle/313-NE-76th-St-98115/home/306603,313 NE 76th St,98115,Single Family,2026-09-11,2026-09-19,2026-09-19,1087000,1087000,1087000,2026-09-09,10,10,Active,,,0
2577681,109353,223181867,https://www.redfin.com/WA/Seattle/10017-12th-Ave-NE-98125/home/109353,10017 12th Ave NE,98125,Single Family,2026-09-05,2026-09-19,2026-09-19,1094950,1094950,1094950,2026-09-04,15,15,Active,,,0
2577701,205379628,223147702,https://www.redfin.com/WA/Seattle/2334-Franklin-Ave-E-98102/unit-E/home/205379628,2334 Franklin Ave E Unit E Unit E,98102,Townhouse,2026-09-04,2026-09-19,2026-09-19,749950,749950,749950,2026-09-03,16,16,Active,,,0
2577719,148845,223353855,https://www.redfin.com/WA/Seattle/338-29th-Ave-98122/home/148845,338 29th Ave,98122,Single Family,2026-09-11,2026-09-19,2026-09-19,1495000,1495000,1495000,2026-09-10,9,9,Active,,,0
2577781,133876,223394439,https://www.redfin.com/WA/Seattle/415-Wheeler-St-98109/home/133876,415 Wheeler St,98109,Single Family,2026-09-12,2026-09-19,2026-09-19,2600000,2600000,2600000,2026-09-11,8,8,Active,,,0
2577782,170479,223134200,https://www.redfin.com/WA/Seattle/4323-15th-Ave-S-98108/home/170479,4323 15th Ave S,98108,Single Family,2026-09-04,2026-09-19,2026-09-19,803225,799000,799000,2026-09-03,16,16,Active,2026-09-11,2026-09-11,1
2577827,18661333,223150082,https://www.redfin.com/WA/Seattle/1110-36th-Ave-98122/home/18661333,1110 36th Ave,98122,Single Family,2026-09-04,2026-09-19,2026-09-19,2995000,2995000,2995000,2026-09-03,16,16,Active,,,0
2577895,12093273,223153704,https://www.redfin.com/WA/Seattle/4200-Washington-Ave-W-98199/home/12093273,4200 Washington Ave W,98199,Single Family,2026-09-04,2026-09-19,2026-09-19,3999500,3999500,3999500,2026-09-03,16,16,Active,,,0
2577946,470783,223155041,https://www.redfin.com/WA/Seattle/5647-38th-Ave-SW-98126/home/470783,5647 38th Ave SW,98126,Single Family,2026-09-04,2026-09-19,2026-09-19,475000,475000,475000,2026-09-03,16,16,Active,,,0
2577983,141177,223177213,https://www.redfin.com/WA/Seattle/1309-35th-Ave-S-98144/home/141177,1309 35th Ave S,98144,Single Family,2026-09-05,2026-09-19,2026-09-19,1525000,1525000,1525000,2026-09-04,8,8,Active,,,0
2578036,128850,223182391,https://www.redfin.com/WA/Seattle/3803-29th-Ave-W-98199/home/128850,3803 29th Ave W,98199,Single Family,2026-09-05,2026-09-19,2026-09-19,1595000,1595000,1595000,2026-09-04,15,15,Active,,,0
2578042,148549,223242141,https://www.redfin.com/WA/Seattle/209-32nd-Ave-98122/home/148549,209 32nd Ave,98122,Single Family,2026-09-09,2026-09-19,2026-09-19,1599000,1599000,1599000,2026-09-08,11,11,Active,,,0
2578127,182030568,223330843,https://www.redfin.com/WA/Seattle/3625-Wallingford-Ave-N-98103/unit-A/home/182030568,3625 Wallingford Ave N Unit A Unit A,98103,Townhouse,2026-09-11,2026-09-19,2026-09-19,875000,875000,875000,2026-09-10,9,9,Active,,,0
2578128,127073,223349364,https://www.redfin.com/WA/Seattle/3429-40th-Ave-W-98199/home/127073,3429 40th Ave W,98199,Single Family,2026-09-11,2026-09-19,2026-09-19,1350000,1350000,1350000,2026-09-10,9,9,Active,,,0
2578153,35624962,223265408,https://www.redfin.com/WA/Seattle/649-NW-83rd-St-98117/home/35624962,649 NW 83rd St,98117,Single Family,2026-09-09,2026-09-19,2026-09-19,1750000,1750000,1750000,2026-09-08,11,11,Active,,,0
2578157,173577959,223182670,https://www.redfin.com/WA/Seattle/3641-22nd-Ave-W-98199/unit-E/home/173577959,3641 22nd Ave W Unit E Unit E,98199,Townhouse,2026-09-05,2026-09-19,2026-09-19,849500,849500,849500,2026-09-04,15,15,Active,,,0
2578216,109969365,223272200,https://www.redfin.com/WA/Seattle/7459-Woodlawn-Ave-NE-98115/unit-A/home/109969365,7459 Woodlawn Ave NE Unit A Unit A,98115,Townhouse,2026-09-09,2026-09-19,2026-09-19,750000,750000,750000,2026-09-08,11,11,Active,,,0
2578269,155432,223157841,https://www.redfin.com/WA/Seattle/3701-SW-105th-St-98146/home/155432,3701 SW 105th St,98146,Single Family,2026-09-04,2026-09-19,2026-09-19,799000,799000,799000,2026-09-03,16,16,Active,,,0
2578280,101610928,223171955,https://www.redfin.com/WA/Seattle/2426-NW-64th-St-98107/unit-C/home/101610928,2426 NW 64th St Unit C Unit C,98107,Single Family,2026-09-11,2026-09-19,2026-09-19,1050000,1050000,1050000,2026-09-10,8,8,Active,,,0
2578287,143457693,223283067,https://www.redfin.com/WA/Seattle/4314-Whitman-Ave-N-98103/unit-B/home/143457693,4314 Whitman Ave N Unit B Unit B,98103,Townhouse,2026-09-11,2026-09-19,2026-09-19,849000,849000,849000,2026-09-09,10,10,Active,,,0
2578292,191426513,223183464,https://www.redfin.com/WA/Seattle/8449-18th-Ave-SW-98106/unit-C/home/191426513,8449 18th Ave SW Unit C Unit C,98106,Single Family,2026-09-05,2026-09-19,2026-09-19,649000,649000,649000,2026-09-04,15,15,Active,,,0
2578293,205385754,223166641,https://www.redfin.com/WA/Seattle/1220-NE-100th-St-98125/home/205385754,1220 NE 100th St,98125,Single Family,2026-09-04,2026-09-19,2026-09-19,635000,635000,635000,2026-09-03,15,15,Active,,,0
2578307,205536110,223440624,https://www.redfin.com/WA/Seattle/1218-NE-100th-St-98125/home/205536110,1218 NE 100th St,98102,Single Family,2026-09-15,2026-09-19,2026-09-19,599900,599900,599900,2026-09-15,,,First Look,,,0
2578308,328209,223179802,https://www.redfin.com/WA/Seattle/3613-35th-Ave-SW-98126/home/328209,3613 35th Ave SW,98126,Single Family,2026-09-16,2026-09-19,2026-09-19,1150000,1150000,1150000,2026-09-15,4,4,Active,,,0
2578334,330370,223566080,https://www.redfin.com/WA/Seattle/2730-53rd-Ave-SW-98116/home/330370,2730 53rd Ave SW,98116,Single Family,2026-09-17,2026-09-19,2026-09-19,2100000,2100000,2100000,2026-09-16,3,3,Active,,,0
2578335,205391242,223186881,https://www.redfin.com/WA/Seattle/6318-41st-Ave-SW-98136/unit-4/home/205391242,6318 41st Ave SW #4,98136,Townhouse,2026-09-05,2026-09-19,2026-09-19,675000,675000,675000,2026-09-04,15,15,Active,,,0
2578351,97655,223187947,https://www.redfin.com/WA/Seattle/618-N-125th-St-98133/home/97655,618 N 125th St,98133,Single Family,2026-09-05,2026-09-19,2026-09-19,1150000,1099000,1099000,2026-09-04,15,15,Active,2026-09-18,2026-09-18,1
2578354,175221612,223198188,https://www.redfin.com/WA/Seattle/716-11th-Ave-E-98102/unit-A/home/175221612,716 11th Ave E Unit A Unit A,98102,Townhouse,2026-09-05,2026-09-19,2026-09-19,590000,590000,590000,2026-09-04,15,15,Active,,,0
2578379,200729447,223174898,https://www.redfin.com/WA/Seattle/115-N-105th-St-98133/unit-B/home/200729447,115 B N 105th St,98133,Townhouse,2026-09-05,2026-09-19,2026-09-19,525000,525000,525000,2026-09-04,15,15,Active,,,0
2578400,17083391,223306565,https://www.redfin.com/WA/Seattle/2952-SW-Raymond-St-98126/home/17083391,2952 SW Raymond St,98126,Townhouse,2026-09-11,2026-09-19,2026-09-19,525000,525000,525000,2026-09-09,10,10,Active,,,0
2578436,134233,223244298,https://www.redfin.com/WA/Seattle/1622-5th-Ave-N-98109/home/134233,1622 5th Ave N,98109,Single Family,2026-09-09,2026-09-19,2026-09-19,3775000,3775000,3775000,2026-09-08,11,11,Active,,,0
2578496,205391303,223187197,https://www.redfin.com/WA/Seattle/6318-41st-Ave-SW-98136/unit-F/home/205391303,6318 41st Ave SW Unit F Unit F,98136,Townhouse,2026-09-05,2026-09-19,2026-09-19,729000,729000,729000,2026-09-04,15,15,Active,,,0
2578519,148472883,223348175,https://www.redfin.com/WA/Seattle/3857-21st-Ave-SW-98106/home/148472883,3857 21st Ave SW,98106,Townhouse,2026-09-11,2026-09-19,2026-09-19,425000,425000,425000,2026-09-10,9,9,Active,,,0
2578521,97963,223285019,https://www.redfin.com/WA/Seattle/12015-Dayton-Ave-N-98133/home/97963,12015 Dayton Ave N,98133,Single Family,2026-09-11,2026-09-19,2026-09-19,949000,949000,949000,2026-09-09,10,10,Active,,,0
2578523,145662,223257625,https://www.redfin.com/WA/Seattle/1216-E-Fir-St-98122/unit-A/home/145662,1216 E Fir St Unit A Unit A,98122,Townhouse,2026-09-09,2026-09-19,2026-09-19,519950,519950,519950,2026-09-08,11,11,Active,,,0
2578524,22808028,223349366,https://www.redfin.com/WA/Seattle/5030-Delridge-Way-SW-98106/unit-A/home/22808028,5030 Delridge Way SW Unit A Unit A,98106,Townhouse,2026-09-11,2026-09-19,2026-09-19,625000,625000,625000,2026-09-10,9,9,Active,,,0
2578535,200986747,223191131,https://www.redfin.com/WA/Seattle/2228-NW-60th-St-98107/home/200986747,2228 B NW 60th St,98107,Townhouse,2026-09-05,2026-09-19,2026-09-19,689950,689950,689950,2026-09-04,15,15,Active,,,0
2578574,96325,223336595,https://www.redfin.com/WA/Seattle/10004-14th-Ave-NW-98177/home/96325,10004 14th Ave NW,98177,Single Family,2026-09-11,2026-09-19,2026-09-19,560000,560000,560000,2026-09-10,9,9,Active,,,0
2578654,161938,223432849,https://www.redfin.com/WA/Seattle/2429-NW-64th-St-98107/unit-A/home/161938,2429 NW 64th St Unit A Unit A,98107,Townhouse,2026-09-14,2026-09-19,2026-09-19,837500,837500,837500,2026-09-13,6,6,Active,,,0
2578672,165329,223334307,https://www.redfin.com/WA/Seattle/8012-25th-Ave-NW-98117/home/165329,8012 25th Ave NW,98117,Single Family,2026-09-11,2026-09-19,2026-09-19,1175000,1175000,1175000,2026-09-10,9,9,Active,,,0
2578734,176004418,223200010,https://www.redfin.com/WA/Seattle/6000-17th-Ave-SW-98106/unit-23/home/176004418,6000 17th Ave SW #23,98106,Townhouse,2026-09-05,2026-09-19,2026-09-19,675000,675000,675000,2026-09-04,11,11,Active,,,0
2578742,150916,223610599,https://www.redfin.com/WA/Seattle/1736-Palm-Ave-SW-98116/home/150916,1736 Palm Ave SW,98116,Single Family,2026-09-18,2026-09-19,2026-09-19,1300000,1300000,1300000,2026-09-17,2,2,Active,,,0
2578747,63324,223236829,https://www.redfin.com/WA/Seattle/2401-SW-Brandon-St-98106/unit-201/home/63324,2401 SW Brandon St #201,98106,Single Family,2026-09-08,2026-09-19,2026-09-19,400000,400000,400000,2026-09-07,,,First Look,,,0
2578773,167684,223325071,https://www.redfin.com/WA/Seattle/1503-S-Stevens-St-98144/home/167684,1503 S Stevens St,98144,Single Family,2026-09-11,2026-09-19,2026-09-19,799880,799880,799880,2026-09-10,9,9,Active,,,0
2578843,158628,223280030,https://www.redfin.com/WA/Seattle/11428-Arroyo-Beach-Pl-SW-98146/home/158628,11428 Arroyo Beach Pl SW,98146,Single Family,2026-09-09,2026-09-19,2026-09-19,700000,700000,700000,2026-09-08,10,10,Active,,,0
2578844,45451360,223217387,https://www.redfin.com/WA/Seattle/2450-NW-61st-St-98107/home/45451360,2450 NW 61st St,98107,Single Family,2026-09-06,2026-09-19,2026-09-19,899000,899000,899000,2026-09-05,14,14,Active,,,0
2578874,312364,223297552,https://www.redfin.com/WA/Seattle/6238-25th-Ave-NE-98115/home/312364,6238 25th Ave NE,98115,Single Family,2026-09-11,2026-09-19,2026-09-19,1650000,1650000,1650000,2026-09-09,10,10,Active,,,0
2578902,157132,223280034,https://www.redfin.com/WA/Seattle/11441-Arroyo-Beach-Pl-SW-98146/home/157132,11441 Arroyo Beach Pl SW,98146,Single Family,2026-09-09,2026-09-19,2026-09-19,2300000,2300000,2300000,2026-09-08,10,10,Active,,,0
2578926,123655,223217917,https://www.redfin.com/WA/Seattle/3456-23rd-Ave-W-98199/home/123655,3456 23rd Ave W,98199,Single Family,2026-09-06,2026-09-19,2026-09-19,775000,775000,775000,2026-09-05,14,14,Active,,,0
2578935,330560,223219350,https://www.redfin.com/WA/Seattle/1921-44th-Ave-SW-98116/home/330560,1921 44th Ave SW,98116,Single Family,2026-09-06,2026-09-19,2026-09-19,975000,975000,975000,2026-09-05,9,9,Active,,,0
2578946,104166,223588061,https://www.redfin.com/WA/Seattle/1216-N-103rd-St-98133/home/104166,1216 N 103rd St,98133,Single Family,2026-09-18,2026-09-19,2026-09-19,880000,880000,880000,2026-09-17,2,2,Active,,,0
2578972,138920,223268765,https://www.redfin.com/WA/Seattle/2222-Waverly-Way-E-98112/home/138920,2222 Waverly Way E,98112,Single Family,2026-09-09,2026-09-19,2026-09-19,4950000,4950000,4950000,2026-09-08,11,11,Active,,,0
2578994,305961,223332881,https://www.redfin.com/WA/Seattle/256-NE-50th-St-98105/home/305961,256 NE 50th St,98105,Single Family,2026-09-11,2026-09-19,2026-09-19,1052950,1052950,1052950,2026-09-10,9,9,Active,,,0
2579000,205401196,223224715,https://www.redfin.com/WA/Seattle/9014-4th-Ave-NW-98117/unit-B/home/205401196,9014 4th Ave NW Unit B Unit B,98117,Townhouse,2026-09-07,2026-09-19,2026-09-19,668000,668000,668000,2026-09-06,13,13,Active,,,0
2579011,205392377,223224883,https://www.redfin.com/WA/Seattle/10831-11th-Ave-NE-98125/home/205392377,10831 11th Ave NE,98125,Townhouse,2026-09-07,2026-09-19,2026-09-19,789000,789000,789000,2026-09-06,13,13,Active,,,0
2579021,318211,223292156,https://www.redfin.com/WA/Seattle/8504-43rd-Ave-NE-98115/home/318211,8504 43rd Ave NE,98115,Single Family,2026-09-11,2026-09-19,2026-09-19,1500000,1500000,1500000,2026-09-09,10,10,Active,,,0
2579022,101006,223369329,https://www.redfin.com/WA/Seattle/9253-3rd-Ave-NW-98117/home/101006,9253 3rd Ave NW,98133,Single Family,2026-09-11,2026-09-19,2026-09-19,839900,839900,839900,2026-09-10,9,9,Active,,,0
2579026,151739,223565135,https://www.redfin.com/WA/Seattle/4123-55th-Ave-SW-98116/home/151739,4123 55th Ave SW,98116,Single Family,2026-09-17,2026-09-19,2026-09-19,1295000,1295000,1295000,2026-09-16,3,3,Active,,,0
2579093,134585,223230990,https://www.redfin.com/WA/Seattle/1115-8th-Ave-W-98119/home/134585,1115 8th Ave W,98119,Single Family,2026-09-08,2026-09-19,2026-09-19,1395000,1395000,1395000,2026-09-07,12,12,Active,,,0
2579111,133105,223233200,https://www.redfin.com/WA/Seattle/23-Prospect-St-98109/home/133105,23 Prospect St,98109,Single Family,2026-09-08,2026-09-19,2026-09-19,2895000,2895000,2895000,2026-09-07,12,12,Active,,,0
2579115,301123,223249543,https://www.redfin.com/WA/Seattle/734-N-75th-St-98103/home/301123,734 N 75th St,98103,Single Family,2026-09-09,2026-09-19,2026-09-19,1275000,1275000,1275000,2026-09-08,9,9,Active,,,0
2579154,471916,223233821,https://www.redfin.com/WA/Seattle/7132-34th-Ave-SW-98126/home/471916,7132 34th Ave SW,98126,Single Family,2026-09-08,2026-09-19,2026-09-19,659000,659000,659000,2026-09-07,12,12,Active,,,0
2579169,327497,223548611,https://www.redfin.com/WA/Seattle/3712-37th-Ave-SW-98126/home/327497,3712 37th Ave SW,98126,Single Family,2026-09-17,2026-09-19,2026-09-19,808000,808000,808000,2026-09-16,3,3,Active,,,0
2579185,26713,223476766,https://www.redfin.com/WA/Seattle/1420-Terry-Ave-98101/unit-2103/home/26713,1420 Terry Ave #2103,98101,Single Family,2026-09-15,2026-09-19,2026-09-19,975000,975000,975000,2026-09-15,1,1,Active,,,0
2579188,113178924,223303943,https://www.redfin.com/WA/Seattle/313-Valley-St-98109/home/113178924,313 Valley St,98109,Townhouse,2026-09-11,2026-09-19,2026-09-19,960000,945000,945000,2026-09-09,10,10,Active,2026-09-19,2026-09-19,1
2579225,131502,223329102,https://www.redfin.com/WA/Seattle/626-W-Emerson-St-98119/home/131502,626 W Emerson St,98119,Single Family,2026-09-11,2026-09-19,2026-09-19,950000,950000,950000,2026-09-10,9,9,Active,,,0
2579245,158542,223416367,https://www.redfin.com/WA/Seattle/4712-SW-Brace-Point-Dr-98136/home/158542,4712 SW Brace Point Dr,98136,Single Family,2026-09-13,2026-09-19,2026-09-19,1895000,1895000,1895000,2026-09-12,7,7,Active,,,0
2579246,472471,223264151,https://www.redfin.com/WA/Seattle/7742-30th-Ave-SW-98126/home/472471,7742 30th Ave SW,98126,Single Family,2026-09-09,2026-09-19,2026-09-19,895000,895000,895000,2026-09-08,9,9,Active,,,0
2579250,135251,223273053,https://www.redfin.com/WA/Seattle/863-E-Gwinn-Pl-98102/home/135251,863 E Gwinn Pl,98102,Single Family,2026-09-09,2026-09-19,2026-09-19,1685000,1685000,1685000,2026-09-08,11,11,Active,,,0
2579251,126300,223351770,https://www.redfin.com/WA/Seattle/1557-Thorndyke-Ave-W-98199/home/126300,1557 Thorndyke Ave W,98199,Single Family,2026-09-11,2026-09-19,2026-09-19,1699000,1699000,1699000,2026-09-10,9,9,Active,,,0
2579259,107778,223241889,https://www.redfin.com/WA/Seattle/1218-NE-103rd-St-98125/home/107778,1218 NE 103rd St,98125,Single Family,2026-09-09,2026-09-19,2026-09-19,1995000,1995000,1995000,2026-09-08,11,11,Active,,,0
2579266,143414,223366500,https://www.redfin.com/WA/Seattle/312-21st-Ave-98122/home/143414,312 21st Ave,98122,Single Family,2026-09-11,2026-09-19,2026-09-19,750000,750000,750000,2026-09-10,9,9,Active,,,0
2579267,290085,223543956,https://www.redfin.com/WA/Seattle/3234-NW-69th-St-98117/home/290085,3234 NW 69th St,98117,Single Family,2026-09-17,2026-09-19,2026-09-19,1340000,1340000,1340000,2026-09-16,3,3,Active,,,0
2579272,201121831,223277666,https://www.redfin.com/WA/Seattle/6895-Holly-Park-Dr-S-98118/home/201121831,6895 Holly Park Dr S,98118,Townhouse,2026-09-09,2026-09-19,2026-09-19,550000,550000,550000,2026-09-08,11,11,Active,,,0
2579275,314872,223279577,https://www.redfin.com/WA/Seattle/6827-28th-Ave-NE-98115/home/314872,6827 28th Ave NE,98115,Single Family,2026-09-09,2026-09-19,2026-09-19,1333000,1333000,1333000,2026-09-08,10,10,Active,,,0
2579279,28581114,223238186,https://www.redfin.com/WA/Seattle/6331-42nd-Ave-SW-98136/unit-A/home/28581114,6331 42nd Ave SW Unit A Unit A,98136,Townhouse,2026-09-08,2026-09-19,2026-09-19,685000,685000,685000,2026-09-07,11,11,Active,,,0
2579293,110046,223353038,https://www.redfin.com/WA/Seattle/8913-8th-Ave-NE-98115/home/110046,8913 8th Ave NE,98115,Single Family,2026-09-11,2026-09-19,2026-09-19,712500,712500,712500,2026-09-10,9,9,Active,,,0
2579317,140874,223363013,https://www.redfin.com/WA/Seattle/3405-E-Pine-St-98122/home/140874,3405 E Pine St,98122,Single Family,2026-09-15,2026-09-19,2026-09-19,1950000,1950000,1950000,2026-09-15,3,3,Active,,,0
2579374,289554,223295019,https://www.redfin.com/WA/Seattle/2383-NW-89th-Pl-98117/home/289554,2383 NW 89th Pl,98117,Single Family,2026-09-11,2026-09-19,2026-09-19,1550000,1550000,1550000,2026-09-09,10,10,Active,,,0
2579375,157302,223269200,https://www.redfin.com/WA/Seattle/8609-41st-Ave-SW-98136/home/157302,8609 41st Ave SW,98136,Single Family,2026-09-09,2026-09-19,2026-09-19,1225000,1225000,1225000,2026-09-08,11,11,Active,,,0
2579388,2065041,223258537,https://www.redfin.com/WA/Seattle/4550-49th-Ave-NE-98105/home/2065041,4550 49th Ave NE,98105,Single Family,2026-09-09,2026-09-19,2026-09-19,2425000,2425000,2425000,2026-09-08,11,11,Active,,,0
2579399,138997,223270020,https://www.redfin.com/WA/Seattle/1425-Broadmoor-Dr-E-98112/home/138997,1425 Broadmoor Dr E,98112,Single Family,2026-09-19,2026-09-19,2026-09-19,2395000,2395000,2395000,2026-09-18,1,1,Active,,,0
2579453,322044,223262562,https://www.redfin.com/WA/Seattle/8040-Forest-Dr-NE-98115/home/322044,8040 Forest Dr NE,98115,Single Family,2026-09-09,2026-09-19,2026-09-19,4500000,4500000,4500000,2026-09-08,11,11,Active,,,0
2579478,59703427,223319629,https://www.redfin.com/WA/Seattle/6533-34th-Ave-SW-98126/unit-B/home/59703427,6533 34th Ave SW Unit B Unit B,98126,Single Family,2026-09-11,2026-09-19,2026-09-19,850000,850000,850000,2026-09-09,10,10,Active,,,0
2579481,301180,223297230,https://www.redfin.com/WA/Seattle/535-N-74th-St-98103/home/301180,535 N 74th St,98103,Single Family,2026-09-11,2026-09-19,2026-09-19,1695000,1650000,1650000,2026-09-09,3,3,Active,2026-09-16,2026-09-16,1
2579486,118954,223258924,https://www.redfin.com/WA/Seattle/4812-Aurora-Ave-N-98103/home/118954,4812 Aurora Ave,98103,Single Family,2026-09-09,2026-09-19,2026-09-19,899000,899000,899000,2026-09-08,11,11,Active,,,0
2579496,121298,223266983,https://www.redfin.com/WA/Seattle/5506-NE-Penrith-Rd-98105/home/121298,5506 NE Penrith Rd,98105,Single Family,2026-09-09,2026-09-19,2026-09-19,4750000,4750000,4750000,2026-09-08,11,11,Active,,,0
2579499,496908,223277629,https://www.redfin.com/WA/Seattle/712-NW-65th-St-98117/home/496908,712 NW 65th St,98117,Single Family,2026-09-09,2026-09-19,2026-09-19,825000,825000,825000,2026-09-08,11,11,Active,,,0
2579503,121326,223389165,https://www.redfin.com/WA/Seattle/5817-56th-Ave-NE-98105/home/121326,5817 56th Ave NE,98105,Single Family,2026-09-12,2026-09-19,2026-09-19,925000,875000,875000,2026-09-11,8,8,Active,2026-09-19,2026-09-19,1
2579527,126687,223556655,https://www.redfin.com/WA/Seattle/4221-W-Armour-St-98199/home/126687,4221 W Armour St,98199,Single Family,2026-09-17,2026-09-19,2026-09-19,2675000,2675000,2675000,2026-09-17,,,First Look,,,0
2579537,201026036,223299250,https://www.redfin.com/WA/Seattle/2010-Fairview-Ave-E-98102/unit-A/home/201026036,2010 Fairview Ave E Unit A Unit A,98102,Townhouse,2026-09-11,2026-09-19,2026-09-19,1295000,1295000,1295000,2026-09-09,10,10,Active,,,0
2579540,200585486,223298040,https://www.redfin.com/WA/Seattle/2016-Fairview-Ave-E-98102/unit-C/home/200585486,2016 Fairview Ave E Unit C Unit C,98102,Townhouse,2026-09-11,2026-09-19,2026-09-19,979950,979950,979950,2026-09-09,10,10,Active,,,0
2579547,199483261,223300551,https://www.redfin.com/WA/Seattle/2017-Minor-Ave-E-98102/home/199483261,2017 Minor Ave E,98102,Townhouse,2026-09-11,2026-09-19,2026-09-19,1549950,1549950,1549950,2026-09-09,10,10,Active,,,0
2579549,202375186,223286399,https://www.redfin.com/WA/Seattle/8043-19th-Ave-NE-98115/home/202375186,8043 19th Ave NE,98115,Townhouse,2026-09-11,2026-09-19,2026-09-19,649995,649995,649995,2026-09-09,10,10,Active,,,0
2579550,199483260,223300177,https://www.redfin.com/WA/Seattle/2019-Minor-Ave-E-98102/home/199483260,2019 Minor Ave E,98102,Townhouse,2026-09-11,2026-09-19,2026-09-19,1589950,1589950,1589950,2026-09-09,10,10,Active,,,0
2579558,205464111,223297778,https://www.redfin.com/WA/Seattle/2018-Fairview-Ave-E-98102/unit-A/home/205464111,2018 Fairview Ave E Unit A Unit A,98102,Townhouse,2026-09-11,2026-09-19,2026-09-19,689950,689950,689950,2026-09-09,10,10,Active,,,0
2579565,8187805,223366908,https://www.redfin.com/WA/Seattle/8554-Mary-Ave-NW-98117/unit-A/home/8187805,8554 A Mary Ave NW,98117,Townhouse,2026-09-11,2026-09-19,2026-09-19,749950,749950,749950,2026-09-10,9,9,Active,,,0
2579582,132558,223343345,https://www.redfin.com/WA/Seattle/1107-4th-Ave-N-98109/home/132558,1107 4th Ave N,98109,Single Family,2026-09-11,2026-09-19,2026-09-19,2895000,2895000,2895000,2026-09-10,9,9,Active,,,0
2579599,170253,223269469,https://www.redfin.com/WA/Seattle/4807-15th-Ave-S-98108/home/170253,4807 15th Ave S,98108,Single Family,2026-09-09,2026-09-19,2026-09-19,799999,799999,799999,2026-09-08,11,11,Active,,,0
2579600,313978,223611473,https://www.redfin.com/WA/Seattle/5510-43rd-Ave-NE-98105/home/313978,5510 43rd Ave NE,98105,Single Family,2026-09-18,2026-09-19,2026-09-19,995000,995000,995000,2026-09-17,2,2,Active,,,0
2579603,475393,223276004,https://www.redfin.com/WA/Seattle/8814-14th-Ave-SW-98106/home/475393,8814 14th Ave SW,98106,Single Family,2026-09-09,2026-09-19,2026-09-19,619000,619000,619000,2026-09-08,11,11,Active,,,0
2579668,205528634,223421139,https://www.redfin.com/WA/Seattle/350B-NW-76th-St-98117/home/205528634,350 B NW 76th St,98117,Townhouse,2026-09-13,2026-09-19,2026-09-19,770000,770000,770000,2026-09-12,7,7,Active,,,0
2579691,12088528,223273892,https://www.redfin.com/WA/Seattle/719-Harvard-Ave-E-98102/home/12088528,719 Harvard Ave E,98102,Townhouse,2026-09-09,2026-09-19,2026-09-19,2650000,2650000,2650000,2026-09-08,11,11,Active,,,0
2579694,469741,223286834,https://www.redfin.com/WA/Seattle/3518-SW-Austin-St-98126/home/469741,3518 SW Austin St,98126,Single Family,2026-09-11,2026-09-19,2026-09-19,650000,650000,650000,2026-09-09,10,10,Active,,,0
2579721,205468404,223313200,https://www.redfin.com/WA/Seattle/116-29th-Ave-E-98112/home/205468404,116 29th Ave E,98112,Single Family,2026-09-11,2026-09-19,2026-09-19,1499950,1499950,1499950,2026-09-09,10,10,Active,,,0
2579722,304112,223365781,https://www.redfin.com/WA/Seattle/250-NE-50th-St-98105/home/304112,250 NE 50th St,98105,Single Family,2026-09-11,2026-09-19,2026-09-19,1395000,1395000,1395000,2026-09-10,9,9,Active,,,0
2579727,125567,223421355,https://www.redfin.com/WA/Seattle/2527-Westmont-Way-W-98199/home/125567,2527 Westmont Way W,98199,Single Family,2026-09-13,2026-09-19,2026-09-19,2320000,2320000,2320000,2026-09-12,7,7,Active,,,0
2579740,126240,223407641,https://www.redfin.com/WA/Seattle/1549-Magnolia-Way-W-98199/home/126240,1549 Magnolia Way W,98199,Single Family,2026-09-12,2026-09-19,2026-09-19,3000000,3000000,3000000,2026-09-11,8,8,Active,,,0
2579746,124131,223272891,https://www.redfin.com/WA/Seattle/3243-22nd-Ave-W-98199/home/124131,3243 22nd Ave W,98199,Single Family,2026-09-09,2026-09-19,2026-09-19,1020000,988000,988000,2026-09-08,11,11,Active,2026-09-17,2026-09-17,1
2579762,2077769,223352259,https://www.redfin.com/WA/Seattle/4500-SW-Hemlock-Way-98136/home/2077769,4500 SW Hemlock Way,98136,Single Family,2026-09-11,2026-09-19,2026-09-19,1550000,1550000,1550000,2026-09-10,9,9,Active,,,0
2579774,175530353,223330343,https://www.redfin.com/WA/Seattle/2909-S-Dearborn-St-98144/home/175530353,2909 S Dearborn,98144,Townhouse,2026-09-11,2026-09-19,2026-09-19,799000,799000,799000,2026-09-10,9,9,Active,,,0
2579790,309437,223282395,https://www.redfin.com/WA/Seattle/6513-24th-Ave-NE-98115/unit-A/home/309437,6513 24th Ave NE Unit A Unit A,98115,Townhouse,2026-09-09,2026-09-19,2026-09-19,831000,831000,831000,2026-09-08,10,10,Active,,,0
2579818,113995504,223311841,https://www.redfin.com/WA/Seattle/8347-12th-Ave-NW-98117/home/113995504,8347 12th Ave NW,98117,Single Family,2026-09-11,2026-09-19,2026-09-19,1750000,1750000,1750000,2026-09-09,10,10,Active,,,0
2579833,18659168,223309576,https://www.redfin.com/WA/Seattle/1512-Taylor-Ave-N-98109/unit-C/home/18659168,1512 Taylor Ave N Unit C Unit C,98109,Townhouse,2026-09-11,2026-09-19,2026-09-19,845000,845000,845000,2026-09-10,9,9,Active,,,0
2579847,80163526,223347717,https://www.redfin.com/WA/Seattle/2207-15th-Ave-S-98144/unit-B/home/80163526,2207 15th Ave S Unit B Unit B,98144,Single Family,2026-09-11,2026-09-19,2026-09-19,720000,720000,720000,2026-09-10,9,9,Active,,,0
2579860,183169705,223284340,https://www.redfin.com/WA/Seattle/1919-9th-Ave-W-98119/home/183169705,1919 A 9th Ave W,98119,Townhouse,2026-09-11,2026-09-19,2026-09-19,939000,939000,939000,2026-09-09,10,10,Active,,,0
2579867,201633490,223305321,https://www.redfin.com/WA/Seattle/2649A-NW-63rd-St-98107/home/201633490,2649 A NW 63rd St,98107,Townhouse,2026-09-11,2026-09-19,2026-09-19,899900,899900,899900,2026-09-09,10,10,Active,,,0
2579875,175989305,223318114,https://www.redfin.com/WA/Seattle/919-2nd-Ave-W-98119/unit-407/home/175989305,919 2nd Ave W #407,98119,Single Family,2026-09-11,2026-09-19,2026-09-19,325000,325000,325000,2026-09-09,10,10,Active,,,0
2579899,134629,223339495,https://www.redfin.com/WA/Seattle/1829-11th-Ave-W-98119/unit-D/home/134629,1829 11 Ave W Unit D Unit D,98119,Townhouse,2026-09-11,2026-09-19,2026-09-19,749000,749000,749000,2026-09-10,9,9,Active,,,0
2579915,18657757,223279450,https://www.redfin.com/WA/Seattle/1608-NW-65th-St-98117/unit-A/home/18657757,1608 NW 65th St Unit A Unit A,98117,Townhouse,2026-09-09,2026-09-19,2026-09-19,663900,663900,663900,2026-09-08,11,11,Active,,,0
2579928,118296,223332808,https://www.redfin.com/WA/Seattle/2112-N-46th-St-98103/home/118296,2112 N 46th St,98103,Single Family,2026-09-11,2026-09-19,2026-09-19,1690000,1690000,1690000,2026-09-10,9,9,Active,,,0
2579930,291120,223406795,https://www.redfin.com/WA/Seattle/12221-8th-Ave-NW-98177/home/291120,12221 8th Ave NW,98177,Single Family,2026-09-12,2026-09-19,2026-09-19,1850000,1850000,1850000,2026-09-11,8,8,Active,,,0
2579942,95860,223373293,https://www.redfin.com/WA/Seattle/12714-3rd-Ave-NW-98177/home/95860,12714 3rd Ave NW,98177,Single Family,2026-09-11,2026-09-19,2026-09-19,749999,749999,749999,2026-09-10,8,8,Active,,,0
2579956,176360021,223330113,https://www.redfin.com/WA/Seattle/524-N-86th-St-98103/home/176360021,524 N 86th St,98103,Townhouse,2026-09-11,2026-09-19,2026-09-19,1250000,1250000,1250000,2026-09-10,9,9,Active,,,0
2579957,137002,223319665,https://www.redfin.com/WA/Seattle/1065-Summit-Ave-E-98102/home/137002,1065 Summit Ave E,98102,Single Family,2026-09-11,2026-09-19,2026-09-19,5500000,5500000,5500000,2026-09-09,10,10,Active,,,0
2579966,147805,223316240,https://www.redfin.com/WA/Seattle/2313-E-Mercer-St-98112/home/147805,2313 E Mercer St,98112,Single Family,2026-09-11,2026-09-19,2026-09-19,2195000,2195000,2195000,2026-09-09,10,10,Active,,,0
2579972,156868,223313056,https://www.redfin.com/WA/Seattle/4027-SW-Trenton-St-98136/home/156868,4027 SW Trenton St,98136,Single Family,2026-09-11,2026-09-19,2026-09-19,1250000,1250000,1250000,2026-09-09,10,10,Active,,,0
2579973,135650,223516060,https://www.redfin.com/WA/Seattle/2218-E-Prospect-St-98112/home/135650,2218 E Prospect St,98112,Single Family,2026-09-16,2026-09-19,2026-09-19,4749000,4749000,4749000,2026-09-15,4,4,Active,,,0
2579991,112863538,223420015,https://www.redfin.com/WA/Seattle/732-26th-Ave-S-98144/unit-A/home/112863538,732 26th Ave S Unit A Unit A,98144,Single Family,2026-09-13,2026-09-19,2026-09-19,869000,869000,869000,2026-09-12,7,7,Active,,,0
2579999,147163,223627642,https://www.redfin.com/WA/Seattle/3205-E-Pine-St-98122/home/147163,3205 E Pine St,98122,Single Family,2026-09-19,2026-09-19,2026-09-19,1350000,1350000,1350000,2026-09-18,1,1,Active,,,0
2580026,205465256,223304035,https://www.redfin.com/WA/Seattle/2838-NW-73rd-St-98117/home/205465256,2838 NW 73rd St,98117,Townhouse,2026-09-11,2026-09-19,2026-09-19,785000,785000,785000,2026-09-09,10,10,Active,,,0
2580058,161500,223344481,https://www.redfin.com/WA/Seattle/7509-12th-Ave-SW-98106/home/161500,7509 12th Ave SW,98106,Single Family,2026-09-11,2026-09-19,2026-09-19,1149950,1149950,1149950,2026-09-10,9,9,Active,,,0
2580061,113995498,223297887,https://www.redfin.com/WA/Seattle/2214-Franklin-Ave-E-98102/unit-B/home/113995498,2214 Franklin Ave E Unit B Unit B,98102,Single Family,2026-09-11,2026-09-19,2026-09-19,1099000,1099000,1099000,2026-09-09,5,5,Active,,,0
2580064,56862930,223317822,https://www.redfin.com/WA/Seattle/10363-Ashworth-Ave-N-98133/home/56862930,10363 Ashworth Ave N,98133,Townhouse,2026-09-11,2026-09-19,2026-09-19,675000,675000,675000,2026-09-09,10,10,Active,,,0
2580066,118645,223296544,https://www.redfin.com/WA/Seattle/4545-5th-Ave-NE-98105/home/118645,4545 5th Ave NE,98105,Single Family,2026-09-11,2026-09-19,2026-09-19,910000,887000,887000,2026-09-09,10,10,Active,2026-09-17,2026-09-17,1
2580068,191074470,223332809,https://www.redfin.com/WA/Seattle/3828-35th-Ave-W-98199/unit-B/home/191074470,3828 35th Ave W Unit B Unit B,98199,Townhouse,2026-09-11,2026-09-19,2026-09-19,785000,785000,785000,2026-09-10,9,9,Active,,,0
2580085,205500443,223343994,https://www.redfin.com/WA/Seattle/7513-12th-Ave-SW-98106/home/205500443,7513 12th Ave SW,98106,Single Family,2026-09-11,2026-09-19,2026-09-19,649950,649950,649950,2026-09-10,9,9,Active,,,0
2580099,317504,223580595,https://www.redfin.com/WA/Seattle/8025-45th-Ave-NE-98115/home/317504,8025 45th Ave NE,98115,Single Family,2026-09-18,2026-09-19,2026-09-19,1500000,1500000,1500000,2026-09-17,2,2,Active,,,0
2580101,55522984,223359834,https://www.redfin.com/WA/Seattle/2612-E-Denny-Way-98122/home/55522984,2612 E Denny Way,98122,Townhouse,2026-09-11,2026-09-19,2026-09-19,1125000,1125000,1125000,2026-09-10,9,9,Active,,,0
2580112,169392097,223359832,https://www.redfin.com/WA/Seattle/5634-Fauntleroy-Way-SW-98136/unit-B/home/169392097,5634 Fauntleroy Way SW Unit B Unit B,98136,Townhouse,2026-09-11,2026-09-19,2026-09-19,950000,950000,950000,2026-09-10,9,9,Active,,,0
2580113,135035,223344475,https://www.redfin.com/WA/Seattle/1921-8th-Ave-W-98119/home/135035,1921 8th Ave W,98119,Townhouse,2026-09-11,2026-09-19,2026-09-19,1175000,1175000,1175000,2026-09-10,9,9,Active,,,0
2580125,107037,223345518,https://www.redfin.com/WA/Seattle/1718-NE-88th-St-98115/home/107037,1718 NE 88th St,98115,Single Family,2026-09-11,2026-09-19,2026-09-19,720000,720000,720000,2026-09-10,9,9,Active,,,0
2580145,205507541,223365432,https://www.redfin.com/WA/Seattle/3207-NE-94th-St-98115/home/205507541,3907 NE 94th St,98115,Single Family,2026-09-11,2026-09-19,2026-09-19,825000,825000,825000,2026-09-10,9,9,Active,,,0
2580158,125559,223335170,https://www.redfin.com/WA/Seattle/2472-Montavista-Pl-W-98199/home/125559,2472 Montavista Pl W,98199,Single Family,2026-09-11,2026-09-19,2026-09-19,1750000,1750000,1750000,2026-09-10,9,9,Active,,,0
2580171,200945205,223362846,https://www.redfin.com/WA/Seattle/10748-Interlake-Ave-N-98133/home/200945205,10748 Interlake Ave N,98133,Townhouse,2026-09-11,2026-09-19,2026-09-19,499950,499950,499950,2026-09-10,9,9,Active,,,0
2580174,125466,223357544,https://www.redfin.com/WA/Seattle/4604-W-Raye-St-98199/home/125466,4604 W Raye St,98199,Single Family,2026-09-11,2026-09-19,2026-09-19,3695000,3695000,3695000,2026-09-10,9,9,Active,,,0
2580181,478816,223336108,https://www.redfin.com/WA/Seattle/6726-35th-Pl-S-98118/home/478816,6726 35th Pl S,98118,Townhouse,2026-09-11,2026-09-19,2026-09-19,650000,650000,650000,2026-09-10,9,9,Active,,,0
2580187,200699154,223304566,https://www.redfin.com/WA/Seattle/903-A-NW-56th-St-98107/home/200699154,903 A NW 56th St,98107,Townhouse,2026-09-11,2026-09-19,2026-09-19,599950,599950,599950,2026-09-09,10,10,Active,,,0
2580209,75684299,223557879,https://www.redfin.com/WA/Seattle/3008-31st-Ave-W-98199/home/75684299,3008 31st Ave W,98199,Townhouse,2026-09-17,2026-09-19,2026-09-19,649000,649000,649000,2026-09-16,3,3,Active,,,0
2580223,205466095,223305969,https://www.redfin.com/WA/Seattle/8039-Wallingford-Ave-N-98103/home/205466095,8039 Wallingford Ave N,98103,Single Family,2026-09-11,2026-09-19,2026-09-19,1149950,1149950,1149950,2026-09-09,,,First Look,,,0
2580241,202666751,223354956,https://www.redfin.com/WA/Seattle/4328-Woodlawn-Ave-N-98103/unit-A/home/202666751,4328 Woodlawn Ave N Unit A Unit A,98103,Townhouse,2026-09-11,2026-09-19,2026-09-19,998000,998000,998000,2026-09-10,9,9,Active,,,0
2580242,305878,223308954,https://www.redfin.com/WA/Seattle/5728-Woodlawn-Ave-N-98103/home/305878,5728 Woodlawn Ave N,98103,Single Family,2026-09-11,2026-09-19,2026-09-19,1995000,1995000,1995000,2026-09-09,10,10,Active,,,0
2580252,125930,223342915,https://www.redfin.com/WA/Seattle/4715-W-Roberts-Way-98199/home/125930,4715 W Roberts Way,98199,Single Family,2026-09-11,2026-09-19,2026-09-19,1455000,1455000,1455000,2026-09-10,9,9,Active,,,0
2580259,205504256,223353558,https://www.redfin.com/WA/Seattle/6527-21st-Ave-NE-98115/unit-3/home/205504256,6527 21st Ave NE #3,98115,Single Family,2026-09-11,2026-09-19,2026-09-19,600000,600000,600000,2026-09-10,,,First Look,,,0
2580272,142548,223325049,https://www.redfin.com/WA/Seattle/150-24th-Ave-98122/home/142548,150 24th Ave,98112,Single Family,2026-09-11,2026-09-19,2026-09-19,1588000,1588000,1588000,2026-09-10,9,9,Active,,,0
2580286,307009,223346271,https://www.redfin.com/WA/Seattle/1116-N-76th-St-98103/home/307009,1116 N 76th St,98103,Single Family,2026-09-11,2026-09-19,2026-09-19,975000,975000,975000,2026-09-10,9,9,Active,,,0
2580293,305891,223339841,https://www.redfin.com/WA/Seattle/135-NE-53rd-St-98105/home/305891,135 NE 53rd St,98105,Single Family,2026-09-11,2026-09-19,2026-09-19,1295000,1295000,1295000,2026-09-10,9,9,Active,,,0
2580294,153568,223394729,https://www.redfin.com/WA/Seattle/4732-45th-Ave-SW-98116/home/153568,4732 45th Ave SW,98116,Single Family,2026-09-12,2026-09-19,2026-09-19,1100000,1100000,1100000,2026-09-11,8,8,Active,,,0
2580299,204622470,223370007,https://www.redfin.com/WA/Seattle/127-N-136th-St-98133/home/204622470,127 N 136th St,98133,Single Family,2026-09-11,2026-09-19,2026-09-19,799950,799950,799950,2026-09-10,9,9,Active,,,0
2580335,199485444,223359036,https://www.redfin.com/WA/Seattle/1410-N-47th-St-98103/unit-B/home/199485444,1410 N 47th St Unit B Unit B,98103,Townhouse,2026-09-11,2026-09-19,2026-09-19,995600,995600,995600,2026-09-10,9,9,Active,,,0
2580351,149404,223342470,https://www.redfin.com/WA/Seattle/2106-49th-Ave-SW-98116/home/149404,2106 49th Ave SW,98116,Single Family,2026-09-11,2026-09-19,2026-09-19,1199000,1199000,1199000,2026-09-10,9,9,Active,,,0
2580358,169054114,223312561,https://www.redfin.com/WA/Seattle/4274-NE-50th-St-98105/home/169054114,4274 NE 50th St,98105,Townhouse,2026-09-11,2026-09-19,2026-09-19,895000,895000,895000,2026-09-09,10,10,Active,,,0
2580388,473316,223365977,https://www.redfin.com/WA/Seattle/8103-30th-Ave-SW-98126/home/473316,8103 30th Ave SW,98126,Single Family,2026-09-11,2026-09-19,2026-09-19,980000,980000,980000,2026-09-10,,,First Look,,,0
2580391,468722,223352360,https://www.redfin.com/WA/Seattle/3811-SW-Orchard-St-98126/home/468722,3811 SW Orchard St,98126,Single Family,2026-09-11,2026-09-19,2026-09-19,955000,955000,955000,2026-09-10,9,9,Active,,,0
2580399,189452521,223319222,https://www.redfin.com/WA/Seattle/3043c-21st-Ave-W-98199/home/189452521,3043 C 21st Ave W,98199,Townhouse,2026-09-11,2026-09-19,2026-09-19,759900,759900,759900,2026-09-09,10,10,Active,,,0
2580418,494105,223316388,https://www.redfin.com/WA/Seattle/1132-NW-56th-St-98107/home/494105,1132 NW 56th St,98107,Single Family,2026-09-11,2026-09-19,2026-09-19,997000,997000,997000,2026-09-09,10,10,Active,,,0
2580438,108154,223353547,https://www.redfin.com/WA/Seattle/7530-Roosevelt-Way-NE-98115/home/108154,7530 Roosevelt Way NE,98115,Single Family,2026-09-11,2026-09-19,2026-09-19,1249999,1185000,1185000,2026-09-10,9,9,Active,2026-09-19,2026-09-19,1
2580452,12090648,223349452,https://www.redfin.com/WA/Seattle/1125-E-Olive-St-98122/unit-202/home/12090648,1125 E Olive #202,98122,Single Family,2026-09-11,2026-09-19,2026-09-19,294950,294950,294950,2026-09-10,9,9,Active,,,0
2580479,140338,223532819,https://www.redfin.com/WA/Seattle/530-36th-Ave-E-98112/home/140338,530 36th Ave E,98112,Single Family,2026-09-17,2026-09-19,2026-09-19,11800000,11800000,11800000,2026-09-17,,,First Look,,,0
2580501,168014,223422391,https://www.redfin.com/WA/Seattle/1529-Sturgus-Ave-S-98144/home/168014,1529 Sturgus Ave S,98144,Single Family,2026-09-13,2026-09-19,2026-09-19,738000,738000,738000,2026-09-12,7,7,Active,,,0
2580513,12302964,223335601,https://www.redfin.com/WA/Seattle/5958-31st-Ave-SW-98126/home/12302964,5958 31st Ave SW,98126,Single Family,2026-09-11,2026-09-19,2026-09-19,825000,825000,825000,2026-09-10,9,9,Active,,,0
2580569,147179,223371502,https://www.redfin.com/WA/Seattle/440-26th-Ave-E-98112/home/147179,440 26th Ave E,98112,Single Family,2026-09-11,2026-09-19,2026-09-19,900000,900000,900000,2026-09-10,9,9,Active,,,0
2580577,496960,223356352,https://www.redfin.com/WA/Seattle/8040-Dibble-Ave-NW-98117/home/496960,8040 Dibble Ave NW,98117,Single Family,2026-09-11,2026-09-19,2026-09-19,1125000,1125000,1125000,2026-09-10,9,9,Active,,,0
2580581,17032229,223333539,https://www.redfin.com/WA/Seattle/5260-Brooklyn-Ave-NE-98105/unit-B/home/17032229,5260 Brooklyn Ave NE Unit B Unit B,98105,Townhouse,2026-09-11,2026-09-19,2026-09-19,699000,699000,699000,2026-09-10,9,9,Active,,,0
2580583,139439,223339498,https://www.redfin.com/WA/Seattle/1612-38th-Ave-E-98112/home/139439,1612 38th Ave E,98112,Single Family,2026-09-11,2026-09-19,2026-09-19,2725000,2725000,2725000,2026-09-10,9,9,Active,,,0
2580592,135607,223339842,https://www.redfin.com/WA/Seattle/1140-23rd-Ave-E-98112/home/135607,1140 23rd Ave E,98112,Single Family,2026-09-11,2026-09-19,2026-09-19,1699000,1699000,1699000,2026-09-10,9,9,Active,,,0
2580593,305466,223542650,https://www.redfin.com/WA/Seattle/317-NE-58th-St-98105/home/305466,317 NE 58th St,98105,Single Family,2026-09-17,2026-09-19,2026-09-19,1499000,1499000,1499000,2026-09-16,3,3,Active,,,0
2580600,105058,223352475,https://www.redfin.com/WA/Seattle/9751-Densmore-Ave-N-98103/home/105058,9751 Densmore Ave N,98103,Single Family,2026-09-11,2026-09-19,2026-09-19,829000,829000,829000,2026-09-10,9,9,Active,,,0
2580635,302056,223336802,https://www.redfin.com/WA/Seattle/4128-3rd-Ave-NW-98107/home/302056,4128 3rd Ave NW,98107,Single Family,2026-09-11,2026-09-19,2026-09-19,1275000,1275000,1275000,2026-09-10,9,9,Active,,,0
2580640,132874,223331600,https://www.redfin.com/WA/Seattle/1916-11th-Ave-W-98119/home/132874,1916 11th Ave W,98119,Single Family,2026-09-11,2026-09-19,2026-09-19,895000,895000,895000,2026-09-10,9,9,Active,,,0
2580676,103185522,223387381,https://www.redfin.com/WA/Seattle/2301-NE-86th-St-98115/home/103185522,2301 NE 86th St,98115,Townhouse,2026-09-12,2026-09-19,2026-09-19,650000,650000,650000,2026-09-11,8,8,Active,,,0
2580690,18896,223339348,https://www.redfin.com/WA/Seattle/2831-14th-Ave-W-98119/unit-2/home/18896,2831 14th Ave W #2,98119,Townhouse,2026-09-11,2026-09-19,2026-09-19,635000,635000,635000,2026-09-10,9,9,Active,,,0
2580693,52074,223357776,https://www.redfin.com/WA/Seattle/10-E-Roanoke-St-98102/unit-2/home/52074,10 E Roanoke St #2,98102,Single Family,2026-09-11,2026-09-19,2026-09-19,3485000,3485000,3485000,2026-09-10,9,9,Active,,,0
2580695,478614,223350771,https://www.redfin.com/WA/Seattle/5908-Beacon-Ave-S-98108/home/478614,5908 Beacon Ave S,98108,Single Family,2026-09-11,2026-09-19,2026-09-19,899999,899999,899999,2026-09-10,9,9,Active,,,0
2580711,164273,223530995,https://www.redfin.com/WA/Seattle/6912-32nd-Ave-NW-98117/home/164273,6912 32nd Ave NW,98117,Single Family,2026-09-16,2026-09-19,2026-09-19,1545000,1545000,1545000,2026-09-15,3,3,Active,,,0
2580722,96541,223359831,https://www.redfin.com/WA/Seattle/943-NW-97th-St-98117/home/96541,943 NW 97th St,98117,Single Family,2026-09-11,2026-09-19,2026-09-19,925000,925000,925000,2026-09-10,9,9,Active,,,0
2580725,22703053,223387441,https://www.redfin.com/WA/Seattle/728-W-Etruria-St-98119/home/22703053,728 W Etruria St,98119,Single Family,2026-09-12,2026-09-19,2026-09-19,2995000,2995000,2995000,2026-09-11,8,8,Active,,,0
2580729,469793,223359882,https://www.redfin.com/WA/Seattle/3523-SW-Ida-St-98126/home/469793,3523 SW Ida,98126,Single Family,2026-09-11,2026-09-19,2026-09-19,695000,695000,695000,2026-09-10,9,9,Active,,,0
2580735,316724,223345855,https://www.redfin.com/WA/Seattle/8039-40th-Ave-NE-98115/home/316724,8039 40th Ave NE,98115,Single Family,2026-09-11,2026-09-19,2026-09-19,1150000,1150000,1150000,2026-09-10,9,9,Active,,,0
2580738,185889568,223341601,https://www.redfin.com/WA/Seattle/1118-16th-Ave-98122/unit-B/home/185889568,1118 16th Ave Unit B Unit B,98122,Townhouse,2026-09-11,2026-09-19,2026-09-19,669000,669000,669000,2026-09-10,9,9,Active,,,0
2580741,98446,223353857,https://www.redfin.com/WA/Seattle/726-N-89th-St-98103/home/98446,726 N 89th St,98103,Single Family,2026-09-11,2026-09-19,2026-09-19,1319950,1319950,1319950,2026-09-10,9,9,Active,,,0
2580744,124688,223377899,https://www.redfin.com/WA/Seattle/4407-30th-Ave-W-98199/home/124688,4407 30th Ave W,98199,Single Family,2026-09-12,2026-09-19,2026-09-19,1150000,1150000,1150000,2026-09-11,8,8,Active,,,0
2580746,203507946,223353986,https://www.redfin.com/WA/Seattle/724-N-89th-St-98103/home/203507946,724 N 89TH St,98103,Single Family,2026-09-11,2026-09-19,2026-09-19,709950,709950,709950,2026-09-10,9,9,Active,,,0
2580755,205524926,223408281,https://www.redfin.com/WA/Seattle/807-N-39th-St-98103/home/205524926,807 N 39th St,98103,Townhouse,2026-09-12,2026-09-19,2026-09-19,840000,840000,840000,2026-09-11,8,8,Active,,,0
2580785,290033,223394201,https://www.redfin.com/WA/Seattle/2410-NW-Neptune-Pl-98117/home/290033,2410 NW Neptune Pl,98117,Single Family,2026-09-12,2026-09-19,2026-09-19,2750000,2750000,2750000,2026-09-11,8,8,Active,,,0
2580790,314189,223345279,https://www.redfin.com/WA/Seattle/5042-35th-Ave-NE-98105/home/314189,5042 35th Ave NE,98105,Single Family,2026-09-11,2026-09-19,2026-09-19,783000,783000,783000,2026-09-10,9,9,Active,,,0
2580835,298484,223354190,https://www.redfin.com/WA/Seattle/5128-Palatine-Ave-N-98103/home/298484,5128 Palatine Ave N,98103,Single Family,2026-09-11,2026-09-19,2026-09-19,1150000,1150000,1150000,2026-09-10,9,9,Active,,,0
2580847,130567,223348829,https://www.redfin.com/WA/Seattle/43-W-Etruria-St-98119/home/130567,43 W Etruria,98119,Single Family,2026-09-11,2026-09-19,2026-09-19,999500,999500,999500,2026-09-10,9,9,Active,,,0
2580848,200946274,223349652,https://www.redfin.com/WA/Seattle/3215-22nd-Ave-S-98144/home/200946274,3215 22nd Ave S,98144,Single Family,2026-09-11,2026-09-19,2026-09-19,799900,799900,799900,2026-09-10,9,9,Active,,,0
2580859,8189122,223364234,https://www.redfin.com/WA/Seattle/741-N-94th-St-98103/unit-C/home/8189122,741 N 94th St Unit C Unit C,98103,Townhouse,2026-09-11,2026-09-19,2026-09-19,525000,525000,525000,2026-09-10,9,9,Active,,,0
2580867,494275,223348424,https://www.redfin.com/WA/Seattle/5632-7th-Ave-NW-98107/home/494275,5632 7th Ave NW,98107,Single Family,2026-09-11,2026-09-19,2026-09-19,940499,940499,940499,2026-09-10,9,9,Active,,,0
2580868,152583,223583467,https://www.redfin.com/WA/Seattle/4810-54th-Ave-SW-98116/home/152583,4810 54th Ave SW,98116,Single Family,2026-09-18,2026-09-19,2026-09-19,800000,800000,800000,2026-09-17,2,2,Active,,,0
2580887,106722519,223425402,https://www.redfin.com/WA/Seattle/310-21st-Ave-98122/unit-B/home/106722519,310 21st Ave Unit B Unit B,98122,Townhouse,2026-09-13,2026-09-19,2026-09-19,750000,750000,750000,2026-09-12,7,7,Active,,,0
2580907,313626,223359276,https://www.redfin.com/WA/Seattle/4331-NE-57th-St-98105/home/313626,4331 NE 57th St,98105,Single Family,2026-09-11,2026-09-19,2026-09-19,1649900,1649900,1649900,2026-09-10,9,9,Active,,,0
2580924,102920,223356517,https://www.redfin.com/WA/Seattle/14346-Interlake-Ave-N-98133/home/102920,14346 Interlake Ave N,98133,Single Family,2026-09-11,2026-09-19,2026-09-19,650000,650000,650000,2026-09-10,9,9,Active,,,0
2580926,161998,223353147,https://www.redfin.com/WA/Seattle/2440-NW-60th-St-98107/unit-A/home/161998,2440 NW 60th St Unit A Unit A,98107,Townhouse,2026-09-11,2026-09-19,2026-09-19,775000,775000,775000,2026-09-10,9,9,Active,,,0
2580932,133120,223399727,https://www.redfin.com/WA/Seattle/1009-W-Crockett-St-98119/home/133120,1009 W Crockett St,98119,Single Family,2026-09-12,2026-09-19,2026-09-19,1275000,1275000,1275000,2026-09-11,8,8,Active,,,0
2580938,205525017,223408511,https://www.redfin.com/WA/Seattle/5253-California-Ave-SW-98136/unit-B/home/205525017,5253 California Ave SW Unit B Unit B,98136,Townhouse,2026-09-12,2026-09-19,2026-09-19,874900,874900,874900,2026-09-11,8,8,Active,,,0
2580943,12304590,223403912,https://www.redfin.com/WA/Seattle/8509-Midvale-Ave-N-98103/unit-C/home/12304590,8509 Midvale Ave N Unit C Unit C,98103,Townhouse,2026-09-12,2026-09-19,2026-09-19,649950,649950,649950,2026-09-11,3,3,Active,,,0
2580944,205525066,223408660,https://www.redfin.com/WA/Seattle/5253-California-Ave-SW-98136/unit-F/home/205525066,5253 California Ave SW Unit F Unit F,98136,Townhouse,2026-09-12,2026-09-19,2026-09-19,999900,999900,999900,2026-09-11,8,8,Active,,,0
2580953,113995334,223536615,https://www.redfin.com/WA/Seattle/709-15th-Ave-98122/unit-B/home/113995334,709 15th Ave Unit B Unit B,98122,Townhouse,2026-09-17,2026-09-19,2026-09-19,764950,764950,764950,2026-09-16,3,3,Active,,,0
2580955,200956388,223366979,https://www.redfin.com/WA/Seattle/3819-C-Fremont-Ave-N-98103/home/200956388,3819 C Fremont Ave N,98103,Townhouse,2026-09-11,2026-09-19,2026-09-19,998000,998000,998000,2026-09-10,9,9,Active,,,0
2580964,192269689,223367310,https://www.redfin.com/WA/Seattle/3819-Fremont-Ave-N-98103/unit-A/home/192269689,3819 A Fremont Ave N,98103,Townhouse,2026-09-11,2026-09-19,2026-09-19,1028000,1028000,1028000,2026-09-10,9,9,Active,,,0
2580973,18661956,223358825,https://www.redfin.com/WA/Seattle/6576-High-Point-Dr-SW-98126/home/18661956,6576 High Point Dr SW,98126,Townhouse,2026-09-11,2026-09-19,2026-09-19,649950,649950,649950,2026-09-10,9,9,Active,,,0
2580990,140054,223364603,https://www.redfin.com/WA/Seattle/3702-E-Prospect-St-98112/home/140054,3702 E Prospect St,98112,Single Family,2026-09-11,2026-09-19,2026-09-19,7850000,7850000,7850000,2026-09-10,,,First Look,,,0
2581021,2062212,223387787,https://www.redfin.com/WA/Seattle/518-Prospect-St-98109/home/2062212,518 Prospect St,98109,Single Family,2026-09-12,2026-09-19,2026-09-19,1290000,1290000,1290000,2026-09-11,8,8,Active,,,0
2581023,104793,223357775,https://www.redfin.com/WA/Seattle/10322-Ashworth-Ave-N-98133/home/104793,10322 Ashworth Ave N,98133,Single Family,2026-09-11,2026-09-19,2026-09-19,997450,997450,997450,2026-09-10,9,9,Active,,,0
2581065,204417106,223360893,https://www.redfin.com/WA/Seattle/10326-Ashworth-Ave-N-98133/home/204417106,10326 Ashworth Ave N,98133,Single Family,2026-09-11,2026-09-19,2026-09-19,1049950,1049950,1049950,2026-09-10,9,9,Active,,,0
2581075,205526186,223412075,https://www.redfin.com/WA/Seattle/10514-9th-Ave-NE-98125/home/205526186,10514 Ninth Ave NE,98125,Single Family,2026-09-12,2026-09-19,2026-09-19,499950,499950,499950,2026-09-11,8,8,Active,,,0
2581083,17072630,223425374,https://www.redfin.com/WA/Seattle/908-29th-Ave-S-98144/home/17072630,908 29th Ave,98122,Single Family,2026-09-13,2026-09-19,2026-09-19,697000,697000,697000,2026-09-12,7,7,Active,,,0
2581091,205529410,223425289,https://www.redfin.com/WA/Seattle/910-29th-Ave-98122/home/205529410,910 29th Ave,98122,Single Family,2026-09-13,2026-09-19,2026-09-19,1069000,1069000,1069000,2026-09-12,7,7,Active,,,0
2581113,146271,223362085,https://www.redfin.com/WA/Seattle/1725-Martin-Luther-King-Jr-Way-98122/home/146271,1725 Martin Luther King Jr Way,98122,Single Family,2026-09-11,2026-09-19,2026-09-19,1850000,1850000,1850000,2026-09-10,9,9,Active,,,0
2581141,128434,223407208,https://www.redfin.com/WA/Seattle/2530-30th-Ave-W-98199/home/128434,2530 30th Ave W,98199,Single Family,2026-09-12,2026-09-19,2026-09-19,1899000,1899000,1899000,2026-09-11,8,8,Active,,,0
2581144,205524666,223407315,https://www.redfin.com/WA/Seattle/2528-30th-Ave-W-98199/home/205524666,2528 30th Ave W,98199,Single Family,2026-09-12,2026-09-19,2026-09-19,919000,919000,919000,2026-09-11,8,8,Active,,,0
2581191,56446,223429903,https://www.redfin.com/WA/Seattle/3146-Portage-Bay-Pl-E-98102/unit-N/home/56446,3146 Portage Bay Pl E Unit N Unit N,98102,Single Family,2026-09-14,2026-09-19,2026-09-19,1699000,1699000,1699000,2026-09-13,2,2,Active,,,0
2581192,199481463,223396283,https://www.redfin.com/WA/Seattle/1615-N-50th-St-98103/unit-C/home/199481463,1615 N 50th St Unit C Unit C,98103,Townhouse,2026-09-12,2026-09-19,2026-09-19,849950,849950,849950,2026-09-11,8,8,Active,,,0
2581204,202718651,223364602,https://www.redfin.com/WA/Seattle/3245-13th-Ave-W-98119/home/202718651,3245 13th Ave W,98119,Single Family,2026-09-11,2026-09-19,2026-09-19,1025000,1025000,1025000,2026-09-10,9,9,Active,,,0
2581220,329307,223400210,https://www.redfin.com/WA/Seattle/3006-36th-Ave-SW-98126/home/329307,3006 36th Ave SW,98126,Single Family,2026-09-12,2026-09-19,2026-09-19,1425000,1425000,1425000,2026-09-11,8,8,Active,,,0
2581237,308270,223366708,https://www.redfin.com/WA/Seattle/5260-16th-Ave-NE-98105/home/308270,5260 16th Ave NE,98105,Single Family,2026-09-11,2026-09-19,2026-09-19,1895000,1895000,1895000,2026-09-10,9,9,Active,,,0
2581242,132696,223564107,https://www.redfin.com/WA/Seattle/2141-7th-Ave-W-98119/home/132696,2141 7th Ave W,98119,Single Family,2026-09-17,2026-09-19,2026-09-19,1600000,1600000,1600000,2026-09-16,3,3,Active,,,0
2581245,329750,223398887,https://www.redfin.com/WA/Seattle/4407-44th-Ave-SW-98116/unit-A/home/329750,4407 44th Ave SW Unit A Unit A,98116,Townhouse,2026-09-12,2026-09-19,2026-09-19,630000,630000,630000,2026-09-11,8,8,Active,,,0
2581249,31795,223390653,https://www.redfin.com/WA/Seattle/1800-Taylor-Ave-N-98109/unit-102/home/31795,1800 Taylor Ave N #102,98109,Single Family,2026-09-12,2026-09-19,2026-09-19,299900,299900,299900,2026-09-11,8,8,Active,,,0
2581257,314621,223391490,https://www.redfin.com/WA/Seattle/6043-37th-Ave-NE-98115/home/314621,6043 37th Ave NE,98115,Single Family,2026-09-12,2026-09-19,2026-09-19,995000,995000,995000,2026-09-11,8,8,Active,,,0
2581282,143673,223392623,https://www.redfin.com/WA/Seattle/949-25th-Ave-S-98144/home/143673,949 25th Ave S,98144,Single Family,2026-09-12,2026-09-19,2026-09-19,815000,815000,815000,2026-09-11,8,8,Active,,,0
2581304,100358,223369795,https://www.redfin.com/WA/Seattle/9251-Palatine-Ave-N-98103/home/100358,9251 Palatine Ave N,98103,Single Family,2026-09-11,2026-09-19,2026-09-19,1290000,1290000,1290000,2026-09-10,8,8,Active,,,0
2581315,146177,223370112,https://www.redfin.com/WA/Seattle/2517-E-Pike-St-98122/home/146177,2517 2519 E Pike St,98122,Single Family,2026-09-11,2026-09-19,2026-09-19,857000,857000,857000,2026-09-10,9,9,Active,,,0
2581321,199486167,223370411,https://www.redfin.com/WA/Seattle/540-W-Barrett-St-98119/home/199486167,540 W Barrett St,98109,Townhouse,2026-09-11,2026-09-19,2026-09-19,1099900,1099900,1099900,2026-09-10,9,9,Active,,,0
2581329,163166,223478385,https://www.redfin.com/WA/Seattle/7705-23rd-Ave-NW-98117/home/163166,7705 23rd Ave NW,98117,Single Family,2026-09-15,2026-09-19,2026-09-19,1395000,1395000,1395000,2026-09-14,5,5,Active,,,0
2581339,318520,223370944,https://www.redfin.com/WA/Seattle/7533-31st-Ave-NE-98115/home/318520,7533 31st Ave NE,98115,Townhouse,2026-09-11,2026-09-19,2026-09-19,1567452,1567452,1567452,2026-09-10,9,9,Active,,,0
2581363,98128,223435782,https://www.redfin.com/WA/Seattle/12756-Evanston-Ave-N-98133/home/98128,12756 Evanston Ave N,98133,Single Family,2026-09-14,2026-09-19,2026-09-19,595000,595000,595000,2026-09-13,6,6,Active,,,0
2581365,95777,223409820,https://www.redfin.com/WA/Seattle/10050-13th-Ave-NW-98177/home/95777,10050 13th Ave NW,98177,Single Family,2026-09-12,2026-09-19,2026-09-19,1150000,1150000,1150000,2026-09-11,8,8,Active,,,0
2581383,128012,223491175,https://www.redfin.com/WA/Seattle/2536-31st-Ave-W-98199/home/128012,2536 31st Ave W,98199,Single Family,2026-09-16,2026-09-19,2026-09-19,2475000,2475000,2475000,2026-09-15,4,4,Active,,,0
2581416,131693,223404466,https://www.redfin.com/WA/Seattle/2157-Dexter-Ave-N-98109/home/131693,2157 Dexter Ave N,98109,Single Family,2026-09-12,2026-09-19,2026-09-19,799000,799000,799000,2026-09-11,8,8,Active,,,0
2581442,289244,223388776,https://www.redfin.com/WA/Seattle/1805-NW-95th-St-98117/home/289244,1805 NW 95th St,98117,Single Family,2026-09-12,2026-09-19,2026-09-19,1650000,1650000,1650000,2026-09-11,8,8,Active,,,0
2581446,102569,223545878,https://www.redfin.com/WA/Seattle/13525-Wallingford-Ave-N-98133/home/102569,13525 Wallingford Ave N,98133,Single Family,2026-09-17,2026-09-19,2026-09-19,586800,586800,586800,2026-09-16,3,3,Active,,,0
2581452,474091,223392424,https://www.redfin.com/WA/Seattle/8143-10th-Ave-SW-98106/home/474091,8143 10th Ave SW,98106,Single Family,2026-09-12,2026-09-19,2026-09-19,545000,545000,545000,2026-09-11,8,8,Active,,,0
2581454,202314618,223385707,https://www.redfin.com/WA/Seattle/4146-3rd-Ave-NW-98107/home/202314618,4146 3rd Ave NW,98107,Single Family,2026-09-12,2026-09-19,2026-09-19,1139500,1139500,1139500,2026-09-11,8,8,Active,,,0
2581468,205524970,223408412,https://www.redfin.com/WA/Seattle/5251-California-Ave-SW-98136/home/205524970,5251 California Ave SW,98136,Townhouse,2026-09-12,2026-09-19,2026-09-19,849900,849900,849900,2026-09-11,8,8,Active,,,0
2581477,202616397,223386997,https://www.redfin.com/WA/Seattle/9549-Evanston-Ave-N-98103/home/202616397,9549 Evanston Ave N,98103,Single Family,2026-09-12,2026-09-19,2026-09-19,787000,787000,787000,2026-09-11,8,8,Active,,,0
2581478,329152,223394586,https://www.redfin.com/WA/Seattle/4116-38th-Ave-SW-98126/home/329152,4116 SW 38th Ave SW,98126,Single Family,2026-09-12,2026-09-19,2026-09-19,1050000,1050000,1050000,2026-09-11,8,8,Active,,,0
2581556,107556,223398922,https://www.redfin.com/WA/Seattle/8622-17th-Ave-NE-98115/home/107556,8622 17th Ave NE,98115,Single Family,2026-09-12,2026-09-19,2026-09-19,1349950,1349950,1349950,2026-09-11,,,First Look,,,0
2581567,205525093,223408946,https://www.redfin.com/WA/Seattle/1420-18th-Ave-98122/unit-C/home/205525093,1420 18th Ave Unit C Unit C,98122,Townhouse,2026-09-12,2026-09-19,2026-09-19,850000,850000,850000,2026-09-11,,,First Look,,,0
2581573,126997,223405005,https://www.redfin.com/WA/Seattle/3111-W-Mansell-St-98199/home/126997,3111 W Mansell St,98199,Single Family,2026-09-12,2026-09-19,2026-09-19,2373998,2373998,2373998,2026-09-11,8,8,Active,,,0
2581583,165711,223406981,https://www.redfin.com/WA/Seattle/7534-Jones-Ave-NW-98117/home/165711,7534 Jones Ave NW,98117,Single Family,2026-09-12,2026-09-19,2026-09-19,949950,949950,949950,2026-09-11,,,First Look,,,0
2581610,174391490,223404470,https://www.redfin.com/WA/Seattle/710-McGraw-St-98109/home/174391490,710 McGraw St,98109,Townhouse,2026-09-12,2026-09-19,2026-09-19,669000,669000,669000,2026-09-11,8,8,Active,,,0
2581669,205529162,223424123,https://www.redfin.com/WA/Seattle/2331-Fairview-Ave-E-98102/unit-I/home/205529162,2331 Fairview Ave E Unit I Unit I,98102,Single Family,2026-09-17,2026-09-19,2026-09-19,1575000,1575000,1575000,2026-09-16,2,2,Active,,,0
2581675,304590,223406982,https://www.redfin.com/WA/Seattle/328-NE-52nd-St-98105/home/304590,328 NE 52nd St,98105,Single Family,2026-09-12,2026-09-19,2026-09-19,1050000,1050000,1050000,2026-09-11,8,8,Active,,,0
2581708,129486,223404468,https://www.redfin.com/WA/Seattle/2619-Warren-Ave-N-98109/home/129486,2619 Warren Ave N,98109,Single Family,2026-09-12,2026-09-19,2026-09-19,2278000,2278000,2278000,2026-09-11,8,8,Active,,,0
2581721,12306538,223403055,https://www.redfin.com/WA/Seattle/9057-Greenwood-Ave-N-98103/unit-306/home/12306538,9057 Greenwood Ave N #306,98103,Single Family,2026-09-12,2026-09-19,2026-09-19,299950,299950,299950,2026-09-11,8,8,Active,,,0
2581726,127897,223408404,https://www.redfin.com/WA/Seattle/2909-W-Smith-St-98199/home/127897,2909 W Smith St,98199,Single Family,2026-09-12,2026-09-19,2026-09-19,795000,795000,795000,2026-09-11,8,8,Active,,,0
2581728,2067928,223403913,https://www.redfin.com/WA/Seattle/2369-Fairview-Ave-E-98102/unit-6/home/2067928,2369 Fairview Ave E #6,98102,Single Family,2026-09-12,2026-09-19,2026-09-19,4369000,4369000,4369000,2026-09-11,8,8,Active,,,0
2581742,158785,223562176,https://www.redfin.com/WA/Seattle/4909-SW-Othello-St-98136/home/158785,4909 SW Othello St,98136,Single Family,2026-09-17,2026-09-19,2026-09-19,3450000,3450000,3450000,2026-09-17,,,First Look,,,0
2581747,306313,223406505,https://www.redfin.com/WA/Seattle/1128-N-77th-St-98103/home/306313,1128 N 77th St,98103,Single Family,2026-09-12,2026-09-19,2026-09-19,1314950,1314950,1314950,2026-09-11,8,8,Active,,,0
2581756,141636,223406172,https://www.redfin.com/WA/Seattle/3117-E-Yesler-Way-98122/home/141636,3117 E Yesler Way,98122,Single Family,2026-09-12,2026-09-19,2026-09-19,1295000,1295000,1295000,2026-09-11,,,First Look,,,0
2581784,205507873,223406118,https://www.redfin.com/WA/Seattle/8148-13th-Ave-SW-98106/home/205507873,8148 13th Ave SW,98106,Single Family,2026-09-12,2026-09-19,2026-09-19,875000,875000,875000,2026-09-11,8,8,Active,,,0
2581813,474216,223407027,https://www.redfin.com/WA/Seattle/8150-13th-Ave-SW-98106/home/474216,8150 13th Ave SW,98106,Single Family,2026-09-12,2026-09-19,2026-09-19,515000,515000,515000,2026-09-11,8,8,Active,,,0
2581827,123781,223408101,https://www.redfin.com/WA/Seattle/4015-Burton-Pl-W-98199/home/123781,4015 Burton Pl W,98199,Single Family,2026-09-12,2026-09-19,2026-09-19,774950,774950,774950,2026-09-11,8,8,Active,,,0
2581832,479435,223543957,https://www.redfin.com/WA/Seattle/6735-Shaffer-Ave-S-98108/home/479435,6735 Shaffer Ave S,98108,Townhouse,2026-09-17,2026-09-19,2026-09-19,450000,450000,450000,2026-09-16,3,3,Active,,,0
2581845,205576310,223564373,https://www.redfin.com/WA/Seattle/8316-28th-Ave-NW-98117/home/205576310,8316 28th Ave NW,98117,Single Family,2026-09-17,2026-09-19,2026-09-19,1300000,1300000,1300000,2026-09-17,,,First Look,,,0
2581865,141162,223532155,https://www.redfin.com/WA/Seattle/3816-E-Spring-St-98122/home/141162,3816 E Spring St,98122,Single Family,2026-09-16,2026-09-19,2026-09-19,2625000,2625000,2625000,2026-09-15,3,3,Active,,,0
2581922,28628073,223412491,https://www.redfin.com/WA/Seattle/1210-E-Shelby-St-98102/unit-G/home/28628073,1210 E Shelby St Unit G Unit G,98102,Single Family,2026-09-12,2026-09-19,2026-09-19,1448000,1448000,1448000,2026-09-11,8,8,Active,,,0
2581923,113179104,223545877,https://www.redfin.com/WA/Seattle/728-3rd-Ave-N-98109/home/113179104,728 3rd Ave N,98109,Townhouse,2026-09-17,2026-09-19,2026-09-19,915000,915000,915000,2026-09-16,3,3,Active,,,0
2581934,473153,223518006,https://www.redfin.com/WA/Seattle/2907-SW-Cloverdale-St-98126/home/473153,2907 SW Cloverdale St,98126,Single Family,2026-09-16,2026-09-19,2026-09-19,649000,649000,649000,2026-09-15,4,4,Active,,,0
2581938,205557025,223518186,https://www.redfin.com/WA/Seattle/2909-SW-Cloverdale-St-98126/home/205557025,2909 SW Cloverdale St,98126,Single Family,2026-09-16,2026-09-19,2026-09-19,349000,349000,349000,2026-09-15,4,4,Active,,,0
2581946,129657,223418751,https://www.redfin.com/WA/Seattle/2804-Prosch-Ave-W-98119/home/129657,2804 Prosch Ave W,98119,Single Family,2026-09-13,2026-09-19,2026-09-19,875000,875000,875000,2026-09-12,7,7,Active,,,0
2581950,204430240,223419157,https://www.redfin.com/WA/Seattle/2608-NW-62nd-St-98107/home/204430240,2608 NW 62nd St,98107,Townhouse,2026-09-13,2026-09-19,2026-09-19,985000,985000,985000,2026-09-12,7,7,Active,,,0
2581958,150276,223439700,https://www.redfin.com/WA/Seattle/5625-SW-Teig-Pl-98116/home/150276,5625 SW Teig Pl,98116,Single Family,2026-09-15,2026-09-19,2026-09-19,1050000,1050000,1050000,2026-09-14,5,5,Active,,,0
2581997,101679054,223425248,https://www.redfin.com/WA/Seattle/4112-Linden-Ave-N-98103/unit-A/home/101679054,4112 Linden Ave N Unit A Unit A,98103,Townhouse,2026-09-13,2026-09-19,2026-09-19,870000,870000,870000,2026-09-12,7,7,Active,,,0
2582007,104173,223485940,https://www.redfin.com/WA/Seattle/10758-Ashworth-Ave-N-98133/home/104173,10758 Ashworth Ave N,98133,Single Family,2026-09-15,2026-09-19,2026-09-19,799950,799950,799950,2026-09-14,4,4,Active,,,0
2582169,2070631,223523696,https://www.redfin.com/WA/Seattle/8810-Delridge-Way-SW-98106/unit-A/home/2070631,8810 Delridge Way SW Unit A Unit A,98106,Townhouse,2026-09-16,2026-09-19,2026-09-19,469000,469000,469000,2026-09-15,4,4,Active,,,0
2582173,131335,223590043,https://www.redfin.com/WA/Seattle/806-W-Fulton-St-98119/home/131335,806 W Fulton St,98119,Single Family,2026-09-18,2026-09-19,2026-09-19,1695000,1695000,1695000,2026-09-17,2,2,Active,,,0
2582174,481195,223435749,https://www.redfin.com/WA/Seattle/2305-S-Brandon-St-98108/home/481195,2305 S Brandon St,98108,Single Family,2026-09-14,2026-09-19,2026-09-19,1280000,1280000,1280000,2026-09-13,6,6,Active,,,0
2582177,152982,223493878,https://www.redfin.com/WA/Seattle/4702-45th-Ave-SW-98116/home/152982,4702 45th Ave SW,98116,Single Family,2026-09-16,2026-09-19,2026-09-19,925000,925000,925000,2026-09-16,2,2,Active,,,0
2582213,18658621,223515960,https://www.redfin.com/WA/Seattle/6819-Weedin-Pl-NE-98115/home/18658621,6819 Weedin Pl NE,98115,Townhouse,2026-09-16,2026-09-19,2026-09-19,829950,829950,829950,2026-09-15,1,1,Active,,,0
2582218,101610951,223515220,https://www.redfin.com/WA/Seattle/5802-Roosevelt-Way-NE-98105/home/101610951,5802 Roosevelt Way NE,98105,Townhouse,2026-09-16,2026-09-19,2026-09-19,749500,749500,749500,2026-09-15,4,4,Active,,,0
2582225,173957106,223479066,https://www.redfin.com/WA/Seattle/2314-Thorndyke-Ave-W-98199/unit-B/home/173957106,2314 Thorndyke Ave W Unit B Unit B,98199,Townhouse,2026-09-15,2026-09-19,2026-09-19,806000,806000,806000,2026-09-14,5,5,Active,,,0
2582229,313890,223538007,https://www.redfin.com/WA/Seattle/6214-40th-Ave-NE-98115/home/313890,6214 40th Ave NE,98115,Single Family,2026-09-17,2026-09-19,2026-09-19,2650000,2650000,2650000,2026-09-16,3,3,Active,,,0
2582242,2088564,223559870,https://www.redfin.com/WA/Seattle/4121-SW-Edmunds-St-98116/home/2088564,4121 SW Edmunds St,98116,Townhouse,2026-09-17,2026-09-19,2026-09-19,795000,795000,795000,2026-09-16,3,3,Active,,,0
2582277,148215,223578202,https://www.redfin.com/WA/Seattle/826-30th-Ave-98122/home/148215,826 30th Ave,98122,Single Family,2026-09-18,2026-09-19,2026-09-19,1895000,1895000,1895000,2026-09-17,2,2,Active,,,0
2582315,169430218,223577135,https://www.redfin.com/WA/Seattle/1615-21st-Ave-98122/home/169430218,1615 A 21st Ave,98122,Single Family,2026-09-18,2026-09-19,2026-09-19,675000,675000,675000,2026-09-17,2,2,Active,,,0
2582322,145805,223504814,https://www.redfin.com/WA/Seattle/716-32nd-Ave-98122/home/145805,716 32nd Ave,98122,Single Family,2026-09-16,2026-09-19,2026-09-19,1377000,1377000,1377000,2026-09-15,4,4,Active,,,0
2582334,205587874,223596844,https://www.redfin.com/WA/Seattle/8316-Mary-Ave-NW-98117/unit-B/home/205587874,8316 Mary Ave NW Unit B Unit B,98117,Townhouse,2026-09-18,2026-09-19,2026-09-19,649950,649950,649950,2026-09-17,2,2,Active,,,0
2582395,65936,223508403,https://www.redfin.com/WA/Seattle/7021-Sand-Point-Way-NE-98115/unit-B310/home/65936,7021 Sand Point Way NE Unit B310 Unit B310,98115,Single Family,2026-09-16,2026-09-19,2026-09-19,320000,320000,320000,2026-09-16,,,First Look,,,0
2582397,302526,223544619,https://www.redfin.com/WA/Seattle/4426-Baker-Ave-NW-98107/home/302526,4426 Baker Ave NW,98107,Single Family,2026-09-17,2026-09-19,2026-09-19,1075000,1075000,1075000,2026-09-16,3,3,Active,,,0
2582447,22692597,223622977,https://www.redfin.com/WA/Seattle/11715-4th-Ave-NW-98177/home/22692597,11715 4th Ave NW,98177,Single Family,2026-09-18,2026-09-19,2026-09-19,1950000,1950000,1950000,2026-09-17,1,1,Active,,,0
2582448,110381,223579039,https://www.redfin.com/WA/Seattle/1011-NE-103rd-St-98125/home/110381,1011 NE 103rd St,98125,Single Family,2026-09-18,2026-09-19,2026-09-19,1195000,1195000,1195000,2026-09-17,2,2,Active,,,0
2582452,302270,223589763,https://www.redfin.com/WA/Seattle/4512-6th-Ave-NW-98107/home/302270,4512 6th Ave NW,98107,Single Family,2026-09-18,2026-09-19,2026-09-19,825000,825000,825000,2026-09-17,2,2,Active,,,0
2582467,478996,223582195,https://www.redfin.com/WA/Seattle/5212-28th-Ave-S-98108/home/478996,5212 28th Ave S,98108,Single Family,2026-09-18,2026-09-19,2026-09-19,1050000,1050000,1050000,2026-09-17,2,2,Active,,,0
2582468,161326,223592254,https://www.redfin.com/WA/Seattle/6339-21st-Ave-SW-98106/home/161326,6339 21st Ave SW,98106,Single Family,2026-09-18,2026-09-19,2026-09-19,749000,749000,749000,2026-09-17,2,2,Active,,,0
2582489,315389,223542442,https://www.redfin.com/WA/Seattle/7723-33rd-Ave-NE-98115/home/315389,7723 33rd Ave NE,98115,Single Family,2026-09-17,2026-09-19,2026-09-19,850000,850000,850000,2026-09-16,3,3,Active,,,0
2582513,171921799,223544738,https://www.redfin.com/WA/Seattle/9553-Ashworth-Ave-N-98103/unit-B/home/171921799,9553 Ashworth Ave N Unit B Unit B,98103,Townhouse,2026-09-17,2026-09-19,2026-09-19,599000,599000,599000,2026-09-16,3,3,Active,,,0
2582558,185903522,223562389,https://www.redfin.com/WA/Seattle/8660-13th-Ave-NW-98117/unit-B/home/185903522,8660 13th Ave NW Unit B Unit B,98117,Single Family,2026-09-17,2026-09-19,2026-09-19,675000,675000,675000,2026-09-16,3,3,Active,,,0
2582577,179850372,223659676,https://www.redfin.com/WA/Seattle/3821-19th-Ave-SW-98106/home/179850372,3821 19th Ave SW,98106,Single Family,2026-09-19,2026-09-19,2026-09-19,1495000,1495000,1495000,2026-09-18,1,1,Active,,,0
2582604,22440841,223612937,https://www.redfin.com/WA/Seattle/8018-Ashworth-Ave-N-98103/unit-A/home/22440841,8018 Ashworth Ave N Unit A Unit A,98103,Townhouse,2026-09-18,2026-09-19,2026-09-19,900000,900000,900000,2026-09-17,2,2,Active,,,0
2582609,159374,223641278,https://www.redfin.com/WA/Seattle/3023-SW-Charlestown-St-98126/home/159374,3023 SW Charlestown St,98126,Single Family,2026-09-19,2026-09-19,2026-09-19,749950,749950,749950,2026-09-18,1,1,Active,,,0
2582638,144466653,223661651,https://www.redfin.com/WA/Seattle/2616-S-Dearborn-St-98144/home/144466653,2616 S Dearborn St,98144,Single Family,2026-09-19,2026-09-19,2026-09-19,949000,949000,949000,2026-09-18,1,1,Active,,,0
2582643,306183,223504666,https://www.redfin.com/WA/Seattle/7710-Bagley-Ave-N-98103/home/306183,7710 Bagley Ave N,98103,Single Family,2026-09-16,2026-09-19,2026-09-19,1300000,1300000,1300000,2026-09-15,4,4,Active,,,0
2582654,172248013,223606360,https://www.redfin.com/WA/Seattle/2326-49th-Ave-SW-98116/home/172248013,2326 49th Ave SW,98116,Single Family,2026-09-18,2026-09-19,2026-09-19,549950,549950,549950,2026-09-18,,,First Look,,,0
2582667,119043,223594453,https://www.redfin.com/WA/Seattle/3915-Sunnyside-Ave-N-98103/home/119043,3915 Sunnyside Ave N,98013,Single Family,2026-09-18,2026-09-19,2026-09-19,1690000,1690000,1690000,2026-09-17,2,2,Active,,,0
2582673,21883624,223626017,https://www.redfin.com/WA/Seattle/3516-Carr-Pl-N-98103/home/21883624,3516 Carr Pl N,98103,Single Family,2026-09-19,2026-09-19,2026-09-19,975000,975000,975000,2026-09-18,1,1,Active,,,0
2582686,122653,223483822,https://www.redfin.com/WA/Seattle/5157-NE-Latimer-Pl-98105/home/122653,5157 NE Latimer Pl,98105,Single Family,2026-09-17,2026-09-19,2026-09-19,3980000,3980000,3980000,2026-09-16,2,2,Active,,,0
2582703,12303817,223595771,https://www.redfin.com/WA/Seattle/2112-Warren-Ave-N-98109/unit-B/home/12303817,2112 Warren Ave N Unit B Unit B,98109,Townhouse,2026-09-18,2026-09-19,2026-09-19,1250000,1250000,1250000,2026-09-17,2,2,Active,,,0
2582712,162362,223588697,https://www.redfin.com/WA/Seattle/2653-NW-63rd-St-98107/unit-B/home/162362,2653 NW 63rd St Unit B Unit B,98107,Townhouse,2026-09-18,2026-09-19,2026-09-19,850000,850000,850000,2026-09-17,2,2,Active,,,0
2582718,119525,223562174,https://www.redfin.com/WA/Seattle/1200-N-44th-St-98103/home/119525,1200 N 44th St,98103,Single Family,2026-09-17,2026-09-19,2026-09-19,1195000,1195000,1195000,2026-09-16,3,3,Active,,,0
2582719,157867,223496985,https://www.redfin.com/WA/Seattle/7124-Wright-Ave-SW-98136/home/157867,7124 Wright Ave SW,98136,Single Family,2026-09-16,2026-09-19,2026-09-19,1399950,1399950,1399950,2026-09-16,2,2,Active,,,0
2582724,100279,223483809,https://www.redfin.com/WA/Seattle/9525-7th-Ave-NW-98117/home/100279,9525 7th Ave NW,98117,Single Family,2026-09-15,2026-09-19,2026-09-19,617500,617500,617500,2026-09-14,5,5,Active,,,0
2582738,320374,223653662,https://www.redfin.com/WA/Seattle/5049-Pullman-Ave-NE-98105/home/320374,5049 Pullman Ave NE,98105,Single Family,2026-09-19,2026-09-19,2026-09-19,1949000,1949000,1949000,2026-09-19,,,First Look,,,0
2582763,98496,223655436,https://www.redfin.com/WA/Seattle/711-N-86th-St-98103/home/98496,711 N 86th St,98103,Single Family,2026-09-19,2026-09-19,2026-09-19,935000,935000,935000,2026-09-18,1,1,Active,,,0
2582803,119745,223514893,https://www.redfin.com/WA/Seattle/1015-N-40th-St-98103/home/119745,1015 N 40th St,98103,Single Family,2026-09-16,2026-09-19,2026-09-19,674950,674950,674950,2026-09-15,4,4,Active,,,0
2582848,468654,223649072,https://www.redfin.com/WA/Seattle/8629-36th-Ave-SW-98126/home/468654,8629 36th Ave SW,98126,Single Family,2026-09-19,2026-09-19,2026-09-19,1100000,1100000,1100000,2026-09-18,1,1,Active,,,0
2582870,105383,223560983,https://www.redfin.com/WA/Seattle/2137-N-86th-St-98103/home/105383,2137 N 86th St,98103,Single Family,2026-09-17,2026-09-19,2026-09-19,1195000,1195000,1195000,2026-09-16,3,3,Active,,,0
2582873,205592162,223607261,https://www.redfin.com/WA/Seattle/8529-Midvale-Ave-N-98103/unit-C/home/205592162,8529 Midvale Ave N Unit C Unit C,98103,Townhouse,2026-09-18,2026-09-19,2026-09-19,549950,549950,549950,2026-09-17,2,2,Active,,,0
2582897,161028,223596640,https://www.redfin.com/WA/Seattle/6712-18th-Ave-SW-98106/home/161028,6712 18th Ave SW,98106,Single Family,2026-09-18,2026-09-19,2026-09-19,600000,600000,600000,2026-09-17,2,2,Active,,,0
2582947,306129,223558720,https://www.redfin.com/WA/Seattle/111-NE-63rd-St-98115/home/306129,111 NE 63rd St,98115,Single Family,2026-09-17,2026-09-19,2026-09-19,2900000,2900000,2900000,2026-09-16,3,3,Active,,,0
2582953,147494,223636074,https://www.redfin.com/WA/Seattle/1713-33rd-Ave-98122/home/147494,1713 33rd Ave,98122,Single Family,2026-09-19,2026-09-19,2026-09-19,1500000,1500000,1500000,2026-09-18,1,1,Active,,,0
2582955,98358,223562387,https://www.redfin.com/WA/Seattle/10915-N-Park-Ave-N-98133/home/98358,10915 North Park Ave N,98133,Single Family,2026-09-17,2026-09-19,2026-09-19,724900,724900,724900,2026-09-16,3,3,Active,,,0
2582956,140276,223510512,https://www.redfin.com/WA/Seattle/700-McGilvra-Blvd-E-98112/home/140276,700 McGilvra Blvd E,98112,Single Family,2026-09-16,2026-09-19,2026-09-19,4395000,4395000,4395000,2026-09-15,4,4,Active,,,0
2582974,104468,223599676,https://www.redfin.com/WA/Seattle/8521-Interlake-Ave-N-98103/unit-B/home/104468,8521 Interlake Ave N Unit B Unit B,98103,Townhouse,2026-09-18,2026-09-19,2026-09-19,689000,689000,689000,2026-09-17,2,2,Active,,,0
2582982,149244,223561589,https://www.redfin.com/WA/Seattle/511-28th-Ave-98122/home/149244,511 28th Ave,98122,Single Family,2026-09-17,2026-09-19,2026-09-19,1450000,1450000,1450000,2026-09-16,3,3,Active,,,0
2583023,494759,223513426,https://www.redfin.com/WA/Seattle/939-NW-56th-St-98107/unit-B/home/494759,939 NW 56th St Unit B Unit B,98107,Townhouse,2026-09-16,2026-09-19,2026-09-19,750000,750000,750000,2026-09-15,4,4,Active,,,0
2583037,298963,223601861,https://www.redfin.com/WA/Seattle/311-N-47th-St-98103/home/298963,311 N 47th St,98103,Single Family,2026-09-18,2026-09-19,2026-09-19,1195000,1195000,1195000,2026-09-17,2,2,Active,,,0
2583040,109661976,223536424,https://www.redfin.com/WA/Seattle/3022-4th-Ave-W-98119/home/109661976,3022 4th Ave W,98119,Townhouse,2026-09-17,2026-09-19,2026-09-19,1199000,1199000,1199000,2026-09-16,3,3,Active,,,0
2583047,201410133,223517727,https://www.redfin.com/WA/Seattle/533-N-70th-St-98103/home/201410133,533 N 70th St,98103,Single Family,2026-09-16,2026-09-19,2026-09-19,1099900,1099900,1099900,2026-09-15,4,4,Active,,,0
2583049,202129225,223517780,https://www.redfin.com/WA/Seattle/533-B-N-70th-St-98103/home/202129225,533 B N 70th St,98103,Single Family,2026-09-16,2026-09-19,2026-09-19,724900,724900,724900,2026-09-15,4,4,Active,,,0
2583052,201766755,223519141,https://www.redfin.com/WA/Seattle/535-N-70th-St-98103/home/201766755,535 N 70th St,98103,Single Family,2026-09-16,2026-09-19,2026-09-19,799900,799900,799900,2026-09-15,4,4,Active,,,0
2583072,179104247,223514376,https://www.redfin.com/WA/Seattle/8218-2nd-Ave-NE-98115/unit-B/home/179104247,8218 2nd Ave NE Unit B Unit B,98115,Single Family,2026-09-16,2026-09-19,2026-09-19,698250,698250,698250,2026-09-15,4,4,Active,,,0
2583074,289120,223514792,https://www.redfin.com/WA/Seattle/2652-NW-95th-St-98117/home/289120,2652 B NW 95th St,98117,Single Family,2026-09-16,2026-09-19,2026-09-19,789000,789000,789000,2026-09-15,4,4,Active,,,0
2583082,205350796,223591260,https://www.redfin.com/WA/Seattle/2454-NW-60th-St-98107/home/205350796,2454 NW 60th St,98107,Townhouse,2026-09-18,2026-09-19,2026-09-19,699950,699950,699950,2026-09-17,2,2,Active,,,0
2583084,146248,223578416,https://www.redfin.com/WA/Seattle/3005-E-Union-St-98122/home/146248,3005 E Union St,98122,Single Family,2026-09-18,2026-09-19,2026-09-19,795000,795000,795000,2026-09-17,2,2,Active,,,0
2583090,99720,223590052,https://www.redfin.com/WA/Seattle/730-N-100th-St-98133/home/99720,730 N 100th St,98133,Single Family,2026-09-18,2026-09-19,2026-09-19,650000,650000,650000,2026-09-17,2,2,Active,,,0
2583118,156649,223550202,https://www.redfin.com/WA/Seattle/10411-Maplewood-Pl-SW-98146/home/156649,10411 Maplewood Pl SW,98146,Single Family,2026-09-17,2026-09-19,2026-09-19,4950000,4950000,4950000,2026-09-16,3,3,Active,,,0
2583123,493893,223548718,https://www.redfin.com/WA/Seattle/5503-4th-Ave-NW-98107/home/493893,5503 4th Ave NW,98107,Single Family,2026-09-17,2026-09-19,2026-09-19,1049900,1049900,1049900,2026-09-16,3,3,Active,,,0
2583134,205351006,223589251,https://www.redfin.com/WA/Seattle/6006-26th-Ave-NW-98107/home/205351006,6006 26th Ave NW,98107,Townhouse,2026-09-18,2026-09-19,2026-09-19,649950,649950,649950,2026-09-17,2,2,Active,,,0
2583149,494110,223551751,https://www.redfin.com/WA/Seattle/1145-NW-57th-St-98107/home/494110,1145 NW 57th St,98107,Townhouse,2026-09-17,2026-09-19,2026-09-19,999000,999000,999000,2026-09-16,3,3,Active,,,0
2583150,205570993,223549114,https://www.redfin.com/WA/Seattle/7018-8th-Ave-NE-98115/home/205570993,7018 8th Ave NE,98115,Townhouse,2026-09-17,2026-09-19,2026-09-19,949900,949900,949900,2026-09-16,3,3,Active,,,0
2583165,329383,223546764,https://www.redfin.com/WA/Seattle/3826-Belvidere-Ave-SW-98126/home/329383,3826 Belvidere Ave SW,98126,Single Family,2026-09-17,2026-09-19,2026-09-19,865000,865000,865000,2026-09-16,3,3,Active,,,0
2583171,200269758,223639167,https://www.redfin.com/WA/Seattle/1535-19th-Ave-98122/home/200269758,1535 19th Ave,98122,Townhouse,2026-09-19,2026-09-19,2026-09-19,749950,749950,749950,2026-09-19,,,First Look,,,0
2583181,53305,223571484,https://www.redfin.com/WA/Seattle/3661-Albion-Pl-N-98103/unit-2/home/53305,3661 Albion Pl N #2,98103,Townhouse,2026-09-17,2026-09-19,2026-09-19,710000,710000,710000,2026-09-16,2,2,Active,,,0
2583186,167338,223590335,https://www.redfin.com/WA/Seattle/3301-17th-Ave-S-98144/home/167338,3301 17th Ave S,98144,Single Family,2026-09-18,2026-09-19,2026-09-19,1325000,1325000,1325000,2026-09-17,2,2,Active,,,0
2583188,18659020,223543394,https://www.redfin.com/WA/Seattle/2022-E-Terrace-St-98122/home/18659020,2022 E Terrace St,98122,Townhouse,2026-09-17,2026-09-19,2026-09-19,899950,899950,899950,2026-09-16,3,3,Active,,,0
2583189,205571175,223549839,https://www.redfin.com/WA/Seattle/805-NE-71st-St-98115/home/205571175,805 NE 71st St,98115,Townhouse,2026-09-17,2026-09-19,2026-09-19,879900,879900,879900,2026-09-16,3,3,Active,,,0
2583217,205590173,223603478,https://www.redfin.com/WA/Seattle/9449-5th-Ave-SW-98106/unit-B/home/205590173,9449 5TH Ave SW Unit B Unit B,98106,Single Family,2026-09-18,2026-09-19,2026-09-19,399900,399900,399900,2026-09-18,,,First Look,,,0
2583235,205391402,223552974,https://www.redfin.com/WA/Seattle/2010-McGilvra-Blvd-E-98112/home/205391402,2010 McGilvra Blvd E,98112,Single Family,2026-09-17,2026-09-19,2026-09-19,3695000,3695000,3695000,2026-09-16,3,3,Active,,,0
2583237,304539,223607160,https://www.redfin.com/WA/Seattle/2337-N-61st-St-98103/home/304539,2337 N 61st St,98103,Single Family,2026-09-18,2026-09-19,2026-09-19,2125000,2125000,2125000,2026-09-17,2,2,Active,,,0
2583245,311744,223590046,https://www.redfin.com/WA/Seattle/811-NE-57th-St-98105/home/311744,811 NE 57th St,98105,Single Family,2026-09-18,2026-09-19,2026-09-19,925000,925000,925000,2026-09-17,2,2,Active,,,0
2583264,17090731,223523554,https://www.redfin.com/WA/Seattle/2008-15th-Ave-S-98144/home/17090731,2008 SE 15th Ave South,98144,Townhouse,2026-09-16,2026-09-19,2026-09-19,499999,499999,499999,2026-09-15,4,4,Active,,,0
2583265,101393,223540464,https://www.redfin.com/WA/Seattle/1603-NW-89th-St-98117/home/101393,1603 NW 89th St,98117,Single Family,2026-09-17,2026-09-19,2026-09-19,899950,899950,899950,2026-09-16,3,3,Active,,,0
2583277,170356,223533062,https://www.redfin.com/WA/Seattle/4002-12th-Ave-S-98108/home/170356,4002 12th Ave S,98108,Single Family,2026-09-17,2026-09-19,2026-09-19,993000,993000,993000,2026-09-16,3,3,Active,,,0
2583278,318592,223532609,https://www.redfin.com/WA/Seattle/2534-NE-94th-St-98115/home/318592,2534 NE 94th St,98115,Single Family,2026-09-17,2026-09-19,2026-09-19,1485000,1485000,1485000,2026-09-16,3,3,Active,,,0
2583281,290874,223627397,https://www.redfin.com/WA/Seattle/13220-7th-Ave-NW-98177/home/290874,13220 7th Ave NW,98177,Single Family,2026-09-19,2026-09-19,2026-09-19,1500000,1500000,1500000,2026-09-18,1,1,Active,,,0
2583286,17181916,223595777,https://www.redfin.com/WA/Seattle/3727-S-Holly-Park-Dr-98118/home/17181916,3727 S Holly Park Dr,98118,Townhouse,2026-09-18,2026-09-19,2026-09-19,520000,520000,520000,2026-09-17,2,2,Active,,,0
2583299,300820,223581710,https://www.redfin.com/WA/Seattle/560-N-76th-St-98103/home/300820,560 N 76th St,98103,Single Family,2026-09-18,2026-09-19,2026-09-19,1450000,1450000,1450000,2026-09-17,2,2,Active,,,0
2583300,471986,223538201,https://www.redfin.com/WA/Seattle/7915-34th-Ave-SW-98126/home/471986,7915 34th Ave SW,98126,Single Family,2026-09-17,2026-09-19,2026-09-19,690000,690000,690000,2026-09-16,3,3,Active,,,0
2583308,310390,223614069,https://www.redfin.com/WA/Seattle/8225-22nd-Pl-NE-98115/home/310390,8225 22nd Pl NE,98115,Single Family,2026-09-18,2026-09-19,2026-09-19,999900,999900,999900,2026-09-17,2,2,Active,,,0
2583310,307437,223597413,https://www.redfin.com/WA/Seattle/7426-Keen-Way-N-98103/home/307437,7426 Keen Way N,98103,Single Family,2026-09-18,2026-09-19,2026-09-19,1349950,1349950,1349950,2026-09-17,2,2,Active,,,0
2583348,205576177,223564006,https://www.redfin.com/WA/Seattle/3410-W-Ruffner-St-98199/home/205576177,3410 w Ruffner St,98199,Single Family,2026-09-17,2026-09-19,2026-09-19,2399999,2399999,2399999,2026-09-16,3,3,Active,,,0
2583360,320438,223596291,https://www.redfin.com/WA/Seattle/4530-NE-55th-St-98105/home/320438,4530 NE 55th St,98105,Single Family,2026-09-18,2026-09-19,2026-09-19,2565000,2565000,2565000,2026-09-17,2,2,Active,,,0
2583365,123336,223580773,https://www.redfin.com/WA/Seattle/4626-33rd-Ave-W-98199/home/123336,4626 33rd Ave W,98199,Single Family,2026-09-18,2026-09-19,2026-09-19,1100000,1100000,1100000,2026-09-17,2,2,Active,,,0
2583373,162212732,223559080,https://www.redfin.com/WA/Seattle/4224-6th-Ave-NW-98107/home/162212732,4224 6th Ave NW,98107,Single Family,2026-09-17,2026-09-19,2026-09-19,1000000,1000000,1000000,2026-09-16,3,3,Active,,,0
2583381,145709597,223542649,https://www.redfin.com/WA/Seattle/1339-15th-Ave-S-98144/home/145709597,1339 15th Ave S,98144,Townhouse,2026-09-17,2026-09-19,2026-09-19,565000,565000,565000,2026-09-16,3,3,Active,,,0
2583391,205603943,223657505,https://www.redfin.com/WA/Seattle/3646A-Greenwood-Ave-N-98103/home/205603943,3646 B Greenwood Ave N,98103,Townhouse,2026-09-19,2026-09-19,2026-09-19,899950,899950,899950,2026-09-18,1,1,Active,,,0
2583399,134902,223606735,https://www.redfin.com/WA/Seattle/2320-Nob-Hill-Ave-N-98109/home/134902,2320 Nob Hill Ave N,98109,Single Family,2026-09-18,2026-09-19,2026-09-19,1950000,1950000,1950000,2026-09-17,2,2,Active,,,0
2583414,205572613,223551647,https://www.redfin.com/WA/Seattle/9014-4th-Ave-NW-98117/home/205572613,9014 4th Ave NW,98117,Single Family,2026-09-17,2026-09-19,2026-09-19,1089000,1089000,1089000,2026-09-16,3,3,Active,,,0
2583439,185896672,223607260,https://www.redfin.com/WA/Seattle/6016-California-Ave-SW-98136/unit-D/home/185896672,6016 California Ave SW Unit D Unit D,98136,Townhouse,2026-09-18,2026-09-19,2026-09-19,715000,715000,715000,2026-09-17,2,2,Active,,,0
2583453,149272,223590276,https://www.redfin.com/WA/Seattle/201-28th-Ave-98122/home/149272,201 28th Ave,98122,Single Family,2026-09-18,2026-09-19,2026-09-19,990000,990000,990000,2026-09-17,2,2,Active,,,0
2583480,135353,223561878,https://www.redfin.com/WA/Seattle/1239-20th-Ave-E-98112/home/135353,1239 20th Ave E,98112,Single Family,2026-09-17,2026-09-19,2026-09-19,3250000,3250000,3250000,2026-09-16,3,3,Active,,,0
2583498,150760,223554491,https://www.redfin.com/WA/Seattle/1718-Palm-Ave-SW-98116/home/150760,1718 Palm Ave SW,98116,Single Family,2026-09-17,2026-09-19,2026-09-19,3100000,3100000,3100000,2026-09-16,3,3,Active,,,0
2583500,22441632,223646059,https://www.redfin.com/WA/Seattle/6015-53rd-Ave-NE-98115/home/22441632,6015 53rd Ave NE,98115,Single Family,2026-09-19,2026-09-19,2026-09-19,2448000,2448000,2448000,2026-09-18,1,1,Active,,,0
2583501,134414,223644037,https://www.redfin.com/WA/Seattle/463-Lynn-St-98109/home/134414,463 Lynn St,98109,Single Family,2026-09-19,2026-09-19,2026-09-19,2475000,2475000,2475000,2026-09-18,1,1,Active,,,0
2583526,174803166,223557754,https://www.redfin.com/WA/Seattle/8530-13th-Ave-NW-98117/unit-B/home/174803166,8530 13th Ave NW Unit B Unit B,98117,Townhouse,2026-09-17,2026-09-19,2026-09-19,840750,840750,840750,2026-09-16,3,3,Active,,,0
2583533,496773,223583401,https://www.redfin.com/WA/Seattle/6527-12th-Ave-NW-98117/home/496773,6527 12th Ave NW,98117,Single Family,2026-09-18,2026-09-19,2026-09-19,1050000,1050000,1050000,2026-09-17,2,2,Active,,,0
2583543,162423,223567156,https://www.redfin.com/WA/Seattle/3254-NW-Market-St-98107/home/162423,3254 NW Market St,98107,Single Family,2026-09-17,2026-09-19,2026-09-19,1349950,1349950,1349950,2026-09-16,3,3,Active,,,0
2583549,52329586,223613677,https://www.redfin.com/WA/Seattle/3423-Beacon-Ave-S-98144/home/52329586,3423 Beacon Ave S,98144,Townhouse,2026-09-18,2026-09-19,2026-09-19,575000,575000,575000,2026-09-17,2,2,Active,,,0
2583595,314841,223568250,https://www.redfin.com/WA/Seattle/8800-Ravenna-Ave-NE-98115/home/314841,8800 Ravenna Ave NE,98115,Single Family,2026-09-17,2026-09-19,2026-09-19,850000,850000,850000,2026-09-16,3,3,Active,,,0
2583631,480027,223581116,https://www.redfin.com/WA/Seattle/9338-39th-Ave-S-98118/home/480027,9338 39th Ave S,98118,Single Family,2026-09-18,2026-09-19,2026-09-19,699000,699000,699000,2026-09-17,2,2,Active,,,0
2583632,308063,223583777,https://www.redfin.com/WA/Seattle/6211-12th-Ave-NE-98115/home/308063,6211 12th Ave NE,98115,Townhouse,2026-09-18,2026-09-19,2026-09-19,1049000,1049000,1049000,2026-09-17,2,2,Active,,,0
2583661,21617,223559168,https://www.redfin.com/WA/Seattle/3648-Francis-Ave-N-98103/unit-D/home/21617,3648 Francis Ave N Unit D Unit D,98103,Townhouse,2026-09-17,2026-09-19,2026-09-19,629500,629500,629500,2026-09-16,3,3,Active,,,0
2583669,135234,223559581,https://www.redfin.com/WA/Seattle/1215-E-Lynn-St-98102/home/135234,1215 E Lynn St,98012,Single Family,2026-09-17,2026-09-19,2026-09-19,3695000,3695000,3695000,2026-09-16,3,3,Active,,,0
2583687,133873,223561986,https://www.redfin.com/WA/Seattle/1215-Warren-Ave-N-98109/home/133873,1215 Warren Ave N,98109,Single Family,2026-09-17,2026-09-19,2026-09-19,6595000,6595000,6595000,2026-09-16,3,3,Active,,,0
2583708,473507,223566854,https://www.redfin.com/WA/Seattle/7957-30th-Ave-SW-98126/home/473507,7957 30th Ave SW,98126,Single Family,2026-09-17,2026-09-19,2026-09-19,849900,849900,849900,2026-09-16,3,3,Active,,,0
2583737,118529,223606963,https://www.redfin.com/WA/Seattle/4743-5th-Ave-NE-98105/home/118529,4743 5th Ave NE,98105,Single Family,2026-09-18,2026-09-19,2026-09-19,675000,675000,675000,2026-09-17,2,2,Active,,,0
2583750,159569,223633769,https://www.redfin.com/WA/Seattle/6542-24th-Ave-SW-98106/home/159569,6542 24th Ave SW,98106,Single Family,2026-09-19,2026-09-19,2026-09-19,650000,650000,650000,2026-09-18,1,1,Active,,,0
2583769,45464378,223639318,https://www.redfin.com/WA/Seattle/3627-Gilman-Ave-W-98199/home/45464378,3627 Gilman Ave W,98199,Townhouse,2026-09-19,2026-09-19,2026-09-19,724950,724950,724950,2026-09-18,1,1,Active,,,0
2583770,201106368,223598572,https://www.redfin.com/WA/Seattle/1138-NW-57th-St-98107/home/201106368,1138 A NW 57th St,98107,Townhouse,2026-09-18,2026-09-19,2026-09-19,699950,699950,699950,2026-09-17,2,2,Active,,,0
2583792,312853,223600851,https://www.redfin.com/WA/Seattle/6241-28th-Ave-NE-98115/home/312853,6241 28th Ave NE,98115,Single Family,2026-09-18,2026-09-19,2026-09-19,1125000,1125000,1125000,2026-09-17,2,2,Active,,,0
2583814,307442,223627041,https://www.redfin.com/WA/Seattle/8055-Corliss-Ave-N-98103/home/307442,8055 Corliss Ave N,98103,Single Family,2026-09-19,2026-09-19,2026-09-19,1149000,1149000,1149000,2026-09-19,,,First Look,,,0
2583824,205577019,223566078,https://www.redfin.com/WA/Seattle/8039-Wallingford-Ave-N-98103/unit-C/home/205577019,8039 Wallingford Ave N Unit C Unit C,98103,Single Family,2026-09-17,2026-09-19,2026-09-19,799950,799950,799950,2026-09-17,,,First Look,,,0
2583827,154409,223608706,https://www.redfin.com/WA/Seattle/5245-45th-Ave-SW-98136/home/154409,5245 45th Ave SW,98136,Single Family,2026-09-18,2026-09-19,2026-09-19,1275000,1275000,1275000,2026-09-17,2,2,Active,,,0
2583844,205590457,223604062,https://www.redfin.com/WA/Seattle/10331B-Ashworth-Ave-N-98133/home/205590457,10331 B Ashworth Ave N,98133,Townhouse,2026-09-18,2026-09-19,2026-09-19,699995,699995,699995,2026-09-18,,,First Look,,,0
2583864,290482,223580864,https://www.redfin.com/WA/Seattle/7216-33rd-Ave-NW-98117/home/290482,7216 33rd Ave NW,98117,Single Family,2026-09-18,2026-09-19,2026-09-19,1575000,1575000,1575000,2026-09-17,2,2,Active,,,0
2583891,40518817,223580506,https://www.redfin.com/WA/Seattle/6534-42nd-Ave-SW-98136/unit-B/home/40518817,6534 42nd Ave SW Unit B Unit B,98136,Townhouse,2026-09-18,2026-09-19,2026-09-19,925000,925000,925000,2026-09-17,2,2,Active,,,0
2583897,25674558,223615155,https://www.redfin.com/WA/Seattle/1458-NW-95th-St-98117/home/25674558,1458 NW 95th St,98117,Single Family,2026-09-18,2026-09-19,2026-09-19,1599950,1599950,1599950,2026-09-17,2,2,Active,,,0
2583901,493639,223616600,https://www.redfin.com/WA/Seattle/2013-NW-64th-St-98107/home/493639,2013 A NW 64th St,98017,Single Family,2026-09-18,2026-09-19,2026-09-19,1025950,1025950,1025950,2026-09-17,2,2,Active,,,0
2583905,475340,223592332,https://www.redfin.com/WA/Seattle/8627-9th-Ave-SW-98106/home/475340,8627 9th Ave SW,98106,Single Family,2026-09-18,2026-09-19,2026-09-19,575000,575000,575000,2026-09-17,2,2,Active,,,0
2583919,141017,223576755,https://www.redfin.com/WA/Seattle/1107-Lake-Washington-Blvd-S-98144/home/141017,1107 Lake Washington Blvd S,98144,Single Family,2026-09-17,2026-09-19,2026-09-19,999900,999900,999900,2026-09-17,,,First Look,,,0
2583935,317007,223580603,https://www.redfin.com/WA/Seattle/8044-38th-Ave-NE-98115/home/317007,8044 38th Ave NE,98115,Single Family,2026-09-18,2026-09-19,2026-09-19,1195000,1195000,1195000,2026-09-17,2,2,Active,,,0
2583936,201633117,223640757,https://www.redfin.com/WA/Seattle/3310-59th-Ave-SW-98116/unit-A/home/201633117,3310 59th Ave SW Unit A Unit A,98116,Townhouse,2026-09-19,2026-09-19,2026-09-19,2224000,2224000,2224000,2026-09-18,1,1,Active,,,0
2583937,143548,223588695,https://www.redfin.com/WA/Seattle/1403-E-Alder-St-98122/home/143548,1403 E Alder St,98122,Single Family,2026-09-18,2026-09-19,2026-09-19,499000,499000,499000,2026-09-17,2,2,Active,,,0
2583938,109908,223582041,https://www.redfin.com/WA/Seattle/9219-5th-Ave-NE-98115/home/109908,9219 5th Ave NE,98115,Single Family,2026-09-18,2026-09-19,2026-09-19,840000,840000,840000,2026-09-17,2,2,Active,,,0
2583978,169941589,223626791,https://www.redfin.com/WA/Seattle/4608-Evanston-Ave-N-98103/home/169941589,4608 Evanston Ave N,98103,Townhouse,2026-09-19,2026-09-19,2026-09-19,679950,679950,679950,2026-09-18,1,1,Active,,,0
2583985,181288339,223587592,https://www.redfin.com/WA/Seattle/10240-40th-Ave-SW-98146/unit-A/home/181288339,10240 40th Ave SW Unit A Unit A,98146,Single Family,2026-09-18,2026-09-19,2026-09-19,990000,990000,990000,2026-09-17,2,2,Active,,,0
2583992,202140912,223606132,https://www.redfin.com/WA/Seattle/4353-SW-Willow-St-98136/home/202140912,4353 SW Willow St,98136,Townhouse,2026-09-18,2026-09-19,2026-09-19,799000,799000,799000,2026-09-17,2,2,Active,,,0
2584003,12304222,223634098,https://www.redfin.com/WA/Seattle/7755-35th-Ave-NE-98115/home/12304222,7755 35th Ave NE,98115,Single Family,2026-09-19,2026-09-19,2026-09-19,1399000,1399000,1399000,2026-09-18,1,1,Active,,,0
2584004,307324,223649475,https://www.redfin.com/WA/Seattle/7812-Stone-Ave-N-98103/home/307324,7812 Stone Ave N,98103,Single Family,2026-09-19,2026-09-19,2026-09-19,1050000,1050000,1050000,2026-09-18,1,1,Active,,,0
2584017,137443,223658516,https://www.redfin.com/WA/Seattle/916-Harvard-Ave-E-98102/home/137443,916 Harvard Ave E,98102,Single Family,2026-09-19,2026-09-19,2026-09-19,1630000,1630000,1630000,2026-09-18,1,1,Active,,,0
2584027,125520,223639321,https://www.redfin.com/WA/Seattle/2555-Magnolia-Blvd-W-98199/home/125520,2555 Magnolia Blvd W,98199,Single Family,2026-09-19,2026-09-19,2026-09-19,4168000,4168000,4168000,2026-09-18,1,1,Active,,,0
2584046,122415,223631856,https://www.redfin.com/WA/Seattle/4706-48th-Ave-NE-98105/home/122415,4706 48th Ave NE,98105,Single Family,2026-09-19,2026-09-19,2026-09-19,1550000,1550000,1550000,2026-09-18,1,1,Active,,,0
2584082,112863359,223605758,https://www.redfin.com/WA/Seattle/3817-Gilman-Ave-W-98199/home/112863359,3817 Gilman Ave W,98199,Townhouse,2026-09-18,2026-09-19,2026-09-19,749000,749000,749000,2026-09-17,2,2,Active,,,0
2584103,2072899,223613024,https://www.redfin.com/WA/Seattle/2604-E-Ward-St-98112/home/2072899,2604 E Ward St,98112,Single Family,2026-09-18,2026-09-19,2026-09-19,2375000,2375000,2375000,2026-09-18,1,1,Active,,,0
2584124,202306472,223595767,https://www.redfin.com/WA/Seattle/4432-Dayton-Ave-N-98103/home/202306472,4432 Dayton Ave N,98103,Single Family,2026-09-18,2026-09-19,2026-09-19,929950,929950,929950,2026-09-17,2,2,Active,,,0
2584135,202673362,223595765,https://www.redfin.com/WA/Seattle/4430-Dayton-Ave-N-98103/home/202673362,4430 Dayton Ave N,98103,Single Family,2026-09-18,2026-09-19,2026-09-19,889950,889950,889950,2026-09-17,2,2,Active,,,0
2584154,96407,223619693,https://www.redfin.com/WA/Seattle/12009-Palatine-Ave-N-98133/home/96407,12009 Palatine Ave N,98133,Single Family,2026-09-18,2026-09-19,2026-09-19,1935000,1935000,1935000,2026-09-17,1,1,Active,,,0
2584158,288595,223606135,https://www.redfin.com/WA/Seattle/10515-12th-Ave-NW-98177/home/288595,10515 12th Ave NW,98177,Single Family,2026-09-18,2026-09-19,2026-09-19,1195000,1195000,1195000,2026-09-17,2,2,Active,,,0
2584193,130264,223611020,https://www.redfin.com/WA/Seattle/3243-13th-Ave-W-98119/home/130264,3243 13th Ave W,98119,Single Family,2026-09-18,2026-09-19,2026-09-19,2548000,2548000,2548000,2026-09-17,2,2,Active,,,0
2584234,195913264,223604255,https://www.redfin.com/WA/Seattle/4413-2nd-Ave-NE-98105/home/195913264,4413 2nd Ave NE,98105,Townhouse,2026-09-18,2026-09-19,2026-09-19,1695000,1695000,1695000,2026-09-17,2,2,Active,,,0
2584243,205592200,223607391,https://www.redfin.com/WA/Seattle/104-A-19th-Ave-E-98112/home/205592200,104 -A 19th E,98112,Townhouse,2026-09-18,2026-09-19,2026-09-19,1150000,1150000,1150000,2026-09-17,1,1,Active,,,0
2584247,303827,223643265,https://www.redfin.com/WA/Seattle/314-NW-44th-St-98107/home/303827,314 NW 44th St,98107,Single Family,2026-09-19,2026-09-19,2026-09-19,939999,939999,939999,2026-09-18,1,1,Active,,,0
2584256,166130,223613155,https://www.redfin.com/WA/Seattle/6702-20th-Ave-NW-98117/home/166130,6702 20th Ave NW,98117,Single Family,2026-09-18,2026-09-19,2026-09-19,1650000,1650000,1650000,2026-09-17,2,2,Active,,,0
2584257,22459840,223640777,https://www.redfin.com/WA/Seattle/8018-45th-Ave-SW-98136/home/22459840,8018 45th Ave SW,98136,Single Family,2026-09-19,2026-09-19,2026-09-19,2395000,2395000,2395000,2026-09-19,,,First Look,,,0
2584270,288180,223608268,https://www.redfin.com/WA/Seattle/899-NW-Elford-Dr-98177/home/288180,899 NW Elford Dr,98177,Single Family,2026-09-18,2026-09-19,2026-09-19,2188000,2188000,2188000,2026-09-17,2,2,Active,,,0
2584271,205585651,223605570,https://www.redfin.com/WA/Seattle/4415-2nd-Ave-NE-98105/unit-A/home/205585651,4415 2nd Ave NE Unit A Unit A,98105,Townhouse,2026-09-18,2026-09-19,2026-09-19,789000,789000,789000,2026-09-17,2,2,Active,,,0
2584303,202706993,223610850,https://www.redfin.com/WA/Seattle/9242-Dayton-Ave-N-98103/unit-A/home/202706993,9242 Dayton Ave N Unit A Unit A,98103,Single Family,2026-09-18,2026-09-19,2026-09-19,895000,895000,895000,2026-09-17,2,2,Active,,,0
2584315,202707004,223610851,https://www.redfin.com/WA/Seattle/9242-Dayton-Ave-N-98103/unit-B/home/202707004,9242 Dayton Ave N Unit B Unit B,98103,Single Family,2026-09-18,2026-09-19,2026-09-19,895000,895000,895000,2026-09-17,2,2,Active,,,0
2584323,130157,223646280,https://www.redfin.com/WA/Seattle/3426-12th-Ave-W-98119/home/130157,3426 12th Ave W,98119,Single Family,2026-09-19,2026-09-19,2026-09-19,1395000,1395000,1395000,2026-09-19,,,First Look,,,0
2584339,202706946,223609750,https://www.redfin.com/WA/Seattle/9240-Dayton-Ave-N-98103/home/202706946,9240 Dayton Ave N,98103,Single Family,2026-09-18,2026-09-19,2026-09-19,925000,925000,925000,2026-09-17,2,2,Active,,,0
2584346,96878,223646278,https://www.redfin.com/WA/Seattle/11704-Palatine-Ave-N-98133/home/96878,11704 Palatine Ave N,98133,Single Family,2026-09-19,2026-09-19,2026-09-19,1450000,1450000,1450000,2026-09-18,1,1,Active,,,0
2584351,177720783,223640736,https://www.redfin.com/WA/Seattle/3310-59th-Ave-SW-98116/unit-B/home/177720783,3310 59th Ave SW Unit A & B Unit A & B,98116,Townhouse,2026-09-19,2026-09-19,2026-09-19,2975000,2975000,2975000,2026-09-18,1,1,Active,,,0
2584355,179720827,223609211,https://www.redfin.com/WA/Seattle/2628-NW-57th-St-98107/home/179720827,2628 B 57th St,98107,Townhouse,2026-09-18,2026-09-19,2026-09-19,789900,789900,789900,2026-09-17,2,2,Active,,,0
2584390,103835,223610627,https://www.redfin.com/WA/Seattle/12521-2nd-Ave-NE-98125/home/103835,12521 2nd Ave NE,98125,Single Family,2026-09-18,2026-09-19,2026-09-19,855000,855000,855000,2026-09-17,2,2,Active,,,0
2584392,199486169,223615074,https://www.redfin.com/WA/Seattle/530-W-Barrett-St-98119/home/199486169,530 W Barrett St,98109,Townhouse,2026-09-18,2026-09-19,2026-09-19,1099900,1099900,1099900,2026-09-17,2,2,Active,,,0
2584398,471467,223614852,https://www.redfin.com/WA/Seattle/5021-36th-Ave-SW-98126/home/471467,5021 36th Ave SW,98126,Single Family,2026-09-18,2026-09-19,2026-09-19,649950,649950,649950,2026-09-17,2,2,Active,,,0
2584405,148308,223619430,https://www.redfin.com/WA/Seattle/1423-33rd-Ave-98122/home/148308,1423 33rd Ave,98122,Single Family,2026-09-18,2026-09-19,2026-09-19,1250000,1250000,1250000,2026-09-17,1,1,Active,,,0
2584415,496414,223660896,https://www.redfin.com/WA/Seattle/7209-2nd-Ave-NW-98117/home/496414,7209 2nd Ave NW,98117,Single Family,2026-09-19,2026-09-19,2026-09-19,1295000,1295000,1295000,2026-09-18,1,1,Active,,,0
2584425,204417127,223631948,https://www.redfin.com/WA/Seattle/5718-NE-65th-St-98115/home/204417127,5718 NE 65th St,98115,Townhouse,2026-09-19,2026-09-19,2026-09-19,799450,799450,799450,2026-09-18,1,1,Active,,,0
2584479,154818,223615872,https://www.redfin.com/WA/Seattle/10030-37th-Ave-SW-98146/home/154818,10030 37th Ave SW,98146,Single Family,2026-09-19,2026-09-19,2026-09-19,1083000,1083000,1083000,2026-09-17,2,2,Active,,,0
2584517,468643,223647639,https://www.redfin.com/WA/Seattle/3610-SW-Kenyon-St-98126/home/468643,3610 SW Kenyon St,98126,Single Family,2026-09-19,2026-09-19,2026-09-19,750000,750000,750000,2026-09-18,1,1,Active,,,0
2584528,171049,223635353,https://www.redfin.com/WA/Seattle/1718-25th-Ave-S-98144/home/171049,1718 25th Ave S,98144,Single Family,2026-09-19,2026-09-19,2026-09-19,895000,895000,895000,2026-09-18,1,1,Active,,,0
2584531,171916754,223628064,https://www.redfin.com/WA/Seattle/1708-NW-63rd-St-98107/home/171916754,1708 NW 63rd St,98107,Townhouse,2026-09-19,2026-09-19,2026-09-19,825000,825000,825000,2026-09-19,,,First Look,,,0
2584546,205598854,223631858,https://www.redfin.com/WA/Seattle/1220-N-137th-St-98133/unit-3/home/205598854,1220 N 137th St #3,98133,Townhouse,2026-09-19,2026-09-19,2026-09-19,469950,469950,469950,2026-09-18,1,1,Active,,,0
2584587,157145,223645131,https://www.redfin.com/WA/Seattle/7602-44th-Ave-SW-98136/home/157145,7602 44th Ave SW,98136,Single Family,2026-09-19,2026-09-19,2026-09-19,2250000,2250000,2250000,2026-09-18,1,1,Active,,,0
2584593,205599189,223633474,https://www.redfin.com/WA/Seattle/13321-3rd-Ave-NE-98125/unit-D/home/205599189,13321 Third Ave NE Unit D Unit D,98125,Single Family,2026-09-19,2026-09-19,2026-09-19,799000,799000,799000,2026-09-18,1,1,Active,,,0
2584595,162063,223634091,https://www.redfin.com/WA/Seattle/3609-NW-62nd-St-98107/home/162063,3609 NW 62nd St,98107,Single Family,2026-09-19,2026-09-19,2026-09-19,2998950,2998950,2998950,2026-09-18,1,1,Active,,,0
2584622,306503,223637635,https://www.redfin.com/WA/Seattle/7717-2nd-Ave-NE-98115/home/306503,7717 2nd Ave NE,98115,Single Family,2026-09-19,2026-09-19,2026-09-19,1799950,1799950,1799950,2026-09-18,1,1,Active,,,0
2584650,147149,223642636,https://www.redfin.com/WA/Seattle/906-29th-Ave-98122/home/147149,906 29th Ave,98122,Single Family,2026-09-19,2026-09-19,2026-09-19,1225000,1225000,1225000,2026-09-18,1,1,Active,,,0
2584659,205600582,223641582,https://www.redfin.com/WA/Seattle/2731-50th-Ave-SW-98116/home/205600582,2731 50th Ave SW,98116,Single Family,2026-09-19,2026-09-19,2026-09-19,1849000,1849000,1849000,2026-09-18,1,1,Active,,,0
2584663,482238,223639740,https://www.redfin.com/WA/Seattle/5402-20th-Ave-S-98108/home/482238,5402 20th Ave S,98108,Townhouse,2026-09-19,2026-09-19,2026-09-19,926000,926000,926000,2026-09-18,1,1,Active,,,0
2584702,315971,223655648,https://www.redfin.com/WA/Seattle/4234-NE-89th-St-98115/home/315971,4234 NE 89th St,98115,Single Family,2026-09-19,2026-09-19,2026-09-19,1595000,1595000,1595000,2026-09-18,1,1,Active,,,0
2584772,185913642,223662310,https://www.redfin.com/WA/Seattle/414-NE-73rd-St-98115/home/185913642,414 NE 73rd St,98115,Townhouse,2026-09-19,2026-09-19,2026-09-19,1150000,1150000,1150000,2026-09-18,1,1,Active,,,0
2584775,163822,223663777,https://www.redfin.com/WA/Seattle/6558-16th-Ave-NW-98117/home/163822,6558 16th Ave NW,98117,Single Family,2026-09-19,2026-09-19,2026-09-19,935000,935000,935000,2026-09-18,1,1,Active,,,0
2584808,498154,223653418,https://www.redfin.com/WA/Seattle/1303-NW-80th-St-98117/home/498154,1303 NW 80th St,98117,Single Family,2026-09-19,2026-09-19,2026-09-19,875000,875000,875000,2026-09-18,1,1,Active,,,0
2584947,119680,223660858,https://www.redfin.com/WA/Seattle/3831-Bagley-Ave-N-98103/home/119680,3831 Bagley Ave N,98103,Single Family,2026-09-19,2026-09-19,2026-09-19,825000,825000,825000,2026-09-18,1,1,Active,,,0
430C3159342B,193045191,194396042,https://www.redfin.com/WA/Seattle/Seattle/822-NW-52nd-St/home/193045191,822 NW 52nd St Plan,98107,Townhouse,2026-06-08,2026-09-19,2026-09-19,829000,829000,829000,2024-10-11,708,708,Active,,,0
52A2DA4B21E6,127522,216088397,https://www.redfin.com/WA/Seattle/3633-40th-Ave-W-98199/home/127522,3633 40th Ave W,98199,Single Family,2026-06-08,2026-09-19,2026-09-19,2613200,2613200,2613200,2026-05-27,115,115,Active,,,0
5D7A8B0C9DC0,164309,215409929,https://www.redfin.com/WA/Seattle/3027-NW-72nd-St-98117/home/164309,3027 NW 72nd St,98117,Single Family,2026-06-08,2026-09-19,2026-09-19,2541250,2541250,2541250,2026-05-15,127,127,Active,,,0
6BE365E4B332,316734,221199341,https://www.redfin.com/WA/Seattle/7516-32nd-Ave-NE-98115/home/316734,7516 32nd Ave NE,98115,Single Family,2026-07-24,2026-09-19,2026-09-19,2389250,2389250,2389250,2026-07-23,58,58,Active,,,0
7B9EC7F272BA,163865,213473131,https://www.redfin.com/WA/Seattle/7533-Earl-Ave-NW-98117/home/163865,7533 Earl Ave NW,98117,Single Family,2026-06-08,2026-09-19,2026-09-19,2232500,2232500,2232500,2026-03-29,174,174,Active,,,0
8545367FDFD1,201261809,213925108,https://www.redfin.com/WA/Seattle/Seattle/2019-Elm/home/201261809,2019 Elm Plan,98199,Townhouse,2026-06-08,2026-09-19,2026-09-19,919950,919950,919950,2026-04-10,162,162,Active,,,0
A3F7E97083E3,139913,212809167,https://www.redfin.com/WA/Seattle/2327-41st-Ave-E-98112/home/139913,2327 41st Ave E,98112,Single Family,2026-08-22,2026-09-19,2026-09-19,3116000,3116000,3116000,2026-08-07,43,43,Active,,,0
EBE21D307303,201263337,213936061,https://www.redfin.com/WA/Seattle/Seattle/2017-Elm/home/201263337,2017 Elm Plan,98199,Townhouse,2026-06-08,2026-09-19,2026-09-19,964000,964000,964000,2026-04-10,162,162,Active,,,0
11567942,,222842162,,3831 Bagley Ave N,98103,Single Family,2026-08-25,2026-09-18,2026-09-18,869000,869000,869000,2026-08-24,24,24,Active,,,0
2187177800431890113,,223182156,,4705 Evanston Ave N,98103,Townhouse,2026-09-05,2026-09-18,2026-09-18,750000,750000,750000,2026-09-04,14,14,Active,,,0
2190220870148319265,,223271238,,1425 Broadmoor Dr E,98112,Single Family,2026-09-09,2026-09-18,2026-09-18,2395000,2395000,2395000,2026-09-08,10,10,Active,,,0
2504558,,214529277,,3310 59th Ave SW Unit A Unit A,98116,Single Family,2026-06-08,2026-09-18,2026-09-18,2700000,2474000,2474000,2026-04-29,142,142,Active,2026-08-07,2026-07-16,2
2514741,,214557980,,2612 E Yesler Way,98122,Townhouse,2026-06-08,2026-09-18,2026-09-18,699950,679000,679000,2026-04-30,141,141,Active,2026-07-05,2026-07-05,1
2515839,,214668594,,4411 Meridian Ave N,98103,Townhouse,2026-06-08,2026-09-18,2026-09-18,1050000,990000,990000,2026-05-02,139,139,Active,2026-08-25,2026-06-18,2
2516661,,214654217,,608 39th Ave E,98112,Single Family,2026-06-08,2026-09-18,2026-09-18,15950000,15950000,15950000,2026-05-01,140,140,Active,,,0
2533113,,216573204,,9236 Interlake Ave N Unit B Unit B,98103,Townhouse,2026-06-08,2026-09-18,2026-09-18,645000,599950,599950,2026-06-05,105,105,Active,2026-08-20,2026-06-18,2
2542232,,220561451,,9130 45th Ave SW Unit B Unit B,98136,Townhouse,2026-07-13,2026-09-18,2026-09-18,648000,648000,648000,2026-07-09,72,72,Active,,,0
2543232,,217223043,,9440 35th Ave SW,98126,Single Family,2026-07-05,2026-09-18,2026-09-18,749950,724950,724950,2026-06-25,85,85,Active,2026-07-25,2026-07-25,1
2543858,,217210021,,3310 59th Ave SW Unit A & B Unit A & B,98116,Single Family,2026-07-05,2026-09-18,2026-09-18,3350000,3225000,3225000,2026-06-25,85,85,Active,2026-08-07,2026-08-07,1
2559698,,221276813,,360 W Ewing St Unit D-11 Unit D-11,98119,Single Family,2026-07-25,2026-09-18,2026-09-18,675000,675000,675000,2026-07-24,56,56,Active,,,0
2563390,,222604424,,906 29th Ave,98122,Single Family,2026-08-20,2026-09-18,2026-09-18,1290000,1290000,1290000,2026-08-19,30,30,Active,,,0
2564068,,222114403,,2555 Magnolia Blvd W,98199,Single Family,2026-08-08,2026-09-18,2026-09-18,4388000,4388000,4388000,2026-08-07,42,42,Active,,,0
2565170,,222012913,,4329 5th Ave NE,98105,Single Family,2026-08-06,2026-09-18,2026-09-18,839950,839950,839950,2026-08-05,44,44,Active,,,0
2569453,,223405068,,6714 36th Ave SW,98126,Single Family,2026-09-12,2026-09-18,2026-09-18,1249998,1249998,1249998,2026-09-11,0,0,Active,,,0
2570792,,222558180,,633 13th Ave E,98102,Townhouse,2026-08-19,2026-09-18,2026-09-18,749900,749900,749900,2026-08-18,31,31,Active,,,0
2571765,,222693245,,7717 2nd Ave NE,98115,Single Family,2026-08-21,2026-09-18,2026-09-18,1895000,1895000,1895000,2026-08-20,29,29,Active,,,0
2572062,,222685302,,13240 3rd Ave NW,98177,Single Family,2026-08-21,2026-09-18,2026-09-18,875000,875000,875000,2026-08-20,29,29,Active,,,0
2573883,,223283286,,919 20th Ave S,98144,Single Family,2026-09-11,2026-09-18,2026-09-18,720000,720000,720000,2026-09-09,9,9,Active,,,0
2574487,,222909362,,4919 Meridian Ave N,98103,Townhouse,2026-08-27,2026-09-18,2026-09-18,700000,700000,700000,2026-08-26,22,22,Active,,,0
2574886,,222936680,,5024 29th Ave S,98108,Single Family,2026-08-28,2026-09-18,2026-09-18,775000,725000,725000,2026-08-27,22,22,Active,2026-09-02,2026-09-02,1
2575254,,222945415,,123 N 136th St,98133,Single Family,2026-08-28,2026-09-18,2026-09-18,899500,899500,899500,2026-08-27,22,22,Active,,,0
2575688,,223598879,,2327 N 140th St,98133,Single Family,2026-09-18,2026-09-18,2026-09-18,750000,750000,750000,2026-09-17,1,1,Active,,,0
2579803,,223373240,,1921 41st Ave SW,98116,Single Family,2026-09-11,2026-09-18,2026-09-18,999950,999950,999950,2026-09-10,7,7,Active,,,0
2580278,,223406649,,3829 Ashworth Ave N Unit B Unit B,98103,Single Family,2026-09-12,2026-09-18,2026-09-18,1015000,1015000,1015000,2026-09-11,7,7,Active,,,0
2581280,,223406109,,7720 36th Ave SW,98126,Single Family,2026-09-12,2026-09-18,2026-09-18,925000,925000,925000,2026-09-11,7,7,Active,,,0
2581799,,223515219,,6048 28th Ave NE,98115,Single Family,2026-09-16,2026-09-18,2026-09-18,1295000,1295000,1295000,2026-09-15,3,3,Active,,,0
2582411,,223466495,,621 34th Ave E,98112,Single Family,2026-09-15,2026-09-18,2026-09-18,2949000,2949000,2949000,2026-09-15,1,1,Active,,,0
2582782,,223565441,,529 McGilvra Blvd E,98112,Single Family,2026-09-17,2026-09-18,2026-09-18,2495000,2495000,2495000,2026-09-16,2,2,Active,,,0
2583211,,223543849,,5751 36th Ave NE,98105,Single Family,2026-09-17,2026-09-18,2026-09-18,3150000,3150000,3150000,2026-09-16,2,2,Active,,,0
2583994,,223609682,,5402 20th Ave S,98108,Single Family,2026-09-18,2026-09-18,2026-09-18,926000,926000,926000,2026-09-17,1,1,Active,,,0
2584480,,223615948,,10030 37th Ave SW,98146,Single Family,2026-09-18,2026-09-18,2026-09-18,1083000,1083000,1083000,2026-09-17,1,1,Active,,,0
2498727,,213509948,,911 Martin Luther King Jr Way,98122,Single Family,2026-06-08,2026-09-17,2026-09-17,750000,742000,742000,2026-03-30,171,171,Active,2026-07-29,2026-07-29,1
2499188,,213881539,,2221 E Spruce St,98122,Single Family,2026-06-08,2026-09-17,2026-09-17,739900,719900,719900,2026-04-09,161,161,Active,2026-08-15,2026-08-15,1
2499192,,213493013,,442 13th Ave,98122,Townhouse,2026-06-08,2026-09-17,2026-09-17,1190000,1190000,1190000,2026-03-28,173,173,Active,,,0
2500660,,213606231,,520 36th Ave E,98112,Single Family,2026-06-08,2026-09-17,2026-09-17,4250000,3950000,3950000,2026-04-01,169,169,Active,2026-07-16,2026-07-16,1
2504265,,213814731,,906 A 28th Ave S,98144,Townhouse,2026-06-08,2026-09-17,2026-09-17,749000,699950,699950,2026-04-08,162,162,Active,2026-09-11,2026-09-11,1
2519089,,214855518,,5953 Fauntleroy Way SW Unit D Unit D,98136,Single Family,2026-06-08,2026-09-17,2026-09-17,695000,665700,665700,2026-05-07,133,133,Active,2026-08-27,2026-07-16,2
2540236,,216929640,,9739 12th Ave NW,98117,Townhouse,2026-06-18,2026-09-17,2026-09-17,999950,999950,999950,2026-06-16,92,92,Active,,,0
2545075,,217177447,,12521 2nd Ave NE,98125,Single Family,2026-07-05,2026-09-17,2026-09-17,945000,900000,900000,2026-06-24,85,85,Active,2026-09-01,2026-08-10,2
2545308,,220380505,,118 NW 39th St Unit B Unit B,98107,Townhouse,2026-07-05,2026-09-17,2026-09-17,799000,749900,749900,2026-07-01,78,78,Active,2026-09-02,2026-08-04,2
2551844,,220645765,,9240 Dayton Ave N,98103,Single Family,2026-07-13,2026-09-17,2026-09-17,975000,975000,975000,2026-07-10,70,70,Active,,,0
2552194,,220645892,,9242 Dayton Ave N Unit A Unit A,98103,Single Family,2026-07-13,2026-09-17,2026-09-17,950000,950000,950000,2026-07-10,70,70,Active,,,0
2552202,,220645990,,9242 Dayton Ave N Unit B Unit B,98103,Single Family,2026-07-13,2026-09-17,2026-09-17,950000,950000,950000,2026-07-10,70,70,Active,,,0
2555832,,220960900,,1138 D NW 57th St,98107,Townhouse,2026-07-22,2026-09-17,2026-09-17,735000,709950,709950,2026-07-16,63,63,Active,2026-09-12,2026-09-12,1
2557638,,221268507,,8456 6th Ave SW,98106,Single Family,2026-07-25,2026-09-17,2026-09-17,950000,925000,925000,2026-07-24,55,55,Active,2026-08-12,2026-08-12,1
2562601,,221674663,,1212 B NE 100th St,98125,Single Family,2026-08-01,2026-09-17,2026-09-17,624900,624900,624900,2026-07-31,48,48,Active,,,0
2564348,,221959396,,899 NW Elford Dr,98177,Single Family,2026-08-05,2026-09-17,2026-09-17,2388000,2388000,2388000,2026-08-04,44,44,Active,,,0
2565838,,222120687,,516 N 102nd St,98133,Single Family,2026-08-08,2026-09-17,2026-09-17,599900,599900,599900,2026-08-07,41,41,Active,,,0
2570219,,222538540,,4430 Dayton Ave N,98103,Single Family,2026-08-19,2026-09-17,2026-09-17,949950,949950,949950,2026-08-18,30,30,Active,,,0
2570223,,222538735,,4432 Dayton Ave N,98103,Single Family,2026-08-19,2026-09-17,2026-09-17,987950,987950,987950,2026-08-18,30,30,Active,,,0
2571405,,222674369,,3817 Gilman Ave W,98199,Townhouse,2026-08-21,2026-09-17,2026-09-17,825000,825000,825000,2026-08-20,28,28,Active,,,0
2571623,,222620870,,268 Fulton St,98109,Single Family,2026-08-20,2026-09-17,2026-09-17,889950,889950,889950,2026-08-19,29,29,Active,,,0
2572495,,222728546,,3637 C Dayton Ave N,98103,Townhouse,2026-08-22,2026-09-17,2026-09-17,892999,892999,892999,2026-08-21,27,27,Active,,,0
2572695,,222743762,,3243 13th Ave W,98119,Single Family,2026-08-22,2026-09-17,2026-09-17,2689000,2689000,2689000,2026-08-21,27,27,Active,,,0
2574068,,223365355,,2035 N 77th St,98103,Single Family,2026-09-11,2026-09-17,2026-09-17,1247500,1247500,1247500,2026-09-10,7,7,Active,,,0
2574995,,222932706,,10030 37th Ave SW,98146,Single Family,2026-08-28,2026-09-17,2026-09-17,1140000,1140000,1140000,2026-08-27,21,21,Active,,,0
2577035,,223344933,,3040 NE 86th St,98115,Single Family,2026-09-11,2026-09-17,2026-09-17,825000,825000,825000,2026-09-10,7,7,Active,,,0
2577258,,223114739,,7602 44th Ave SW,98136,Single Family,2026-09-03,2026-09-17,2026-09-17,2370000,2370000,2370000,2026-09-02,15,15,Active,,,0
2578025,,223154248,,7755 35th Ave NE,98115,Single Family,2026-09-04,2026-09-17,2026-09-17,1410000,1410000,1410000,2026-09-03,14,14,Active,,,0
2578029,,223297047,,4321 NE 57th St,98105,Single Family,2026-09-11,2026-09-17,2026-09-17,3200000,3200000,3200000,2026-09-09,8,8,Active,,,0
2578261,,223336106,,6052 37th Ave SW,98126,Single Family,2026-09-11,2026-09-17,2026-09-17,899000,899000,899000,2026-09-10,7,7,Active,,,0
2578434,,223180132,,,98103,Townhouse,2026-09-16,2026-09-17,2026-09-17,750000,750000,750000,2026-09-16,0,0,Active,,,0
2578893,,223293481,,2110 N 86th St,98103,Single Family,2026-09-11,2026-09-17,2026-09-17,940000,940000,940000,2026-09-09,8,8,Active,,,0
2579327,,223363137,,843 NE 81st St,98115,Single Family,2026-09-11,2026-09-17,2026-09-17,965000,965000,965000,2026-09-10,7,7,Active,,,0
2579423,,223307041,,6539 53rd Ave NE,98115,Single Family,2026-09-11,2026-09-17,2026-09-17,3250000,3250000,3250000,2026-09-09,8,8,Active,,,0
2579773,,223402089,,14332 Phinney Ave N,98133,Single Family,2026-09-12,2026-09-17,2026-09-17,815000,815000,815000,2026-09-11,6,6,Active,,,0
2580950,,223355834,,4124 Burke Ave N,98103,Single Family,2026-09-11,2026-09-17,2026-09-17,1800000,1800000,1800000,2026-09-10,7,7,Active,,,0
2582176,,223456177,,8019 36th Ave S,98118,Single Family,2026-09-15,2026-09-17,2026-09-17,558995,558995,558995,2026-09-14,3,3,Active,,,0
2583161,,223543159,,136 NE 58th St,98105,Single Family,2026-09-17,2026-09-17,2026-09-17,750000,750000,750000,2026-09-16,1,1,Active,,,0
2193098833119564369,,223424516,,2331 Fairview Ave E Unit I Unit I,98102,Single Family,2026-09-13,2026-09-16,2026-09-16,1575000,1575000,1575000,2026-09-12,4,4,Active,,,0
2194441346900537337,,223462368,,2107 NW 65th St,98117,Single Family,2026-09-15,2026-09-16,2026-09-16,745000,745000,745000,2026-09-14,2,2,Active,,,0
2519931,,214909540,,5755 25th Ave NE,98105,Single Family,2026-06-08,2026-09-16,2026-09-16,874500,840000,840000,2026-05-08,131,131,Active,2026-07-29,2026-07-29,1
2526980,,216498387,,8800 Ravenna Ave NE,98115,Single Family,2026-06-08,2026-09-16,2026-09-16,965000,899000,899000,2026-06-04,104,104,Active,2026-08-06,2026-07-05,2
2530454,,216089965,,1318 Lakeside Ave S,98144,Single Family,2026-06-08,2026-09-16,2026-09-16,6150000,5998000,5998000,2026-05-27,112,112,Active,2026-06-18,2026-06-18,1
2534949,,216775099,,1821 S Lane St,98144,Townhouse,2026-06-18,2026-09-16,2026-09-16,850000,850000,850000,2026-06-11,97,97,Active,2026-08-29,2026-07-05,2
2535576,,216621501,,3913 SW Hudson St,98116,Townhouse,2026-06-18,2026-09-16,2026-09-16,799950,769000,769000,2026-06-08,100,100,Active,2026-09-03,2026-07-05,3
2536467,,216835932,,9515 Linden Ave N,98103,Single Family,2026-06-18,2026-09-16,2026-09-16,825000,679000,679000,2026-06-12,96,96,Active,2026-08-26,2026-07-13,3
2537900,,216972563,,2710 58th Ave SW,98116,Single Family,2026-07-15,2026-09-16,2026-09-16,1659000,1519000,1519000,2026-06-17,91,91,Active,2026-09-12,2026-07-22,2
2537983,,221335131,,1215 E Lynn St,98012,Single Family,2026-07-28,2026-09-16,2026-09-16,3895000,3895000,3895000,2026-07-27,51,51,Active,,,0
2540377,,216895851,,332 NE 90th St,98115,Townhouse,2026-06-18,2026-09-16,2026-09-16,739950,649000,649000,2026-06-15,93,93,Active,2026-08-20,2026-07-22,3
2540412,,216885777,,3832 32nd Ave W,98199,Single Family,2026-06-18,2026-09-16,2026-09-16,2795000,2695000,2695000,2026-06-15,93,93,Active,2026-08-21,2026-08-21,1
2547804,,219279593,,908 N 102nd,98133,Single Family,2026-07-05,2026-09-16,2026-09-16,799000,775000,775000,2026-07-01,77,77,Active,2026-08-27,2026-08-27,1
2550743,,220620905,,3318 20th Ave S,98144,Single Family,2026-07-13,2026-09-16,2026-09-16,835000,775000,775000,2026-07-10,69,69,Active,2026-08-22,2026-07-30,2
2552609,,220687103,,5053 35th Ave SW,98126,Single Family,2026-08-25,2026-09-16,2026-09-16,1099950,1044500,1044500,2026-07-10,68,68,Active,2026-08-27,2026-08-27,1
2552613,,220686938,,5053 35th Ave SW Unit B Unit B,98126,Single Family,2026-08-25,2026-09-16,2026-09-16,665000,649000,649000,2026-07-10,68,68,Active,2026-09-16,2026-09-16,1
2555016,,220941075,,2723 Yale Terrace Ave E,98102,Single Family,2026-07-17,2026-09-16,2026-09-16,1350000,1200000,1200000,2026-07-16,62,62,Active,2026-09-09,2026-08-07,2
2555351,,221552720,,2022 E Terrace St,98122,Townhouse,2026-07-31,2026-09-16,2026-09-16,949950,949950,949950,2026-07-30,48,48,Active,,,0
2556080,,220957754,,14040 Ashworth Ave N,98133,Single Family,2026-07-17,2026-09-16,2026-09-16,539999,539999,539999,2026-07-16,62,62,Active,,,0
2558399,,221188075,,8530 13th Ave NW Unit B Unit B,98117,Townhouse,2026-07-24,2026-09-16,2026-09-16,885000,885000,885000,2026-07-23,55,55,Active,,,0
2558842,,221271403,,1806 25th Ave Unit A Unit A,98122,Townhouse,2026-07-25,2026-09-16,2026-09-16,820000,799000,799000,2026-07-24,54,54,Active,2026-08-26,2026-08-26,1
2560100,,221476243,,3406 B 34th Ave W,98199,Townhouse,2026-07-30,2026-09-16,2026-09-16,875000,875000,875000,2026-07-29,49,49,Active,,,0
2560148,,221481998,,9553 Ashworth Ave N Unit B Unit B,98103,Townhouse,2026-07-30,2026-09-16,2026-09-16,599000,599000,599000,2026-07-29,46,46,Active,,,0
2560919,,222003108,,10411 Maplewood Pl SW,98146,Single Family,2026-08-06,2026-09-16,2026-09-16,5350000,5350000,5350000,2026-08-05,42,42,Active,,,0
2563303,,221752217,,1849 S King St,98144,Single Family,2026-08-01,2026-09-16,2026-09-16,948000,925000,925000,2026-07-31,46,46,Active,2026-09-05,2026-09-05,1
2563499,,222688911,,3454 33rd Ave W #1,98199,Single Family,2026-08-21,2026-09-16,2026-09-16,2350000,2350000,2350000,2026-08-20,27,27,Active,,,0
2565359,,222043762,,6535 34th Ave NE Unit B Unit B,98115,Townhouse,2026-08-06,2026-09-16,2026-09-16,899000,846000,846000,2026-08-05,42,42,Active,2026-08-27,2026-08-27,1
2565826,,222127130,,12032 12th Ave NW,98177,Single Family,2026-08-08,2026-09-16,2026-09-16,975000,975000,975000,2026-08-07,40,40,Active,,,0
2567222,,223106911,,6006 26th Ave NW,98107,Townhouse,2026-09-03,2026-09-16,2026-09-16,649950,649950,649950,2026-09-02,14,14,Active,,,0
2567246,,223106146,,2454 NW 60th St,98107,Townhouse,2026-09-03,2026-09-16,2026-09-16,699950,699950,699950,2026-09-02,14,14,Active,,,0
2567426,,222622647,,3648 B Greenwood Ave N,98103,Townhouse,2026-08-20,2026-09-16,2026-09-16,939950,939950,939950,2026-08-19,28,28,Active,,,0
2567661,,222598958,,8037 Wallingford Ave N Unit C Unit C,98103,Single Family,2026-08-20,2026-09-16,2026-09-16,799950,799950,799950,2026-08-19,28,28,Active,,,0
2568362,,222324259,,4530 NE 55th St,98105,Single Family,2026-08-14,2026-09-16,2026-09-16,2700000,2700000,2700000,2026-08-13,34,34,Active,,,0
2568420,,222311563,,10240 40th Ave SW Unit A Unit A,98146,Single Family,2026-08-13,2026-09-16,2026-09-16,997000,997000,997000,2026-08-12,35,35,Active,,,0
2568563,,222437033,,1215 Warren Ave N,98109,Single Family,2026-08-15,2026-09-16,2026-09-16,6995000,6995000,6995000,2026-08-14,33,33,Active,,,0
2568881,,222509922,,1025 NE 103rd St,98125,Single Family,2026-08-18,2026-09-16,2026-09-16,925000,899000,899000,2026-08-17,30,30,Active,2026-09-04,2026-09-04,1
2569451,,222543279,,6521 SW 31st Ave,98126,Townhouse,2026-08-19,2026-09-16,2026-09-16,750000,725000,725000,2026-08-18,29,29,Active,2026-09-11,2026-09-11,1
2570136,,223187955,,2010 McGilvra Blvd E,98112,Single Family,2026-09-08,2026-09-16,2026-09-16,3898000,3898000,3898000,2026-09-07,8,8,Active,,,0
2570942,,222556003,,3648 Francis Ave N Unit D Unit D,98103,Townhouse,2026-08-19,2026-09-16,2026-09-16,663000,663000,663000,2026-08-18,29,29,Active,,,0
2571794,,222637999,,312 26th Ave S,98144,Single Family,2026-08-20,2026-09-16,2026-09-16,649000,649000,649000,2026-08-19,27,27,Active,,,0
2572540,,222824856,,3819 44 Ave NE,98105,Single Family,2026-08-25,2026-09-16,2026-09-16,2295000,2295000,2295000,2026-08-24,23,23,Active,,,0
2572626,,222750328,,3022 S Holden St,98108,Single Family,2026-08-22,2026-09-16,2026-09-16,749950,699950,699950,2026-08-21,26,26,Active,2026-09-11,2026-09-11,1
2573056,,222799688,,5718 NE 65th St,98115,Townhouse,2026-08-23,2026-09-16,2026-09-16,829950,799950,799950,2026-08-22,25,25,Active,2026-09-03,2026-09-03,1
2574337,,222899147,,1259 23rd Ave E,98112,Single Family,2026-08-27,2026-09-16,2026-09-16,1898000,1898000,1898000,2026-08-26,21,21,Active,,,0
2574909,,222941154,,5616 Fauntleroy Way SW,98136,Single Family,2026-08-28,2026-09-16,2026-09-16,1800000,1800000,1800000,2026-08-27,20,20,Active,,,0
2576025,,223031794,,12324 11th Ave NE,98125,Single Family,2026-09-01,2026-09-16,2026-09-16,997000,997000,997000,2026-08-31,16,16,Active,,,0
2577000,,223107673,,5712 17th Ave NW,98107,Single Family,2026-09-03,2026-09-16,2026-09-16,998000,998000,998000,2026-09-02,14,14,Active,,,0
2577436,,223279727,,9815 Roosevelt Way NE,98115,Single Family,2026-09-09,2026-09-16,2026-09-16,850000,850000,850000,2026-09-08,7,7,Active,,,0
2577569,,223366423,,1023 N 49th St,98103,Single Family,2026-09-11,2026-09-16,2026-09-16,1575000,1575000,1575000,2026-09-10,6,6,Active,,,0
2578674,,223316035,,1820 S Weller St,98144,Single Family,2026-09-11,2026-09-16,2026-09-16,929000,929000,929000,2026-09-09,7,7,Active,,,0
2579120,,223276466,,7957 30th Ave SW,98126,Single Family,2026-09-09,2026-09-16,2026-09-16,899900,899900,899900,2026-09-08,8,8,Active,,,0
2579243,,223279578,,2423 NE 75th St,98103,Single Family,2026-09-09,2026-09-16,2026-09-16,920000,920000,920000,2026-09-08,7,7,Active,,,0
2579285,,223267988,,4544 W Sheridan St,98199,Single Family,2026-09-11,2026-09-16,2026-09-16,3300000,3300000,3300000,2026-09-10,6,6,Active,,,0
2579605,,223348953,,6202 Ravenna Ave NE,98115,Single Family,2026-09-11,2026-09-16,2026-09-16,1499950,1499950,1499950,2026-09-10,6,6,Active,,,0
2579614,,223292420,,2822 10th Ave E,98102,Single Family,2026-09-11,2026-09-16,2026-09-16,1950000,1950000,1950000,2026-09-09,7,7,Active,,,0
2579866,,223344020,,8914 30th Ave NW,98117,Single Family,2026-09-11,2026-09-16,2026-09-16,699950,699950,699950,2026-09-10,6,6,Active,,,0
2580169,,223350598,,7925 15th Ave SW,98106,Single Family,2026-09-11,2026-09-16,2026-09-16,735000,735000,735000,2026-09-10,6,6,Active,,,0
2580485,,223337924,,1760 26th Ave E,98112,Single Family,2026-09-11,2026-09-16,2026-09-16,1735000,1735000,1735000,2026-09-10,6,6,Active,,,0
2580567,,223401577,,6038 3rd Ave NW,98107,Single Family,2026-09-12,2026-09-16,2026-09-16,845000,845000,845000,2026-09-11,5,5,Active,,,0
2580645,,223359833,,1756 NW 61st St Unit A Unit A,98107,Townhouse,2026-09-11,2026-09-16,2026-09-16,695000,695000,695000,2026-09-10,6,6,Active,,,0
2581013,,223384253,,8046 18th Ave NW,98117,Single Family,2026-09-12,2026-09-16,2026-09-16,1249000,1249000,1249000,2026-09-11,5,5,Active,,,0
2581138,,223384255,,2517 23rd Ave,98144,Single Family,2026-09-12,2026-09-16,2026-09-16,749000,749000,749000,2026-09-11,5,5,Active,,,0
2581353,,223371787,,8057 12th Ave NE,98115,Single Family,2026-09-11,2026-09-16,2026-09-16,1195000,1195000,1195000,2026-09-10,5,5,Active,,,0
2581533,,223402264,,6022 45th Ave SW,98136,Single Family,2026-09-12,2026-09-16,2026-09-16,1100000,1100000,1100000,2026-09-11,5,5,Active,,,0
2582097,,223432742,,2428 5th Ave W,98119,Single Family,2026-09-14,2026-09-16,2026-09-16,1550000,1550000,1550000,2026-09-13,3,3,Active,,,0
2582602,,223515961,,5612 B Roosevelt Way NE,98105,Townhouse,2026-09-16,2026-09-16,2026-09-16,1000000,1000000,1000000,2026-09-15,1,1,Active,,,0
2187175753863236769,,223181098,,3613 35th Ave SW,98126,Single Family,2026-09-05,2026-09-15,2026-09-15,1150000,1150000,1150000,2026-09-04,11,11,Active,,,0
2492655,,213241352,,1214 N Northgate Way,98133,Townhouse,2026-06-08,2026-09-15,2026-09-15,599000,599000,599000,2026-03-20,179,179,Active,,,0
2504417,,213927905,,7123 Shinkle Pl SW,98106,Townhouse,2026-06-08,2026-09-15,2026-09-15,635000,610000,610000,2026-04-10,158,158,Active,2026-08-05,2026-08-05,1
2520919,,214914315,,535 N 70th St,98103,Townhouse,2026-07-17,2026-09-15,2026-09-15,874900,874900,874900,2026-05-08,130,130,Active,,,0
2524825,,217181555,,2218 E Prospect St,98112,Single Family,2026-07-05,2026-09-15,2026-09-15,5000000,5000000,5000000,2026-06-24,83,83,Active,,,0
2527937,,216670478,,700 McGilvra Blvd E,98112,Single Family,2026-06-18,2026-09-15,2026-09-15,4695000,4695000,4695000,2026-06-09,98,98,Active,,,0
2529751,,216068202,,8218 2nd Ave NE Unit B Unit B,98115,Single Family,2026-06-18,2026-09-15,2026-09-15,735000,735000,735000,2026-05-27,111,111,Active,,,0
2533484,,216467173,,533 B N 70th St,98103,Townhouse,2026-07-17,2026-09-15,2026-09-15,774900,774900,774900,2026-06-03,104,104,Active,,,0
2537531,,216719960,,2573 13th Ave W,98119,Single Family,2026-06-18,2026-09-15,2026-09-15,1300000,1259000,1259000,2026-06-10,97,97,Active,2026-07-24,2026-07-24,1
2538800,,223177512,,7706 32nd Ave NW,98117,Single Family,2026-09-05,2026-09-15,2026-09-15,1275000,1275000,1275000,2026-09-04,5,5,Active,,,0
2547769,,220651202,,722 S 31st Ave,98144,Single Family,2026-07-13,2026-09-15,2026-09-15,1198000,1250000,1250000,2026-07-10,68,68,Active,2026-07-16,2026-07-16,1
2557697,,221185362,,6412 17th Ave NW,98107,Single Family,2026-07-24,2026-09-15,2026-09-15,850000,800000,800000,2026-07-23,43,43,Active,2026-09-03,2026-08-11,2
2560903,,221347097,,9304 23rd Ave NW,98117,Single Family,2026-07-28,2026-09-15,2026-09-15,1750000,1530000,1530000,2026-07-27,49,49,Active,2026-09-09,2026-08-11,3
2561631,,221538723,,2712 57th Ave SW,98116,Single Family,2026-07-30,2026-09-15,2026-09-15,1538000,1448000,1448000,2026-07-29,47,47,Active,2026-08-26,2026-08-09,2
2563063,,222069618,,4747 4th Ave NE,98105,Single Family,2026-08-07,2026-09-15,2026-09-15,1100000,999999,999999,2026-08-06,40,40,Active,2026-09-03,2026-09-03,1
2563201,,221732128,,712 W Bertona St Unit a Unit a,98119,Single Family,2026-08-01,2026-09-15,2026-09-15,710000,685000,685000,2026-07-31,46,46,Active,2026-08-21,2026-08-21,1
2564301,,222354668,,10063 Wallingford Ave N,98133,Single Family,2026-08-14,2026-09-15,2026-09-15,699950,699950,699950,2026-08-13,33,33,Active,,,0
2564928,,222115372,,533 N 70th St,98103,Single Family,2026-08-14,2026-09-15,2026-09-15,1149900,1149900,1149900,2026-08-07,39,39,Active,,,0
2566249,,222112913,,2155 N 128th St Unit C Unit C,98133,Single Family,2026-08-08,2026-09-15,2026-09-15,3000000,3000000,3000000,2026-08-07,39,39,Active,,,0
2566440,,222127131,,1007 W Newell St,98119,Single Family,2026-08-08,2026-09-15,2026-09-15,2285000,2285000,2285000,2026-08-07,39,39,Active,,,0
2569305,,222435941,,1339 15th Ave S,98144,Townhouse,2026-08-15,2026-09-15,2026-09-15,599950,599950,599950,2026-08-14,32,32,Active,,,0
2572880,,222756785,,7652 E Green Lake Dr N,98103,Single Family,2026-08-22,2026-09-15,2026-09-15,2185000,2185000,2185000,2026-08-21,25,25,Active,,,0
2572932,,222914846,,719 N 101st St,98133,Single Family,2026-08-28,2026-09-15,2026-09-15,960000,960000,960000,2026-08-27,19,19,Active,,,0
2574436,,223345989,,7707 18th Ave SW,98106,Single Family,2026-09-11,2026-09-15,2026-09-15,1100000,1100000,1100000,2026-09-10,5,5,Active,,,0
2574480,,223377344,,3016 47th Ave SW,98116,Single Family,2026-09-12,2026-09-15,2026-09-15,1385000,1385000,1385000,2026-09-11,4,4,Active,,,0
2574717,,222920168,,9211 A 14th Ave NW,98117,Single Family,2026-08-28,2026-09-15,2026-09-15,846000,799000,799000,2026-08-27,19,19,Active,2026-09-11,2026-09-11,1
2575134,,223366548,,5815 17th Ave NE,98105,Single Family,2026-09-11,2026-09-15,2026-09-15,1450000,1450000,1450000,2026-09-10,5,5,Active,,,0
2575936,,223086634,,12004 5th Ave NE,98125,Single Family,2026-09-03,2026-09-15,2026-09-15,625000,625000,625000,2026-09-02,13,13,Active,,,0
2576328,,223031505,,939 NW 56th St Unit B Unit B,98107,Townhouse,2026-09-01,2026-09-15,2026-09-15,650000,650000,650000,2026-08-31,15,15,Active,,,0
2577532,,223285764,,205 NW 101st St,98177,Single Family,2026-09-11,2026-09-15,2026-09-15,698000,698000,698000,2026-09-09,6,6,Active,,,0
2578004,,223344846,,4115 SW Kenyon St,98136,Single Family,2026-09-11,2026-09-15,2026-09-15,1450000,1450000,1450000,2026-09-10,5,5,Active,,,0
2578050,,223330197,,3835 A Interlake Ave N,98103,Townhouse,2026-09-11,2026-09-15,2026-09-15,915000,915000,915000,2026-09-10,5,5,Active,,,0
2578059,,223199176,,2652 B NW 95th St,98117,Single Family,2026-09-05,2026-09-15,2026-09-15,789000,789000,789000,2026-09-04,11,11,Active,,,0
2578596,,223233458,,5412 Kensington Pl N,98103,Single Family,2026-09-11,2026-09-15,2026-09-15,1299000,1299000,1299000,2026-09-10,5,5,Active,,,0
2578871,,223349237,,5623 NE 59th St,98105,Single Family,2026-09-11,2026-09-15,2026-09-15,1150000,1150000,1150000,2026-09-10,5,5,Active,,,0
2578891,,223315147,,2502 18th Ave S,98144,Single Family,2026-09-11,2026-09-15,2026-09-15,1450000,1450000,1450000,2026-09-10,5,5,Active,,,0
2579020,,223292838,,7318 54th Ave NE,98115,Single Family,2026-09-11,2026-09-15,2026-09-15,1685000,1685000,1685000,2026-09-09,6,6,Active,,,0
2579239,,223344743,,3829 45th Ave SW,98116,Single Family,2026-09-11,2026-09-15,2026-09-15,1495000,1495000,1495000,2026-09-10,5,5,Active,,,0
2579541,,223461981,,128 B 25th Ave E,98112,Townhouse,2026-09-15,2026-09-15,2026-09-15,799000,799000,799000,2026-09-14,1,1,Active,,,0
2579569,,223335976,,7925 18th Ave SW,98106,Single Family,2026-09-11,2026-09-15,2026-09-15,995000,995000,995000,2026-09-10,5,5,Active,,,0
2579737,,223336198,,319 Smith Pl,98109,Single Family,2026-09-11,2026-09-15,2026-09-15,1690000,1690000,1690000,2026-09-10,5,5,Active,,,0
2579950,,223359835,,5711 38th Ave NE,98105,Single Family,2026-09-11,2026-09-15,2026-09-15,949900,949900,949900,2026-09-10,5,5,Active,,,0
2579964,,223303735,,6526 4th Ave NW,98117,Single Family,2026-09-11,2026-09-15,2026-09-15,799000,799000,799000,2026-09-09,6,6,Active,,,0
2580126,,223336107,,6008 Oberlin Ave NE,98115,Single Family,2026-09-11,2026-09-15,2026-09-15,2395000,2395000,2395000,2026-09-10,5,5,Active,,,0
2580248,,223378897,,300 NE 91st St,98115,Single Family,2026-09-11,2026-09-15,2026-09-15,1779000,1779000,1779000,2026-09-10,4,4,Active,,,0
2580590,,223390388,,8115 12th Ave SW,98106,Single Family,2026-09-12,2026-09-15,2026-09-15,640000,640000,640000,2026-09-11,4,4,Active,,,0
2580799,,223362891,,12325 10th Pl NE Unit D Unit D,98125,Townhouse,2026-09-11,2026-09-15,2026-09-15,589500,589500,589500,2026-09-10,5,5,Active,,,0
2581033,,223368743,,8438 41st Ave SW,98136,Single Family,2026-09-11,2026-09-15,2026-09-15,899000,899000,899000,2026-09-10,5,5,Active,,,0
2581512,,223407389,,2526 30th Ave W,98199,Single Family,2026-09-12,2026-09-15,2026-09-15,799000,799000,799000,2026-09-11,4,4,Active,,,0
2191688130089150761,,223363769,,3405 E Pine St,98122,Single Family,2026-09-11,2026-09-14,2026-09-14,1950000,1950000,1950000,2026-09-10,4,4,Active,,,0
2192516789494933417,,223411459,,6049 Princeton Ave NE,98115,Single Family,2026-09-12,2026-09-14,2026-09-14,2195000,2195000,2195000,2026-09-11,3,3,Active,,,0
2471449,,211118202,,2017 W Bertona,98199,Townhouse,2026-06-08,2026-09-14,2026-09-14,919000,844950,844950,2026-01-23,234,234,Active,2026-09-03,2026-07-17,3
2515948,,214652629,,8117 17th Ave SW Unit B Unit B,98106,Single Family,2026-06-08,2026-09-14,2026-09-14,583000,559000,559000,2026-05-01,133,133,Active,2026-09-02,2026-07-30,3
2523435,,215387444,,1498 NW 75th St,98117,Townhouse,2026-06-08,2026-09-14,2026-09-14,800000,749000,749000,2026-05-15,122,122,Active,2026-08-21,2026-07-05,2
2528149,,215949034,,3444 California Ave SW,98116,Townhouse,2026-06-08,2026-09-14,2026-09-14,799950,779000,779000,2026-05-22,115,115,Active,2026-08-08,2026-08-08,1
2535453,,216737917,,311 34th Ave E,98112,Single Family,2026-06-18,2026-09-14,2026-09-14,2850000,2695000,2695000,2026-06-10,96,96,Active,2026-07-16,2026-07-16,1
2539929,,216851882,,325 23rd Ave E,98112,Single Family,2026-06-18,2026-09-14,2026-09-14,1345000,1249000,1249000,2026-06-13,93,93,Active,2026-07-28,2026-07-28,1
2542301,,217027418,,10053 8th Ave NW,98177,Single Family,2026-07-05,2026-09-14,2026-09-14,875000,825000,825000,2026-06-18,88,88,Active,2026-08-18,2026-08-06,2
2551636,,220602262,,5100 NE 55th St,98105,Single Family,2026-07-13,2026-09-14,2026-09-14,2299000,2199000,2199000,2026-07-10,67,67,Active,2026-08-20,2026-08-20,1
2552245,,220631627,,8607 22nd Pl NE,98115,Townhouse,2026-07-13,2026-09-14,2026-09-14,780000,730000,730000,2026-07-10,67,67,Active,2026-08-24,2026-07-26,2
2555629,,220933812,,427 13th Ave E Unit C Unit C,98102,Townhouse,2026-07-17,2026-09-14,2026-09-14,1100000,998000,998000,2026-07-16,60,60,Active,2026-08-26,2026-08-26,1
2557511,,221081798,,2218 A NW 62nd St,98107,Townhouse,2026-07-22,2026-09-14,2026-09-14,938500,899000,899000,2026-07-21,55,55,Active,2026-07-30,2026-07-30,1
2561368,,221552007,,10758 Ashworth Ave N,98133,Single Family,2026-07-31,2026-09-14,2026-09-14,830000,830000,830000,2026-07-30,46,46,Active,,,0
2562704,,223325634,,822 W Fulton St,98119,Single Family,2026-09-11,2026-09-14,2026-09-14,1698950,1698950,1698950,2026-09-10,4,4,Active,,,0
2566337,,222306919,,716 32nd Ave,98122,Single Family,2026-08-13,2026-09-14,2026-09-14,1450000,1450000,1450000,2026-08-12,33,33,Active,,,0
2569307,,222748977,,2314 Thorndyke Ave W Unit B Unit B,98199,Townhouse,2026-08-22,2026-09-14,2026-09-14,849000,849000,849000,2026-08-21,24,24,Active,,,0
2571877,,222659500,,2903 3rd Ave N,98109,Single Family,2026-08-21,2026-09-14,2026-09-14,1388850,1388850,1388850,2026-08-20,25,25,Active,,,0
2572089,,222678304,,2606 NW 62nd St,98107,Townhouse,2026-08-21,2026-09-14,2026-09-14,959000,929950,929950,2026-08-20,25,25,Active,2026-09-12,2026-09-12,1
2572329,,223342332,,6346 21st Ave SW,98106,Single Family,2026-09-11,2026-09-14,2026-09-14,427000,427000,427000,2026-09-10,4,4,Active,,,0
2572777,,222749225,,3609 NW 62nd St,98107,Single Family,2026-08-22,2026-09-14,2026-09-14,3150000,3150000,3150000,2026-08-21,24,24,Active,,,0
2574722,,222944891,,2604 SW Genesee St,98106,Townhouse,2026-08-28,2026-09-14,2026-09-14,595000,595000,595000,2026-08-27,8,8,Active,,,0
2574993,,223364535,,9623 14th Ave NW,98117,Single Family,2026-09-11,2026-09-14,2026-09-14,950000,950000,950000,2026-09-10,4,4,Active,,,0
2575603,,222980558,,9525 7th Ave NW,98117,Single Family,2026-08-29,2026-09-14,2026-09-14,649888,649888,649888,2026-08-28,9,9,Active,,,0
2578438,,223345273,,2007 S Main St,98144,Single Family,2026-09-11,2026-09-14,2026-09-14,925000,925000,925000,2026-09-10,4,4,Active,,,0
2578602,,223379152,,3019 E Union St,98122,Single Family,2026-09-12,2026-09-14,2026-09-14,799900,799900,799900,2026-09-11,3,3,Active,,,0
2578696,,223359274,,3603 49th Ave SW,98116,Single Family,2026-09-11,2026-09-14,2026-09-14,850000,850000,850000,2026-09-10,4,4,Active,,,0
2578900,,223324897,,3105 SW Elmgrove St,98126,Single Family,2026-09-11,2026-09-14,2026-09-14,468000,468000,468000,2026-09-10,4,4,Active,,,0
2579033,,223361727,,1625 3rd Ave W,98119,Single Family,2026-09-11,2026-09-14,2026-09-14,1450000,1450000,1450000,2026-09-10,4,4,Active,,,0
2579284,,223279530,,2609 Queen Anne Ave N,98126,Single Family,2026-09-09,2026-09-14,2026-09-14,895000,895000,895000,2026-09-08,5,5,Active,,,0
2580911,,223364294,,8353 20th Ave NW,98117,Single Family,2026-09-11,2026-09-14,2026-09-14,1150000,1150000,1150000,2026-09-10,4,4,Active,,,0
2581449,,223389168,,3914 13th Ave S,98108,Single Family,2026-09-12,2026-09-14,2026-09-14,649950,649950,649950,2026-09-11,3,3,Active,,,0
2539977,,216903246,,2612 W Galer St,98199,Single Family,2026-06-18,2026-09-13,2026-09-13,1000000,960000,960000,2026-06-16,74,74,Active,2026-07-23,2026-07-23,1
2545337,,217213436,,1625 Federal Ave E,98102,Single Family,2026-07-05,2026-09-13,2026-09-13,8750000,8750000,8750000,2026-06-25,80,80,Active,,,0
2555150,,220915966,,8538 19th Ave NW,98117,Single Family,2026-07-16,2026-09-13,2026-09-13,949900,949900,949900,2026-07-15,60,60,Active,,,0
2566180,,222137709,,11744 Dayton Ave N,98133,Single Family,2026-08-08,2026-09-13,2026-09-13,724950,724950,724950,2026-08-07,36,36,Active,,,0
2574787,,222980992,,12259 6th Ave NW,98177,Single Family,2026-08-29,2026-09-13,2026-09-13,1749000,1749000,1749000,2026-08-28,16,16,Active,,,0
2577038,,223100169,,2215 E Aloha St,98112,Single Family,2026-09-03,2026-09-13,2026-09-13,1350000,1350000,1350000,2026-09-02,11,11,Active,,,0
2577604,,223255861,,7522 14th Ave NE,98115,Single Family,2026-09-11,2026-09-13,2026-09-13,1850000,1850000,1850000,2026-09-10,3,3,Active,,,0
2578782,,223334454,,5632 Keystone Pl N,98103,Single Family,2026-09-11,2026-09-13,2026-09-13,1100000,1100000,1100000,2026-09-10,3,3,Active,,,0
2579321,,223303395,,9240 Fauntleroy Way SW,98136,Single Family,2026-09-11,2026-09-13,2026-09-13,1185000,1185000,1185000,2026-09-09,4,4,Active,,,0
2579386,,223313617,,8400 32nd Ave SW,98126,Single Family,2026-09-11,2026-09-13,2026-09-13,650000,650000,650000,2026-09-09,4,4,Active,,,0
2580858,,223366667,,4736 46th Ave NE,98105,Single Family,2026-09-11,2026-09-13,2026-09-13,1999000,1999000,1999000,2026-09-10,3,3,Active,,,0
2538918,,216812433,,536 N 103rd Unit A Unit A,98133,Townhouse,2026-06-18,2026-09-12,2026-09-12,669000,669000,669000,2026-06-12,92,92,Active,,,0
2550411,,220516095,,3670 Dayton Ave N Unit B Unit B,98103,Townhouse,2026-07-13,2026-09-12,2026-09-12,949000,949000,949000,2026-07-07,68,68,Active,,,0
2557663,,221131892,,10255 41st Ave SW,98146,Single Family,2026-07-23,2026-09-12,2026-09-12,520000,479950,479950,2026-07-22,52,52,Active,2026-08-21,2026-08-05,2
2558934,,221190786,,2527 Westmont Way W,98199,Single Family,2026-07-24,2026-09-12,2026-09-12,2590000,2590000,2590000,2026-07-23,51,51,Active,,,0
2561779,,221553985,,3127 Broadway E,98102,Single Family,2026-07-31,2026-09-12,2026-09-12,1900000,1900000,1900000,2026-07-30,44,44,Active,,,0
2568361,,222593154,,1705 NW 63rd St Unit B Unit B,98107,Townhouse,2026-08-20,2026-09-12,2026-09-12,799950,775000,775000,2026-08-19,24,24,Active,2026-09-11,2026-09-11,1
2575940,,223042256,,4512 10th Ave S,98108,Single Family,2026-09-02,2026-09-12,2026-09-12,690000,675000,675000,2026-09-01,11,11,Active,2026-09-11,2026-09-11,1
2578690,,223264222,,8803 38th Ave SW,98126,Single Family,2026-09-09,2026-09-12,2026-09-12,2065250,2065250,2065250,2026-09-08,4,4,Active,,,0
2579954,,223364231,,7702 Sunnyside Ave N,98103,Single Family,2026-09-11,2026-09-12,2026-09-12,1850000,1850000,1850000,2026-09-10,2,2,Active,,,0
2580440,,223315497,,3222 NE 85th St,98115,Single Family,2026-09-11,2026-09-12,2026-09-12,799995,799995,799995,2026-09-09,3,3,Active,,,0
2580775,,223409482,,4030 53rd Ave SW,98116,Single Family,2026-09-12,2026-09-12,2026-09-12,750000,750000,750000,2026-09-11,1,1,Active,,,0
2581145,,223365476,,5822 7th Ave NW,98107,Single Family,2026-09-11,2026-09-12,2026-09-12,2250000,2250000,2250000,2026-09-10,2,2,Active,,,0
2581667,,223409394,,4032 53rd Ave SW Unit A Unit A,98116,Single Family,2026-09-12,2026-09-12,2026-09-12,1048000,1048000,1048000,2026-09-11,1,1,Active,,,0
2479572,,212210170,,4714 Delridge Way SW,98106,Townhouse,2026-06-08,2026-09-11,2026-09-11,649995,625000,625000,2026-02-13,210,210,Active,2026-08-10,2026-08-10,1
2509092,,214338890,,1319 E Denny Way,98122,Townhouse,2026-06-08,2026-09-11,2026-09-11,1349900,1299900,1299900,2026-04-23,132,132,Active,2026-08-20,2026-08-20,1
2524383,,215391032,,3817 C Fremont Ave N,98103,Townhouse,2026-06-08,2026-09-11,2026-09-11,1080000,1049950,1049950,2026-05-15,119,119,Active,2026-07-13,2026-07-13,1
2534236,,216777701,,2301 NE 86th St,98115,Townhouse,2026-06-18,2026-09-11,2026-09-11,725000,700000,700000,2026-06-11,92,92,Active,2026-07-16,2026-07-16,1
2536471,,216599321,,1210 E Shelby St Unit G Unit G,98102,Single Family,2026-06-08,2026-09-11,2026-09-11,1650000,1575000,1575000,2026-06-07,96,96,Active,2026-07-13,2026-07-13,1
2539255,,216791897,,2369 Fairview Ave E #6,98102,Single Family,2026-06-18,2026-09-11,2026-09-11,4600000,4600000,4600000,2026-06-11,92,92,Active,,,0
2541860,,217056891,,2619 Warren Ave N,98109,Single Family,2026-07-05,2026-09-11,2026-09-11,2495000,2398000,2398000,2026-06-19,84,84,Active,2026-07-25,2026-07-25,1
2546245,,217238408,,2804 Prosch Ave W,98119,Single Family,2026-07-05,2026-09-11,2026-09-11,899500,899500,899500,2026-06-25,78,78,Active,,,0
2548066,,220455879,,9549 Evanston Ave N,98103,Single Family,2026-07-05,2026-09-11,2026-09-11,849000,829000,829000,2026-07-03,70,70,Active,2026-07-18,2026-07-18,1
2550271,,220684807,,1805 NW 95th St,98117,Single Family,2026-07-13,2026-09-11,2026-09-11,1798500,1750000,1750000,2026-07-11,50,50,Active,2026-08-28,2026-08-28,1
2552081,,220695103,,1128 N 77th St,98103,Single Family,2026-07-13,2026-09-11,2026-09-11,1450000,1389500,1389500,2026-07-11,54,54,Active,2026-09-09,2026-08-22,2
2558107,,222069148,,2359 Yale Ave E Unit A Unit A,98102,Townhouse,2026-08-07,2026-09-11,2026-09-11,1148800,1148800,1148800,2026-08-06,36,36,Active,,,0
2558332,,221125657,,728 W Etruria St,98119,Single Family,2026-07-23,2026-09-11,2026-09-11,3170000,3170000,3170000,2026-07-22,51,51,Active,,,0
2558942,,221191265,,311 NE 59th St,98105,Single Family,2026-07-24,2026-09-11,2026-09-11,1950000,1899000,1899000,2026-07-23,50,50,Active,2026-08-29,2026-08-13,2
2559684,,221511570,,3819 B Fremont Ave N,98103,Townhouse,2026-07-30,2026-09-11,2026-09-11,999950,999950,999950,2026-07-29,44,44,Active,,,0
2560568,,222074574,,4015 Burton Pl W,98199,Single Family,2026-08-07,2026-09-11,2026-09-11,825000,825000,825000,2026-08-06,36,36,Active,,,0
2562301,,221570413,,1549 Magnolia Way W,98199,Single Family,2026-07-31,2026-09-11,2026-09-11,3480000,3480000,3480000,2026-07-30,43,43,Active,,,0
2565969,,222108352,,2608 NW 62nd St,98107,Townhouse,2026-08-08,2026-09-11,2026-09-11,1038000,1038000,1038000,2026-08-07,35,35,Active,,,0
2566503,,222131463,,2517 23rd Ave,98144,Single Family,2026-08-08,2026-09-11,2026-09-11,799000,799000,799000,2026-08-07,35,35,Active,,,0
2567402,,222217591,,8356 19th Ave NW Unit B Unit B,98117,Townhouse,2026-08-11,2026-09-11,2026-09-11,588000,588000,588000,2026-08-10,32,32,Active,,,0
2568205,,222409661,,4407 30th Ave W,98199,Single Family,2026-08-15,2026-09-11,2026-09-11,1220000,1220000,1220000,2026-08-14,28,28,Active,,,0
2569188,,222363472,,2205 Bigelow Ave N #10,98109,Townhouse,2026-08-14,2026-09-11,2026-09-11,735000,735000,735000,2026-08-13,26,26,Active,,,0
2569408,,222450584,,7329 44th Ave SW,98136,Single Family,2026-08-16,2026-09-11,2026-09-11,1595000,1595000,1595000,2026-08-15,27,27,Active,,,0
2570441,,222540390,,4354 6th Ave NW,98107,Townhouse,2026-08-19,2026-09-11,2026-09-11,639000,639000,639000,2026-08-18,24,24,Active,,,0
2571045,,222723018,,8046 18th Ave NW,98117,Single Family,2026-08-22,2026-09-11,2026-09-11,1315000,1315000,1315000,2026-08-21,21,21,Active,,,0
2573017,,223366670,,8148 13th Ave SW,98106,Single Family,2026-09-11,2026-09-11,2026-09-11,875000,875000,875000,2026-09-10,1,1,Active,,,0
2573022,,222915055,,917 NE 72nd St,98115,Single Family,2026-08-28,2026-09-11,2026-09-11,665000,665000,665000,2026-08-27,12,12,Active,,,0
2573026,,223366422,,8150 13th Ave SW,98106,Single Family,2026-09-11,2026-09-11,2026-09-11,515000,515000,515000,2026-09-10,1,1,Active,,,0
2573591,,222916395,,4117 Eastern Ave N,98103,Single Family,2026-08-28,2026-09-11,2026-09-11,1295000,1295000,1295000,2026-08-27,15,15,Active,,,0
2575403,,222963482,,3319 W ELMORE St,98199,Single Family,2026-08-29,2026-09-11,2026-09-11,1786000,1786000,1786000,2026-08-28,14,14,Active,,,0
2575595,,222981032,,9013 14th Ave SW,98106,Single Family,2026-08-29,2026-09-11,2026-09-11,736202,736202,736202,2026-08-28,14,14,Active,,,0
2576545,,223192344,,1019 NE 62nd St,98115,Single Family,2026-09-05,2026-09-11,2026-09-11,1100000,1100000,1100000,2026-09-04,7,7,Active,,,0
2576939,,223182393,,3820 Burke Ave N,98103,Single Family,2026-09-08,2026-09-11,2026-09-11,1699000,1699000,1699000,2026-09-07,3,3,Active,,,0
2581003,,223358493,,2212 Belvidere Ave SW,98126,Single Family,2026-09-11,2026-09-11,2026-09-11,900000,900000,900000,2026-09-10,1,1,Active,,,0
2187110017912009121,,223173774,,2426 NW 64th St Unit C Unit C,98107,Single Family,2026-09-05,2026-09-09,2026-09-09,1050000,1050000,1050000,2026-09-04,5,5,Active,,,0
2189441145486609033,,223233652,,5412 Kensington Pl N,98103,Single Family,2026-09-08,2026-09-09,2026-09-09,1299000,1299000,1299000,2026-09-07,2,2,Active,,,0
2190093948185888329,,223257577,,7522 14th Ave NE,98115,Single Family,2026-09-09,2026-09-09,2026-09-09,1850000,1850000,1850000,2026-09-08,1,1,Active,,,0
2190192991968528841,,223269065,,4544 W Sheridan St,98199,Single Family,2026-09-09,2026-09-09,2026-09-09,3300000,3300000,3300000,2026-09-08,1,1,Active,,,0
2307588,,196034750,,1620 S Lane Unit E Unit E,98144,Townhouse,2026-06-08,2026-09-09,2026-09-09,579950,559950,559950,2024-12-11,637,637,Active,2026-09-01,2026-09-01,1
2438036,,207873194,,2401 N Northlake Way Unit L6 Unit L6,98103,Single Family,2026-06-08,2026-09-09,2026-09-09,488000,465000,465000,2025-09-26,348,348,Active,2026-08-09,2026-08-09,1
2476108,,215353524,,2031 Eastlake Ave E,98102,Single Family,2026-06-08,2026-09-09,2026-09-09,1249900,1224900,1224900,2026-05-14,118,118,Active,2026-07-13,2026-07-13,1
2479611,,212198112,,904 A 28th Ave S,98144,Townhouse,2026-06-08,2026-09-09,2026-09-09,860000,849950,849950,2026-02-13,208,208,Active,2026-08-22,2026-08-22,1
2514809,,214525347,,3130 Portage Bay Pl E Unit C Unit C,98102,Single Family,2026-06-08,2026-09-09,2026-09-09,1299999,999999,999999,2026-04-29,133,133,Active,2026-08-12,2026-06-18,3
2515125,,214531742,,2649 A NW 63rd St,98107,Townhouse,2026-06-08,2026-09-09,2026-09-09,999900,949900,949900,2026-04-29,133,133,Active,2026-07-15,2026-07-05,2
2516290,,214588506,,2423 3rd Ave W,98119,Single Family,2026-07-13,2026-09-09,2026-09-09,759000,730000,730000,2026-06-26,72,72,Active,2026-08-27,2026-07-24,2
2520245,,215377870,,5515 A 9th Ave NW,98107,Townhouse,2026-06-08,2026-09-09,2026-09-09,669950,625000,625000,2026-05-15,117,117,Active,2026-09-05,2026-07-18,2
2521718,,215578390,,9032 15th Ave SW,98106,Single Family,2026-06-08,2026-09-09,2026-09-09,550000,424999,424999,2026-05-21,111,111,Active,2026-08-28,2026-06-18,7
2521810,,216335973,,6538 D Latona Ave NE,98115,Townhouse,2026-06-08,2026-09-09,2026-09-09,1029950,978000,978000,2026-06-02,99,99,Active,2026-08-06,2026-07-18,2
2523120,,215296956,,903 B NW 56th St,98107,Townhouse,2026-06-08,2026-09-09,2026-09-09,658000,615000,615000,2026-05-13,119,119,Active,2026-09-05,2026-07-05,3
2526107,,215547278,,10 E Roanoke St #8,98102,Single Family,2026-06-18,2026-09-09,2026-09-09,3490000,2995000,2995000,2026-05-20,112,112,Active,2026-07-30,2026-07-30,1
2529739,,216142408,,1725 Martin Luther King Jr Way,98122,Single Family,2026-06-08,2026-09-09,2026-09-09,1995000,1949000,1949000,2026-05-28,104,104,Active,2026-07-05,2026-07-05,1
2530878,,222297548,,2440 NW 60th St Unit A Unit A,98107,Townhouse,2026-08-13,2026-09-09,2026-09-09,820000,799950,799950,2026-08-12,28,28,Active,2026-08-27,2026-08-27,1
2531039,,216171589,,10 E Roanoke St #2,98102,Single Family,2026-06-18,2026-09-09,2026-09-09,3995000,3995000,3995000,2026-05-29,103,103,Active,,,0
2531350,,216137841,,1529 Sturgus Ave S,98144,Single Family,2026-06-08,2026-09-09,2026-09-09,780000,780000,780000,2026-05-28,104,104,Active,,,0
2534284,,216466625,,1410 B N 47th St,98103,Townhouse,2026-06-08,2026-09-09,2026-09-09,1048000,1048000,1048000,2026-06-03,98,98,Active,,,0
2535612,,220650341,,1125 E Olive St #202,98122,Single Family,2026-07-13,2026-09-09,2026-09-09,300000,300000,300000,2026-07-10,62,62,Active,,,0
2538295,,216760562,,3802 NE 90th St,98115,Single Family,2026-06-18,2026-09-09,2026-09-09,1450000,1249000,1249000,2026-06-11,78,78,Active,2026-08-12,2026-07-13,3
2538742,,216767726,,1556 S Pearl St Unit B Unit B,98108,Single Family,2026-06-18,2026-09-09,2026-09-09,699000,689000,689000,2026-06-11,90,90,Active,2026-07-22,2026-07-22,1
2539690,,217011177,,1125 Lake Washington Blvd S,98144,Single Family,2026-06-18,2026-09-09,2026-09-09,1995000,1795000,1795000,2026-06-17,83,83,Active,2026-08-01,2026-07-16,2
2540445,,220587228,,4604 W Raye St,98199,Single Family,2026-07-13,2026-09-09,2026-09-09,3895000,3895000,3895000,2026-07-09,63,63,Active,,,0
2545582,,217223042,,946 N 83rd St,98103,Single Family,2026-07-05,2026-09-09,2026-09-09,799000,750000,750000,2026-06-25,76,76,Active,2026-07-29,2026-07-17,2
2551847,,220595618,,1132 NW 56th St,98107,Single Family,2026-07-13,2026-09-09,2026-09-09,1050000,1050000,1050000,2026-07-09,63,63,Active,,,0
2552082,,220612726,,3852 Carr Pl N,98103,Townhouse,2026-07-13,2026-09-09,2026-09-09,765950,765950,765950,2026-07-10,62,62,Active,,,0
2559150,,221188720,,4532 51st Pl SW,98116,Single Family,2026-07-24,2026-09-09,2026-09-09,2250000,1995000,1995000,2026-07-23,48,48,Active,2026-08-12,2026-08-12,1
2561103,,221585265,,8347 12th Ave NW,98117,Single Family,2026-07-31,2026-09-09,2026-09-09,1895000,1895000,1895000,2026-07-30,41,41,Active,,,0
2561237,,221507758,,724 N 89TH St,98103,Single Family,2026-07-30,2026-09-09,2026-09-09,750000,735000,735000,2026-07-29,42,42,Active,2026-08-18,2026-08-18,1
2561593,,221508674,,726 N 89th St,98103,Single Family,2026-07-30,2026-09-09,2026-09-09,1399000,1359000,1359000,2026-07-29,42,42,Active,2026-08-18,2026-08-18,1
2561826,,221549474,,6726 35th Pl S,98118,Townhouse,2026-07-31,2026-09-09,2026-09-09,650000,650000,650000,2026-07-30,41,41,Active,,,0
2561928,,221523130,,5632 7th Ave NW,98107,Single Family,2026-07-30,2026-09-09,2026-09-09,990000,990000,990000,2026-07-29,41,41,Active,,,0
2561948,,221573431,,10744 Interlake Ave N,98133,Townhouse,2026-07-31,2026-09-09,2026-09-09,509950,509950,509950,2026-07-30,41,41,Active,,,0
2562157,,221568420,,3043 C 21st Ave W,98199,Townhouse,2026-07-31,2026-09-09,2026-09-09,799980,799980,799980,2026-07-30,41,41,Active,,,0
2562361,,223110722,,1109 NW 65th St,98117,Single Family,2026-09-03,2026-09-09,2026-09-09,625000,625000,625000,2026-09-02,7,7,Active,,,0
2562826,,221705194,,4128 3rd Ave NW,98107,Single Family,2026-08-01,2026-09-09,2026-09-09,1325000,1325000,1325000,2026-07-31,40,40,Active,,,0
2564662,,222054002,,223 NW 87th St,98117,Single Family,2026-08-07,2026-09-09,2026-09-09,949500,949500,949500,2026-08-06,34,34,Active,,,0
2564820,,221981757,,1916 11th Ave W,98119,Single Family,2026-08-05,2026-09-09,2026-09-09,949000,949000,949000,2026-08-04,35,35,Active,,,0
2565488,,222046999,,7533 31st Ave NE,98115,Townhouse,2026-08-06,2026-09-09,2026-09-09,1649950,1649950,1649950,2026-08-05,34,34,Active,,,0
2565513,,222053937,,2331 E Madison St,98112,Townhouse,2026-08-07,2026-09-09,2026-09-09,925000,925000,925000,2026-08-06,34,34,Active,,,0
2565632,,222071740,,10322 Ashworth Ave N,98133,Single Family,2026-08-07,2026-09-09,2026-09-09,1049950,1049950,1049950,2026-08-06,34,34,Active,,,0
2565671,,222079940,,10326 Ashworth Ave N,98133,Single Family,2026-09-04,2026-09-09,2026-09-09,1159950,1159950,1159950,2026-08-06,34,34,Active,,,0
2568705,,222379979,,4549 Thackeray Pl NE,98105,Single Family,2026-08-14,2026-09-09,2026-09-09,1525000,1525000,1525000,2026-08-13,27,27,Active,,,0
2569525,,222499535,,127 N 136th St,98133,Single Family,2026-08-18,2026-09-09,2026-09-09,849950,849950,849950,2026-08-17,23,23,Active,,,0
2570607,,222739047,,8037 Wallingford Ave N,98103,Single Family,2026-08-22,2026-09-09,2026-09-09,1149950,1149950,1149950,2026-08-21,19,19,Active,,,0
2571049,,222663198,,4326 Woodlawn Ave N Unit B Unit B,98103,Townhouse,2026-08-21,2026-09-09,2026-09-09,1038000,1038000,1038000,2026-08-20,20,20,Active,,,0
2571062,,222630482,,5013 Fauntleroy Way SW,98136,Single Family,2026-08-20,2026-09-09,2026-09-09,979900,979900,979900,2026-08-19,21,21,Active,,,0
2572093,,222683318,,4131 21st Ave SW,98106,Single Family,2026-08-21,2026-09-09,2026-09-09,699000,649988,649988,2026-08-20,20,20,Active,2026-09-05,2026-09-05,1
2572664,,222744639,,13321 3rd Ave NE Unit B Unit B,98125,Single Family,2026-08-22,2026-09-09,2026-09-09,824999,799000,799000,2026-08-21,19,19,Active,2026-09-05,2026-09-05,1
2572689,,222931703,,7050 21st Ave NE,98115,Single Family,2026-08-28,2026-09-09,2026-09-09,1069000,1069000,1069000,2026-08-27,13,13,Active,,,0
2574058,,222979352,,819 NE 100th St,98125,Single Family,2026-08-29,2026-09-09,2026-09-09,695950,695950,695950,2026-08-28,12,12,Active,,,0
2574284,,222962134,,5042 35th Ave NE,98105,Single Family,2026-08-29,2026-09-09,2026-09-09,825000,825000,825000,2026-08-28,12,12,Active,,,0
2574415,,222916126,,126 NW 50th St,98107,Single Family,2026-08-28,2026-09-09,2026-09-09,750000,750000,750000,2026-08-27,13,13,Active,,,0
2574687,,222907716,,4301 SW 26th SW,98422,Townhouse,2026-08-27,2026-09-09,2026-09-09,599000,589000,589000,2026-08-26,14,14,Active,2026-09-04,2026-09-04,1
2575014,,222943080,,3245 13th Ave W,98119,Single Family,2026-08-28,2026-09-09,2026-09-09,1025000,1025000,1025000,2026-08-27,13,13,Active,,,0
2576188,,223120409,,10561 15th Ave NW,98177,Single Family,2026-09-03,2026-09-09,2026-09-09,1550000,1550000,1550000,2026-09-02,6,6,Active,,,0
2576956,,223077675,,1118 16th Ave Unit B Unit B,98122,Townhouse,2026-09-02,2026-09-09,2026-09-09,669000,669000,669000,2026-09-01,8,8,Active,,,0
2577989,,223183109,,4334 SW Dawson St,98136,Single Family,2026-09-05,2026-09-09,2026-09-09,1095000,1095000,1095000,2026-09-04,5,5,Active,,,0
2579381,,223265398,,323 NW 83rd St,98117,Single Family,2026-09-09,2026-09-09,2026-09-09,775000,775000,775000,2026-09-08,1,1,Active,,,0
2579512,,223261886,,1201 NW 100th St,98117,Townhouse,2026-09-09,2026-09-09,2026-09-09,1015000,1015000,1015000,2026-09-08,1,1,Active,,,0
22625543,,223163541,,9120 Drexel Cir,98127,Single Family,2026-09-04,2026-09-08,2026-09-08,399000,399000,399000,2026-09-03,4,4,Active,,,0
2442569,,208250993,,2601 23rd Ave S,98144,Single Family,2026-06-08,2026-09-08,2026-09-08,799950,799950,799950,2025-10-09,303,303,Active,,,0
2503525,,213853771,,4550 49th Ave NE,98105,Single Family,2026-07-05,2026-09-08,2026-09-08,2650000,2650000,2650000,2026-06-06,94,94,Active,,,0
2503705,,213781743,,3215 22nd Ave S,98144,Single Family,2026-06-18,2026-09-08,2026-09-08,849950,849950,849950,2026-04-09,152,152,Active,,,0
2529951,,216123308,,1919 A 9th Ave W,98119,Townhouse,2026-06-08,2026-09-08,2026-09-08,1010000,975000,975000,2026-05-28,99,99,Active,2026-07-13,2026-06-18,2
2538346,,217038511,,5506 NE Penrith Rd,98105,Single Family,2026-07-05,2026-09-08,2026-09-08,5250000,5250000,5250000,2026-06-19,81,81,Active,,,0
2542816,,217027160,,119 NW 112th St,98177,Single Family,2026-07-05,2026-09-08,2026-09-08,799000,799000,799000,2026-06-18,82,82,Active,,,0
2544506,,217177143,,719 Harvard Ave E,98102,Townhouse,2026-07-05,2026-09-08,2026-09-08,2850000,2850000,2850000,2026-06-24,76,76,Active,,,0
2549494,,220454117,,301 W Raye St #201,98119,Townhouse,2026-07-05,2026-09-08,2026-09-08,325000,325000,325000,2026-07-03,67,67,Active,,,0
2549834,,220604534,,911 NE 70th St Unit C Unit C,98115,Townhouse,2026-07-13,2026-09-08,2026-09-08,638000,609000,609000,2026-07-10,61,61,Active,2026-08-25,2026-08-05,2
2549992,,220594143,,117 NW 112th St,98177,Single Family,2026-07-13,2026-09-08,2026-09-08,770000,770000,770000,2026-07-09,62,62,Active,,,0
2552151,,220692562,,7712 23rd Ave NW,98117,Single Family,2026-07-13,2026-09-08,2026-09-08,1200000,1150000,1150000,2026-07-11,60,60,Active,2026-08-22,2026-08-22,1
2554845,,220892551,,3704 48th Ave NE,98105,Single Family,2026-07-16,2026-09-08,2026-09-08,4000000,4000000,4000000,2026-07-15,55,55,Active,,,0
2557847,,221100132,,9674 50th Ave SW,98136,Single Family,2026-07-22,2026-09-08,2026-09-08,1750000,1750000,1750000,2026-07-21,49,49,Active,,,0
2557935,,221094274,,1608 NW 65th St Unit A Unit A,98117,Townhouse,2026-07-22,2026-09-08,2026-09-08,712000,699800,699800,2026-07-21,49,49,Active,2026-08-13,2026-08-13,1
2559278,,221181127,,3619 Dayton Ave N,98103,Townhouse,2026-07-24,2026-09-08,2026-09-08,709950,698950,698950,2026-07-23,47,47,Active,2026-08-15,2026-08-15,1
2560202,,221388029,,4600 Green Lake Way N,98103,Single Family,2026-07-28,2026-09-08,2026-09-08,1250000,1250000,1250000,2026-07-27,37,37,Active,,,0
2563817,,221976075,,8803 38th Ave SW,98126,Single Family,2026-08-05,2026-09-08,2026-09-08,2175000,2175000,2175000,2026-08-04,35,35,Active,,,0
2567964,,222405408,,6513 24th Ave NE Unit A Unit A,98115,Townhouse,2026-08-15,2026-09-08,2026-09-08,875000,875000,875000,2026-08-14,25,25,Active,,,0
2568911,,222360564,,3243 22nd Ave W,98199,Single Family,2026-08-14,2026-09-08,2026-09-08,1075000,1075000,1075000,2026-08-13,26,26,Active,,,0
2569316,,222384029,,11054 2nd Ave NW,98177,Single Family,2026-08-14,2026-09-08,2026-09-08,1749000,1749000,1749000,2026-08-13,26,26,Active,,,0
2570417,,223112837,,5003 NE 41st St,98105,Single Family,2026-09-03,2026-09-08,2026-09-08,1998000,1998000,1998000,2026-09-02,6,6,Active,,,0
2571473,,222613955,,1305 NE 55th St,98105,Single Family,2026-08-20,2026-09-08,2026-09-08,725000,725000,725000,2026-08-19,20,20,Active,,,0
2573221,,222812894,,8043 B 19th Ave NE,98115,Townhouse,2026-08-25,2026-09-08,2026-09-08,674950,674950,674950,2026-08-24,15,15,Active,,,0
2574913,,222940917,,5614 Fauntleroy Way SW Unit B Unit B,98136,Townhouse,2026-08-28,2026-09-08,2026-09-08,610000,610000,610000,2026-08-27,12,12,Active,,,0
2577222,,223182517,,3039 49th Ave SW,98116,Single Family,2026-09-05,2026-09-08,2026-09-08,985000,985000,985000,2026-09-04,4,4,Active,,,0
2577610,,223179554,,12202 7th Ave NW,98177,Single Family,2026-09-05,2026-09-08,2026-09-08,1395000,1395000,1395000,2026-09-04,4,4,Active,,,0
2578009,,223193258,,4807 15th Ave S,98108,Townhouse,2026-09-05,2026-09-08,2026-09-08,799999,799999,799999,2026-09-04,4,4,Active,,,0
2187196890185790241,,223183908,,3820 Burke Ave N,98103,Single Family,2026-09-05,2026-09-07,2026-09-07,1699000,1699000,1699000,2026-09-04,3,3,Active,,,0
2187241509509965697,,223189306,,2010 McGilvra Blvd E,98112,Single Family,2026-09-05,2026-09-07,2026-09-07,3898000,3898000,3898000,2026-09-04,3,3,Active,,,0
2510368,,214387357,,7132 34th Ave SW,98126,Single Family,2026-06-08,2026-09-07,2026-09-07,749999,699000,699000,2026-04-24,136,136,Active,2026-08-15,2026-06-18,2
2524665,,215398815,,8742 3rd Ave NW,98117,Single Family,2026-06-08,2026-09-07,2026-09-07,929500,899000,899000,2026-05-15,115,115,Active,2026-08-14,2026-07-24,2
2548714,,220412281,,634 N 92nd St,98103,Townhouse,2026-07-05,2026-09-07,2026-09-07,829900,829900,829900,2026-07-02,67,67,Active,,,0
2557956,,222035419,,209 32nd Ave,98122,Single Family,2026-08-06,2026-09-07,2026-09-07,1599000,1599000,1599000,2026-08-05,33,33,Active,,,0
2558413,,221112982,,414 Lakeside Ave S #13,98144,Single Family,2026-07-22,2026-09-07,2026-09-07,599000,599000,599000,2026-07-21,47,47,Active,,,0
2559112,,222660007,,927 Lake Washington Blvd S,98144,Single Family,2026-08-21,2026-09-07,2026-09-07,995000,970000,970000,2026-08-20,18,18,Active,2026-09-04,2026-09-04,1
2560141,,221271791,,1553 58th St,98107,Single Family,2026-07-25,2026-09-07,2026-09-07,860000,809000,809000,2026-07-24,45,45,Active,2026-08-20,2026-08-06,2
2565314,,222079467,,2406 E Helen St,98112,Single Family,2026-08-07,2026-09-07,2026-09-07,1350000,1299000,1299000,2026-08-06,32,32,Active,2026-08-29,2026-08-29,1
2569905,,222602848,,1624 E McGraw St,98112,Single Family,2026-08-20,2026-09-07,2026-09-07,1725000,1525000,1525000,2026-08-19,19,19,Active,2026-09-04,2026-08-22,2
2570129,,222490026,,1031 McGilvra Blvd E,98112,Single Family,2026-08-18,2026-09-07,2026-09-07,7798000,7798000,7798000,2026-08-17,21,21,Active,,,0
2570498,,222863636,,1414 NW 60th St Unit A Unit A,98107,Townhouse,2026-08-26,2026-09-07,2026-09-07,788000,788000,788000,2026-08-25,13,13,Active,,,0
2575924,,223098415,,6206 43rd Ave NE,98115,Single Family,2026-09-03,2026-09-07,2026-09-07,785000,785000,785000,2026-09-02,5,5,Active,,,0
2576619,,223057717,,2328 Franklin Ave E Unit B Unit B,98102,Townhouse,2026-09-02,2026-09-07,2026-09-07,879950,879950,879950,2026-09-01,6,6,Active,,,0
2576669,,223111519,,1502 Palm Ave SW,98116,Single Family,2026-09-03,2026-09-07,2026-09-07,4250000,4250000,4250000,2026-09-02,5,5,Active,,,0
2577112,,223129147,,1537 Grandview Pl E Unit D Unit D,98112,Townhouse,2026-09-04,2026-09-07,2026-09-07,1175000,1175000,1175000,2026-09-03,4,4,Active,,,0
2577131,,223098757,,6206 43rd Ave NE Unit B Unit B,98115,Townhouse,2026-09-03,2026-09-07,2026-09-07,785000,785000,785000,2026-09-02,5,5,Active,,,0
2577461,,223143992,,3111 Queen Anne Ave N,98109,Single Family,2026-09-04,2026-09-07,2026-09-07,1500000,1500000,1500000,2026-09-03,4,4,Active,,,0
2503265,,213875146,,7514 15th Ave NW Unit F Unit F,98117,Townhouse,2026-06-08,2026-09-06,2026-09-06,719900,699900,699900,2026-04-09,150,150,Active,2026-07-24,2026-07-24,1
2518683,,214915784,,2010 NE 54th St,98105,Single Family,2026-06-08,2026-09-06,2026-09-06,974000,915000,915000,2026-05-08,111,111,Active,2026-07-15,2026-06-18,2
2520745,,214929369,,3449 California Ave SW Unit B Unit B,98116,Townhouse,2026-06-08,2026-09-06,2026-09-06,799950,799950,799950,2026-05-09,120,120,Active,,,0
2536370,,216593269,,1409 NW 54th St,98107,Single Family,2026-06-08,2026-09-06,2026-09-06,850000,850000,850000,2026-06-06,92,92,Active,,,0
2537550,,216917531,,1740 12th Ave S Unit C Unit C,98144,Townhouse,2026-06-18,2026-09-06,2026-09-06,579900,555000,555000,2026-06-16,82,82,Active,2026-07-23,2026-07-23,1
2547928,,218307888,,2016 Fairview Ave E Unit C Unit C,98102,Townhouse,2026-07-05,2026-09-06,2026-09-06,999950,999950,999950,2026-06-30,68,68,Active,,,0
2549941,,220503564,,1500 31st Ave,98122,Single Family,2026-07-13,2026-09-06,2026-09-06,950000,950000,950000,2026-07-07,62,62,Active,,,0
2550172,,220528479,,8221 23rd Ave NE,98115,Single Family,2026-07-13,2026-09-06,2026-09-06,775000,775000,775000,2026-07-08,61,61,Active,,,0
2551985,,220609721,,623 NW Market St,98107,Townhouse,2026-07-13,2026-09-06,2026-09-06,850000,775000,775000,2026-07-10,57,57,Active,2026-09-04,2026-08-12,2
2552328,,220625023,,3824 Evanston Ave N #11,98103,Townhouse,2026-07-13,2026-09-06,2026-09-06,875000,850000,850000,2026-07-10,59,59,Active,2026-09-04,2026-09-04,1
2557155,,221142459,,2010 Fairview Ave E Unit A Unit A,98102,Townhouse,2026-07-23,2026-09-06,2026-09-06,1349950,1349950,1349950,2026-07-22,46,46,Active,,,0
2557156,,221142298,,2019 Minor Ave E,98102,Townhouse,2026-07-23,2026-09-06,2026-09-06,1649950,1649950,1649950,2026-07-22,46,46,Active,,,0
2557157,,221142330,,2017 Minor Ave E,98102,Townhouse,2026-07-23,2026-09-06,2026-09-06,1599950,1599950,1599950,2026-07-22,46,46,Active,,,0
2564046,,221972573,,910 15th Ave Unit B Unit B,98122,Townhouse,2026-08-05,2026-09-06,2026-09-06,1099000,1099000,1099000,2026-08-04,33,33,Active,,,0
2569538,,222428420,,5625 SW Teig Pl,98116,Single Family,2026-08-15,2026-09-06,2026-09-06,1130000,1130000,1130000,2026-08-14,23,23,Active,,,0
2576806,,223143658,,8701 29th Ave NW,98117,Single Family,2026-09-04,2026-09-06,2026-09-06,970000,970000,970000,2026-09-03,3,3,Active,,,0
2577158,,223193942,,10831 11th Ave NE,98125,Townhouse,2026-09-05,2026-09-06,2026-09-06,789000,789000,789000,2026-09-04,2,2,Active,,,0
2522604,,215291500,,2312 S Judkins St,98144,Townhouse,2026-06-08,2026-09-05,2026-09-05,850000,824950,824950,2026-05-13,115,115,Active,2026-08-05,2026-06-18,3
2535322,,216527028,,9059 Carkeek Dr S,98118,Single Family,2026-06-08,2026-09-05,2026-09-05,649900,629990,629990,2026-06-04,93,93,Active,2026-07-31,2026-07-31,1
2547987,,220615260,,11335 Sunnyside Ave N,98133,Single Family,2026-07-13,2026-09-05,2026-09-05,550000,398400,398400,2026-07-10,58,58,Active,2026-08-10,2026-07-22,3
2558731,,221286381,,2540 14th Ave W,98119,Townhouse,2026-07-26,2026-09-05,2026-09-05,1000000,979797,979797,2026-07-25,42,42,Active,2026-08-15,2026-08-11,2
2559233,,221177965,,1115 8th Ave W,98119,Single Family,2026-07-24,2026-09-05,2026-09-05,1495000,1495000,1495000,2026-07-23,44,44,Active,,,0
2561904,,222037199,,4322 Wallingford Ave N Unit A Unit A,98103,Townhouse,2026-08-06,2026-09-05,2026-09-05,825000,785000,785000,2026-08-05,31,31,Active,2026-08-18,2026-08-07,2
2562760,,221694847,,2422 NW 60th Unit B Unit B,98107,Townhouse,2026-08-01,2026-09-05,2026-09-05,779900,779900,779900,2026-07-31,36,36,Active,,,0
2568829,,222956328,,8062 30th Ave NW,98117,Single Family,2026-08-29,2026-09-05,2026-09-05,949500,949500,949500,2026-08-28,8,8,Active,,,0
2572612,,222743036,,3519 NE 95th St,98115,Single Family,2026-08-22,2026-09-05,2026-09-05,849999,849999,849999,2026-08-21,15,15,Active,,,0
2572995,,223092856,,9533 14th Ave NW,98117,Single Family,2026-09-03,2026-09-05,2026-09-05,950000,950000,950000,2026-09-02,3,3,Active,,,0
2573641,,222845943,,2821 Fairview Ave E Unit 4 Unit 4,98102,Single Family,2026-08-26,2026-09-05,2026-09-05,3450000,3450000,3450000,2026-08-25,11,11,Active,,,0
2573650,,222974800,,2450 NW 61st St,98107,Single Family,2026-08-29,2026-09-05,2026-09-05,949000,949000,949000,2026-08-28,8,8,Active,,,0
2575343,,222961481,,4423 Phinney Ave N Unit F Unit F,98103,Townhouse,2026-08-29,2026-09-05,2026-09-05,1100000,1100000,1100000,2026-08-28,8,8,Active,,,0
2576484,,223145626,,8516 37th Ave SW,98126,Single Family,2026-09-04,2026-09-05,2026-09-05,599000,599000,599000,2026-09-03,2,2,Active,,,0
2577536,,223122936,,3023 E Laurelhurst Dr NE,98105,Single Family,2026-09-04,2026-09-05,2026-09-05,2700000,2700000,2700000,2026-09-03,2,2,Active,,,0
2503878,,214102166,,8313 C 12th Ave NW,98117,Townhouse,2026-06-08,2026-09-04,2026-09-04,914900,914900,914900,2026-04-16,141,141,Active,,,0
2507087,,214082078,,508 McGilvra Blvd E,98112,Single Family,2026-06-08,2026-09-04,2026-09-04,15850000,15850000,15850000,2026-04-15,142,142,Active,,,0
2516407,,214849536,,9013 11th Ave SW,98106,Single Family,2026-06-08,2026-09-04,2026-09-04,535000,485000,485000,2026-05-29,98,98,Active,2026-08-26,2026-07-16,2
2536247,,217028142,,2400 W Boston St,98199,Townhouse,2026-07-05,2026-09-04,2026-09-04,680000,649000,649000,2026-06-19,77,77,Active,2026-08-07,2026-07-24,2
2545655,,217234901,,9628 5th Ave NE,98115,Single Family,2026-07-05,2026-09-04,2026-09-04,799900,799900,799900,2026-06-25,71,71,Active,,,0
2554744,,221027331,,811 NE 125th St Unit B Unit B,98125,Single Family,2026-07-20,2026-09-04,2026-09-04,699000,669000,669000,2026-07-19,47,47,Active,2026-08-26,2026-08-26,1
2554920,,220942229,,716 11th Ave E Unit A Unit A,98102,Townhouse,2026-07-17,2026-09-04,2026-09-04,649000,624995,624995,2026-07-16,50,50,Active,2026-08-20,2026-08-20,1
2558612,,222090715,,160 Highland Dr,98109,Single Family,2026-08-07,2026-09-04,2026-09-04,5350000,5350000,5350000,2026-08-06,29,29,Active,,,0
2560601,,221428184,,2652 NW 95th St,98117,Single Family,2026-07-29,2026-09-04,2026-09-04,1269000,1269000,1269000,2026-07-28,37,37,Active,,,0
2561731,,221707042,,404 N 127th St,98133,Townhouse,2026-08-01,2026-09-04,2026-09-04,693000,693000,693000,2026-07-31,35,35,Active,,,0
2565845,,222074491,,8509 Burke Ave N,98103,Single Family,2026-08-07,2026-09-04,2026-09-04,1399880,1399880,1399880,2026-08-06,29,29,Active,,,0
2567517,,222244309,,308 NE 50th St,98105,Single Family,2026-08-12,2026-09-04,2026-09-04,650000,650000,650000,2026-08-11,24,24,Active,,,0
2570383,,222976325,,7719 Ashworth Ave N,98103,Single Family,2026-08-29,2026-09-04,2026-09-04,1200000,1200000,1200000,2026-08-28,7,7,Active,,,0
2573930,,223147382,,115 B N 105th St,98133,Townhouse,2026-09-04,2026-09-04,2026-09-04,525000,525000,525000,2026-09-03,1,1,Active,,,0
2574020,,222898537,,3020 E Yesler Way,98122,Single Family,2026-08-27,2026-09-04,2026-09-04,1050000,1050000,1050000,2026-08-26,9,9,Active,,,0
2574234,,222935296,,14360 Stone Ave N,98133,Townhouse,2026-08-28,2026-09-04,2026-09-04,500000,500000,500000,2026-08-27,8,8,Active,,,0
2574686,,222926817,,3516 SW 107th St,98146,Single Family,2026-08-28,2026-09-04,2026-09-04,899950,899950,899950,2026-08-27,8,8,Active,,,0
2575625,,222984085,,6757 38th Ave SW,98126,Single Family,2026-08-29,2026-09-04,2026-09-04,900000,900000,900000,2026-08-28,7,7,Active,,,0
2575759,,222986416,,2316 41st Ave SW,98116,Single Family,2026-08-29,2026-09-04,2026-09-04,995000,995000,995000,2026-08-28,7,7,Active,,,0
2576481,,223055823,,2650 Walnut Ave SW,98116,Single Family,2026-09-02,2026-09-04,2026-09-04,995000,995000,995000,2026-09-01,3,3,Active,,,0
2508699,,214368981,,7822 NE Lake City Way NE,98115,Single Family,2026-06-08,2026-09-03,2026-09-03,900000,850000,850000,2026-04-23,133,133,Active,2026-06-18,2026-06-18,1
2514081,,220667973,,6681 NE Windermere St,98115,Single Family,2026-07-13,2026-09-03,2026-09-03,3385000,3135000,3135000,2026-07-11,55,55,Active,2026-08-21,2026-08-01,2
2538631,,216762912,,1507 Lakeview Blvd E,98102,Townhouse,2026-06-18,2026-09-03,2026-09-03,739000,675000,675000,2026-06-11,84,84,Active,2026-07-05,2026-07-05,1
2538754,,216774328,,316 NW 41st St Unit B Unit B,98107,Townhouse,2026-06-18,2026-09-03,2026-09-03,979000,959000,959000,2026-06-11,84,84,Active,2026-08-04,2026-08-04,1
2538876,,216771537,,8449 18th Ave SW,98106,Single Family,2026-06-18,2026-09-03,2026-09-03,799000,659000,659000,2026-06-11,84,84,Active,2026-08-21,2026-07-05,5
2539968,,216891233,,8812 Dibble Ave NW,98117,Single Family,2026-07-05,2026-09-03,2026-09-03,999000,950000,950000,2026-06-22,73,73,Active,2026-08-10,2026-08-10,1
2540554,,216976225,,6533 34th Ave SW Unit B Unit B,98126,Single Family,2026-06-18,2026-09-03,2026-09-03,964000,899000,899000,2026-06-17,78,78,Active,2026-08-07,2026-07-15,3
2540711,,216990575,,4414 NE 65th St,98115,Single Family,2026-06-18,2026-09-03,2026-09-03,947000,947000,947000,2026-06-17,77,77,Active,,,0
2542184,,216980820,,6523 39th Ave NE,98115,Single Family,2026-06-18,2026-09-03,2026-09-03,2399000,2199000,2199000,2026-06-17,78,78,Active,2026-07-30,2026-07-13,2
2548034,,218310290,,2228 B NW 60th St,98107,Townhouse,2026-07-05,2026-09-03,2026-09-03,715000,699950,699950,2026-06-30,65,65,Active,2026-08-20,2026-08-20,1
2549901,,220573322,,2715 50th Ave SW,98116,Single Family,2026-07-13,2026-09-03,2026-09-03,749000,725000,725000,2026-07-09,51,51,Active,2026-08-09,2026-08-09,1
2552910,,220684562,,514 N 92nd St,98103,Single Family,2026-07-13,2026-09-03,2026-09-03,759000,759000,759000,2026-07-11,55,55,Active,,,0
2555885,,220962082,,4200 Washington Ave W,98199,Single Family,2026-07-17,2026-09-03,2026-09-03,4275000,4275000,4275000,2026-07-16,49,49,Active,,,0
2562862,,221692652,,4323 15th Ave S,98108,Single Family,2026-08-01,2026-09-03,2026-09-03,845500,845500,845500,2026-07-31,34,34,Active,,,0
2565646,,222079616,,10326 B Ashworth Ave N,98133,Single Family,2026-08-07,2026-09-03,2026-09-03,719950,719950,719950,2026-08-06,28,28,Active,,,0
2567740,,222548528,,2042 42nd Ave E,98112,Single Family,2026-08-19,2026-09-03,2026-09-03,2795000,2795000,2795000,2026-08-18,16,16,Active,,,0
2571187,,222600074,,7755 35th Ave NE,98115,Single Family,2026-08-20,2026-09-03,2026-09-03,1490000,1490000,1490000,2026-08-19,15,15,Active,,,0
2573863,,222973922,,2358 Fairview Ave E,98102,Townhouse,2026-08-29,2026-09-03,2026-09-03,1599000,1599000,1599000,2026-08-28,6,6,Active,,,0
2573893,,222861755,,935 N 92nd St,98103,Single Family,2026-08-26,2026-09-03,2026-09-03,840000,840000,840000,2026-08-25,9,9,Active,,,0
2575325,,222976321,,3020 NW 60th St,98107,Single Family,2026-08-29,2026-09-03,2026-09-03,1550000,1550000,1550000,2026-08-28,6,6,Active,,,0
2576277,,223077789,,847 NE 85th St,98115,Single Family,2026-09-02,2026-09-03,2026-09-03,1300000,1300000,1300000,2026-09-01,2,2,Active,,,0
2491514,,213162788,,2814 E Spring St,98122,Townhouse,2026-06-08,2026-09-02,2026-09-02,725000,685000,685000,2026-03-18,168,168,Active,2026-08-07,2026-07-05,2
2505122,,213865551,,9701 Roosevelt Way NE,98115,Single Family,2026-06-08,2026-09-02,2026-09-02,900000,875000,875000,2026-04-09,146,146,Active,2026-07-05,2026-07-05,1
2508577,,214102264,,7710 Chicago Ct S,98118,Townhouse,2026-06-08,2026-09-02,2026-09-02,518888,465999,465999,2026-04-30,125,125,Active,2026-08-22,2026-07-05,4
2514400,,214495196,,7818 NE Lake City Way NE,98115,Single Family,2026-06-08,2026-09-02,2026-09-02,900000,840000,840000,2026-04-28,127,127,Active,2026-06-18,2026-06-18,1
2515449,,214592472,,2224 NW 63rd St,98107,Single Family,2026-06-08,2026-09-02,2026-09-02,1250000,1050000,1050000,2026-04-30,125,125,Active,2026-08-01,2026-07-05,2
2524432,,215752003,,6002 26th Ave NW,98107,Townhouse,2026-06-08,2026-09-02,2026-09-02,679950,679950,679950,2026-05-21,104,104,Active,,,0
2530902,,216143283,,4008 Linden Ave N Unit A Unit A,98103,Townhouse,2026-06-08,2026-09-02,2026-09-02,925000,855000,855000,2026-05-28,97,97,Active,2026-08-15,2026-07-05,2
2534929,,216479464,,7602 44th Ave SW,98136,Single Family,2026-06-08,2026-09-02,2026-09-02,2495000,2495000,2495000,2026-06-04,90,90,Active,,,0
2537354,,216723149,,1208 W Emerson St,98119,Townhouse,2026-06-18,2026-09-02,2026-09-02,1035000,935000,935000,2026-06-10,84,84,Active,2026-07-25,2026-07-05,3
2542144,,217025603,,124 20th Ave Unit B Unit B,98122,Townhouse,2026-07-05,2026-09-02,2026-09-02,699000,649950,649950,2026-06-18,76,76,Active,2026-08-17,2026-07-13,3
2542974,,217037281,,339 16th Ave E Unit B Unit B,98112,Townhouse,2026-07-05,2026-09-02,2026-09-02,995000,949500,949500,2026-06-19,75,75,Active,2026-08-18,2026-07-30,2
2544608,,217175677,,161 23rd Ave Unit A Unit A,98122,Townhouse,2026-07-05,2026-09-02,2026-09-02,945500,895000,895000,2026-06-24,70,70,Active,2026-07-23,2026-07-23,1
2549864,,220483246,,426 Smith St,98109,Single Family,2026-07-13,2026-09-02,2026-09-02,2330000,2295000,2295000,2026-07-06,59,59,Active,2026-07-16,2026-07-16,1
2552010,,222934747,,8557 24th Ave NW,98117,Single Family,2026-08-28,2026-09-02,2026-09-02,1499000,1499000,1499000,2026-08-27,6,6,Active,,,0
2561929,,222912561,,2916 Walnut Ave SW,98116,Single Family,2026-08-27,2026-09-02,2026-09-02,850000,850000,850000,2026-08-26,6,6,Active,,,0
2562940,,221701492,,6318 41st Ave SW Unit E Unit E,98136,Townhouse,2026-08-01,2026-09-02,2026-09-02,734900,734900,734900,2026-07-31,33,33,Active,,,0
2563048,,221711092,,4018 59th Ave SW,98116,Single Family,2026-08-01,2026-09-02,2026-09-02,850000,850000,850000,2026-07-31,33,33,Active,,,0
2564646,,222249048,,941 N 103rd St,98133,Single Family,2026-08-12,2026-09-02,2026-09-02,800000,800000,800000,2026-08-11,22,22,Active,,,0
2564657,,222248910,,943 N 103rd St,98133,Single Family,2026-08-12,2026-09-02,2026-09-02,600000,600000,600000,2026-08-11,22,22,Active,,,0
2564666,,222249189,,945 N 103rd St,98133,Single Family,2026-08-12,2026-09-02,2026-09-02,550000,550000,550000,2026-08-11,22,22,Active,,,0
2567192,,222311095,,803 W Etruria St,98119,Single Family,2026-08-13,2026-09-02,2026-09-02,1995000,1995000,1995000,2026-08-12,21,21,Active,,,0
2568431,,222333175,,2415 NE 77th St,98115,Single Family,2026-08-14,2026-09-02,2026-09-02,1350000,1299950,1299950,2026-08-13,20,20,Active,2026-08-26,2026-08-26,1
2570816,,222807909,,1525 14th Ave S,98144,Single Family,2026-08-24,2026-09-02,2026-09-02,500000,500000,500000,2026-08-23,9,9,Active,,,0
2572185,,222729738,,5712 17th Ave NW,98107,Single Family,2026-08-22,2026-09-02,2026-09-02,1098000,1098000,1098000,2026-08-21,12,12,Active,,,0
2573292,,222900856,,3421 10th Ave W,98119,Single Family,2026-08-27,2026-09-02,2026-09-02,1895000,1895000,1895000,2026-08-26,7,7,Active,,,0
2573408,,222831296,,3141 Broadway E,98102,Single Family,2026-08-25,2026-09-02,2026-09-02,1195000,1195000,1195000,2026-08-24,9,9,Active,,,0
2575051,,222935993,,13734 Stone Ave N,98133,Single Family,2026-08-28,2026-09-02,2026-09-02,624000,624000,624000,2026-08-27,6,6,Active,,,0
2576857,,223080744,,4406 1st Ave NE,98105,Townhouse,2026-09-02,2026-09-02,2026-09-02,1725000,1725000,1725000,2026-09-01,1,1,Active,,,0
2514701,,214854788,,2307 SW myrtle St,98106,Single Family,2026-06-08,2026-09-01,2026-09-01,812500,795000,795000,2026-05-07,117,117,Active,2026-07-05,2026-07-05,1
2525339,,215424723,,1402 N 136th St,98133,Single Family,2026-06-08,2026-09-01,2026-09-01,799990,780000,780000,2026-05-16,92,92,Active,2026-07-17,2026-07-17,1
2525808,,215595819,,5457 35th Ave SW,98126,Single Family,2026-06-08,2026-09-01,2026-09-01,985000,935000,935000,2026-05-21,103,103,Active,2026-07-25,2026-06-18,2
2533876,,216497383,,5562 15th Ave S,98108,Townhouse,2026-06-08,2026-09-01,2026-09-01,675000,660000,660000,2026-06-04,89,89,Active,2026-07-05,2026-07-05,1
2543482,,217170514,,13716 Midvale Ave N Unit C Unit C,98133,Townhouse,2026-07-05,2026-09-01,2026-09-01,549000,549000,549000,2026-06-24,69,69,Active,,,0
2545424,,220459384,,158 15th Unit B Unit B,98122,Townhouse,2026-07-05,2026-09-01,2026-09-01,700000,670000,670000,2026-07-03,60,60,Active,2026-08-22,2026-07-28,2
2553377,,220957588,,6729 14th Ave NW Unit A Unit A,98117,Single Family,2026-07-17,2026-09-01,2026-09-01,1025000,1025000,1025000,2026-07-16,47,47,Active,,,0
2555277,,220908766,,6727 21st Ave SW,98106,Single Family,2026-07-16,2026-09-01,2026-09-01,549950,499000,499000,2026-07-15,29,29,Active,2026-08-30,2026-08-30,1
2555495,,221181214,,2353 Federal Ave E,98102,Single Family,2026-07-24,2026-09-01,2026-09-01,1050000,1050000,1050000,2026-07-23,40,40,Active,,,0
2556906,,221195494,,3642 37th Ave W,98199,Single Family,2026-07-24,2026-09-01,2026-09-01,1585000,1499950,1499950,2026-07-23,40,40,Active,2026-08-13,2026-08-13,1
2557477,,221092457,,2328 A Franklin Ave E,98102,Townhouse,2026-07-22,2026-09-01,2026-09-01,949950,949950,949950,2026-07-21,42,42,Active,,,0
2557479,,221092365,,2328 B Franklin Ave E,98102,Townhouse,2026-07-23,2026-09-01,2026-09-01,929950,929950,929950,2026-07-21,42,42,Active,,,0
2558306,,221710365,,1709 N 35th St,98103,Single Family,2026-08-01,2026-09-01,2026-09-01,895950,895950,895950,2026-07-31,32,32,Active,,,0
2558876,,221501717,,1613 21st Ave Unit B Unit B,98122,Single Family,2026-07-30,2026-09-01,2026-09-01,738000,738000,738000,2026-07-29,34,34,Active,,,0
2559769,,221752123,,3915 S Burns St,98118,Single Family,2026-08-01,2026-09-01,2026-09-01,639950,639950,639950,2026-07-31,31,31,Active,,,0
2560323,,221287462,,8623 30th Ave NE,98115,Single Family,2026-07-26,2026-09-01,2026-09-01,989500,989500,989500,2026-07-25,38,38,Active,,,0
2562751,,221669472,,2328 D Franklin Ave E,98102,Townhouse,2026-08-01,2026-09-01,2026-09-01,849950,849950,849950,2026-07-31,32,32,Active,,,0
2567008,,222856529,,2564 27th Ave W,98199,Single Family,2026-08-26,2026-09-01,2026-09-01,3250000,3250000,3250000,2026-08-25,7,7,Active,,,0
2567332,,222937300,,130 29th Ave,98122,Single Family,2026-08-28,2026-09-01,2026-09-01,650000,650000,650000,2026-08-27,5,5,Active,,,0
2569285,,222784960,,6322 18th Ave SW,98106,Single Family,2026-08-23,2026-09-01,2026-09-01,599000,599000,599000,2026-08-22,10,10,Active,,,0
2570018,,222918114,,2449 43rd Ave W,98199,Single Family,2026-08-28,2026-09-01,2026-09-01,2300000,2300000,2300000,2026-08-27,5,5,Active,,,0
2570198,,222493068,,1426 37th Ave E,98112,Single Family,2026-08-18,2026-09-01,2026-09-01,1375000,1375000,1375000,2026-08-17,15,15,Active,,,0
2570886,,222606715,,2429 NW 64th St Unit A Unit A,98107,Townhouse,2026-08-20,2026-09-01,2026-09-01,899000,899000,899000,2026-08-19,13,13,Active,,,0
2571110,,222905952,,1721 3rd Ave N,98109,Single Family,2026-08-27,2026-09-01,2026-09-01,1498000,1498000,1498000,2026-08-26,6,6,Active,,,0
2571540,,222615649,,3404 E Spring St,98122,Townhouse,2026-08-20,2026-09-01,2026-09-01,749950,749950,749950,2026-08-19,13,13,Active,,,0
2573851,,222980679,,8730 Palatine Ave N,98103,Single Family,2026-08-29,2026-09-01,2026-09-01,630000,630000,630000,2026-08-28,4,4,Active,,,0
2574259,,222933069,,6741 9th Ave NW,98117,Single Family,2026-08-28,2026-09-01,2026-09-01,899950,899950,899950,2026-08-27,5,5,Active,,,0
2574339,,222900618,,2211 NW 60th St,98107,Single Family,2026-08-27,2026-09-01,2026-09-01,725000,725000,725000,2026-08-26,6,6,Active,,,0
2575012,,222937397,,6516 41st Ave SW,98136,Single Family,2026-08-28,2026-09-01,2026-09-01,750000,750000,750000,2026-08-27,5,5,Active,,,0
2575176,,222975203,,6013 35th Ave SW,98126,Single Family,2026-08-29,2026-09-01,2026-09-01,744800,744800,744800,2026-08-28,4,4,Active,,,0
2575701,,223032279,,8734 13th Ave NW,98117,Single Family,2026-09-01,2026-09-01,2026-09-01,549000,549000,549000,2026-08-31,1,1,Active,,,0
2575900,,222996813,,8319 25th Ave NW,98117,Single Family,2026-08-30,2026-09-01,2026-09-01,695000,695000,695000,2026-08-29,3,3,Active,,,0
0BB5515BDA53,,221261682,,7710 Fairway Dr NE,98115,Single Family,2026-07-25,2026-08-31,2026-08-31,3642500,3642500,3642500,2026-07-24,38,38,Active,,,0
2458225,,209642180,,3854 22nd Ave SW,98106,Townhouse,2026-06-08,2026-08-31,2026-08-31,629000,629000,629000,2025-12-02,272,272,Active,,,0
2482298,,213206879,,942 N 82nd St,98103,Single Family,2026-06-08,2026-08-31,2026-08-31,690000,669000,669000,2026-03-23,161,161,Active,2026-08-29,2026-08-29,1
2483034,,212497215,,3265 31st Ave SW,98126,Single Family,2026-06-08,2026-08-31,2026-08-31,600000,600000,600000,2026-02-26,186,186,Active,,,0
2484541,,212726987,,8553 Midvale Ave N Unit C Unit C,98103,Townhouse,2026-06-08,2026-08-31,2026-08-31,615000,599000,599000,2026-03-05,179,179,Active,2026-07-13,2026-07-13,1
2489531,,213001013,,14338 Lenora Pl N Unit B Unit B,98133,Townhouse,2026-06-08,2026-08-31,2026-08-31,543000,543000,543000,2026-03-13,171,171,Active,,,0
2502873,,213771862,,6221 20th Ave NW,98107,Townhouse,2026-06-08,2026-08-31,2026-08-31,999000,999000,999000,2026-04-07,146,146,Active,,,0
2516816,,214640696,,2615 NE 87th St,98115,Single Family,2026-08-28,2026-08-31,2026-08-31,2560000,2560000,2560000,2026-07-18,44,44,Active,,,0
2524582,,215864807,,2727 36th Ave SW,98126,Single Family,2026-06-08,2026-08-31,2026-08-31,1395000,1395000,1395000,2026-05-22,101,101,Active,,,0
2526755,,215566100,,10330 Stone Ave N,98133,Single Family,2026-06-08,2026-08-31,2026-08-31,659000,659000,659000,2026-05-27,96,96,Active,,,0
2527065,,216045161,,111 NE 63rd St,98115,Single Family,2026-06-08,2026-08-31,2026-08-31,3085000,3085000,3085000,2026-05-26,97,97,Active,,,0
2532026,,216193183,,2143 N Northlake Way #11,98103,Single Family,2026-06-18,2026-08-31,2026-08-31,383000,373000,373000,2026-05-29,94,94,Active,2026-07-15,2026-07-15,1
2537436,,216844394,,2424 NW 62nd St Unit C Unit C,98107,Townhouse,2026-06-18,2026-08-31,2026-08-31,899000,849000,849000,2026-06-12,80,80,Active,2026-08-04,2026-08-04,1
2537899,,217018814,,2460 W Lynn St,98199,Single Family,2026-07-05,2026-08-31,2026-08-31,2999000,2850000,2850000,2026-06-18,74,74,Active,2026-07-25,2026-07-25,1
2538020,,216810010,,8016 Fairway Dr NE,98115,Single Family,2026-06-18,2026-08-31,2026-08-31,3898000,3750000,3750000,2026-06-12,80,80,Active,2026-07-13,2026-07-13,1
2542662,,217020039,,9535 Dayton Ave N,98103,Single Family,2026-07-05,2026-08-31,2026-08-31,1774950,1599950,1599950,2026-06-18,74,74,Active,2026-08-28,2026-07-13,3
2545834,,217215254,,1802 38th Ave,98122,Townhouse,2026-07-05,2026-08-31,2026-08-31,869000,869000,869000,2026-06-25,67,67,Active,,,0
2546391,,217246159,,311 NW 92nd St,98117,Single Family,2026-07-05,2026-08-31,2026-08-31,694999,694999,694999,2026-06-26,66,66,Active,,,0
2547863,,220575748,,831 NW 52nd St,98107,Single Family,2026-07-13,2026-08-31,2026-08-31,599000,599000,599000,2026-07-09,54,54,Active,,,0
2548661,,220395722,,7044 50th Ave NE,98115,Single Family,2026-07-05,2026-08-31,2026-08-31,3500000,3300000,3300000,2026-07-01,61,61,Active,2026-08-08,2026-08-08,1
2554944,,220910044,,1644 B 20th Ave,98122,Townhouse,2026-07-16,2026-08-31,2026-08-31,935000,935000,935000,2026-07-15,47,47,Active,,,0
2556476,,221125097,,7624 39th Ave S,98118,Single Family,2026-07-23,2026-08-31,2026-08-31,698800,685000,685000,2026-07-22,40,40,Active,2026-08-07,2026-08-07,1
2559354,,221201080,,821 NW 53rd St Unit A Unit A,98107,Townhouse,2026-07-24,2026-08-31,2026-08-31,830000,799950,799950,2026-07-23,39,39,Active,2026-08-20,2026-08-20,1
2562794,,221679698,,2456 3rd Ave W,98119,Single Family,2026-08-01,2026-08-31,2026-08-31,1190000,1125000,1125000,2026-07-31,31,31,Active,2026-08-21,2026-08-21,1
2564553,,222039500,,12324 11th Ave NE,98125,Single Family,2026-08-06,2026-08-31,2026-08-31,1050000,1050000,1050000,2026-08-05,23,23,Active,,,0
2565389,,222591291,,1532 5th Ave W,98119,Single Family,2026-08-20,2026-08-31,2026-08-31,1700000,1700000,1700000,2026-08-19,12,12,Active,,,0
2570893,,222725942,,2650 NW 95th St,98117,Single Family,2026-08-22,2026-08-31,2026-08-31,799000,799000,799000,2026-08-21,10,10,Active,,,0
2572650,,222893408,,1035 NE 91st St,98115,Single Family,2026-08-27,2026-08-31,2026-08-31,799950,799950,799950,2026-08-26,5,5,Active,,,0
2573087,,222927982,,5920 39th Ave SW,98136,Single Family,2026-08-28,2026-08-31,2026-08-31,749950,749950,749950,2026-08-27,4,4,Active,,,0
2573491,,222934252,,10233 44th Ave SW,98146,Single Family,2026-08-28,2026-08-31,2026-08-31,1100000,1100000,1100000,2026-08-27,4,4,Active,,,0
2573582,,222897785,,2220 B NW 62nd St,98107,Townhouse,2026-08-27,2026-08-31,2026-08-31,875000,875000,875000,2026-08-26,5,5,Active,,,0
2574954,,222966011,,1823 E Shelby St,98112,Single Family,2026-08-29,2026-08-31,2026-08-31,1200000,1200000,1200000,2026-08-28,3,3,Active,,,0
2490731,,212991203,,6555 NE Windermere Rd,98105,Single Family,2026-06-08,2026-08-30,2026-08-30,4688000,4688000,4688000,2026-03-12,171,171,Active,,,0
2522647,,215259314,,1303 13th Ave S,98144,Single Family,2026-06-08,2026-08-30,2026-08-30,895000,895000,895000,2026-05-12,110,110,Active,,,0
2540600,,216933426,,903 23rd Ave S,98144,Single Family,2026-06-18,2026-08-30,2026-08-30,1380000,1350000,1350000,2026-06-16,75,75,Active,2026-08-04,2026-08-04,1
2546048,,217259590,,1401 29th Ave,98122,Townhouse,2026-07-05,2026-08-30,2026-08-30,849950,849950,849950,2026-06-26,65,65,Active,,,0
2549076,,220693659,,3016 S Edmunds St,98108,Single Family,2026-07-13,2026-08-30,2026-08-30,835000,815000,815000,2026-07-11,51,51,Active,2026-08-15,2026-08-15,1
2555411,,220919684,,322 N 81St St,98103,Single Family,2026-07-16,2026-08-30,2026-08-30,989000,989000,989000,2026-07-15,46,46,Active,,,0
2557242,,221142462,,1409 29th Ave,98122,Single Family,2026-07-23,2026-08-30,2026-08-30,849950,849950,849950,2026-07-22,39,39,Active,,,0
2559994,,222412350,,8121 11th Ave SW,98106,Single Family,2026-08-15,2026-08-30,2026-08-30,899000,899000,899000,2026-08-14,16,16,Active,,,0
2567333,,222331469,,1620 E Alder St,98122,Single Family,2026-08-14,2026-08-30,2026-08-30,1595000,1595000,1595000,2026-08-13,17,17,Active,,,0
2567362,,222297329,,4407 40th Ave SW,98116,Single Family,2026-08-13,2026-08-30,2026-08-30,995000,995000,995000,2026-08-12,18,18,Active,,,0
2573528,,222899397,,9035 11th Ave NW,98117,Single Family,2026-08-27,2026-08-30,2026-08-30,799950,799950,799950,2026-08-26,4,4,Active,,,0
2573693,,222843585,,6058 6th Ave NE,98115,Single Family,2026-08-25,2026-08-30,2026-08-30,675000,675000,675000,2026-08-24,5,5,Active,,,0
2574096,,222944863,,3844 49th Ave SW,98116,Single Family,2026-08-28,2026-08-30,2026-08-30,930000,930000,930000,2026-08-27,3,3,Active,,,0
2574584,,222939703,,8148 16th Ave SW,98106,Single Family,2026-08-28,2026-08-30,2026-08-30,715000,715000,715000,2026-08-27,3,3,Active,,,0
2494216,,213206878,,3026 SW Charlestown St Unit C Unit C,98126,Townhouse,2026-06-08,2026-08-29,2026-08-29,599950,565000,565000,2026-03-19,163,163,Active,2026-08-19,2026-06-18,3
2528990,,222653356,,6714 14th Ave SW,98106,Single Family,2026-08-21,2026-08-29,2026-08-29,749000,749000,749000,2026-08-20,9,9,Active,,,0
2543262,,217150430,,4146 3rd Ave NW,98107,Single Family,2026-07-05,2026-08-29,2026-08-29,1199500,1199500,1199500,2026-06-23,66,66,Active,,,0
2545928,,217276498,,1000 15th Ave E,98112,Single Family,2026-07-05,2026-08-29,2026-08-29,2395000,2295000,2295000,2026-06-26,64,64,Active,2026-08-23,2026-08-23,1
2558128,,221101958,,5925 31st Ave SW,98126,Single Family,2026-07-22,2026-08-29,2026-08-29,1065000,1065000,1065000,2026-07-21,39,39,Active,,,0
2560143,,222327966,,315 W Galer St #107,98119,Townhouse,2026-08-14,2026-08-29,2026-08-29,1399000,1399000,1399000,2026-08-13,16,16,Active,,,0
2566912,,222285933,,813 NE 125th St,98125,Townhouse,2026-08-13,2026-08-29,2026-08-29,769000,739000,739000,2026-08-12,17,17,Active,2026-08-26,2026-08-26,1
2570007,,222620730,,1516 34th Ave,98122,Single Family,2026-08-20,2026-08-29,2026-08-29,1475000,1475000,1475000,2026-08-19,10,10,Active,,,0
2574063,,222981833,,817 NE 100th St,98125,Single Family,2026-08-29,2026-08-29,2026-08-29,999950,999950,999950,2026-08-28,1,1,Active,,,0
2574245,,222891224,,8311 3rd Ave NW,98117,Single Family,2026-08-27,2026-08-29,2026-08-29,585000,585000,585000,2026-08-26,3,3,Active,,,0
2575717,,222982444,,8319 25th Ave NW,98117,Single Family,2026-08-29,2026-08-29,2026-08-29,695000,695000,695000,2026-08-28,1,1,Active,,,0
2492673,,213038237,,9013 14th Ave SW,98106,Single Family,2026-06-08,2026-08-28,2026-08-28,799950,774950,774950,2026-03-13,168,168,Active,2026-08-14,2026-06-18,3
2507081,,214028971,,10903 Whitman Ave N,98133,Single Family,2026-06-08,2026-08-28,2026-08-28,839995,829995,829995,2026-04-14,136,136,Active,2026-06-18,2026-06-18,1
2521632,,215370778,,602 18th Ave E,98112,Single Family,2026-06-08,2026-08-28,2026-08-28,1595000,1299000,1299000,2026-05-15,95,95,Active,2026-08-20,2026-06-18,3
2522150,,215280411,,2203 22nd Ave S Unit A Unit A,98144,Single Family,2026-06-08,2026-08-28,2026-08-28,640000,625000,625000,2026-05-13,107,107,Active,2026-07-05,2026-07-05,1
2526365,,215561564,,3319 W ELMORE St,98199,Single Family,2026-06-08,2026-08-28,2026-08-28,1890000,1880000,1880000,2026-05-20,60,60,Active,2026-08-19,2026-08-19,1
2527360,,216121648,,2409 NW 64th St,98107,Townhouse,2026-06-08,2026-08-28,2026-08-28,799000,799000,799000,2026-05-28,92,92,Active,,,0
2528723,,215933280,,8319 25th Ave NW,98117,Single Family,2026-06-18,2026-08-28,2026-08-28,759950,759950,759950,2026-05-22,98,98,Active,,,0
2528960,,215979864,,7756 14th Ave SW,98106,Single Family,2026-06-08,2026-08-28,2026-08-28,650000,650000,650000,2026-05-24,96,96,Active,,,0
2537862,,216968059,,43 W Etruria,98119,Single Family,2026-06-18,2026-08-28,2026-08-28,1100000,1063000,1063000,2026-06-17,72,72,Active,2026-07-24,2026-07-24,1
2540468,,220934489,,5244 Brooklyn Ave NE Unit A Unit A,98105,Townhouse,2026-07-17,2026-08-28,2026-08-28,799000,799000,799000,2026-07-16,43,43,Active,,,0
2541830,,217316829,,3248 NW Market St,98107,Single Family,2026-07-05,2026-08-28,2026-08-28,1450000,1330000,1330000,2026-06-29,60,60,Active,2026-08-14,2026-07-22,4
2544384,,217216159,,9016 12th Ave SW Unit C Unit C,98106,Single Family,2026-07-05,2026-08-28,2026-08-28,599950,575000,575000,2026-06-25,64,64,Active,2026-08-15,2026-07-30,2
2544959,,217172680,,510 N 138th St,98133,Single Family,2026-07-05,2026-08-28,2026-08-28,799900,779000,779000,2026-06-24,65,65,Active,2026-08-21,2026-08-21,1
2545546,,217246016,,10704 Linden Ave N,98133,Single Family,2026-07-05,2026-08-28,2026-08-28,620000,620000,620000,2026-06-26,63,63,Active,,,0
2559177,,221199264,,5716 14th Ave NW,98107,Townhouse,2026-07-24,2026-08-28,2026-08-28,1099950,1099950,1099950,2026-07-23,36,36,Active,,,0
2559676,,221255662,,3308 Fuhrman Ave E #1,98102,Single Family,2026-07-25,2026-08-28,2026-08-28,615000,615000,615000,2026-07-24,35,35,Active,,,0
2566961,,222316508,,5605 30th Ave NW,98107,Townhouse,2026-08-13,2026-08-28,2026-08-28,1198000,1198000,1198000,2026-08-12,15,15,Active,,,0
2568021,,222290710,,6704 15th Ave NW,98117,Townhouse,2026-08-13,2026-08-28,2026-08-28,698000,698000,698000,2026-08-12,16,16,Active,,,0
2569888,,222456963,,936 N 35th St Unit E Unit E,98103,Townhouse,2026-08-16,2026-08-28,2026-08-28,700000,700000,700000,2026-08-15,13,13,Active,,,0
2570663,,222582794,,11310 5th Ave NE,98125,Single Family,2026-08-19,2026-08-28,2026-08-28,699990,699990,699990,2026-08-18,9,9,Active,,,0
2571140,,222607241,,8817 Densmore Ave N,98103,Single Family,2026-08-20,2026-08-28,2026-08-28,799950,799950,799950,2026-08-19,9,9,Active,,,0
2573313,,222935189,,5257 36th Ave NE,98105,Single Family,2026-08-28,2026-08-28,2026-08-28,925000,925000,925000,2026-08-27,1,1,Active,,,0
2574220,,222940375,,906 13th Ave Unit B Unit B,98122,Townhouse,2026-08-28,2026-08-28,2026-08-28,695000,695000,695000,2026-08-27,1,1,Active,,,0
2575091,,222945328,,210 N 115th St,98133,Single Family,2026-08-28,2026-08-28,2026-08-28,949950,949950,949950,2026-08-27,1,1,Active,,,0
2510259,,214254829,,10532 Evanston Ave N,98133,Single Family,2026-06-08,2026-08-27,2026-08-27,1175000,1139950,1139950,2026-04-21,128,128,Active,2026-07-13,2026-07-13,1
2523448,,215388527,,1560 28th Ave W,98199,Single Family,2026-06-08,2026-08-27,2026-08-27,1785000,1725000,1725000,2026-05-15,104,104,Active,2026-06-18,2026-06-18,1
2531006,,216587784,,542 W Barrett St,98109,Townhouse,2026-06-08,2026-08-27,2026-08-27,1124900,1124900,1124900,2026-06-06,82,82,Active,,,0
2539358,,220395051,,123 N 136th St,98133,Single Family,2026-07-05,2026-08-27,2026-08-27,1199950,1199950,1199950,2026-07-01,57,57,Active,,,0
2549580,,220560802,,1810 NW 85th St,98117,Townhouse,2026-07-13,2026-08-27,2026-08-27,499900,499900,499900,2026-07-09,50,50,Active,,,0
2560138,,221271431,,3245 13th Ave W,98119,Single Family,2026-07-25,2026-08-27,2026-08-27,1079000,1079000,1079000,2026-07-24,34,34,Active,,,0
2563963,,222246431,,3844 49th Ave SW,98116,Single Family,2026-08-12,2026-08-27,2026-08-27,980000,980000,980000,2026-08-11,16,16,Active,,,0
2565545,,222071814,,150 NW 84th St,98117,Single Family,2026-08-07,2026-08-27,2026-08-27,854050,854050,854050,2026-08-06,21,21,Active,,,0
2566892,,222259269,,10030 37th Ave SW,98146,Single Family,2026-08-12,2026-08-27,2026-08-27,1200000,1200000,1200000,2026-08-11,16,16,Active,,,0
2567119,,222746531,,6542 Greenwood Ave N,98103,Single Family,2026-08-22,2026-08-27,2026-08-27,629000,629000,629000,2026-08-21,6,6,Active,,,0
2573371,,222888225,,4338 SW Willow St,98136,Single Family,2026-08-27,2026-08-27,2026-08-27,825000,825000,825000,2026-08-26,1,1,Active,,,0
2573396,,222827018,,1927 42nd Ave SW,98116,Single Family,2026-08-25,2026-08-27,2026-08-27,965000,965000,965000,2026-08-24,3,3,Active,,,0
2477769,,211811994,,1520 S Bennett St,98108,Single Family,2026-06-08,2026-08-26,2026-08-26,689000,689000,689000,2026-02-06,201,201,Active,,,0
2489816,,212855986,,932 N 96th St,98103,Townhouse,2026-06-08,2026-08-26,2026-08-26,635000,635000,635000,2026-03-09,170,170,Active,,,0
2501736,,213676563,,8117 17th Ave SW,98106,Single Family,2026-06-08,2026-08-26,2026-08-26,625000,599000,599000,2026-04-03,145,145,Active,2026-07-15,2026-06-18,3
2514561,,214544469,,4028 5th Ave NE,98105,Single Family,2026-06-08,2026-08-26,2026-08-26,699950,679888,679888,2026-04-29,119,119,Active,2026-07-16,2026-07-16,1
2518315,,216279591,,2770 Westlake Ave N #6,98109,Single Family,2026-06-08,2026-08-26,2026-08-26,1595000,1525000,1525000,2026-06-01,86,86,Active,2026-07-29,2026-07-29,1
2532022,,216189065,,102 NE 44th St,98105,Townhouse,2026-06-08,2026-08-26,2026-08-26,1775000,1775000,1775000,2026-05-29,89,89,Active,,,0
2544107,,220619791,,2122 NE 89th St,98115,Townhouse,2026-07-13,2026-08-26,2026-08-26,639000,639000,639000,2026-07-10,48,48,Active,,,0
2546550,,217264629,,2138 N 113th St Unit B Unit B,98133,Townhouse,2026-07-05,2026-08-26,2026-08-26,699850,699850,699850,2026-06-26,61,61,Active,,,0
2550925,,220597369,,5013 40th Ave NE,98105,Townhouse,2026-07-13,2026-08-26,2026-08-26,890000,890000,890000,2026-07-10,48,48,Active,,,0
2551383,,220614530,,3442 13th Ave W Unit A Unit A,98119,Townhouse,2026-07-13,2026-08-26,2026-08-26,1999900,1999900,1999900,2026-07-10,48,48,Active,,,0
2551405,,220620898,,3444 13th Ave W Unit C Unit C,98119,Townhouse,2026-07-13,2026-08-26,2026-08-26,999900,999900,999900,2026-07-10,48,48,Active,,,0
2552076,,220609954,,2419 Federal Ave E,98102,Single Family,2026-07-13,2026-08-26,2026-08-26,1695000,1695000,1695000,2026-07-10,48,48,Active,,,0
2561876,,222043349,,3446 13th Ave W Unit B Unit B,98119,Single Family,2026-08-06,2026-08-26,2026-08-26,899900,899900,899900,2026-08-05,21,21,Active,,,0
2562944,,222082396,,1753 18th Ave S,98144,Townhouse,2026-08-07,2026-08-26,2026-08-26,780000,780000,780000,2026-08-06,20,20,Active,,,0
2564390,,222083042,,2541 10th Ave W,98119,Single Family,2026-08-07,2026-08-26,2026-08-26,1295000,1295000,1295000,2026-08-06,20,20,Active,,,0
2567114,,222690306,,347 NW 74th St,98117,Single Family,2026-08-21,2026-08-26,2026-08-26,1195000,1195000,1195000,2026-08-20,6,6,Active,,,0
2567439,,222337206,,3648 Francis Ave N Unit B Unit B,98103,Townhouse,2026-08-14,2026-08-26,2026-08-26,749000,749000,749000,2026-08-13,13,13,Active,,,0
2567809,,222300103,,1522 34th Ave,98122,Single Family,2026-08-13,2026-08-26,2026-08-26,1575000,1575000,1575000,2026-08-12,14,14,Active,,,0
2570363,,222606508,,325 NW 74th St,98117,Single Family,2026-08-20,2026-08-26,2026-08-26,1449950,1449950,1449950,2026-08-19,7,7,Active,,,0
2570387,,222553571,,1970 25th Ave E,98112,Single Family,2026-08-19,2026-08-26,2026-08-26,1395000,1395000,1395000,2026-08-18,8,8,Active,,,0
2570398,,222606331,,3002 21st Ave S,98144,Single Family,2026-08-20,2026-08-26,2026-08-26,550000,550000,550000,2026-08-19,7,7,Active,,,0
2571750,,222696391,,5612 C Roosevelt Way NE,98105,Townhouse,2026-08-21,2026-08-26,2026-08-26,1040000,1040000,1040000,2026-08-20,6,6,Active,,,0
2571755,,222651626,,3011 E Pine St,98122,Single Family,2026-08-21,2026-08-26,2026-08-26,552950,552950,552950,2026-08-20,6,6,Active,,,0
2572320,,222700365,,2518 E Roy St,98112,Single Family,2026-08-21,2026-08-26,2026-08-26,1595000,1595000,1595000,2026-08-20,6,6,Active,,,0
2449038,,208973051,,10306 E Midvale Ave N,98133,Townhouse,2026-06-08,2026-08-25,2026-08-25,579900,549950,549950,2025-10-31,298,298,Active,2026-07-05,2026-07-05,1
2484129,,212472263,,1524 13th Ave S Unit A Unit A,98144,Townhouse,2026-06-08,2026-08-25,2026-08-25,879000,869000,869000,2026-02-25,181,181,Active,2026-06-18,2026-06-18,1
2506137,,214058750,,9029 17th Ave SW,98106,Townhouse,2026-06-08,2026-08-25,2026-08-25,650000,595000,595000,2026-04-15,132,132,Active,2026-07-29,2026-07-05,2
2531554,,216142299,,6832 47th Ave NE Unit B Unit B,98115,Townhouse,2026-06-18,2026-08-25,2026-08-25,819000,799000,799000,2026-05-28,89,89,Active,2026-07-13,2026-07-13,1
2532571,,216309529,,3917 Midvale Ave N Unit A Unit A,98103,Single Family,2026-06-08,2026-08-25,2026-08-25,1250000,1199800,1199800,2026-06-02,84,84,Active,2026-07-15,2026-07-05,2
2546878,,217303793,,5253 B California Ave SW,98136,Townhouse,2026-07-05,2026-08-25,2026-08-25,995000,995000,995000,2026-06-28,58,58,Active,,,0
2549987,,220553468,,5248 23rd Ave SW,98106,Single Family,2026-07-13,2026-08-25,2026-08-25,1400000,1400000,1400000,2026-07-08,49,49,Active,,,0
2558537,,221125232,,7025 25th Ave NE,98115,Single Family,2026-07-23,2026-08-25,2026-08-25,705000,687000,687000,2026-07-22,34,34,Active,2026-08-11,2026-08-11,1
2560067,,221695760,,4300 SW Willow St Unit E Unit E,98136,Townhouse,2026-08-01,2026-08-25,2026-08-25,650000,650000,650000,2026-07-31,25,25,Active,,,0
2560615,,221712243,,2935 39th Ave SW,98116,Single Family,2026-08-01,2026-08-25,2026-08-25,725000,750000,750000,2026-07-31,25,25,Active,2026-08-02,2026-08-02,1
2561878,,221523493,,5426 31st Ave S,98108,Single Family,2026-07-30,2026-08-25,2026-08-25,1700000,1700000,1700000,2026-07-29,26,26,Active,,,0
2565815,,222727857,,5509 Kensington Pl N,98103,Single Family,2026-08-22,2026-08-25,2026-08-25,849600,849600,849600,2026-08-21,4,4,Active,,,0
2566007,,222198789,,2220 B NW 62nd St,98107,Townhouse,2026-08-11,2026-08-25,2026-08-25,924500,924500,924500,2026-08-10,15,15,Active,,,0
2567530,,222238630,,402 Aloha St,98109,Townhouse,2026-08-12,2026-08-25,2026-08-25,1025000,1025000,1025000,2026-08-11,14,14,Active,,,0
2568493,,222340719,,6224 NE Princeton Way,98115,Single Family,2026-08-14,2026-08-25,2026-08-25,3599000,3599000,3599000,2026-08-13,12,12,Active,,,0
2568743,,222653164,,5903 36th Ave SW,98126,Single Family,2026-08-21,2026-08-25,2026-08-25,1275000,1275000,1275000,2026-08-20,5,5,Active,,,0
2568862,,222339828,,8821 Dibble Ave NW,98117,Single Family,2026-08-16,2026-08-25,2026-08-25,1549998,1549998,1549998,2026-08-13,12,12,Active,,,0
2568888,,222340159,,2310 W Dravus St,98199,Townhouse,2026-08-14,2026-08-25,2026-08-25,831250,831250,831250,2026-08-13,12,12,Active,,,0
2570059,,222560564,,3811 SW 105th St,98146,Single Family,2026-08-19,2026-08-25,2026-08-25,749900,749900,749900,2026-08-18,7,7,Active,,,0
2570140,,222687279,,8021 9th Ave NW,98117,Single Family,2026-08-21,2026-08-25,2026-08-25,1298000,1298000,1298000,2026-08-20,5,5,Active,,,0
2570266,,222500459,,4311 Greenwood Ave N,98103,Single Family,2026-08-18,2026-08-25,2026-08-25,998000,998000,998000,2026-08-17,8,8,Active,,,0
2571204,,222597302,,2609 NW 57th St Unit C Unit C,98107,Townhouse,2026-08-20,2026-08-25,2026-08-25,639000,639000,639000,2026-08-19,6,6,Active,,,0
2571521,,222651857,,7537 18th Ave NW,98117,Single Family,2026-08-21,2026-08-25,2026-08-25,975000,975000,975000,2026-08-20,5,5,Active,,,0
11567882,,222319446,,3831 Bagley Ave N,98103,Single Family,2026-08-13,2026-08-24,2026-08-24,869000,869000,869000,2026-08-12,11,11,Active,,,0
2506010,,214090172,,4319 SW Mills St,98136,Single Family,2026-06-08,2026-08-24,2026-08-24,599950,599950,599950,2026-05-08,108,108,Active,,,0
2508129,,214386725,,5937 California Ave SW Unit C Unit C,98136,Townhouse,2026-06-08,2026-08-24,2026-08-24,668500,649000,649000,2026-04-24,122,122,Active,2026-07-13,2026-07-13,1
2519799,,214833765,,1259 23rd Ave E,98112,Single Family,2026-06-08,2026-08-24,2026-08-24,2325000,2325000,2325000,2026-05-07,109,109,Active,,,0
2522181,,215308562,,8424 24th Ave SW,98106,Townhouse,2026-06-08,2026-08-24,2026-08-24,760000,695000,695000,2026-05-13,103,103,Active,2026-08-07,2026-07-05,6
2531049,,216122213,,1762 NW 60th St Unit B Unit B,98107,Townhouse,2026-06-08,2026-08-24,2026-08-24,954950,924950,924950,2026-05-28,88,88,Active,2026-08-07,2026-08-07,1
2541572,,217007578,,7747 2nd Ave NE,98115,Townhouse,2026-06-18,2026-08-24,2026-08-24,774950,754950,754950,2026-06-17,67,67,Active,2026-07-17,2026-07-17,1
2543926,,220686945,,3111 W Mansell St,98199,Single Family,2026-07-13,2026-08-24,2026-08-24,2498950,2498950,2498950,2026-07-11,45,45,Active,,,0
2545334,,217252170,,3929 2nd Ave NE,98105,Townhouse,2026-07-13,2026-08-24,2026-08-24,849800,798000,798000,2026-07-05,51,51,Active,2026-07-22,2026-07-22,1
2546085,,217246099,,1426 18th Ave Unit A Unit A,98122,Single Family,2026-07-05,2026-08-24,2026-08-24,1160000,1095000,1095000,2026-06-26,59,59,Active,2026-08-05,2026-08-05,1
2548937,,220413672,,1942 7th Ave W,98119,Single Family,2026-07-05,2026-08-24,2026-08-24,2975000,2975000,2975000,2026-07-02,53,53,Active,,,0
2550994,,220905717,,11469 Marine View Dr SW,98146,Single Family,2026-07-16,2026-08-24,2026-08-24,2500000,2350000,2350000,2026-07-15,40,40,Active,2026-08-12,2026-08-12,1
2554814,,220854502,,6831 37th Ave NE,98115,Single Family,2026-07-15,2026-08-24,2026-08-24,949000,919000,919000,2026-07-14,41,41,Active,2026-08-05,2026-08-05,1
2556636,,221183624,,1812 N 39th,98103,Single Family,2026-07-24,2026-08-24,2026-08-24,1035000,1035000,1035000,2026-07-23,32,32,Active,,,0
2557159,,221142460,,2012 Fairview Ave E Unit B Unit B,98102,Townhouse,2026-07-23,2026-08-24,2026-08-24,689950,689950,689950,2026-07-22,33,33,Active,,,0
2558536,,221123292,,8043 19th Ave NE,98115,Townhouse,2026-07-23,2026-08-24,2026-08-24,712499,712499,712499,2026-07-22,33,33,Active,,,0
2559279,,221201866,,11516 8th Ave NE,98125,Single Family,2026-07-24,2026-08-24,2026-08-24,950000,899000,899000,2026-07-23,32,32,Active,2026-08-18,2026-08-06,2
2560469,,221298713,,2545 36th Ave W,98199,Single Family,2026-07-27,2026-08-24,2026-08-24,3450000,3450000,3450000,2026-07-26,29,29,Active,,,0
2561852,,221702708,,7511 Dumar Way SW,98106,Single Family,2026-08-01,2026-08-24,2026-08-24,925000,915000,915000,2026-07-31,24,24,Active,2026-08-12,2026-08-12,1
2563123,,221728923,,3304 Fuhrman Ave E #10,98102,Single Family,2026-08-01,2026-08-24,2026-08-24,283000,283000,283000,2026-07-31,24,24,Active,,,0
2566529,,222128743,,1413 A N 48th St,98103,Townhouse,2026-08-08,2026-08-24,2026-08-24,989000,989000,989000,2026-08-07,17,17,Active,,,0
2567976,,222262280,,8626 21st Ave NW,98117,Single Family,2026-08-12,2026-08-24,2026-08-24,892950,892950,892950,2026-08-11,13,13,Active,,,0
2570039,,222550973,,4227 Meridian Ave N,98103,Single Family,2026-08-19,2026-08-24,2026-08-24,2190000,2190000,2190000,2026-08-18,6,6,Active,,,0
2571352,,222660504,,2833 NW 69th St,98117,Single Family,2026-08-21,2026-08-24,2026-08-24,1200000,1200000,1200000,2026-08-20,4,4,Active,,,0
2571694,,222693363,,6327 34th Ave SW,98126,Single Family,2026-08-21,2026-08-24,2026-08-24,929950,929950,929950,2026-08-20,4,4,Active,,,0
2571814,,222645281,,11711 Greenwood Ave N Unit B Unit B,98133,Townhouse,2026-08-20,2026-08-24,2026-08-24,649000,649000,649000,2026-08-19,4,4,Active,,,0
2572123,,222727611,,2502 NE 68th St,98115,Single Family,2026-08-22,2026-08-24,2026-08-24,1187000,1187000,1187000,2026-08-21,3,3,Active,,,0
2572304,,222753530,,1404 N 136th St,98125,Single Family,2026-08-22,2026-08-24,2026-08-24,550000,550000,550000,2026-08-21,3,3,Active,,,0
2572473,,222746274,,9613 Roosevelt Way NE Unit B Unit B,98115,Townhouse,2026-08-22,2026-08-24,2026-08-24,675000,675000,675000,2026-08-21,3,3,Active,,,0
2573053,,222804370,,10504 12th Ave NW,98177,Single Family,2026-08-24,2026-08-24,2026-08-24,800000,800000,800000,2026-08-23,1,1,Active,,,0
2510881,,214340130,,4257 W 33rd Ave W #1,98199,Single Family,2026-06-08,2026-08-23,2026-08-23,1165000,1165000,1165000,2026-04-23,122,122,Active,,,0
2527181,,215868976,,2127 2nd Ave N,98109,Townhouse,2026-06-08,2026-08-23,2026-08-23,849950,819950,819950,2026-05-22,93,93,Active,2026-07-13,2026-07-13,1
2541844,,222718773,,9114 31st Ave NW,98117,Single Family,2026-08-22,2026-08-23,2026-08-23,1495000,1495000,1495000,2026-08-21,2,2,Active,,,0
2546454,,217261370,,2107 21st Ave S,98144,Single Family,2026-07-05,2026-08-23,2026-08-23,1100000,1065000,1065000,2026-06-26,58,58,Active,2026-07-16,2026-07-16,1
2547911,,220464445,,9216 Stone Ave N Unit B Unit B,98103,Townhouse,2026-07-05,2026-08-23,2026-08-23,575000,550000,550000,2026-07-03,44,44,Active,2026-08-14,2026-08-14,1
2553795,,220903760,,3310 9th Ave W,98119,Single Family,2026-07-16,2026-08-23,2026-08-23,1600000,1600000,1600000,2026-07-15,39,39,Active,,,0
2555589,,220980062,,8538 Ashworth Ave N,98103,Single Family,2026-07-18,2026-08-23,2026-08-23,950000,950000,950000,2026-07-17,37,37,Active,,,0
2557367,,221492888,,7730 17th Ave NE,98115,Single Family,2026-07-30,2026-08-23,2026-08-23,845000,845000,845000,2026-07-29,16,16,Active,,,0
2562374,,221561908,,5064 Beach Dr SW,98136,Single Family,2026-07-31,2026-08-23,2026-08-23,1550000,1550000,1550000,2026-07-30,24,24,Active,,,0
2562832,,222091906,,4540 51st Ave SW,98116,Single Family,2026-08-07,2026-08-23,2026-08-23,995000,995000,995000,2026-08-06,17,17,Active,,,0
2563785,,221949534,,3657 W Viewmont Way W,98199,Single Family,2026-08-05,2026-08-23,2026-08-23,2028000,2028000,2028000,2026-08-04,19,19,Active,,,0
2564819,,222348242,,6408 Francis Ave N,98103,Single Family,2026-08-14,2026-08-23,2026-08-23,1699950,1699950,1699950,2026-08-13,10,10,Active,,,0
2565249,,222076219,,8327 24th Ave NW,98117,Single Family,2026-08-07,2026-08-23,2026-08-23,975000,975000,975000,2026-08-06,17,17,Active,,,0
2565284,,222469699,,8361 30th Ave NW,98117,Single Family,2026-08-17,2026-08-23,2026-08-23,894950,894950,894950,2026-08-16,7,7,Active,,,0
2567128,,222664100,,2910 W Crockett St,98199,Single Family,2026-08-21,2026-08-23,2026-08-23,1200000,1200000,1200000,2026-08-20,3,3,Active,,,0
2567885,,222737406,,6745 1st Ave NW,98117,Single Family,2026-08-22,2026-08-23,2026-08-23,999000,999000,999000,2026-08-21,2,2,Active,,,0
2568170,,222348245,,113 NE 60th St,98115,Single Family,2026-08-14,2026-08-23,2026-08-23,679950,679950,679950,2026-08-13,10,10,Active,,,0
2569155,,222664458,,1502 39th Ave E,98112,Single Family,2026-08-21,2026-08-23,2026-08-23,2135000,2135000,2135000,2026-08-20,3,3,Active,,,0
2497485,,213383036,,1118 NW 56th St Unit A Unit A,98107,Townhouse,2026-06-08,2026-08-22,2026-08-22,899999,875000,875000,2026-03-25,150,150,Active,2026-06-18,2026-06-18,1
2535648,,222038228,,8421 39th Ave SW,98136,Single Family,2026-08-06,2026-08-22,2026-08-22,819000,819000,819000,2026-08-05,17,17,Active,,,0
2540875,,217034460,,3020 SW Morgan,98126,Townhouse,2026-07-05,2026-08-22,2026-08-22,699950,679950,679950,2026-06-19,64,64,Active,2026-07-17,2026-07-17,1
2544261,,217144191,,3302 W Government Way Unit A Unit A,98199,Townhouse,2026-07-05,2026-08-22,2026-08-22,795000,749000,749000,2026-06-23,60,60,Active,2026-07-31,2026-07-31,1
2546820,,220474893,,1518 4th Ave N,98109,Single Family,2026-07-05,2026-08-22,2026-08-22,3749000,3749000,3749000,2026-07-04,49,49,Active,,,0
2548782,,220619123,,4456 46th Ave SW,98116,Single Family,2026-07-13,2026-08-22,2026-08-22,1049950,1024950,1024950,2026-07-10,44,44,Active,2026-08-21,2026-08-21,1
2559211,,221197157,,1602 E Marion St,98122,Townhouse,2026-07-24,2026-08-22,2026-08-22,690000,690000,690000,2026-07-23,30,30,Active,,,0
2562984,,221718959,,2024 W Bertona St,98199,Townhouse,2026-08-01,2026-08-22,2026-08-22,699950,688000,688000,2026-07-31,22,22,Active,2026-08-14,2026-08-14,1
2563088,,222312444,,2001 S Lucile St,98108,Single Family,2026-08-13,2026-08-22,2026-08-22,929000,929000,929000,2026-08-12,10,10,Active,,,0
2565501,,222047000,,1919 E Eaton Pl,98112,Single Family,2026-08-06,2026-08-22,2026-08-22,1895000,1895000,1895000,2026-08-05,16,16,Active,,,0
2569137,,222359611,,8907 Beacon Ave S,98118,Single Family,2026-08-14,2026-08-22,2026-08-22,545500,545500,545500,2026-08-13,9,9,Active,,,0
2471700,,211132140,,1014 A NE 70th St,98115,Townhouse,2026-06-08,2026-08-21,2026-08-21,950000,950000,950000,2026-01-23,210,210,Active,,,0
2515699,,214546108,,463 39th Ave E,98112,Single Family,2026-06-08,2026-08-21,2026-08-21,3795000,3795000,3795000,2026-04-29,114,114,Active,,,0
2515899,,214582207,,4301 26th Ave SW,98106,Townhouse,2026-06-08,2026-08-21,2026-08-21,634499,599999,599999,2026-04-30,113,113,Active,2026-07-13,2026-07-13,1
2524642,,215376640,,5316 31st Ave S,98108,Single Family,2026-06-08,2026-08-21,2026-08-21,935000,849000,849000,2026-05-23,90,90,Active,2026-07-15,2026-06-18,2
2526691,,215600933,,9548 3rd Ave NW,98117,Single Family,2026-06-08,2026-08-21,2026-08-21,1200000,1200000,1200000,2026-05-21,92,92,Active,,,0
2528581,,215904273,,1927 42nd Ave SW,98116,Single Family,2026-06-08,2026-08-21,2026-08-21,939000,895000,895000,2026-05-22,91,91,Active,2026-08-10,2026-07-05,2
2528738,,215947026,,1404 N 136th St,98125,Single Family,2026-06-08,2026-08-21,2026-08-21,649990,600000,600000,2026-05-22,91,91,Active,2026-08-08,2026-07-17,2
2529075,,216139465,,502 32nd Ave,98122,Single Family,2026-06-08,2026-08-21,2026-08-21,995000,945000,945000,2026-05-28,85,85,Active,2026-07-13,2026-06-18,2
2542748,,221162996,,4432 SW 102nd St,98146,Single Family,2026-07-24,2026-08-21,2026-08-21,1068000,1018000,1018000,2026-07-23,29,29,Active,2026-08-07,2026-08-07,1
2542821,,217022540,,3519 NE 95th St,98115,Single Family,2026-07-05,2026-08-21,2026-08-21,897750,897750,897750,2026-06-18,64,64,Active,,,0
2542909,,217048577,,5625 35th Ave SW,98126,Single Family,2026-07-05,2026-08-21,2026-08-21,1398000,1298000,1298000,2026-06-19,63,63,Active,2026-07-17,2026-07-17,1
2553146,,220697493,,1411 10th Ave W,98119,Single Family,2026-07-13,2026-08-21,2026-08-21,2375000,2300000,2300000,2026-07-11,42,42,Active,2026-07-28,2026-07-28,1
2554122,,220860124,,1926 Ferry Ave SW,98116,Townhouse,2026-07-16,2026-08-21,2026-08-21,999900,999900,999900,2026-07-15,37,37,Active,,,0
2555097,,220897811,,9026 Corliss Ave N,98103,Single Family,2026-07-16,2026-08-21,2026-08-21,714950,714950,714950,2026-07-15,37,37,Active,,,0
2556025,,221585722,,3637 C Dayton Ave N,98103,Townhouse,2026-07-31,2026-08-21,2026-08-21,940000,940000,940000,2026-07-30,22,22,Active,,,0
2556178,,220960599,,2502 NE 68th St,98115,Single Family,2026-07-17,2026-08-21,2026-08-21,1250000,1250000,1250000,2026-07-16,36,36,Active,,,0
2557363,,222112133,,2612 SW Nevada St Unit B Unit B,98126,Townhouse,2026-08-08,2026-08-21,2026-08-21,659000,649000,649000,2026-08-07,14,14,Active,2026-08-20,2026-08-20,1
2557755,,221099844,,14338 Bagley Ave N Unit B Unit B,98133,Single Family,2026-07-22,2026-08-21,2026-08-21,889000,889000,889000,2026-07-21,31,31,Active,,,0
2562407,,221712623,,2815 8th Ave W,98119,Single Family,2026-08-01,2026-08-21,2026-08-21,1349000,1349000,1349000,2026-07-31,21,21,Active,,,0
2564435,,222309612,,3243 13th Ave W,98119,Single Family,2026-08-13,2026-08-21,2026-08-21,2689000,2689000,2689000,2026-08-12,9,9,Active,,,0
2567235,,222420343,,2531 13th Ave S Unit B Unit B,98144,Townhouse,2026-08-15,2026-08-21,2026-08-21,699000,699000,699000,2026-08-14,7,7,Active,,,0
2567276,,222680155,,1455 22nd Ave Unit A Unit A,98122,Townhouse,2026-08-21,2026-08-21,2026-08-21,629950,629950,629950,2026-08-20,1,1,Active,,,0
2568093,,222450963,,9207 47th Ave SW,98136,Single Family,2026-08-16,2026-08-21,2026-08-21,1250000,1250000,1250000,2026-08-15,6,6,Active,,,0
2570105,,222590001,,5636 49th Ave SW,98136,Single Family,2026-08-20,2026-08-21,2026-08-21,875000,875000,875000,2026-08-19,2,2,Active,,,0
2571375,,222632650,,11502 6 Ave NW #1,98177,Single Family,2026-08-20,2026-08-21,2026-08-21,2700000,2700000,2700000,2026-08-19,2,2,Active,,,0
2497667,,213451714,,7776 Highland Park Way SW Unit B Unit B,98106,Townhouse,2026-07-05,2026-08-20,2026-08-20,695000,645000,645000,2026-05-05,107,107,Active,2026-07-26,2026-07-26,1
2511035,,214292832,,2466 Westlake Ave N #8,98109,Single Family,2026-06-08,2026-08-20,2026-08-20,3195000,3195000,3195000,2026-04-22,120,120,Active,,,0
2515598,,214589093,,927 29th Ave S,98144,Single Family,2026-06-08,2026-08-20,2026-08-20,875000,825000,825000,2026-04-30,112,112,Active,2026-07-16,2026-06-18,2
2532042,,216297070,,2327 41st Ave E,98112,Single Family,2026-06-08,2026-08-20,2026-08-20,3116000,3116000,3116000,2026-06-01,80,80,Active,,,0
2533440,,216464965,,6523 31st Ave SW,98126,Townhouse,2026-06-08,2026-08-20,2026-08-20,779950,765000,765000,2026-06-03,78,78,Active,2026-07-28,2026-07-28,1
2543306,,217226134,,7114 California Ave SW Unit A Unit A,98136,Townhouse,2026-07-05,2026-08-20,2026-08-20,565000,530000,530000,2026-06-25,56,56,Active,2026-08-16,2026-07-13,2
2544784,,217162468,,6525 3rd Ave NW,98117,Single Family,2026-07-17,2026-08-20,2026-08-20,1350000,1350000,1350000,2026-06-24,57,57,Active,,,0
2550157,,220567049,,4720 NE 47th St,98105,Single Family,2026-07-13,2026-08-20,2026-08-20,2095000,1895950,1895950,2026-07-09,43,43,Active,2026-08-08,2026-07-24,2
2552955,,220683231,,3947 SW Portland St,98136,Single Family,2026-07-13,2026-08-20,2026-08-20,799950,799950,799950,2026-07-11,41,41,Active,,,0
2560590,,221496737,,7208 8th Ave NE,98115,Single Family,2026-07-30,2026-08-20,2026-08-20,1350000,1350000,1350000,2026-07-29,22,22,Active,,,0
2562029,,222307711,,2321 Fairview Ave E #1,98102,Single Family,2026-08-13,2026-08-20,2026-08-20,398000,398000,398000,2026-08-12,8,8,Active,,,0
2564808,,222036479,,2821 Harris Pl S,98144,Single Family,2026-08-06,2026-08-20,2026-08-20,985000,995000,995000,2026-08-05,9,9,Active,2026-08-18,2026-08-18,1
2565224,,222066449,,13240 3rd Ave NW,98177,Single Family,2026-08-07,2026-08-20,2026-08-20,925000,925000,925000,2026-08-06,14,14,Active,,,0
2565338,,222037454,,5926 23rd Ave S,98108,Single Family,2026-08-06,2026-08-20,2026-08-20,925000,925000,925000,2026-08-05,15,15,Active,,,0
2565475,,222079809,,5718 NE 65th St,98115,Townhouse,2026-08-07,2026-08-20,2026-08-20,839950,839950,839950,2026-08-06,14,14,Active,,,0
2566034,,222115191,,3029 21st Ave S,98144,Single Family,2026-08-08,2026-08-20,2026-08-20,700000,700000,700000,2026-08-07,13,13,Active,,,0
2566920,,222161453,,935 N 92nd St,98103,Single Family,2026-08-10,2026-08-20,2026-08-20,650000,650000,650000,2026-08-09,11,11,Active,,,0
2568716,,222382808,,2903 3rd Ave N,98109,Single Family,2026-08-14,2026-08-20,2026-08-20,1388850,1388850,1388850,2026-08-13,7,7,Active,,,0
2486504,,212985889,,6325 42nd Ave SW,98136,Single Family,2026-06-08,2026-08-19,2026-08-19,750000,699000,699000,2026-03-12,160,160,Active,2026-07-05,2026-07-05,1
2502137,,213658624,,13718 N Midvale Ave Unit C Unit C,98133,Townhouse,2026-06-08,2026-08-19,2026-08-19,570000,524900,524900,2026-04-02,133,133,Active,2026-07-17,2026-06-18,3
2525260,,215420800,,319 NW 87th St Unit B Unit B,98117,Townhouse,2026-06-08,2026-08-19,2026-08-19,665950,649950,649950,2026-05-16,90,90,Active,2026-07-13,2026-07-13,1
2525841,,215503169,,512 N 104th St,98133,Single Family,2026-06-08,2026-08-19,2026-08-19,950000,950000,950000,2026-05-19,92,92,Active,,,0
2526498,,221007887,,4076 NE 87th St,98115,Single Family,2026-07-18,2026-08-19,2026-08-19,1100000,1100000,1100000,2026-07-17,33,33,Active,,,0
2535619,,222344322,,7336 11th Ave NW,98117,Single Family,2026-08-14,2026-08-19,2026-08-19,1050000,1050000,1050000,2026-08-13,6,6,Active,,,0
2537836,,216918619,,1808 11th Ave Unit B Unit B,98122,Townhouse,2026-06-18,2026-08-19,2026-08-19,875000,849000,849000,2026-06-16,64,64,Active,2026-07-31,2026-07-31,1
2541930,,216973188,,1208 A NW 83rd St,98117,Townhouse,2026-06-18,2026-08-19,2026-08-19,618000,598000,598000,2026-06-17,63,63,Active,2026-08-04,2026-07-13,2
2544367,,217148380,,3402 E Spring St,98122,Townhouse,2026-07-05,2026-08-19,2026-08-19,799000,699950,699950,2026-06-23,57,57,Active,2026-08-19,2026-08-01,2
2546846,,218293537,,,98126,Single Family,2026-07-05,2026-08-19,2026-08-19,550000,499000,499000,2026-06-30,50,50,Active,2026-08-07,2026-08-07,1
2550557,,222296123,,3701 E Alder St,98122,Single Family,2026-08-13,2026-08-19,2026-08-19,1399950,1399950,1399950,2026-08-12,7,7,Active,,,0
2554321,,220984731,,10835 35th Ave SW,98146,Single Family,2026-07-18,2026-08-19,2026-08-19,879000,879000,879000,2026-07-17,33,33,Active,,,0
2554393,,220918225,,1707 NW 63rd St Unit A Unit A,98107,Townhouse,2026-07-16,2026-08-19,2026-08-19,879999,879999,879999,2026-07-15,35,35,Active,,,0
2557623,,221079432,,1317 E Denny Way,98122,Townhouse,2026-07-22,2026-08-19,2026-08-19,1299900,1249900,1249900,2026-07-21,29,29,Active,2026-08-08,2026-08-08,1
2558055,,221403652,,1706 Alki Ave Unit B Unit B,98116,Townhouse,2026-07-29,2026-08-19,2026-08-19,710000,710000,710000,2026-07-28,18,18,Active,,,0
2558504,,221181261,,2613 NW 87th St,98117,Townhouse,2026-07-24,2026-08-19,2026-08-19,1259950,1259950,1259950,2026-07-23,27,27,Active,,,0
2559715,,221203421,,1326 N 40th St,98103,Single Family,2026-07-24,2026-08-19,2026-08-19,1100000,1100000,1100000,2026-07-23,27,27,Active,,,0
2561258,,221578784,,7755 35th Ave NE,98115,Single Family,2026-07-31,2026-08-19,2026-08-19,1599000,1599000,1599000,2026-07-30,20,20,Active,,,0
2561845,,221489467,,2429 NW 64th St Unit A Unit A,98107,Townhouse,2026-07-30,2026-08-19,2026-08-19,975000,950000,950000,2026-07-29,21,21,Active,2026-08-06,2026-08-06,1
2562249,,222330627,,2667 44th Ave W,98199,Single Family,2026-08-14,2026-08-19,2026-08-19,2700000,2700000,2700000,2026-08-13,6,6,Active,,,0
2564319,,221957652,,310 NW 75th St,98117,Single Family,2026-08-05,2026-08-19,2026-08-19,945250,945250,945250,2026-08-04,15,15,Active,,,0
2565042,,222005356,,4308 Wallingford Ave N Unit C Unit C,98103,Townhouse,2026-08-06,2026-08-19,2026-08-19,786888,786888,786888,2026-08-05,14,14,Active,,,0
2565755,,222322693,,3226 48th Ave SW,98116,Single Family,2026-08-13,2026-08-19,2026-08-19,975000,975000,975000,2026-08-12,6,6,Active,,,0
2567712,,222310595,,620 Lake Washington Blvd E,98112,Townhouse,2026-08-13,2026-08-19,2026-08-19,820000,820000,820000,2026-08-12,7,7,Active,,,0
2568713,,222373484,,268 Fulton St,98109,Single Family,2026-08-14,2026-08-19,2026-08-19,889950,889950,889950,2026-08-13,6,6,Active,,,0
2568723,,222316650,,6774 28th Ave S,98108,Single Family,2026-08-13,2026-08-19,2026-08-19,850000,850000,850000,2026-08-12,6,6,Active,,,0
2569156,,222360261,,4909 SW Canada Dr,98136,Single Family,2026-08-14,2026-08-19,2026-08-19,725000,725000,725000,2026-08-13,6,6,Active,,,0
2569598,,222434469,,3800 E Jefferson St,98122,Single Family,2026-08-15,2026-08-19,2026-08-19,2230000,2230000,2230000,2026-08-14,5,5,Active,,,0
2570470,,222548331,,6238 Woodlawn Ave N,98103,Single Family,2026-08-19,2026-08-19,2026-08-19,1695000,1695000,1695000,2026-08-18,1,1,Active,,,0
2434175,,207592075,,1227 E Roy St,98102,Townhouse,2026-06-08,2026-08-18,2026-08-18,829900,799900,799900,2025-09-17,322,322,Active,2026-07-23,2026-07-23,1
2485199,,213111974,,1849 16th Ave,98112,Townhouse,2026-06-08,2026-08-18,2026-08-18,2420000,2420000,2420000,2026-03-17,154,154,Active,,,0
2492311,,213023504,,627 13th Ave E,98102,Townhouse,2026-06-08,2026-08-18,2026-08-18,999900,999900,999900,2026-03-13,158,158,Active,,,0
2495659,,213436423,,1939 10th Ave W Unit B Unit B,98119,Townhouse,2026-06-08,2026-08-18,2026-08-18,780000,780000,780000,2026-03-26,145,145,Active,,,0
2511124,,214312391,,2540 Dexter Ave N Ave N,98109,Single Family,2026-06-08,2026-08-18,2026-08-18,1480000,1480000,1480000,2026-04-22,118,118,Active,,,0
2525505,,215466147,,5311 Beach Dr SW,98136,Single Family,2026-06-08,2026-08-18,2026-08-18,2195000,2100000,2100000,2026-05-18,92,92,Active,2026-06-18,2026-06-18,1
2525913,,215567110,,633 13th Ave E,98102,Townhouse,2026-06-08,2026-08-18,2026-08-18,824900,799900,799900,2026-05-20,90,90,Active,2026-07-13,2026-07-13,1
2527992,,215945618,,3407 B NW Market St,98107,Townhouse,2026-06-08,2026-08-18,2026-08-18,1240000,1240000,1240000,2026-05-22,88,88,Active,,,0
2533853,,216501560,,6318 5th Ave NE Unit C Unit C,98115,Single Family,2026-06-18,2026-08-18,2026-08-18,699950,699950,699950,2026-06-04,67,67,Active,,,0
2536380,,216685959,,4329 NE 56th St,98105,Single Family,2026-06-18,2026-08-18,2026-08-18,1149500,1149500,1149500,2026-06-09,70,70,Active,,,0
2538691,,216788583,,1970 25th Ave E,98112,Townhouse,2026-06-18,2026-08-18,2026-08-18,1489000,1469000,1469000,2026-06-11,68,68,Active,2026-07-18,2026-07-18,1
2540247,,217010893,,4432 Dayton Ave N,98103,Single Family,2026-06-18,2026-08-18,2026-08-18,1039950,1039950,1039950,2026-06-17,61,61,Active,,,0
2541520,,220542401,,4430 Dayton Ave N,98103,Single Family,2026-07-13,2026-08-18,2026-08-18,999950,999950,999950,2026-07-08,42,42,Active,,,0
2543655,,217225137,,3124 W Raye St,98199,Single Family,2026-07-05,2026-08-18,2026-08-18,1349000,1299000,1299000,2026-06-25,54,54,Active,2026-07-30,2026-07-30,1
2546101,,217237842,,1704 A N 47th St,98103,Townhouse,2026-07-05,2026-08-18,2026-08-18,1108000,1098000,1098000,2026-06-25,54,54,Active,2026-07-18,2026-07-18,1
2549526,,220678615,,2106 E Terrace St,98122,Townhouse,2026-07-13,2026-08-18,2026-08-18,685000,675000,675000,2026-07-11,39,39,Active,2026-07-30,2026-07-30,1
2550392,,220542396,,3903 SW Dakota St,98116,Single Family,2026-07-13,2026-08-18,2026-08-18,950000,899000,899000,2026-07-08,42,42,Active,2026-07-25,2026-07-25,1
2552273,,220660178,,5921 32nd Ave SW,98126,Single Family,2026-07-13,2026-08-18,2026-08-18,997000,997000,997000,2026-07-10,40,40,Active,,,0
2554727,,220846841,,3648 Francis Ave N Unit D Unit D,98103,Townhouse,2026-07-15,2026-08-18,2026-08-18,699000,699000,699000,2026-07-14,35,35,Active,,,0
2554795,,220931349,,745 N 97th St,98103,Single Family,2026-07-17,2026-08-18,2026-08-18,999950,975000,975000,2026-07-16,29,29,Active,2026-08-14,2026-08-14,1
2556930,,221151940,,900 NW 134th St,98177,Single Family,2026-07-23,2026-08-18,2026-08-18,1200000,1200000,1200000,2026-07-22,26,26,Active,,,0
2556937,,221016998,,3609 NW 62nd St,98107,Single Family,2026-07-19,2026-08-18,2026-08-18,3150000,3150000,3150000,2026-07-18,31,31,Active,,,0
2558728,,221142455,,1407 29th Ave,98122,Townhouse,2026-07-23,2026-08-18,2026-08-18,1074950,1074950,1074950,2026-07-22,27,27,Active,,,0
2561531,,222326681,,102 N 41st St,98103,Single Family,2026-08-14,2026-08-18,2026-08-18,800000,800000,800000,2026-08-13,5,5,Active,,,0
2565625,,222247081,,1918 S Waite St,98144,Single Family,2026-08-12,2026-08-18,2026-08-18,799000,799000,799000,2026-08-11,7,7,Active,,,0
2566791,,222310231,,3844 Surber Dr NE,98105,Single Family,2026-08-13,2026-08-18,2026-08-18,1750000,1750000,1750000,2026-08-12,6,6,Active,,,0
2567526,,222411618,,523 N 70th St,98103,Single Family,2026-08-15,2026-08-18,2026-08-18,1350000,1350000,1350000,2026-08-14,4,4,Active,,,0
2567606,,222258911,,939 13th Ave E,98102,Single Family,2026-08-12,2026-08-18,2026-08-18,2150000,2150000,2150000,2026-08-11,7,7,Active,,,0
2567676,,222300985,,7346 19th Ave NE,98115,Single Family,2026-08-13,2026-08-18,2026-08-18,1349900,1349900,1349900,2026-08-12,6,6,Active,,,0
2567731,,222265116,,4259 SW Othello St,98136,Single Family,2026-08-12,2026-08-18,2026-08-18,710000,710000,710000,2026-08-11,7,7,Active,,,0
2567743,,222434958,,10303 15th Ave NE,98125,Single Family,2026-08-15,2026-08-18,2026-08-18,875000,875000,875000,2026-08-14,4,4,Active,,,0
2569733,,222440934,,4016 38th Ave SW,98126,Single Family,2026-08-15,2026-08-18,2026-08-18,1250000,1250000,1250000,2026-08-14,4,4,Active,,,0
2486020,,212722344,,7226 33rd Ave S,98118,Single Family,2026-06-08,2026-08-17,2026-08-17,799000,774950,774950,2026-03-04,166,166,Active,2026-06-18,2026-06-18,1
2490424,,213686225,,1114 2nd Ave N,98109,Single Family,2026-06-08,2026-08-17,2026-08-17,2145000,2145000,2145000,2026-04-03,136,136,Active,,,0
2505904,,213930204,,9624 Linden Ave N,98103,Townhouse,2026-06-08,2026-08-17,2026-08-17,639953,499950,499950,2026-04-10,129,129,Active,2026-08-08,2026-06-18,6
2509920,,214194036,,1220 N 137th St Unit 5 Unit 5,98133,Townhouse,2026-06-08,2026-08-17,2026-08-17,474900,499950,499950,2026-04-18,121,121,Active,2026-08-16,2026-07-28,2
2533701,,216471056,,2230 D NW 60th St,98107,Townhouse,2026-06-08,2026-08-17,2026-08-17,749950,749950,749950,2026-06-03,75,75,Active,,,0
2543958,,217147914,,1426 37th Ave E,98112,Single Family,2026-07-05,2026-08-17,2026-08-17,1495000,1495000,1495000,2026-06-23,55,55,Active,,,0
2546063,,217283169,,14013 Greenwood Ave N Unit F Unit F,98133,Townhouse,2026-07-05,2026-08-17,2026-08-17,580000,560000,560000,2026-06-26,52,52,Active,2026-07-28,2026-07-28,1
2549701,,221125324,,3540 S Kenyon St,98118,Single Family,2026-07-23,2026-08-17,2026-08-17,890000,790000,790000,2026-07-22,26,26,Active,2026-08-12,2026-07-29,2
2551685,,220590708,,225 32nd Ave E,98112,Single Family,2026-07-13,2026-08-17,2026-08-17,997000,997000,997000,2026-07-09,40,40,Active,,,0
2555114,,220914555,,1131 A NW 60th St,98107,Townhouse,2026-07-16,2026-08-17,2026-08-17,869950,859950,859950,2026-07-15,33,33,Active,2026-08-14,2026-08-14,1
2555631,,220939715,,3609 Interlake Ave N Unit A Unit A,98103,Townhouse,2026-07-17,2026-08-17,2026-08-17,960000,960000,960000,2026-07-16,32,32,Active,,,0
2555901,,220955325,,4416 A Corliss Ave N,98103,Townhouse,2026-07-17,2026-08-17,2026-08-17,1049950,1049950,1049950,2026-07-16,32,32,Active,,,0
2558628,,221260528,,207 25th Ave,98122,Single Family,2026-07-25,2026-08-17,2026-08-17,999000,999000,999000,2026-07-24,22,22,Active,,,0
2559298,,221253214,,1615 N 50th St Unit C Unit C,98103,Townhouse,2026-07-25,2026-08-17,2026-08-17,899950,899950,899950,2026-07-24,24,24,Active,,,0
2559631,,221205646,,5016 26th Ave SW,98106,Single Family,2026-07-24,2026-08-17,2026-08-17,849900,824000,824000,2026-07-23,24,24,Active,2026-08-07,2026-08-07,1
2561813,,221495846,,4311 Greenwood Ave N,98103,Single Family,2026-07-30,2026-08-17,2026-08-17,1195000,1195000,1195000,2026-07-29,19,19,Active,,,0
2562030,,221920965,,1754 S Horton St,98144,Single Family,2026-08-04,2026-08-17,2026-08-17,825000,825000,825000,2026-08-03,14,14,Active,,,0
2565444,,222105171,,7009 Alonzo Ave NW,98117,Townhouse,2026-08-08,2026-08-17,2026-08-17,599950,599950,599950,2026-08-07,10,10,Active,,,0
2566309,,222128696,,7064 Cleopatra Pl NW,98117,Single Family,2026-08-14,2026-08-17,2026-08-17,824900,824900,824900,2026-08-07,10,10,Active,,,0
2566943,,222373837,,2645 Walnut Ave SW,98116,Single Family,2026-08-14,2026-08-17,2026-08-17,1519000,1519000,1519000,2026-08-13,4,4,Active,,,0
2567453,,222217880,,5911 C 21st Ave SW,98106,Single Family,2026-08-11,2026-08-17,2026-08-17,1499999,1499999,1499999,2026-08-10,7,7,Active,,,0
2567971,,222330546,,2038 Franklin Ave E,98102,Townhouse,2026-08-14,2026-08-17,2026-08-17,835000,835000,835000,2026-08-13,4,4,Active,,,0
2568156,,222411253,,10022 11th Ave NW,98177,Single Family,2026-08-15,2026-08-17,2026-08-17,1298000,1298000,1298000,2026-08-14,3,3,Active,,,0
2568350,,222415100,,7333 46th Ave NE,98115,Single Family,2026-08-15,2026-08-17,2026-08-17,1500000,1500000,1500000,2026-08-14,3,3,Active,,,0
2568384,,222335944,,7919 34th Ave SW,98126,Single Family,2026-08-14,2026-08-17,2026-08-17,875000,875000,875000,2026-08-13,4,4,Active,,,0
2568508,,222333524,,4153 39th Ave SW,98116,Single Family,2026-08-14,2026-08-17,2026-08-17,799950,799950,799950,2026-08-13,4,4,Active,,,0
2568692,,222335134,,2775 59th Ave SW,98116,Townhouse,2026-08-14,2026-08-17,2026-08-17,1100000,1100000,1100000,2026-08-13,4,4,Active,,,0
2569101,,222411167,,929 13th Ave E,98102,Single Family,2026-08-15,2026-08-17,2026-08-17,900000,900000,900000,2026-08-14,3,3,Active,,,0
2503370,,213827298,,8109 34th Ave SW Unit B Unit B,98126,Single Family,2026-07-05,2026-08-16,2026-08-16,725000,685000,685000,2026-04-10,128,128,Active,2026-07-25,2026-07-25,1
2545397,,217278940,,8738 13th Ave NW,98117,Single Family,2026-07-05,2026-08-16,2026-08-16,574000,574000,574000,2026-06-26,51,51,Active,,,0
2558886,,221192747,,429 13th Ave E,98102,Townhouse,2026-07-24,2026-08-16,2026-08-16,975000,975000,975000,2026-07-23,24,24,Active,,,0
2483695,,212681681,,2020 Parkside Dr E,98112,Single Family,2026-06-08,2026-08-15,2026-08-15,7750000,7750000,7750000,2026-03-04,164,164,Active,,,0
2507375,,214060324,,2318 15th Ave S Unit C Unit C,98144,Townhouse,2026-06-08,2026-08-15,2026-08-15,750000,729950,729950,2026-04-15,122,122,Active,2026-07-28,2026-06-18,2
2549373,,220494290,,1512 NW 59th St,98107,Townhouse,2026-07-13,2026-08-15,2026-08-15,1200000,1169000,1169000,2026-07-07,40,40,Active,2026-08-06,2026-08-06,1
2560147,,221511784,,4137 54th Ave SW,98116,Single Family,2026-07-30,2026-08-15,2026-08-15,775000,775000,775000,2026-07-29,17,17,Active,,,0
2564275,,222129849,,6016 34th Ave NE,98115,Single Family,2026-08-08,2026-08-15,2026-08-15,910000,910000,910000,2026-08-07,8,8,Active,,,0
2566948,,222373894,,2648 41st Ave SW,98116,Single Family,2026-08-14,2026-08-15,2026-08-15,999000,999000,999000,2026-08-13,2,2,Active,,,0
2567649,,222306921,,536 W Barrett St,98109,Townhouse,2026-08-13,2026-08-15,2026-08-15,1225000,1225000,1225000,2026-08-12,3,3,Active,,,0
2567795,,222278087,,2726 NE Blakeley St,98105,Single Family,2026-08-12,2026-08-15,2026-08-15,1249000,1249000,1249000,2026-08-11,3,3,Active,,,0
2507771,,214128886,,227 29th Ave E,98112,Single Family,2026-06-08,2026-08-14,2026-08-14,2150000,2150000,2150000,2026-04-16,120,120,Active,,,0
2523521,,215335177,,724 N 36th St,98103,Townhouse,2026-06-08,2026-08-14,2026-08-14,749950,699950,699950,2026-05-14,92,92,Active,2026-08-11,2026-07-23,2
2524101,,215600169,,1755 17th Ave S,98144,Townhouse,2026-06-08,2026-08-14,2026-08-14,699000,650000,650000,2026-05-21,85,85,Active,2026-07-23,2026-06-18,3
2530443,,216092936,,5761 35th Ave NE,98105,Single Family,2026-06-08,2026-08-14,2026-08-14,1450000,1450000,1450000,2026-05-27,79,79,Active,,,0
2536296,,216627613,,2916 18th Ave S,98144,Single Family,2026-06-18,2026-08-14,2026-08-14,890000,849000,849000,2026-06-08,67,67,Active,2026-07-22,2026-07-22,1
2546882,,222367767,,2131 S Bennett St,98108,Single Family,2026-08-14,2026-08-14,2026-08-14,649950,649950,649950,2026-08-13,1,1,Active,,,0
2548967,,220413407,,8510 15th Ave NE,98115,Townhouse,2026-07-05,2026-08-14,2026-08-14,806550,806550,806550,2026-07-02,43,43,Active,,,0
2548975,,220414257,,8512 15th Ave NE,98115,Townhouse,2026-07-05,2026-08-14,2026-08-14,1376550,1376550,1376550,2026-07-02,43,43,Active,,,0
2549031,,220650522,,9528 28th Ave NW,98117,Single Family,2026-07-13,2026-08-14,2026-08-14,2750000,2750000,2750000,2026-07-10,36,36,Active,,,0
2550664,,220680296,,3741 SW 106th St,98146,Single Family,2026-07-13,2026-08-14,2026-08-14,749950,725000,725000,2026-07-11,35,35,Active,2026-07-29,2026-07-29,1
2551612,,220655933,,5625 SW Teig Pl,98116,Single Family,2026-07-13,2026-08-14,2026-08-14,1250000,1190000,1190000,2026-07-10,36,36,Active,2026-07-18,2026-07-18,1
2551978,,220603484,,9297 44th Ave SW,98136,Single Family,2026-07-13,2026-08-14,2026-08-14,1850000,1850000,1850000,2026-07-10,36,36,Active,,,0
2553352,,220763648,,3800 E Jefferson St,98122,Single Family,2026-07-13,2026-08-14,2026-08-14,2422000,2350000,2350000,2026-07-12,34,34,Active,2026-07-30,2026-07-23,2
2553772,,222196627,,370 Highland Dr,98109,Single Family,2026-08-11,2026-08-14,2026-08-14,2500000,2500000,2500000,2026-08-10,4,4,Active,,,0
2554056,,221268403,,1530 NW Market St #502,98107,Single Family,2026-07-25,2026-08-14,2026-08-14,399950,399950,399950,2026-07-24,21,21,Active,,,0
2555429,,220911789,,936 N 35th St Unit E Unit E,98103,Townhouse,2026-07-16,2026-08-14,2026-08-14,712500,700000,700000,2026-07-15,30,30,Active,2026-07-29,2026-07-29,1
2557819,,222292141,,8106 Stone Ave N,98103,Single Family,2026-08-13,2026-08-14,2026-08-14,1075000,1075000,1075000,2026-08-12,2,2,Active,,,0
2558003,,221179875,,1228 23rd Ave E,98112,Single Family,2026-07-24,2026-08-14,2026-08-14,2300000,2150000,2150000,2026-07-23,22,22,Active,2026-08-13,2026-08-13,1
2559193,,221175449,,1740 NW 59th Unit A Unit A,98107,Townhouse,2026-07-24,2026-08-14,2026-08-14,749980,749980,749980,2026-07-23,22,22,Active,,,0
2559299,,221732441,,5807 B 55th Ave NE,98105,Townhouse,2026-08-01,2026-08-14,2026-08-14,788000,788000,788000,2026-07-31,14,14,Active,,,0
2559547,,221196301,,12713 4th Ave NW,98177,Single Family,2026-07-24,2026-08-14,2026-08-14,749000,749000,749000,2026-07-23,22,22,Active,,,0
2562224,,221585055,,1915 25th Ave S Unit D Unit D,98144,Townhouse,2026-07-31,2026-08-14,2026-08-14,549000,549000,549000,2026-07-30,15,15,Active,,,0
2562594,,221674558,,1212 NE 100th St,98125,Single Family,2026-08-01,2026-08-14,2026-08-14,1149900,1149900,1149900,2026-07-31,14,14,Active,,,0
2562918,,222117746,,14308 B Roslyn Pl N,98133,Townhouse,2026-08-13,2026-08-14,2026-08-14,569000,569000,569000,2026-08-07,7,7,Active,,,0
2563249,,222084260,,4806 Purdue Ave NE,98105,Single Family,2026-08-07,2026-08-14,2026-08-14,1150000,1150000,1150000,2026-08-06,8,8,Active,,,0
2565503,,222092488,,734 10th Ave E,98102,Single Family,2026-08-07,2026-08-14,2026-08-14,2198000,2197500,2197500,2026-08-06,8,8,Active,2026-08-08,2026-08-08,1
2565746,,222343303,,4003 W Armour St,98199,Single Family,2026-08-14,2026-08-14,2026-08-14,2195000,2195000,2195000,2026-08-13,1,1,Active,,,0
2565770,,222072281,,8408 25th Ave SW Unit D Unit D,98106,Townhouse,2026-08-07,2026-08-14,2026-08-14,445000,445000,445000,2026-08-06,8,8,Active,,,0
2566693,,222135556,,7403 Dayton Ave N,98103,Single Family,2026-08-14,2026-08-14,2026-08-14,750000,750000,750000,2026-08-08,6,6,Active,,,0
2566787,,222294063,,10634 32nd Ave SW,98146,Single Family,2026-08-13,2026-08-14,2026-08-14,659500,659500,659500,2026-08-12,2,2,Active,,,0
2567630,,222307496,,346 N 102nd St,98133,Single Family,2026-08-13,2026-08-14,2026-08-14,635000,635000,635000,2026-08-12,2,2,Active,,,0
2567669,,222349989,,3058 38th Ave SW,98126,Single Family,2026-08-14,2026-08-14,2026-08-14,1300000,1300000,1300000,2026-08-13,1,1,Active,,,0
2434449,,207748241,,9547 Wallingford Ave N,98103,Townhouse,2026-06-08,2026-08-13,2026-08-13,1049950,1049950,1049950,2026-01-09,216,216,Active,,,0
2458245,,209856414,,809 W Armour St,98119,Single Family,2026-06-08,2026-08-13,2026-08-13,995000,995000,995000,2025-12-11,245,245,Active,,,0
2510030,,214335354,,3216 15th Ave W Unit B Unit B,98119,Townhouse,2026-06-08,2026-08-13,2026-08-13,820000,795000,795000,2026-04-23,112,112,Active,2026-07-05,2026-07-05,1
2517178,,214699824,,5014 35th Ave SW,98126,Single Family,2026-06-08,2026-08-13,2026-08-13,950000,929950,929950,2026-05-04,101,101,Active,2026-07-05,2026-07-05,1
2527841,,215863315,,8844 18th Ave SW,98106,Single Family,2026-06-08,2026-08-13,2026-08-13,509000,495000,495000,2026-05-22,83,83,Active,2026-07-13,2026-07-13,1
2529353,,216004463,,7533 31st Ave NE Unit B Unit B,98115,Townhouse,2026-06-08,2026-08-13,2026-08-13,799950,799950,799950,2026-05-26,79,79,Active,,,0
2529355,,216004472,,7531 31st Ave NE,98115,Townhouse,2026-06-08,2026-08-13,2026-08-13,799950,799950,799950,2026-05-26,79,79,Active,,,0
2538280,,216730306,,1911 12th Ave S,98144,Single Family,2026-06-18,2026-08-13,2026-08-13,869000,819000,819000,2026-06-10,64,64,Active,2026-08-05,2026-07-18,2
2538853,,216771535,,1760 NW 60th St Unit A Unit A,98107,Townhouse,2026-06-18,2026-08-13,2026-08-13,989950,974950,974950,2026-06-11,63,63,Active,2026-08-07,2026-08-07,1
2539640,,216917532,,4055 Latona Ave NE,98105,Single Family,2026-06-18,2026-08-13,2026-08-13,799000,760000,760000,2026-06-16,53,53,Active,2026-07-23,2026-07-05,3
2542450,,217020387,,4909 SW Canada Dr,98136,Single Family,2026-07-05,2026-08-13,2026-08-13,725000,725000,725000,2026-06-18,56,56,Active,,,0
2542839,,217053646,,1935 B 7th Ave W,98119,Townhouse,2026-07-05,2026-08-13,2026-08-13,998950,998950,998950,2026-06-19,55,55,Active,,,0
2544200,,217141953,,1415 E Fir St,98122,Townhouse,2026-07-05,2026-08-13,2026-08-13,830000,799000,799000,2026-06-23,51,51,Active,2026-07-25,2026-07-25,1
2554054,,220853794,,3141 Broadway E,98102,Single Family,2026-07-15,2026-08-13,2026-08-13,1195000,1195000,1195000,2026-07-14,30,30,Active,,,0
2554559,,220852625,,421 W Highland Dr,98119,Single Family,2026-07-15,2026-08-13,2026-08-13,6950000,6950000,6950000,2026-07-14,30,30,Active,,,0
2555291,,222106083,,403 18th Ave E,98112,Single Family,2026-08-08,2026-08-13,2026-08-13,3250000,3250000,3250000,2026-08-07,6,6,Active,,,0
2556149,,220957664,,1108 29th Ave S Unit B Unit B,98144,Townhouse,2026-07-17,2026-08-13,2026-08-13,664950,664950,664950,2026-07-16,28,28,Active,,,0
2557831,,221119083,,516 N 46th St Unit A Unit A,98103,Townhouse,2026-07-23,2026-08-13,2026-08-13,840000,840000,840000,2026-07-22,22,22,Active,,,0
2559312,,221193597,,2310 W Dravus St,98199,Townhouse,2026-07-24,2026-08-13,2026-08-13,875000,875000,875000,2026-07-23,21,21,Active,,,0
2561116,,221473139,,2414 Belvidere Ave SW,98126,Single Family,2026-07-30,2026-08-13,2026-08-13,1550000,1550000,1550000,2026-07-29,15,15,Active,,,0
2563091,,221717786,,4221 Evanston Ave N Unit B Unit B,98103,Townhouse,2026-08-01,2026-08-13,2026-08-13,931000,931000,931000,2026-07-31,13,13,Active,,,0
2563698,,221940941,,5821 3rd Ave NW,98107,Single Family,2026-08-04,2026-08-13,2026-08-13,775000,775000,775000,2026-08-03,10,10,Active,,,0
2564260,,222053355,,127 NE 58th St,98105,Single Family,2026-08-07,2026-08-13,2026-08-13,1399000,1399000,1399000,2026-08-06,7,7,Active,,,0
2564489,,221973774,,2205 Bigelow Ave N #10,98109,Townhouse,2026-08-05,2026-08-13,2026-08-13,735000,735000,735000,2026-08-04,9,9,Active,,,0
2566048,,222085400,,1542 NW 100th St,98177,Single Family,2026-08-07,2026-08-13,2026-08-13,1199950,1199950,1199950,2026-08-06,7,7,Active,,,0
2567922,,222297827,,3506 Meridian Ave N,98103,Single Family,2026-08-13,2026-08-13,2026-08-13,1350000,1350000,1350000,2026-08-12,1,1,Active,,,0
2491276,,215538568,,821 NW 57TH St,98107,Single Family,2026-06-08,2026-08-12,2026-08-12,1595000,1565000,1565000,2026-05-20,84,84,Active,2026-07-13,2026-07-13,1
2500967,,214105939,,10354 Wallingford Ave N Unit B Unit B,98133,Townhouse,2026-06-08,2026-08-12,2026-08-12,538000,538000,538000,2026-04-16,118,118,Active,,,0
2535110,,216521411,,1757 NW 62nd St,98107,Townhouse,2026-06-08,2026-08-12,2026-08-12,899000,899000,899000,2026-06-04,69,69,Active,,,0
2535684,,216705778,,818 W Argand St,98119,Single Family,2026-06-18,2026-08-12,2026-08-12,1595000,1545000,1545000,2026-06-10,63,63,Active,2026-07-05,2026-07-05,1
2538392,,220631681,,3104 SW Avalon Way Unit F Unit F,98126,Townhouse,2026-07-13,2026-08-12,2026-08-12,550000,550000,550000,2026-07-10,34,34,Active,,,0
2539323,,216834749,,5027 48th Ave NE,98105,Single Family,2026-06-18,2026-08-12,2026-08-12,3750000,3625000,3625000,2026-06-12,61,61,Active,2026-07-27,2026-07-27,1
2542216,,217035385,,6745 18th Ave SW,98106,Single Family,2026-07-05,2026-08-12,2026-08-12,749900,699900,699900,2026-06-19,54,54,Active,2026-07-24,2026-07-24,1
2547764,,218308762,,6704 15th Ave NW,98117,Townhouse,2026-07-05,2026-08-12,2026-08-12,735000,735000,735000,2026-06-30,43,43,Active,,,0
2550381,,220601552,,825 NE 105th St,98125,Single Family,2026-07-13,2026-08-12,2026-08-12,1195000,1195000,1195000,2026-07-10,34,34,Active,,,0
2550733,,220681716,,13321 3rd Ave NE,98125,Single Family,2026-07-13,2026-08-12,2026-08-12,859000,824000,824000,2026-07-11,33,33,Active,2026-07-24,2026-07-24,1
2552713,,220673223,,4055 SW Holgate St,98116,Single Family,2026-07-13,2026-08-12,2026-08-12,1590000,1590000,1590000,2026-07-11,33,33,Active,,,0
2552728,,220660179,,5928 18th Ave S,98108,Single Family,2026-07-13,2026-08-12,2026-08-12,610000,599000,599000,2026-07-10,34,34,Active,2026-08-06,2026-08-06,1
2553488,,220770597,,2763 59th Ave SW,98116,Single Family,2026-07-13,2026-08-12,2026-08-12,1450000,1275000,1275000,2026-07-12,32,32,Active,2026-08-11,2026-07-28,2
2553549,,220809745,,1759 NW 62nd St,98107,Townhouse,2026-07-13,2026-08-12,2026-08-12,949950,949950,949950,2026-07-13,30,30,Active,,,0
2554210,,220824047,,1533 38th Ave E,98112,Single Family,2026-07-15,2026-08-12,2026-08-12,4350000,4350000,4350000,2026-07-14,29,29,Active,,,0
2555670,,220946773,,10240 40th Ave SW Unit A Unit A,98146,Townhouse,2026-07-17,2026-08-12,2026-08-12,1050000,1050000,1050000,2026-07-16,27,27,Active,,,0
2558465,,221149705,,112 NW 44th St,98107,Single Family,2026-07-23,2026-08-12,2026-08-12,750000,698000,698000,2026-07-22,20,20,Active,2026-08-10,2026-08-10,1
2558834,,221183627,,6340 40th Ave SW,98136,Single Family,2026-07-24,2026-08-12,2026-08-12,1089000,1065000,1065000,2026-07-23,20,20,Active,2026-08-07,2026-08-07,1
2559277,,221256962,,8821 Dibble Ave NW,98117,Single Family,2026-07-25,2026-08-12,2026-08-12,1649777,1649777,1649777,2026-07-24,19,19,Active,,,0
2559891,,221409119,,1914 D Ferry Ave SW,98116,Townhouse,2026-07-29,2026-08-12,2026-08-12,1074950,1074950,1074950,2026-07-28,15,15,Active,,,0
2561913,,222117443,,10317 11th Ave NW,98177,Single Family,2026-08-08,2026-08-12,2026-08-12,1125000,1125000,1125000,2026-08-07,5,5,Active,,,0
2562489,,221572602,,10328 Ashworth Ave N,98133,Single Family,2026-07-31,2026-08-12,2026-08-12,499950,499950,499950,2026-07-30,13,13,Active,,,0
2564237,,222034353,,5114 15th Ave S,98108,Single Family,2026-08-06,2026-08-12,2026-08-12,1050000,1050000,1050000,2026-08-05,7,7,Active,,,0
2564311,,222054089,,9831 33rd Ave SW,98126,Single Family,2026-08-07,2026-08-12,2026-08-12,479950,479950,479950,2026-08-06,6,6,Active,,,0
2564857,,221991649,,6318 5th Ave NE Unit C Unit C,98115,Single Family,2026-08-06,2026-08-12,2026-08-12,699950,699950,699950,2026-08-05,7,7,Active,,,0
2566395,,222139524,,5407 SW Beach Drive Ter,98116,Single Family,2026-08-09,2026-08-12,2026-08-12,1375000,1375000,1375000,2026-08-08,4,4,Active,,,0
2567224,,222254814,,3638 50th Ave,98116,Single Family,2026-08-12,2026-08-12,2026-08-12,1025000,1025000,1025000,2026-08-11,1,1,Active,,,0
2501534,,213648932,,1966 S Grand St,98144,Townhouse,2026-06-08,2026-08-11,2026-08-11,629000,599000,599000,2026-04-02,131,131,Active,2026-07-18,2026-07-18,1
2508339,,214120207,,2006 A 19th Ave S,98144,Single Family,2026-06-18,2026-08-11,2026-08-11,536000,536000,536000,2026-04-16,117,117,Active,,,0
2512120,,214337844,,308 NE 50th St,98105,Single Family,2026-06-08,2026-08-11,2026-08-11,750000,699500,699500,2026-04-23,98,98,Active,2026-07-13,2026-07-05,2
2517618,,214742386,,3920 W Barrett St,98199,Single Family,2026-06-08,2026-08-11,2026-08-11,2298000,2148000,2148000,2026-05-05,98,98,Active,2026-08-06,2026-06-18,2
2522007,,215297520,,2327 NE 86TH St,98115,Single Family,2026-06-08,2026-08-11,2026-08-11,780000,749000,749000,2026-05-13,90,90,Active,2026-07-13,2026-06-18,2
2529121,,215994009,,14023 Greenwood Ave N Unit C Unit C,98133,Townhouse,2026-06-08,2026-08-11,2026-08-11,625000,625000,625000,2026-05-25,78,78,Active,,,0
2530349,,216089082,,12757 Dayton Ave N Unit B Unit B,98133,Single Family,2026-06-18,2026-08-11,2026-08-11,555750,545000,545000,2026-05-27,76,76,Active,2026-07-15,2026-07-15,1
2532181,,216310635,,402 Aloha St,98109,Townhouse,2026-06-08,2026-08-11,2026-08-11,1080000,1080000,1080000,2026-06-02,70,70,Active,,,0
2536794,,216661520,,2418 Queen Anne Ave N,98109,Single Family,2026-06-18,2026-08-11,2026-08-11,1086000,1049000,1049000,2026-06-13,51,51,Active,2026-07-22,2026-07-22,1
2538626,,216779096,,11054 2nd Ave NW,98177,Single Family,2026-06-18,2026-08-11,2026-08-11,1749000,1749000,1749000,2026-06-11,61,61,Active,,,0
2541118,,216949601,,8328 24th Ave NW,98117,Townhouse,2026-06-18,2026-08-11,2026-08-11,919950,889950,889950,2026-06-17,55,55,Active,2026-07-30,2026-07-30,1
2545295,,217190864,,312 Prospect St,98109,Single Family,2026-07-05,2026-08-11,2026-08-11,2750000,2750000,2750000,2026-06-24,48,48,Active,,,0
2548062,,220592301,,332 NE 50th St,98105,Single Family,2026-07-13,2026-08-11,2026-08-11,715000,715000,715000,2026-07-09,34,34,Active,,,0
2550165,,220610474,,2217 4th Ave N,98109,Single Family,2026-07-13,2026-08-11,2026-08-11,1450000,1399000,1399000,2026-07-10,33,33,Active,2026-08-04,2026-07-28,2
2550574,,220657760,,2006 C 19th Ave S,98144,Single Family,2026-07-13,2026-08-11,2026-08-11,539000,539000,539000,2026-07-10,33,33,Active,,,0
2551332,,220571365,,8626 21st Ave NW,98117,Single Family,2026-07-13,2026-08-11,2026-08-11,965000,939950,939950,2026-07-09,34,34,Active,2026-07-25,2026-07-25,1
2551366,,220585509,,10713 15th Ave NE,98125,Single Family,2026-07-13,2026-08-11,2026-08-11,850000,850000,850000,2026-07-09,34,34,Active,,,0
2552063,,220824507,,3110 Portage Bay Pl E Unit B Unit B,98102,Single Family,2026-07-15,2026-08-11,2026-08-11,1425000,1425000,1425000,2026-07-14,28,28,Active,,,0
2554643,,220845445,,9417 44th Pl NE,98115,Single Family,2026-07-15,2026-08-11,2026-08-11,849950,849950,849950,2026-07-14,28,28,Active,,,0
2554975,,221122734,,5442 30th Ave SW,98126,Single Family,2026-07-23,2026-08-11,2026-08-11,850000,850000,850000,2026-07-22,20,20,Active,,,0
2556826,,221005731,,4011 SW Maryland Pl,98116,Single Family,2026-07-18,2026-08-11,2026-08-11,990000,990000,990000,2026-07-17,25,25,Active,,,0
2557461,,221054416,,511 Martin Luther King Jr Way S,98144,Townhouse,2026-07-22,2026-08-11,2026-08-11,650000,650000,650000,2026-07-20,22,22,Active,,,0
2557913,,221152899,,12703 4th Ave NW,98177,Single Family,2026-07-23,2026-08-11,2026-08-11,1400000,1400000,1400000,2026-07-22,19,19,Active,,,0
2559103,,221277959,,2327 NE 92nd St,98115,Single Family,2026-07-25,2026-08-11,2026-08-11,689000,639000,639000,2026-07-24,18,18,Active,2026-08-10,2026-08-10,1
2559634,,221718292,,3216 20th Ave S,98144,Single Family,2026-08-01,2026-08-11,2026-08-11,675000,675000,675000,2026-07-31,11,11,Active,,,0
2560817,,221477996,,13752 Wayne Pl N,98133,Single Family,2026-07-30,2026-08-11,2026-08-11,1350000,1350000,1350000,2026-07-29,13,13,Active,,,0
2561106,,222066240,,4315 Linden Ave N Unit A Unit A,98103,Townhouse,2026-08-07,2026-08-11,2026-08-11,780000,780000,780000,2026-08-06,5,5,Active,,,0
2562110,,221989968,,4403 4th Ave NW,98107,Single Family,2026-08-06,2026-08-11,2026-08-11,1050000,1050000,1050000,2026-08-05,6,6,Active,,,0
2562703,,222080301,,13230 2nd Ave NW,98177,Single Family,2026-08-07,2026-08-11,2026-08-11,1075000,1075000,1075000,2026-08-06,5,5,Active,,,0
2563405,,221804806,,1120 26th Ave S,98144,Townhouse,2026-08-02,2026-08-11,2026-08-11,783500,783500,783500,2026-08-01,10,10,Active,,,0
2563687,,221992185,,3235 W Viewmont Way W,98199,Single Family,2026-08-06,2026-08-11,2026-08-11,1375000,1375000,1375000,2026-08-05,6,6,Active,,,0
2564468,,222072353,,1717 N 82nd St,98103,Single Family,2026-08-07,2026-08-11,2026-08-11,1015000,1015000,1015000,2026-08-06,5,5,Active,,,0
2564484,,221997213,,1754 Valentine Pl S,98144,Single Family,2026-08-06,2026-08-11,2026-08-11,799950,799950,799950,2026-08-05,6,6,Active,,,0
2565419,,222062884,,14053 2nd Ave NW,98177,Single Family,2026-08-07,2026-08-11,2026-08-11,995000,995000,995000,2026-08-06,5,5,Active,,,0
2565447,,222121399,,5431 49th Ave SW,98136,Single Family,2026-08-08,2026-08-11,2026-08-11,2300000,2300000,2300000,2026-08-07,4,4,Active,,,0
2565616,,222087547,,1575 Magnolia Blvd W,98199,Single Family,2026-08-07,2026-08-11,2026-08-11,3888000,3888000,3888000,2026-08-06,5,5,Active,,,0
2481111,,212657788,,1080 W Ewing St Unit E5 Unit E5,98119,Single Family,2026-06-08,2026-08-10,2026-08-10,355000,299000,299000,2026-03-03,160,160,Active,2026-07-16,2026-07-16,1
2501391,,213866324,,1708 Alki Ave SW Unit B Unit B,98116,Townhouse,2026-06-08,2026-08-10,2026-08-10,710000,710000,710000,2026-04-09,123,123,Active,,,0
2528669,,216048022,,4354 6th Ave NW,98107,Townhouse,2026-06-08,2026-08-10,2026-08-10,725000,675000,675000,2026-05-26,76,76,Active,2026-07-22,2026-07-05,2
2532357,,216523200,,1600 27th Ave,98122,Single Family,2026-06-08,2026-08-10,2026-08-10,1090900,990000,990000,2026-06-04,67,67,Active,2026-07-05,2026-07-05,1
2544751,,217210282,,1606 22nd Ave,98122,Single Family,2026-07-05,2026-08-10,2026-08-10,815000,795000,795000,2026-06-25,46,46,Active,2026-07-30,2026-07-30,1
2545020,,220913346,,2853 B NW 63rd St,98107,Single Family,2026-07-16,2026-08-10,2026-08-10,749000,719000,719000,2026-07-15,26,26,Active,2026-07-30,2026-07-30,1
2545426,,217191469,,902 22nd Ave,98122,Single Family,2026-07-05,2026-08-10,2026-08-10,935000,935000,935000,2026-06-24,47,47,Active,,,0
2547774,,220653859,,706 N 78th St,98103,Single Family,2026-07-13,2026-08-10,2026-08-10,850000,799600,799600,2026-07-10,22,22,Active,2026-07-22,2026-07-22,1
2550049,,220623489,,4047 Willams Ave W,98199,Single Family,2026-07-13,2026-08-10,2026-08-10,2580000,2580000,2580000,2026-07-10,32,32,Active,,,0
2550150,,220624599,,10413 Alderbrook Pl NW,98177,Townhouse,2026-07-13,2026-08-10,2026-08-10,645000,645000,645000,2026-07-10,32,32,Active,,,0
2551818,,220603482,,3636 Greenwood Ave N Unit B Unit B,98103,Townhouse,2026-07-13,2026-08-10,2026-08-10,1097000,998950,998950,2026-07-10,32,32,Active,2026-07-29,2026-07-29,1
2552125,,220648210,,2251 14th Ave W Unit C Unit C,98119,Townhouse,2026-07-13,2026-08-10,2026-08-10,750000,750000,750000,2026-07-10,32,32,Active,,,0
2553896,,220840807,,2220 B NW 62nd St,98107,Townhouse,2026-07-15,2026-08-10,2026-08-10,973500,973500,973500,2026-07-14,27,27,Active,,,0
2557241,,221088015,,503 NE 42nd St,98105,Single Family,2026-07-22,2026-08-10,2026-08-10,549950,549950,549950,2026-07-21,20,20,Active,,,0
2558291,,221147663,,1010 A NE 92nd St,98115,Single Family,2026-07-23,2026-08-10,2026-08-10,740000,725000,725000,2026-07-22,19,19,Active,2026-08-08,2026-08-08,1
2564792,,222055220,,1307 NW 80th St,98117,Single Family,2026-08-07,2026-08-10,2026-08-10,965000,965000,965000,2026-08-06,4,4,Active,,,0
2564801,,222034164,,3210 S Washington St,98144,Single Family,2026-08-06,2026-08-10,2026-08-10,750000,750000,750000,2026-08-05,5,5,Active,,,0
2564866,,222062396,,721 N 79th St,98103,Single Family,2026-08-07,2026-08-10,2026-08-10,1500000,1500000,1500000,2026-08-06,4,4,Active,,,0
2565180,,222067814,,507 31st Ave,98122,Single Family,2026-08-07,2026-08-10,2026-08-10,1150000,1150000,1150000,2026-08-06,4,4,Active,,,0
2565440,,222043086,,2524 30th Ave W,98199,Single Family,2026-08-06,2026-08-10,2026-08-10,2750000,2750000,2750000,2026-08-05,5,5,Active,,,0
2566258,,222129064,,8451 40th Ave SW,98136,Single Family,2026-08-08,2026-08-10,2026-08-10,975000,975000,975000,2026-08-07,3,3,Active,,,0
2566334,,222116822,,8809 Earl Ave NW,98117,Single Family,2026-08-08,2026-08-10,2026-08-10,975000,975000,975000,2026-08-07,3,3,Active,,,0
2522881,,215352718,,2336 A 23rd Ave S,98144,Single Family,2026-06-08,2026-08-09,2026-08-09,835000,835000,835000,2026-05-14,87,87,Active,,,0
2527228,,215946185,,5643 16th Ave SW,98106,Single Family,2026-06-08,2026-08-09,2026-08-09,910000,895000,895000,2026-05-30,71,71,Active,2026-08-04,2026-08-04,1
2530329,,220410346,,3536 NE 94th St,98115,Single Family,2026-07-05,2026-08-09,2026-08-09,1100000,975000,975000,2026-07-02,38,38,Active,2026-07-17,2026-07-17,1
2537484,,216675356,,4524 12th Ave S,98108,Single Family,2026-06-18,2026-08-09,2026-08-09,1049000,999000,999000,2026-06-09,46,46,Active,2026-07-05,2026-07-05,1
2545694,,217216928,,11710 Greenwood Ave N Unit C Unit C,98133,Townhouse,2026-07-05,2026-08-09,2026-08-09,699900,649900,649900,2026-06-25,45,45,Active,2026-07-25,2026-07-13,2
2552707,,220700609,,8356 19th Ave NW Unit B Unit B,98117,Townhouse,2026-07-13,2026-08-09,2026-08-09,619000,619000,619000,2026-07-11,30,30,Active,,,0
2558627,,221127745,,1509 4th Ave W,98119,Single Family,2026-07-23,2026-08-09,2026-08-09,1187500,1187500,1187500,2026-07-22,18,18,Active,,,0
2559922,,221262808,,3045 21st Ave W Unit C Unit C,98199,Townhouse,2026-07-25,2026-08-09,2026-08-09,799950,799950,799950,2026-07-24,16,16,Active,,,0
2560021,,221568166,,8820 24th Ave SW,98106,Single Family,2026-07-31,2026-08-09,2026-08-09,799950,799950,799950,2026-07-30,10,10,Active,,,0
2560900,,221501990,,4231 53rd Ave NE,98105,Single Family,2026-07-30,2026-08-09,2026-08-09,3595000,3595000,3595000,2026-07-29,11,11,Active,,,0
2563089,,221724319,,1228 NE Brockman Pl,98125,Single Family,2026-08-01,2026-08-09,2026-08-09,840000,840000,840000,2026-07-31,9,9,Active,,,0
2564746,,222124371,,613 B 18th Ave E,98112,Single Family,2026-08-08,2026-08-09,2026-08-09,899950,899950,899950,2026-08-07,2,2,Active,,,0
2564905,,222052998,,7768 14th Ave SW,98106,Single Family,2026-08-07,2026-08-09,2026-08-09,549000,549000,549000,2026-08-06,3,3,Active,,,0
2565326,,222120758,,4037 52nd Ave SW,98116,Single Family,2026-08-08,2026-08-09,2026-08-09,1075000,1075000,1075000,2026-08-07,2,2,Active,,,0
2441142,,208248625,,5632 NE 55th St,98105,Single Family,2026-06-08,2026-08-08,2026-08-08,5500000,5500000,5500000,2025-10-09,303,303,Active,,,0
2501138,,213640092,,6352 24th Ave SW,98106,Single Family,2026-06-08,2026-08-08,2026-08-08,769950,759950,759950,2026-04-02,128,128,Active,2026-06-18,2026-06-18,1
2546052,,220695621,,2204 3rd Ave W,98119,Single Family,2026-07-13,2026-08-08,2026-08-08,1099000,999950,999950,2026-07-11,29,29,Active,2026-07-30,2026-07-30,1
2552499,,222035041,,2131 NW 96th St,98117,Single Family,2026-08-06,2026-08-08,2026-08-08,2330000,2330000,2330000,2026-08-05,3,3,Active,,,0
2556640,,220991764,,8526 17th Ave NE,98115,Single Family,2026-07-18,2026-08-08,2026-08-08,939000,939000,939000,2026-07-17,22,22,Active,,,0
2561329,,222117536,,3241 32nd Ave W,98199,Single Family,2026-08-08,2026-08-08,2026-08-08,1895000,1895000,1895000,2026-08-07,1,1,Active,,,0
2502325,,213852469,,8332 26th Ave NW,98117,Townhouse,2026-06-08,2026-08-07,2026-08-07,770000,745000,745000,2026-04-09,120,120,Active,2026-07-22,2026-07-22,1
2511833,,215339630,,2155 N 128th St Unit C Unit C,98133,Single Family,2026-06-08,2026-08-07,2026-08-07,3250000,3250000,3250000,2026-05-14,85,85,Active,,,0
2517128,,214664880,,526 N 100th St,98133,Single Family,2026-06-18,2026-08-07,2026-08-07,765000,750000,750000,2026-05-01,98,98,Active,2026-07-05,2026-07-05,1
2518511,,215290341,,520 N 102nd St,98133,Townhouse,2026-06-08,2026-08-07,2026-08-07,949900,949900,949900,2026-05-13,86,86,Active,,,0
2519451,,214929368,,3449 California Ave SW Unit B Unit B,98116,Townhouse,2026-07-16,2026-08-07,2026-08-07,799950,799950,799950,2026-05-09,90,90,Active,,,0
2520032,,214900630,,1007 W Newell St,98119,Single Family,2026-06-08,2026-08-07,2026-08-07,2495000,2445000,2445000,2026-05-08,91,91,Active,2026-06-18,2026-06-18,1
2520495,,214877580,,1113 S Pearl St,98108,Single Family,2026-06-08,2026-08-07,2026-08-07,925000,925000,925000,2026-05-08,91,91,Active,,,0
2534133,,216417133,,624 W Ewing St,98119,Single Family,2026-06-08,2026-08-07,2026-08-07,185000,185000,185000,2026-06-03,65,65,Active,,,0
2536521,,220827633,,11744 Dayton Ave N,98133,Single Family,2026-07-15,2026-08-07,2026-08-07,744950,744950,744950,2026-07-14,24,24,Active,,,0
2541038,,216923575,,7748 Delridge Way SW,98106,Townhouse,2026-06-18,2026-08-07,2026-08-07,470000,450000,450000,2026-06-16,52,52,Active,2026-07-29,2026-07-29,1
2541564,,216995369,,1918 N 115th St,98133,Single Family,2026-06-18,2026-08-07,2026-08-07,680000,599999,599999,2026-06-17,22,22,Active,2026-07-29,2026-07-29,1
2542616,,217020386,,4907 SW Canada Dr,98136,Single Family,2026-07-05,2026-08-07,2026-08-07,725000,725000,725000,2026-06-18,50,50,Active,,,0
2542661,,217118387,,5301 49th Ave SW,98136,Single Family,2026-07-05,2026-08-07,2026-08-07,1400000,1400000,1400000,2026-06-22,46,46,Active,,,0
2543853,,220984845,,10543 Midvale Ave N Unit A Unit A,98133,Townhouse,2026-07-18,2026-08-07,2026-08-07,360000,360000,360000,2026-07-17,21,21,Active,,,0
2546433,,217261039,,6533 38th Ave SW,98126,Single Family,2026-07-05,2026-08-07,2026-08-07,1699000,1625000,1625000,2026-06-26,42,42,Active,2026-07-29,2026-07-29,1
2546461,,217270979,,2606 NW 57th St Unit B Unit B,98107,Townhouse,2026-07-05,2026-08-07,2026-08-07,695000,695000,695000,2026-06-26,42,42,Active,,,0
2547705,,218292166,,2647 A NW 63rd St,98107,Townhouse,2026-07-05,2026-08-07,2026-08-07,924900,899900,899900,2026-06-30,38,38,Active,2026-07-15,2026-07-15,1
2551809,,220603571,,3638 Greenwood Ave N Unit A Unit A,98103,Townhouse,2026-07-13,2026-08-07,2026-08-07,1044000,998950,998950,2026-07-10,29,29,Active,2026-07-29,2026-07-29,1
2553729,,220830659,,516 N 102nd St,98133,Single Family,2026-07-15,2026-08-07,2026-08-07,696900,696900,696900,2026-07-14,24,24,Active,,,0
2553732,,220830579,,518 N 102nd St,98133,Single Family,2026-07-15,2026-08-07,2026-08-07,596900,596900,596900,2026-07-14,24,24,Active,,,0
2556938,,221017282,,929 N 87th St,98103,Single Family,2026-07-19,2026-08-07,2026-08-07,1014950,1014950,1014950,2026-07-18,20,20,Active,,,0
2556939,,221017283,,931 N 87th St,98103,Single Family,2026-07-19,2026-08-07,2026-08-07,959950,959950,959950,2026-07-18,20,20,Active,,,0
2556941,,221017284,,933 N 87th St,98103,Single Family,2026-07-19,2026-08-07,2026-08-07,1064950,1064950,1064950,2026-07-18,20,20,Active,,,0
2557691,,221067183,,9211 12th Ave NE,98115,Single Family,2026-07-22,2026-08-07,2026-08-07,800000,800000,800000,2026-07-20,18,18,Active,,,0
2559323,,222000902,,3009 S Findlay St,98108,Single Family,2026-08-06,2026-08-07,2026-08-07,665000,665000,665000,2026-08-05,2,2,Active,,,0
2559810,,221272985,,2517 23rd Ave,98144,Single Family,2026-07-25,2026-08-07,2026-08-07,849000,849000,849000,2026-07-24,14,14,Active,,,0
2559831,,221736752,,3515 NW 71st St,98117,Single Family,2026-08-01,2026-08-07,2026-08-07,1575000,1575000,1575000,2026-07-31,7,7,Active,,,0
2559901,,221260296,,312 NW 88th St,98117,Single Family,2026-07-25,2026-08-07,2026-08-07,749900,749900,749900,2026-07-24,14,14,Active,,,0
2560743,,221333374,,9723 Evanston Ave N,98103,Single Family,2026-07-28,2026-08-07,2026-08-07,549000,549000,549000,2026-07-27,11,11,Active,,,0
2562292,,221571237,,8036 9th Ave NW,98117,Single Family,2026-07-31,2026-08-07,2026-08-07,1149000,1149000,1149000,2026-07-30,8,8,Active,,,0
2471580,,211132046,,1111 B 26th Ave,98122,Townhouse,2026-06-08,2026-08-06,2026-08-06,769900,749950,749950,2026-01-29,189,189,Active,2026-07-05,2026-07-05,1
2502006,,216507366,,150 NW 84th St,98117,Single Family,2026-06-08,2026-08-06,2026-08-06,1000000,899000,899000,2026-06-04,63,63,Active,2026-07-16,2026-06-18,2
2517473,,214790097,,2615 47th Ave SW,98116,Single Family,2026-06-08,2026-08-06,2026-08-06,875000,779000,779000,2026-05-06,92,92,Active,2026-07-30,2026-07-05,2
2517961,,214739340,,362 Ward St,98109,Single Family,2026-06-08,2026-08-06,2026-08-06,5308000,5308000,5308000,2026-05-05,93,93,Active,,,0
2518568,,215243691,,1305 NE 55th St,98105,Single Family,2026-06-08,2026-08-06,2026-08-06,775000,735000,735000,2026-05-12,86,86,Active,2026-07-25,2026-07-25,1
2521653,,215665806,,721 N 79th St,98103,Single Family,2026-06-18,2026-08-06,2026-08-06,1695000,1645000,1645000,2026-06-02,65,65,Active,2026-07-15,2026-07-15,1
2522460,,215375181,,1533 NW 51st St,98107,Townhouse,2026-06-08,2026-08-06,2026-08-06,800000,750000,750000,2026-05-15,83,83,Active,2026-07-24,2026-06-18,2
2522704,,216571584,,2112 N 64th St,98103,Single Family,2026-06-08,2026-08-06,2026-08-06,2325000,2250000,2250000,2026-06-05,62,62,Active,2026-07-23,2026-07-23,1
2527126,,220901776,,319 29th Ave,98122,Single Family,2026-07-16,2026-08-06,2026-08-06,1050000,1050000,1050000,2026-07-15,22,22,Active,,,0
2528822,,216147446,,7120 B Beacon Ave S #2,98108,Townhouse,2026-06-08,2026-08-06,2026-08-06,564900,499900,499900,2026-05-28,70,70,Active,2026-08-03,2026-06-18,4
2537371,,216680746,,9223 B Densmore Ave N,98103,Townhouse,2026-06-18,2026-08-06,2026-08-06,449900,449900,449900,2026-06-09,58,58,Active,,,0
2538183,,216724781,,10330 Ashworth Ave N Unit B Unit B,98133,Single Family,2026-06-18,2026-08-06,2026-08-06,749950,749950,749950,2026-06-10,57,57,Active,,,0
2538395,,216733698,,10330 Ashworth Ave N,98133,Single Family,2026-06-18,2026-08-06,2026-08-06,1194950,1194950,1194950,2026-06-10,57,57,Active,,,0
2543380,,217133045,,511 N 76th St,98103,Single Family,2026-07-05,2026-08-06,2026-08-06,865000,825000,825000,2026-06-23,34,34,Active,2026-07-20,2026-07-20,1
2546773,,217280095,,318 NE 59th St,98105,Single Family,2026-07-05,2026-08-06,2026-08-06,1200000,1175000,1175000,2026-06-26,41,41,Active,2026-07-18,2026-07-18,1
2548946,,220437709,,7009 Alonzo Ave NW,98117,Townhouse,2026-07-05,2026-08-06,2026-08-06,619950,619950,619950,2026-07-02,35,35,Active,,,0
2549779,,221092144,,1616 Taylor Ave N,98109,Single Family,2026-07-22,2026-08-06,2026-08-06,1099000,1099000,1099000,2026-07-21,16,16,Active,,,0
2551311,,220610463,,8509 Burke Ave N,98103,Single Family,2026-07-13,2026-08-06,2026-08-06,1549880,1499000,1499000,2026-07-10,28,28,Active,2026-07-24,2026-07-24,1
2555242,,221184281,,10110 Greenwood Ave N #204,98133,Single Family,2026-07-24,2026-08-06,2026-08-06,319000,319000,319000,2026-07-23,14,14,Active,,,0
2556468,,220988583,,11213 Arroyo Beach Pl SW,98146,Single Family,2026-07-18,2026-08-06,2026-08-06,3899000,3899000,3899000,2026-07-17,20,20,Active,,,0
2557076,,221041884,,419 N 50th St Unit A Unit A,98103,Townhouse,2026-07-22,2026-08-06,2026-08-06,1050000,1050000,1050000,2026-07-20,17,17,Active,,,0
2558359,,221571033,,1513 23rd Ave S,98144,Townhouse,2026-07-31,2026-08-06,2026-08-06,799950,799950,799950,2026-07-30,7,7,Active,,,0
2560712,,221573069,,201 N 101st St,98133,Single Family,2026-07-31,2026-08-06,2026-08-06,595000,595000,595000,2026-07-30,7,7,Active,,,0
2562617,,221585896,,11028 Evanston Ave N,98133,Single Family,2026-07-31,2026-08-06,2026-08-06,775000,775000,775000,2026-07-30,7,7,Active,,,0
2564228,,221969416,,5900 34th Ave SW,98126,Single Family,2026-08-05,2026-08-06,2026-08-06,570000,570000,570000,2026-08-04,2,2,Active,,,0
2482546,,212355390,,8815 Densmore Ave N Unit B Unit B,98103,Townhouse,2026-06-08,2026-08-05,2026-08-05,775000,750000,750000,2026-02-19,167,167,Active,2026-07-05,2026-07-05,1
2490621,,213205535,,2117 N 36th St,98103,Single Family,2026-06-08,2026-08-05,2026-08-05,2750000,2750000,2750000,2026-03-19,139,139,Active,,,0
2498277,,217243463,,11229 Greenwood Ave N Unit C Unit C,98133,Townhouse,2026-07-05,2026-08-05,2026-08-05,699900,699900,699900,2026-06-25,41,41,Active,,,0
2500812,,213775723,,2011 NW 64th St Unit B Unit B,98107,Townhouse,2026-06-08,2026-08-05,2026-08-05,815000,815000,815000,2026-04-07,120,120,Active,,,0
2503520,,213764080,,7533 31st Ave NE,98115,Townhouse,2026-06-08,2026-08-05,2026-08-05,1649950,1649950,1649950,2026-04-06,121,121,Active,,,0
2508450,,214118884,,41 W Etruria St Unit C Unit C,98119,Townhouse,2026-06-08,2026-08-05,2026-08-05,928000,919000,919000,2026-04-16,111,111,Active,2026-06-18,2026-06-18,1
2509786,,214182348,,8817 Densmore Ave N,98103,Townhouse,2026-06-08,2026-08-05,2026-08-05,850000,825000,825000,2026-04-17,110,110,Active,2026-07-05,2026-07-05,1
2523931,,215341942,,4586 22nd Ave SW,98106,Townhouse,2026-06-08,2026-08-05,2026-08-05,644950,644950,644950,2026-05-14,83,83,Active,,,0
2529578,,216517905,,4353 SW Willow St,98136,Townhouse,2026-06-08,2026-08-05,2026-08-05,869000,869000,869000,2026-06-04,62,62,Active,,,0
2531292,,216196886,,809 NE 90th St,98115,Single Family,2026-06-08,2026-08-05,2026-08-05,878950,878950,878950,2026-05-29,68,68,Active,,,0
2531574,,216171591,,11026 Evanston Ave N,98133,Single Family,2026-06-08,2026-08-05,2026-08-05,825000,825000,825000,2026-05-29,68,68,Active,,,0
2534283,,216522764,,8316 Mary Ave NW Unit C Unit C,98117,Townhouse,2026-06-08,2026-08-05,2026-08-05,739950,739950,739950,2026-06-04,62,62,Active,,,0
2534296,,220691337,,7305 Earl Ave NW,98117,Single Family,2026-07-13,2026-08-05,2026-08-05,989000,964000,964000,2026-07-11,26,26,Active,2026-07-24,2026-07-24,1
2535876,,216567850,,8421 39th Ave SW,98136,Single Family,2026-06-08,2026-08-05,2026-08-05,899950,865000,865000,2026-06-05,61,61,Active,2026-07-13,2026-07-13,1
2544421,,217240835,,5926 23rd Ave S,98108,Single Family,2026-07-05,2026-08-05,2026-08-05,1109000,975000,975000,2026-06-25,41,41,Active,2026-07-15,2026-07-15,1
2545136,,220670180,,11720 Evanston Ave N,98133,Single Family,2026-07-13,2026-08-05,2026-08-05,950000,925000,925000,2026-07-11,26,26,Active,2026-07-18,2026-07-18,1
2545403,,217193862,,3104 SW Avalon Way Unit G Unit G,98126,Townhouse,2026-07-05,2026-08-05,2026-08-05,585000,585000,585000,2026-06-24,42,42,Active,,,0
2545844,,217219983,,4351 SW Willow St,98136,Townhouse,2026-07-05,2026-08-05,2026-08-05,849000,819000,819000,2026-06-25,41,41,Active,2026-07-23,2026-07-23,1
2550547,,220624622,,11326 14th Ave NE,98125,Single Family,2026-07-13,2026-08-05,2026-08-05,825000,800000,800000,2026-07-10,27,27,Active,2026-07-27,2026-07-27,1
2550787,,220567393,,6359 18th Ave SW,98106,Single Family,2026-07-13,2026-08-05,2026-08-05,824950,824950,824950,2026-07-09,28,28,Active,,,0
2551077,,220624191,,5025 48th Ave SW,98136,Single Family,2026-07-13,2026-08-05,2026-08-05,995000,995000,995000,2026-07-10,19,19,Active,,,0
2551088,,221488114,,14337 Burke Ave N,98133,Single Family,2026-07-30,2026-08-05,2026-08-05,550000,550000,550000,2026-07-29,7,7,Active,,,0
2551375,,220826111,,6950 24th Ave SW,98106,Single Family,2026-07-15,2026-08-05,2026-08-05,724950,714950,714950,2026-07-14,22,22,Active,2026-07-23,2026-07-23,1
2551394,,220620739,,3446 13th Ave W Unit B Unit B,98119,Townhouse,2026-07-13,2026-08-05,2026-08-05,949900,949900,949900,2026-07-10,27,27,Active,,,0
2552789,,220676944,,317 NE 91st St,98115,Single Family,2026-07-13,2026-08-05,2026-08-05,1250000,1250000,1250000,2026-07-11,26,26,Active,,,0
2553627,,220777496,,4329 5th Ave NE,98105,Single Family,2026-07-13,2026-08-05,2026-08-05,889000,889000,889000,2026-07-13,24,24,Active,,,0
2554598,,220843747,,2310 W Newton St,98199,Townhouse,2026-07-15,2026-08-05,2026-08-05,689000,689000,689000,2026-07-14,22,22,Active,,,0
2558133,,221201036,,6540 B Latona Ave NE,98115,Townhouse,2026-07-24,2026-08-05,2026-08-05,839950,839950,839950,2026-07-23,13,13,Active,,,0
2558430,,221203963,,4308 Wallingford Ave N Unit C Unit C,98103,Townhouse,2026-07-24,2026-08-05,2026-08-05,828888,828888,828888,2026-07-23,13,13,Active,,,0
2559243,,221183746,,2768 SW Holden St,98126,Single Family,2026-07-24,2026-08-05,2026-08-05,900000,900000,900000,2026-07-23,13,13,Active,,,0
2559313,,221487483,,1515 37th Ave,98122,Single Family,2026-07-30,2026-08-05,2026-08-05,2400000,2400000,2400000,2026-07-29,7,7,Active,,,0
2559758,,221271992,,2316 41st Ave SW,98116,Single Family,2026-07-25,2026-08-05,2026-08-05,1050000,1050000,1050000,2026-07-24,12,12,Active,,,0
2561352,,221554734,,9718 12th Ave NW,98117,Single Family,2026-07-31,2026-08-05,2026-08-05,949950,949950,949950,2026-07-30,6,6,Active,,,0
2561716,,221479520,,6223 9th Ave NE,98115,Townhouse,2026-07-30,2026-08-05,2026-08-05,749950,749950,749950,2026-07-29,7,7,Active,,,0
2562102,,221711559,,4837 46th Ave SW,98116,Single Family,2026-08-01,2026-08-05,2026-08-05,950000,950000,950000,2026-07-31,5,5,Active,,,0
2562907,,221710048,,7768 14th Ave SW,98106,Single Family,2026-08-01,2026-08-05,2026-08-05,599000,599000,599000,2026-07-31,5,5,Active,,,0
2485688,,212755075,,3070 SW Avalon Way Unit E Unit E,98126,Townhouse,2026-06-08,2026-08-04,2026-08-04,744950,699950,699950,2026-03-05,152,152,Active,2026-07-05,2026-06-18,2
2492152,,212994973,,935 N 92nd St,98103,Single Family,2026-06-08,2026-08-04,2026-08-04,699750,670000,670000,2026-03-12,145,145,Active,2026-07-05,2026-06-18,2
2501434,,213632404,,3835 25th Ave W,98199,Townhouse,2026-06-08,2026-08-04,2026-08-04,799500,774999,774999,2026-04-02,124,124,Active,2026-07-15,2026-07-15,1
2504377,,213927050,,115 Dorffel Dr E,98112,Single Family,2026-06-08,2026-08-04,2026-08-04,3725000,3495000,3495000,2026-04-10,116,116,Active,2026-07-05,2026-07-05,1
2508838,,214117003,,11231 Greenwood Ave N Unit A Unit A,98133,Townhouse,2026-06-08,2026-08-04,2026-08-04,819900,799900,799900,2026-04-16,110,110,Active,2026-07-05,2026-07-05,1
2513029,,215380774,,9219 Stone Ave N,98103,Single Family,2026-06-08,2026-08-04,2026-08-04,665000,665000,665000,2026-05-15,81,81,Active,,,0
2526048,,215569818,,8042 35th Ave NE Unit B Unit B,98115,Townhouse,2026-06-08,2026-08-04,2026-08-04,624990,599990,599990,2026-05-20,76,76,Active,2026-06-18,2026-06-18,1
2528345,,215873587,,8022 Fauntleroy Way SW,98136,Single Family,2026-06-08,2026-08-04,2026-08-04,2200000,2200000,2200000,2026-05-22,74,74,Active,,,0
2533585,,220613652,,3657 W Viewmont Way W,98199,Single Family,2026-07-13,2026-08-04,2026-08-04,2135000,2135000,2135000,2026-07-10,26,26,Active,,,0
2534065,,216636264,,2727 Fairview Ave E #18,98102,Single Family,2026-06-18,2026-08-04,2026-08-04,595000,595000,595000,2026-06-08,57,57,Active,,,0
2534627,,217152418,,899 NW Elford Dr,98177,Single Family,2026-07-05,2026-08-04,2026-08-04,2588000,2588000,2588000,2026-06-23,42,42,Active,,,0
2534750,,217216031,,305 17th Ave E,98112,Townhouse,2026-07-05,2026-08-04,2026-08-04,1149000,1149000,1149000,2026-06-25,40,40,Active,,,0
2540712,,217006323,,2031 Fairview Ave E Unit I Unit I,98102,Single Family,2026-06-18,2026-08-04,2026-08-04,2300000,2099000,2099000,2026-06-17,47,47,Active,2026-07-30,2026-07-13,2
2543970,,217140189,,6226 7th Ave NW,98107,Single Family,2026-07-05,2026-08-04,2026-08-04,820000,820000,820000,2026-06-23,42,42,Active,,,0
2545597,,217196675,,310 NW 75th St,98117,Single Family,2026-07-05,2026-08-04,2026-08-04,995000,995000,995000,2026-06-25,40,40,Active,,,0
2550030,,220607100,,710 14th Ave Unit C Unit C,98122,Townhouse,2026-07-13,2026-08-04,2026-08-04,715000,699000,699000,2026-07-10,26,26,Active,2026-07-24,2026-07-24,1
2551291,,220576333,,825 A 17th Ave,98144,Townhouse,2026-07-13,2026-08-04,2026-08-04,1099950,1099950,1099950,2026-07-09,27,27,Active,,,0
2551974,,221195743,,5922 23rd Ave S,98108,Single Family,2026-07-24,2026-08-04,2026-08-04,899990,899990,899990,2026-07-23,12,12,Active,,,0
2553196,,220896433,,1109 33rd Ave E,98112,Single Family,2026-07-16,2026-08-04,2026-08-04,2495000,2495000,2495000,2026-07-15,20,20,Active,,,0
2553523,,221007972,,314 25th Ave E,98112,Single Family,2026-07-18,2026-08-04,2026-08-04,899000,899000,899000,2026-07-17,18,18,Active,,,0
2554341,,220901051,,4048 56th Ave SW,98116,Single Family,2026-07-16,2026-08-04,2026-08-04,1775800,1775800,1775800,2026-07-15,20,20,Active,,,0
2554494,,220938770,,6001 60th Ave NE,98115,Single Family,2026-07-17,2026-08-04,2026-08-04,1995000,1995000,1995000,2026-07-16,19,19,Active,,,0
2555841,,220939716,,6408 14th Ave NW Unit B Unit B,98107,Townhouse,2026-07-17,2026-08-04,2026-08-04,565000,565000,565000,2026-07-16,19,19,Active,,,0
2555975,,220965137,,4112 Linden Ave N Unit A Unit A,98103,Townhouse,2026-07-17,2026-08-04,2026-08-04,870000,870000,870000,2026-07-16,19,19,Active,,,0
2557310,,221710985,,3209 63rd Ave SW,98116,Single Family,2026-08-01,2026-08-04,2026-08-04,785000,785000,785000,2026-07-31,4,4,Active,,,0
2557763,,221191404,,5248 17th Ave NE,98105,Single Family,2026-07-24,2026-08-04,2026-08-04,1839000,1839000,1839000,2026-07-23,12,12,Active,,,0
2558324,,221261326,,4317 SW Charlestown St,98116,Single Family,2026-07-25,2026-08-04,2026-08-04,585000,585000,585000,2026-07-24,11,11,Active,,,0
2558517,,221487192,,3411 E Terrace St,98122,Single Family,2026-07-30,2026-08-04,2026-08-04,2450000,2450000,2450000,2026-07-29,6,6,Active,,,0
2559551,,221197372,,2301 Rosemont Pl W,98199,Single Family,2026-07-24,2026-08-04,2026-08-04,3100000,3100000,3100000,2026-07-23,12,12,Active,,,0
2559820,,221488265,,3057 19th Ave S,98144,Single Family,2026-07-30,2026-08-04,2026-08-04,925000,925000,925000,2026-07-29,6,6,Active,,,0
2559896,,221266710,,3026 NW 71st St,98117,Single Family,2026-07-25,2026-08-04,2026-08-04,1250000,1250000,1250000,2026-07-24,11,11,Active,,,0
2560327,,221560033,,8837 34th Ave SW,98126,Single Family,2026-07-31,2026-08-04,2026-08-04,1095000,1095000,1095000,2026-07-30,5,5,Active,,,0
2560895,,221487480,,3647 33rd Ave W,98199,Single Family,2026-07-30,2026-08-04,2026-08-04,2225000,2225000,2225000,2026-07-29,6,6,Active,,,0
2561077,,221474050,,7531 25th Ave NW,98117,Single Family,2026-07-30,2026-08-04,2026-08-04,1299950,1299950,1299950,2026-07-29,6,6,Active,,,0
2561551,,221577842,,1047 NE 98th St,98115,Single Family,2026-07-31,2026-08-04,2026-08-04,1025000,1025000,1025000,2026-07-30,5,5,Active,,,0
2561620,,221585897,,110 NE 59th St,98105,Single Family,2026-07-31,2026-08-04,2026-08-04,1650000,1650000,1650000,2026-07-30,5,5,Active,,,0
2561887,,221707595,,13026 6th Ave NW,98177,Single Family,2026-08-01,2026-08-04,2026-08-04,948000,948000,948000,2026-07-31,4,4,Active,,,0
2561915,,221492562,,239 NW 48th St,98107,Single Family,2026-07-30,2026-08-04,2026-08-04,1282500,1282500,1282500,2026-07-29,6,6,Active,,,0
2562228,,221724287,,3849 NE 88th St,98115,Townhouse,2026-08-01,2026-08-04,2026-08-04,1279000,1375000,1375000,2026-07-31,4,4,Active,2026-08-04,2026-08-04,1
2562714,,221777294,,2424 E Mercer St,98112,Single Family,2026-08-02,2026-08-04,2026-08-04,850000,850000,850000,2026-08-01,3,3,Active,,,0
2562816,,221613278,,9420 7th Ave SW,98106,Single Family,2026-07-31,2026-08-04,2026-08-04,780000,780000,780000,2026-07-30,5,5,Active,,,0
2563849,,221937985,,6238 Woodlawn Ave N,98103,Single Family,2026-08-04,2026-08-04,2026-08-04,1795000,1795000,1795000,2026-08-03,1,1,Active,,,0
2494701,,213577406,,7934 20th Ave SW,98106,Single Family,2026-06-18,2026-08-03,2026-08-03,529000,560000,560000,2026-04-01,124,124,Active,2026-07-05,2026-07-05,1
2503450,,213871483,,1223 7th Ave W,98119,Single Family,2026-06-08,2026-08-03,2026-08-03,3885000,3885000,3885000,2026-04-09,116,116,Active,,,0
2512560,,214570926,,1419 McGilvra Blvd E,98112,Single Family,2026-06-08,2026-08-03,2026-08-03,2175000,1995000,1995000,2026-04-30,95,95,Active,2026-07-24,2026-07-05,2
2515190,,214653446,,2452 NW 60th St,98107,Townhouse,2026-06-08,2026-08-03,2026-08-03,725000,725000,725000,2026-05-01,94,94,Active,,,0
2515941,,214654538,,2900 Westlake Ave N,98109,Single Family,2026-06-08,2026-08-03,2026-08-03,15000000,15000000,15000000,2026-05-01,94,94,Active,,,0
2523969,,216114614,,5821 3rd Ave NW,98107,Single Family,2026-06-08,2026-08-03,2026-08-03,999000,825000,825000,2026-05-28,61,61,Active,2026-07-28,2026-06-18,4
2527896,,216424288,,4622 57th Ave SW,98116,Single Family,2026-06-08,2026-08-03,2026-08-03,2375000,2295000,2295000,2026-06-03,61,61,Active,2026-07-05,2026-07-05,1
2532529,,216426549,,6535 34th Ave NE Unit B Unit B,98115,Townhouse,2026-06-08,2026-08-03,2026-08-03,1049000,950000,950000,2026-06-03,61,61,Active,2026-08-03,2026-06-18,5
2533309,,216510703,,8917 Fauntleroy Way SW,98136,Single Family,2026-06-08,2026-08-03,2026-08-03,2750000,2695000,2695000,2026-06-04,60,60,Active,2026-07-05,2026-07-05,1
2534053,,216479356,,3607 22nd Ave W Unit A Unit A,98199,Townhouse,2026-06-08,2026-08-03,2026-08-03,924980,894950,894950,2026-06-04,60,60,Active,2026-07-05,2026-07-05,1
2534921,,216479350,,1521 NW 63rd St Unit A Unit A,98107,Townhouse,2026-06-08,2026-08-03,2026-08-03,1199950,1199950,1199950,2026-06-04,60,60,Active,,,0
2538052,,216772346,,3216 24th Ave W,98199,Single Family,2026-06-18,2026-08-03,2026-08-03,1150000,1039000,1039000,2026-06-11,53,53,Active,2026-07-22,2026-07-13,2
2538172,,216788590,,1972 25th Ave E,98112,Townhouse,2026-06-18,2026-08-03,2026-08-03,849000,849000,849000,2026-06-11,53,53,Active,,,0
2549163,,220620595,,8824 32nd Ave SW,98126,Single Family,2026-07-13,2026-08-03,2026-08-03,689000,674000,674000,2026-07-10,25,25,Active,2026-07-31,2026-07-31,1
2551513,,220654094,,8347 9th Ave NW,98117,Single Family,2026-07-13,2026-08-03,2026-08-03,799950,799950,799950,2026-07-10,25,25,Active,,,0
2557072,,221028005,,13758 3rd Ave NW,98177,Single Family,2026-07-20,2026-08-03,2026-08-03,829900,829900,829900,2026-07-19,15,15,Active,,,0
2557379,,221050119,,5946 18th Ave SW #1,98106,Single Family,2026-07-22,2026-08-03,2026-08-03,699000,699000,699000,2026-07-20,14,14,Active,,,0
2558529,,221123140,,8043 B 19th Ave NE,98115,Townhouse,2026-07-25,2026-08-03,2026-08-03,712499,712499,712499,2026-07-22,12,12,Active,,,0
2559435,,221188990,,8353 20th Ave NW,98117,Single Family,2026-07-24,2026-08-03,2026-08-03,1230000,1230000,1230000,2026-07-23,11,11,Active,,,0
2560093,,221567590,,4030 38th Ave SW,98126,Single Family,2026-07-31,2026-08-03,2026-08-03,1100000,1100000,1100000,2026-07-30,4,4,Active,,,0
2561572,,221448066,,7515 Mary Ave NW,98117,Single Family,2026-07-29,2026-08-03,2026-08-03,899950,899950,899950,2026-07-28,5,5,Active,,,0
2562166,,221719562,,1257 NE 100th St,98125,Single Family,2026-08-01,2026-08-03,2026-08-03,725000,725000,725000,2026-07-31,3,3,Active,,,0
2562168,,221719592,,1255 NE 100th St,98125,Townhouse,2026-08-01,2026-08-03,2026-08-03,750000,750000,750000,2026-07-31,3,3,Active,,,0
2562244,,221582482,,9223 21st Ave SW,98106,Single Family,2026-07-31,2026-08-03,2026-08-03,625000,625000,625000,2026-07-30,4,4,Active,,,0
2562558,,221719914,,3240 32nd Ave W,98199,Single Family,2026-08-01,2026-08-03,2026-08-03,1675000,1675000,1675000,2026-07-31,3,3,Active,,,0
2563422,,221792487,,9519 8th Ave NW Unit B Unit B,98117,Townhouse,2026-08-02,2026-08-03,2026-08-03,498000,498000,498000,2026-08-01,2,2,Active,,,0
2527067,,215603685,,2361 Minor Ave E Unit C Unit C,98102,Townhouse,2026-06-08,2026-08-02,2026-08-02,1349000,1349000,1349000,2026-05-21,73,73,Active,,,0
2534003,,216429163,,7729 12th Ave SW,98106,Single Family,2026-06-08,2026-08-02,2026-08-02,675000,599000,599000,2026-06-03,58,58,Active,2026-07-31,2026-06-18,3
2537456,,216998679,,3033 27th Ave W,98199,Single Family,2026-06-18,2026-08-02,2026-08-02,2450000,2450000,2450000,2026-06-17,45,45,Active,,,0
2552673,,221302613,,9823 41st Ave SW,98136,Single Family,2026-07-27,2026-08-02,2026-08-02,959000,959000,959000,2026-07-26,5,5,Active,,,0
2558541,,221127530,,5720 NE 65th St,98115,Townhouse,2026-07-23,2026-08-02,2026-08-02,1662450,1662450,1662450,2026-07-22,11,11,Active,,,0
2560451,,221495787,,1403 NW 59th St,98107,Single Family,2026-07-30,2026-08-02,2026-08-02,650000,650000,650000,2026-07-29,4,4,Active,,,0
2509350,,214163976,,12317 10th Pl NE Unit B Unit B,98125,Townhouse,2026-06-08,2026-08-01,2026-08-01,610000,575000,575000,2026-04-17,106,106,Active,2026-07-13,2026-07-05,2
2517156,,214666831,,5114 15th Ave S,98108,Single Family,2026-06-08,2026-08-01,2026-08-01,1099995,1080000,1080000,2026-05-01,92,92,Active,2026-07-25,2026-06-18,4
2523545,,215372138,,2822 Boyer Ave E #11,98102,Single Family,2026-06-18,2026-08-01,2026-08-01,2300000,2300000,2300000,2026-05-15,78,78,Active,,,0
2523798,,215353640,,6525 23rd Ave NE,98115,Single Family,2026-06-08,2026-08-01,2026-08-01,975000,893000,893000,2026-05-14,79,79,Active,2026-07-31,2026-06-18,2
2535233,,216780162,,4000 SW Myrtle St,98136,Single Family,2026-06-18,2026-08-01,2026-08-01,1550000,1455000,1455000,2026-06-11,51,51,Active,2026-07-22,2026-07-05,2
2538326,,216781907,,3824 48th Ave NE,98105,Single Family,2026-06-18,2026-08-01,2026-08-01,2395000,2395000,2395000,2026-06-11,51,51,Active,,,0
2545711,,217206143,,7043 17 Ave NW,98117,Single Family,2026-07-05,2026-08-01,2026-08-01,989000,949950,949950,2026-06-25,37,37,Active,2026-07-13,2026-07-13,1
2547786,,220574986,,2239 Minor Ave E Unit C Unit C,98102,Townhouse,2026-07-13,2026-08-01,2026-08-01,1049000,1049000,1049000,2026-07-09,24,24,Active,,,0
2551395,,220585506,,10235 33rd Ave SW,98146,Single Family,2026-07-13,2026-08-01,2026-08-01,625000,625000,625000,2026-07-09,24,24,Active,,,0
2551566,,220821884,,1120 26th Ave S,98144,Townhouse,2026-07-15,2026-08-01,2026-08-01,825000,825000,825000,2026-07-14,18,18,Active,,,0
2556079,,220954080,,505 W Kinnear Pl,98119,Single Family,2026-07-17,2026-08-01,2026-08-01,1995000,1995000,1995000,2026-07-16,16,16,Active,,,0
2557931,,221131831,,2314 S Forest St,98144,Single Family,2026-07-24,2026-08-01,2026-08-01,1099000,1099000,1099000,2026-07-22,10,10,Active,,,0
2558704,,221129739,,9725 Evanston Ave N,98103,Single Family,2026-07-23,2026-08-01,2026-08-01,1119000,1119000,1119000,2026-07-22,10,10,Active,,,0
2562449,,221596831,,1911 9th Ave W,98119,Single Family,2026-07-31,2026-08-01,2026-08-01,950000,950000,950000,2026-07-30,2,2,Active,,,0
2563215,,221727747,,10829 11th Ave NE,98125,Townhouse,2026-08-01,2026-08-01,2026-08-01,799000,799000,799000,2026-07-31,1,1,Active,,,0
2457680,,209592541,,3304 Fuhrman Ave E #10,98102,Single Family,2026-06-08,2026-07-31,2026-07-31,298000,298000,298000,2025-11-26,247,247,Active,,,0
2494278,,213165652,,1541 Cherrylane Pl S #1541,98144,Townhouse,2026-06-08,2026-07-31,2026-07-31,499000,499000,499000,2026-03-18,135,135,Active,,,0
2503896,,213858582,,6307 34th Ave SW,98126,Townhouse,2026-06-08,2026-07-31,2026-07-31,615000,615000,615000,2026-04-09,113,113,Active,,,0
2503965,,213800932,,5235 19th Ave NE,98105,Single Family,2026-06-08,2026-07-31,2026-07-31,1600000,1600000,1600000,2026-04-07,115,115,Active,,,0
2505503,,213899703,,6318 41st Ave SW Unit A Unit A,98136,Townhouse,2026-06-08,2026-07-31,2026-07-31,825000,825000,825000,2026-04-10,112,112,Active,,,0
2505693,,214100750,,712 W Bertona St Unit A Unit A,98119,Single Family,2026-06-08,2026-07-31,2026-07-31,775000,747500,747500,2026-04-16,106,106,Active,2026-07-05,2026-07-05,1
2511605,,214363870,,1514 NE 70th St,98115,Single Family,2026-06-08,2026-07-31,2026-07-31,1200000,1200000,1200000,2026-04-23,99,99,Active,,,0
2515313,,214592193,,2331 E Madison St,98112,Townhouse,2026-06-08,2026-07-31,2026-07-31,1000000,1000000,1000000,2026-04-30,92,92,Active,,,0
2515354,,214537985,,1228 NE Brockman Pl,98125,Single Family,2026-06-08,2026-07-31,2026-07-31,885000,885000,885000,2026-04-29,93,93,Active,,,0
2517546,,214690226,,4916 24th Pl S,98108,Single Family,2026-06-08,2026-07-31,2026-07-31,980000,899950,899950,2026-05-04,88,88,Active,2026-06-18,2026-06-18,1
2520384,,214872023,,3131 SW Raymond St,98126,Townhouse,2026-06-08,2026-07-31,2026-07-31,730000,709000,709000,2026-05-07,85,85,Active,2026-07-25,2026-07-05,2
2523327,,215312816,,6400 Fauntleroy Way SW,98136,Townhouse,2026-06-08,2026-07-31,2026-07-31,779995,779995,779995,2026-05-13,79,79,Active,,,0
2523867,,215356312,,2615 NW 65th St,98117,Townhouse,2026-06-08,2026-07-31,2026-07-31,825000,799950,799950,2026-05-14,78,78,Active,2026-07-05,2026-07-05,1
2524981,,215402561,,6318 41st Ave SW Unit D Unit D,98136,Townhouse,2026-06-08,2026-07-31,2026-07-31,699000,699000,699000,2026-05-15,77,77,Active,,,0
2527505,,215591174,,1318 Yakima Ave S Unit A03 Unit A03,98144,Townhouse,2026-06-08,2026-07-31,2026-07-31,775000,745000,745000,2026-05-21,71,71,Active,2026-07-13,2026-07-05,2
2528066,,215735582,,2928 S Webster St,98108,Single Family,2026-06-08,2026-07-31,2026-07-31,724990,699950,699950,2026-05-21,65,65,Active,2026-07-13,2026-07-13,1
2534781,,216498383,,4323 15th Ave S,98108,Single Family,2026-06-08,2026-07-31,2026-07-31,910000,890000,890000,2026-06-04,57,57,Active,2026-07-05,2026-07-05,1
2537595,,220946499,,9118 Linden Ave N,98103,Single Family,2026-07-17,2026-07-31,2026-07-31,600000,600000,600000,2026-07-16,15,15,Active,,,0
2544297,,217140188,,9519 8th Ave NW Unit B Unit B,98117,Townhouse,2026-07-05,2026-07-31,2026-07-31,498000,498000,498000,2026-06-23,38,38,Active,,,0
2545249,,217212000,,8358 19th Ave NW Unit B Unit B,98117,Townhouse,2026-07-05,2026-07-31,2026-07-31,655000,635000,635000,2026-06-25,36,36,Active,2026-07-23,2026-07-23,1
2545257,,217208380,,4018 59th Ave SW,98116,Single Family,2026-07-05,2026-07-31,2026-07-31,900000,900000,900000,2026-06-25,36,36,Active,,,0
2548185,,220145131,,7342 20th Ave NW,98117,Single Family,2026-07-05,2026-07-31,2026-07-31,2098000,2098000,2098000,2026-07-01,30,30,Active,,,0
2548716,,220397186,,8529 29th Ave NW,98117,Single Family,2026-07-05,2026-07-31,2026-07-31,1349000,1349000,1349000,2026-07-02,29,29,Active,,,0
2550775,,220548407,,454 NE 40th St,98105,Townhouse,2026-07-13,2026-07-31,2026-07-31,1995000,1995000,1995000,2026-07-11,21,21,Active,,,0
2552988,,220943366,,9001 28th Ave NW,98117,Single Family,2026-07-17,2026-07-31,2026-07-31,1525000,1490000,1490000,2026-07-16,15,15,Active,2026-07-25,2026-07-25,1
2553941,,220801467,,1210 S Lucile St,98108,Single Family,2026-07-13,2026-07-31,2026-07-31,664950,664950,664950,2026-07-13,18,18,Active,,,0
2554980,,221119400,,4045 44th Ave SW,98116,Single Family,2026-07-31,2026-07-31,2026-07-31,929000,929000,929000,2026-07-30,1,1,Active,,,0
2557211,,221083758,,2910 9th Ave W,98119,Single Family,2026-07-22,2026-07-31,2026-07-31,2449000,2449000,2449000,2026-07-21,10,10,Active,,,0
2560219,,221483332,,425 26th Ave E,98112,Single Family,2026-07-30,2026-07-31,2026-07-31,1265000,1265000,1265000,2026-07-29,2,2,Active,,,0
2560955,,221559725,,7524 12th Ave NW,98117,Single Family,2026-07-31,2026-07-31,2026-07-31,895000,895000,895000,2026-07-30,1,1,Active,,,0
2561101,,221588091,,4804 NE 65th St,98115,Single Family,2026-07-31,2026-07-31,2026-07-31,1225000,1225000,1225000,2026-07-30,1,1,Active,,,0
2561324,,221593531,,10835 11th Ave NE,98125,Townhouse,2026-07-31,2026-07-31,2026-07-31,799000,799000,799000,2026-07-30,1,1,Active,,,0
2561337,,221496997,,8527 Latona Ave NE,98115,Single Family,2026-07-30,2026-07-31,2026-07-31,2375000,2375000,2375000,2026-07-29,2,2,Active,,,0
2561345,,221593486,,10829 11th Ave NE,98125,Townhouse,2026-07-31,2026-07-31,2026-07-31,799000,799000,799000,2026-07-30,1,1,Active,,,0
2562059,,221588464,,1502 N 100th St,98133,Single Family,2026-07-31,2026-07-31,2026-07-31,750000,750000,750000,2026-07-30,1,1,Active,,,0
2562073,,221588465,,1504 N 100th St,98133,Townhouse,2026-07-31,2026-07-31,2026-07-31,725000,725000,725000,2026-07-30,1,1,Active,,,0
2562079,,221588463,,1506 N 100th St,98133,Townhouse,2026-07-31,2026-07-31,2026-07-31,1100000,1100000,1100000,2026-07-30,1,1,Active,,,0
2476814,,211783495,,5064 Beach Dr SW,98136,Single Family,2026-06-08,2026-07-30,2026-07-30,1750000,1750000,1750000,2026-02-06,174,174,Active,,,0
2494649,,213210072,,14308 Roslyn Pl N Unit B Unit B,98133,Townhouse,2026-06-08,2026-07-30,2026-07-30,629950,629950,629950,2026-03-19,133,133,Active,,,0
2500356,,213633470,,10319 Midvale Ave N Unit A Unit A,98133,Townhouse,2026-06-08,2026-07-30,2026-07-30,535000,535000,535000,2026-04-02,119,119,Active,,,0
2504109,,213870518,,1549 Magnolia Way W,98199,Single Family,2026-06-08,2026-07-30,2026-07-30,3680000,3680000,3680000,2026-04-09,112,112,Active,,,0
2508056,,214327290,,2017 Parkside Dr E,98112,Single Family,2026-06-08,2026-07-30,2026-07-30,6900000,6900000,6900000,2026-04-23,98,98,Active,,,0
2512604,,215341954,,2834 Fairview Ave E,98102,Townhouse,2026-06-08,2026-07-30,2026-07-30,2335000,2335000,2335000,2026-05-14,77,77,Active,,,0
2516163,,214583951,,9032 14th Ave NW Unit D Unit D,98117,Townhouse,2026-06-08,2026-07-30,2026-07-30,630750,630750,630750,2026-04-30,91,91,Active,,,0
2518231,,214852737,,801 W Barrett St,98119,Single Family,2026-06-08,2026-07-30,2026-07-30,2495000,2495000,2495000,2026-05-07,84,84,Active,,,0
2520104,,214882110,,909 32nd Ave S Unit B Unit B,98144,Townhouse,2026-06-18,2026-07-30,2026-07-30,828775,828775,828775,2026-05-08,83,83,Active,,,0
2523673,,217170643,,2337 W Plymouth St,98199,Single Family,2026-07-05,2026-07-30,2026-07-30,1300000,1300000,1300000,2026-06-24,36,36,Active,,,0
2528229,,215842092,,7324 7th Pl SW Unit A Unit A,98106,Single Family,2026-06-08,2026-07-30,2026-07-30,629000,609000,609000,2026-05-21,70,70,Active,2026-07-05,2026-07-05,1
2529494,,216048850,,2024 W Bertona St,98199,Townhouse,2026-06-08,2026-07-30,2026-07-30,749950,724950,724950,2026-05-26,65,65,Active,2026-07-05,2026-07-05,1
2531973,,216187536,,3834 NE 86th St,98115,Single Family,2026-06-08,2026-07-30,2026-07-30,1250000,1250000,1250000,2026-05-29,62,62,Active,,,0
2532958,,216422048,,4007 48th Ave NE,98105,Single Family,2026-06-08,2026-07-30,2026-07-30,2350000,2195000,2195000,2026-06-03,57,57,Active,2026-06-18,2026-06-18,1
2535281,,217019774,,5632 42nd Ave SW,98136,Single Family,2026-07-05,2026-07-30,2026-07-30,1349950,1299950,1299950,2026-06-18,42,42,Active,2026-07-18,2026-07-18,1
2539050,,216785996,,4221 Evanston Ave N Unit B Unit B,98103,Townhouse,2026-06-18,2026-07-30,2026-07-30,931000,931000,931000,2026-06-11,49,49,Active,,,0
2542879,,217026689,,3936 Woodland Park Ave N,98103,Single Family,2026-07-05,2026-07-30,2026-07-30,1449000,1449000,1449000,2026-06-18,42,42,Active,,,0
2545236,,217185343,,10746 Interlake Ave N,98133,Townhouse,2026-07-05,2026-07-30,2026-07-30,529000,529000,529000,2026-06-24,36,36,Active,,,0
2547675,,220448848,,1915 25th Ave S Unit D Unit D,98144,Townhouse,2026-07-05,2026-07-30,2026-07-30,578000,578000,578000,2026-07-03,27,27,Active,,,0
2550644,,220609457,,6911 California Ave SW Unit C Unit C,98136,Townhouse,2026-07-13,2026-07-30,2026-07-30,685000,670000,670000,2026-07-10,21,21,Active,2026-07-16,2026-07-16,1
2550747,,220573624,,2315 B Franklin Ave E Unit B Unit B,98102,Single Family,2026-07-13,2026-07-30,2026-07-30,875000,875000,875000,2026-07-09,7,7,Active,,,0
2551025,,220583231,,1819 39th Ave E,98112,Single Family,2026-07-13,2026-07-30,2026-07-30,2195000,2195000,2195000,2026-07-09,22,22,Active,,,0
2551269,,220565400,,2508 13th Ave W,98119,Single Family,2026-07-13,2026-07-30,2026-07-30,1999995,1899999,1899999,2026-07-09,22,22,Active,2026-07-26,2026-07-15,2
2552394,,220670781,,4128 3rd Ave NW,98107,Single Family,2026-07-13,2026-07-30,2026-07-30,1325000,1325000,1325000,2026-07-11,20,20,Active,,,0
2555467,,220914402,,525 27th Ave,98122,Single Family,2026-07-16,2026-07-30,2026-07-30,1420000,1420000,1420000,2026-07-15,15,15,Active,,,0
2556089,,221005537,,10038 13th Ave NW,98177,Single Family,2026-07-18,2026-07-30,2026-07-30,1100000,1100000,1100000,2026-07-17,13,13,Active,,,0
2556506,,221176661,,7015 12th Ave SW,98106,Single Family,2026-07-24,2026-07-30,2026-07-30,589000,589000,589000,2026-07-23,7,7,Active,,,0
2557000,,221312445,,9615 Roosevelt Way NE Unit A Unit A,98115,Townhouse,2026-07-27,2026-07-30,2026-07-30,675000,675000,675000,2026-07-26,3,3,Active,,,0
2560215,,221275301,,409 NE 60th St,98115,Single Family,2026-07-25,2026-07-30,2026-07-30,1200000,1200000,1200000,2026-07-24,6,6,Active,,,0
2461032,,209900356,,7144 47th Ave SW,98136,Townhouse,2026-06-08,2026-07-29,2026-07-29,750000,699999,699999,2025-12-13,228,228,Active,2026-06-18,2026-06-18,1
2500712,,214503538,,5560 15th Ave S,98108,Single Family,2026-06-08,2026-07-29,2026-07-29,799999,749999,749999,2026-04-29,91,91,Active,2026-07-05,2026-07-05,1
2503720,,214083784,,3812 22nd Ave SW,98106,Single Family,2026-06-08,2026-07-29,2026-07-29,775000,775000,775000,2026-04-15,96,96,Active,,,0
2505724,,214399259,,371 Prospect St,98109,Single Family,2026-06-08,2026-07-29,2026-07-29,2695000,2695000,2695000,2026-04-24,96,96,Active,,,0
2514946,,214540103,,10758 Ashworth Ave N,98133,Single Family,2026-06-08,2026-07-29,2026-07-29,930000,875000,875000,2026-04-29,91,91,Active,2026-07-13,2026-06-18,2
2514996,,214536319,,2422 NW 60th Unit B Unit B,98107,Townhouse,2026-06-08,2026-07-29,2026-07-29,799000,783900,783900,2026-04-29,91,91,Active,2026-07-13,2026-06-18,2
2516820,,214640611,,7330 25th Ave NW,98117,Townhouse,2026-06-08,2026-07-29,2026-07-29,779950,779950,779950,2026-05-01,89,89,Active,,,0
2522636,,215312851,,5309 47th Ave SW,98136,Single Family,2026-06-08,2026-07-29,2026-07-29,1100000,999500,999500,2026-05-14,76,76,Active,2026-07-22,2026-06-18,2
2525673,,220554352,,6747 15th Ave NW,98117,Townhouse,2026-07-13,2026-07-29,2026-07-29,975000,975000,975000,2026-07-08,22,22,Active,,,0
2529974,,216176733,,2456 3rd Ave W,98119,Single Family,2026-06-08,2026-07-29,2026-07-29,1325000,1275000,1275000,2026-05-29,61,61,Active,2026-07-05,2026-07-05,1
2534809,,216492773,,6848 31st Ave NE,98115,Single Family,2026-06-08,2026-07-29,2026-07-29,1075000,998000,998000,2026-06-04,51,51,Active,2026-07-05,2026-07-05,1
2536847,,220932345,,3445 60th Ave SW,98116,Single Family,2026-07-17,2026-07-29,2026-07-29,1598000,1598000,1598000,2026-07-16,13,13,Active,,,0
2540239,,216986329,,9219 30th Ave SW,98126,Single Family,2026-06-18,2026-07-29,2026-07-29,689000,665000,665000,2026-06-17,41,41,Active,2026-07-23,2026-07-14,2
2545766,,217270226,,1205 NW Woodbine Way,98177,Single Family,2026-07-05,2026-07-29,2026-07-29,1225000,1225000,1225000,2026-06-28,31,31,Active,,,0
2547887,,220955025,,239 NW 48th St,98107,Single Family,2026-07-17,2026-07-29,2026-07-29,1350000,1350000,1350000,2026-07-16,13,13,Active,,,0
2548085,,219338328,,6726 35th Pl S,98118,Townhouse,2026-07-05,2026-07-29,2026-07-29,650000,650000,650000,2026-07-01,28,28,Active,,,0
2548520,,220935127,,6246 39th Ave NE,98115,Single Family,2026-07-17,2026-07-29,2026-07-29,1185000,1185000,1185000,2026-07-16,13,13,Active,,,0
2548923,,220990585,,8555 30th Ave NW,98117,Single Family,2026-07-18,2026-07-29,2026-07-29,850000,850000,850000,2026-07-17,12,12,Active,,,0
2549442,,221333164,,2205 Bigelow Ave N #6,98109,Townhouse,2026-07-29,2026-07-29,2026-07-29,845000,845000,845000,2026-07-27,2,2,Active,,,0
2549803,,220567656,,715 W Wheeler St,98119,Single Family,2026-07-13,2026-07-29,2026-07-29,1065000,1045000,1045000,2026-07-09,21,21,Active,2026-07-20,2026-07-20,1
2550272,,220540613,,4311 Greenwood Ave N,98103,Single Family,2026-07-13,2026-07-29,2026-07-29,1400000,1400000,1400000,2026-07-08,22,22,Active,,,0
2551189,,220562064,,4318 1st Ave NE,98105,Single Family,2026-07-13,2026-07-29,2026-07-29,1300000,1300000,1300000,2026-07-09,21,21,Active,,,0
2553012,,221186110,,2755 SW Sylvan Heights Dr,98106,Townhouse,2026-07-24,2026-07-29,2026-07-29,600000,600000,600000,2026-07-23,6,6,Active,,,0
2555879,,220948486,,110 29th Ave E,98112,Single Family,2026-07-17,2026-07-29,2026-07-29,799950,799950,799950,2026-07-16,13,13,Active,,,0
2556228,,221165794,,2202 N 41st St,98103,Single Family,2026-07-24,2026-07-29,2026-07-29,1885000,1885000,1885000,2026-07-23,6,6,Active,,,0
2558287,,221245359,,106 29th Ave E,98112,Single Family,2026-07-25,2026-07-29,2026-07-29,1549950,1549950,1549950,2026-07-24,5,5,Active,,,0
2558385,,221179878,,1217 S Charlestown St,98108,Single Family,2026-07-24,2026-07-29,2026-07-29,850000,850000,850000,2026-07-23,6,6,Active,,,0
2558577,,221142456,,1623 14th Ave Unit E Unit E,98122,Townhouse,2026-07-23,2026-07-29,2026-07-29,899950,899950,899950,2026-07-22,7,7,Active,,,0
2558727,,221141494,,731 N 80th St,98103,Single Family,2026-07-23,2026-07-29,2026-07-29,767000,767000,767000,2026-07-22,7,7,Active,,,0
2559162,,221202318,,2714 10th Ave W,98119,Single Family,2026-07-24,2026-07-29,2026-07-29,1450000,1450000,1450000,2026-07-23,6,6,Active,,,0
2559255,,221181124,,8233 40th Ave NE,98115,Single Family,2026-07-24,2026-07-29,2026-07-29,1495000,1495000,1495000,2026-07-23,6,6,Active,,,0
2559363,,221256961,,2416 2nd Ave N,98109,Single Family,2026-07-25,2026-07-29,2026-07-29,2300000,2300000,2300000,2026-07-24,5,5,Active,,,0
2560111,,221276154,,3026 62nd Ave SW,98116,Single Family,2026-07-25,2026-07-29,2026-07-29,1029000,1029000,1029000,2026-07-24,5,5,Active,,,0
2560359,,221290742,,505 NE 78th St,98115,Single Family,2026-07-26,2026-07-29,2026-07-29,1234990,1234990,1234990,2026-07-25,4,4,Active,,,0
2501350,,213655005,,3407 A NW Market St,98107,Townhouse,2026-07-13,2026-07-28,2026-07-28,1070000,1070000,1070000,2026-04-03,117,117,Active,,,0
2507618,,214043105,,7008 Linden Ave N,98103,Single Family,2026-07-17,2026-07-28,2026-07-28,2168000,2168000,2168000,2026-04-14,105,105,Active,,,0
2513517,,214589497,,7064 Cleopatra Pl NW,98117,Single Family,2026-07-17,2026-07-28,2026-07-28,874900,874900,874900,2026-04-30,89,89,Active,,,0
2515261,,214524800,,3110 Queen Anne Ave N,98109,Townhouse,2026-06-08,2026-07-28,2026-07-28,699000,699000,699000,2026-04-29,90,90,Active,,,0
2520407,,214870517,,1453 22nd Ave,98122,Townhouse,2026-06-08,2026-07-28,2026-07-28,699950,699950,699950,2026-05-07,82,82,Active,,,0
2524538,,215391956,,7062 Cleopatra Pl NW,98117,Townhouse,2026-07-17,2026-07-28,2026-07-28,769900,769900,769900,2026-05-15,74,74,Active,,,0
2525584,,215492425,,3034 NE 89th St,98115,Single Family,2026-06-08,2026-07-28,2026-07-28,1995000,1849500,1849500,2026-05-19,70,70,Active,2026-07-22,2026-06-18,2
2526240,,215506217,,974 NW 54th St,98107,Townhouse,2026-06-18,2026-07-28,2026-07-28,929000,929000,929000,2026-05-26,63,63,Active,,,0
2526688,,217189813,,2511 2nd Ave W,98119,Single Family,2026-07-05,2026-07-28,2026-07-28,2468000,2368000,2368000,2026-06-24,34,34,Active,2026-07-18,2026-07-18,1
2527318,,215573293,,5255 Brooklyn Ave NE,98015,Townhouse,2026-06-08,2026-07-28,2026-07-28,899900,899900,899900,2026-05-20,69,69,Active,,,0
2528038,,215941752,,955 N 35th St,98103,Townhouse,2026-06-08,2026-07-28,2026-07-28,1059950,1029950,1029950,2026-05-22,67,67,Active,2026-07-13,2026-07-13,1
2531171,,216124063,,3112 Queen Anne Ave N,98119,Townhouse,2026-06-08,2026-07-28,2026-07-28,789950,789950,789950,2026-05-28,61,61,Active,,,0
2533461,,216467680,,537 N 70th St,98103,Townhouse,2026-07-17,2026-07-28,2026-07-28,1199900,1199900,1199900,2026-06-03,55,55,Active,,,0
2534278,,216549424,,9121 23rd Ave NE,98115,Townhouse,2026-06-08,2026-07-28,2026-07-28,525000,525000,525000,2026-06-05,53,53,Active,,,0
2534845,,216514113,,5028 41st Ave SW,98136,Single Family,2026-06-08,2026-07-28,2026-07-28,745000,695000,695000,2026-06-04,54,54,Active,2026-07-13,2026-07-05,2
2536909,,216778488,,3311 25th Ave S,98144,Single Family,2026-06-18,2026-07-28,2026-07-28,939000,899900,899900,2026-06-11,47,47,Active,2026-07-15,2026-07-05,2
2538092,,216748570,,3406 B 34th Ave W,98199,Townhouse,2026-06-18,2026-07-28,2026-07-28,899900,875000,875000,2026-06-11,47,47,Active,2026-07-13,2026-07-13,1
2538290,,216782289,,9553 Ashworth Ave N Unit B Unit B,98103,Townhouse,2026-06-18,2026-07-28,2026-07-28,599000,599000,599000,2026-06-11,47,47,Active,,,0
2538975,,216780342,,930 NW 54th St,98107,Townhouse,2026-06-18,2026-07-28,2026-07-28,799000,799000,799000,2026-06-11,47,47,Active,,,0
2544661,,217267344,,5215 Latona Ave NE,98105,Single Family,2026-07-05,2026-07-28,2026-07-28,949000,949000,949000,2026-06-26,32,32,Active,,,0
2549148,,221002699,,3514 SW 98th St,98126,Single Family,2026-07-18,2026-07-28,2026-07-28,550000,550000,550000,2026-07-17,11,11,Active,,,0
2549149,,220427463,,6546 32nd Ave NE Unit A Unit A,98115,Townhouse,2026-07-05,2026-07-28,2026-07-28,975000,975000,975000,2026-07-02,26,26,Active,,,0
2549441,,221333091,,2205 Bigelow Ave N #6,98109,Townhouse,2026-07-28,2026-07-28,2026-07-28,845000,845000,845000,2026-07-27,1,1,Active,,,0
2550230,,220647556,,3146 Portage Bay Pl E Unit B Unit B,98102,Single Family,2026-07-13,2026-07-28,2026-07-28,799000,799000,799000,2026-07-10,19,19,Active,,,0
2550273,,220603018,,6114 8th Ave NW,98107,Single Family,2026-07-13,2026-07-28,2026-07-28,1095000,1095000,1095000,2026-07-10,19,19,Active,,,0
2551034,,220614535,,3819 B Fremont Ave N,98103,Townhouse,2026-07-13,2026-07-28,2026-07-28,999950,999950,999950,2026-07-10,19,19,Active,,,0
2551554,,221175883,,1701 N 82nd St,98103,Single Family,2026-07-24,2026-07-28,2026-07-28,1125000,1125000,1125000,2026-07-23,5,5,Active,,,0
2552565,,220676005,,713 B N 70th St,98103,Townhouse,2026-07-17,2026-07-28,2026-07-28,631500,631500,631500,2026-07-10,18,18,Active,,,0
2554730,,220849314,,954 19th Ave E,98112,Single Family,2026-07-15,2026-07-28,2026-07-28,1550000,1550000,1550000,2026-07-14,14,14,Active,,,0
2554759,,220936697,,5507 20th Ave S,98108,Single Family,2026-07-17,2026-07-28,2026-07-28,1250000,1250000,1250000,2026-07-16,10,10,Active,,,0
2555212,,220916862,,916 N 73rd St Unit A Unit A,98103,Townhouse,2026-07-17,2026-07-28,2026-07-28,650000,650000,650000,2026-07-15,13,13,Active,,,0
2555231,,221129495,,6100 28th Ave S,98108,Single Family,2026-07-23,2026-07-28,2026-07-28,745000,745000,745000,2026-07-22,6,6,Active,,,0
2555754,,221105494,,1318 N 76th St,98103,Single Family,2026-07-22,2026-07-28,2026-07-28,1495000,1495000,1495000,2026-07-21,7,7,Active,,,0
2555930,,221175882,,7051 34th Ave NE,98115,Single Family,2026-07-24,2026-07-28,2026-07-28,2195000,2195000,2195000,2026-07-23,5,5,Active,,,0
2557064,,221120998,,1636 N 54th St,98103,Single Family,2026-07-23,2026-07-28,2026-07-28,1278000,1278000,1278000,2026-07-22,6,6,Active,,,0
2557141,,221182440,,8552 31st Ave NW,98117,Single Family,2026-07-24,2026-07-28,2026-07-28,630000,630000,630000,2026-07-23,5,5,Active,,,0
2557811,,221120997,,3751 E Columbia St,98122,Single Family,2026-07-23,2026-07-28,2026-07-28,1998000,1998000,1998000,2026-07-22,6,6,Active,,,0
2557908,,221117773,,6302 15th Ave NE,98115,Single Family,2026-07-23,2026-07-28,2026-07-28,1400000,1400000,1400000,2026-07-22,6,6,Active,,,0
2557980,,221182586,,127 NE 56th St,98105,Single Family,2026-07-24,2026-07-28,2026-07-28,1595000,1595000,1595000,2026-07-23,5,5,Active,,,0
2558069,,221134571,,7418 8th Ave NW,98117,Single Family,2026-07-23,2026-07-28,2026-07-28,849000,849000,849000,2026-07-22,6,6,Active,,,0
2558160,,221165882,,9602 26th Ave NW,98117,Single Family,2026-07-24,2026-07-28,2026-07-28,1025000,1025000,1025000,2026-07-23,5,5,Active,,,0
2558418,,221108587,,1849 S King St,98144,Single Family,2026-07-22,2026-07-28,2026-07-28,988000,948000,948000,2026-07-21,7,7,Active,2026-07-25,2026-07-25,1
2558422,,221137313,,8548 1st Ave NE,98115,Single Family,2026-07-23,2026-07-28,2026-07-28,759000,759000,759000,2026-07-22,6,6,Active,,,0
2558428,,221141169,,747 N 73rd St,98103,Single Family,2026-07-23,2026-07-28,2026-07-28,675000,675000,675000,2026-07-22,6,6,Active,,,0
2558747,,221275784,,4011 SW Massachusetts St,98116,Single Family,2026-07-25,2026-07-28,2026-07-28,1550000,1550000,1550000,2026-07-24,4,4,Active,,,0
2558764,,221191983,,7551 33rd Ave NW,98117,Single Family,2026-07-24,2026-07-28,2026-07-28,985000,985000,985000,2026-07-23,5,5,Active,,,0
2559028,,221214050,,318 N 71st St,98103,Single Family,2026-07-25,2026-07-28,2026-07-28,875000,875000,875000,2026-07-24,4,4,Active,,,0
2485001,,212505738,,7005 Holly Park Dr S,98118,Townhouse,2026-06-08,2026-07-27,2026-07-27,615000,615000,615000,2026-02-26,151,151,Active,,,0
2491566,,212988681,,726 N 94th St Unit B Unit B,98103,Townhouse,2026-06-08,2026-07-27,2026-07-27,639500,639500,639500,2026-03-12,137,137,Active,,,0
2508386,,214128299,,1310 Yakima Ave S,98144,Townhouse,2026-06-08,2026-07-27,2026-07-27,944500,929500,929500,2026-04-16,102,102,Active,2026-07-17,2026-07-05,2
2519072,,214834610,,738 D N 95th,98103,Townhouse,2026-06-08,2026-07-27,2026-07-27,680000,680000,680000,2026-05-07,81,81,Active,,,0
2524630,,215400500,,3030 31st Ave W,98199,Townhouse,2026-06-08,2026-07-27,2026-07-27,975000,963000,963000,2026-05-15,73,73,Active,2026-07-05,2026-07-05,1
2528952,,216094742,,1428 24TH Ave Unit B Unit B,98122,Townhouse,2026-06-08,2026-07-27,2026-07-27,599900,599900,599900,2026-05-27,61,61,Active,,,0
2529461,,216132110,,5706 35th Ave NE,98105,Single Family,2026-06-08,2026-07-27,2026-07-27,950000,750000,750000,2026-05-28,60,60,Active,2026-07-24,2026-06-18,3
2538769,,216876822,,10327 Stone Ave N,98133,Single Family,2026-06-18,2026-07-27,2026-07-27,819000,819000,819000,2026-06-15,42,42,Active,,,0
2538929,,216794089,,4600 Green Lake Way N,98103,Single Family,2026-06-18,2026-07-27,2026-07-27,1375000,1325000,1325000,2026-06-11,46,46,Active,2026-07-13,2026-07-13,1
2539971,,216880119,,1301 N Northlake Way,98103,Single Family,2026-06-18,2026-07-27,2026-07-27,650000,650000,650000,2026-06-15,42,42,Active,,,0
2542532,,221262403,,2856 NW 62nd St,98107,Single Family,2026-07-25,2026-07-27,2026-07-27,1219950,1219950,1219950,2026-07-24,3,3,Active,,,0
2542759,,217019776,,731 19th Ave,98122,Single Family,2026-07-05,2026-07-27,2026-07-27,1080000,1080000,1080000,2026-06-18,37,37,Active,,,0
2543263,,217060278,,5026 20th Ave NE,98105,Single Family,2026-07-05,2026-07-27,2026-07-27,1450000,1450000,1450000,2026-06-19,38,38,Active,,,0
2543439,,217091315,,1124 Lake Washington Blvd S,98144,Single Family,2026-07-05,2026-07-27,2026-07-27,2375000,2375000,2375000,2026-06-22,35,35,Active,,,0
2546233,,217238030,,7912 34th Ave SW,98126,Single Family,2026-07-05,2026-07-27,2026-07-27,849000,849000,849000,2026-06-25,32,32,Active,,,0
2546407,,217279473,,2228 10th Ave E Unit A Unit A,98102,Single Family,2026-07-05,2026-07-27,2026-07-27,725000,725000,725000,2026-06-26,31,31,Active,,,0
2548532,,220384358,,3425 21st Ave W Unit A Unit A,98199,Townhouse,2026-07-05,2026-07-27,2026-07-27,799000,780000,780000,2026-07-01,26,26,Active,2026-07-16,2026-07-16,1
2550654,,220574293,,215 NE 123rd St,98125,Townhouse,2026-07-13,2026-07-27,2026-07-27,950000,950000,950000,2026-07-09,19,19,Active,,,0
2550968,,220616885,,4851 A Delridge Way SW,98106,Townhouse,2026-07-13,2026-07-27,2026-07-27,525000,525000,525000,2026-07-10,18,18,Active,,,0
2551873,,220697450,,5414 SW Beach Drive Ter,98116,Single Family,2026-07-13,2026-07-27,2026-07-27,1298000,1250000,1250000,2026-07-11,17,17,Active,2026-07-22,2026-07-22,1
2555935,,221143520,,728 Boylston Ave E Unit B Unit B,98102,Townhouse,2026-07-23,2026-07-27,2026-07-27,1425000,1425000,1425000,2026-07-22,5,5,Active,,,0
2556868,,221147004,,8545 Densmore Ave N,98103,Single Family,2026-07-23,2026-07-27,2026-07-27,1450000,1450000,1450000,2026-07-22,5,5,Active,,,0
2556946,,221021043,,7411 4th Ave NE Unit A Unit A,98115,Townhouse,2026-07-19,2026-07-27,2026-07-27,979000,979000,979000,2026-07-18,9,9,Active,,,0
2556995,,221022086,,5716 NE 65th St,98115,Townhouse,2026-07-19,2026-07-27,2026-07-27,897750,897750,897750,2026-07-18,9,9,Active,,,0
2557893,,221130988,,164 McGraw St,98109,Single Family,2026-07-23,2026-07-27,2026-07-27,2390000,2390000,2390000,2026-07-22,5,5,Active,,,0
2557994,,221126886,,9518 18th Ave NW,98117,Single Family,2026-07-23,2026-07-27,2026-07-27,1325000,1325000,1325000,2026-07-22,5,5,Active,,,0
2558038,,221119402,,910 11th Ave E,98102,Single Family,2026-07-23,2026-07-27,2026-07-27,1250000,1250000,1250000,2026-07-22,5,5,Active,,,0
2558655,,221128978,,9723 Evanston Ave N,98103,Single Family,2026-07-23,2026-07-27,2026-07-27,585000,585000,585000,2026-07-22,5,5,Active,,,0
2558988,,221143201,,8815 18th Ave SW,98106,Single Family,2026-07-23,2026-07-27,2026-07-27,850000,850000,850000,2026-07-22,5,5,Active,,,0
2559536,,221198149,,2127 NW 99th St,98117,Single Family,2026-07-24,2026-07-27,2026-07-27,1525000,1525000,1525000,2026-07-23,4,4,Active,,,0
2490690,,212939291,,13722 Interlake Ave N,98133,Single Family,2026-06-08,2026-07-26,2026-07-26,625000,599950,599950,2026-03-11,130,130,Active,2026-07-05,2026-07-05,1
2526086,,216156213,,707 W Bertona St,98119,Single Family,2026-06-08,2026-07-26,2026-07-26,1348888,1249950,1249950,2026-05-29,58,58,Active,2026-07-05,2026-07-05,1
2528453,,215912010,,7529 Beacon Ave S,98118,Single Family,2026-06-08,2026-07-26,2026-07-26,695000,620000,620000,2026-05-22,65,65,Active,2026-07-20,2026-07-05,2
2540934,,216956432,,7511 Dumar Way SW,98106,Single Family,2026-06-18,2026-07-26,2026-07-26,930000,930000,930000,2026-06-17,39,39,Active,,,0
2548891,,220406852,,14052 Midvale Ave N,98133,Single Family,2026-07-05,2026-07-26,2026-07-26,499000,499000,499000,2026-07-02,24,24,Active,,,0
2550673,,220537027,,12119 12th Ave NW,98177,Single Family,2026-07-13,2026-07-26,2026-07-26,2276000,2276000,2276000,2026-07-08,19,19,Active,,,0
2550871,,220547563,,2020 Fairview Ave E Unit A Unit A,98102,Townhouse,2026-07-13,2026-07-26,2026-07-26,1575000,1575000,1575000,2026-07-08,19,19,Active,,,0
2552927,,220693389,,1621 N 103rd St,98133,Single Family,2026-07-13,2026-07-26,2026-07-26,975000,975000,975000,2026-07-11,16,16,Active,,,0
2558675,,221183522,,3422 21st Ave S,98144,Single Family,2026-07-24,2026-07-26,2026-07-26,1095000,1095000,1095000,2026-07-23,3,3,Active,,,0
2512329,,221149704,,3451 10th Ave W,98119,Single Family,2026-07-23,2026-07-25,2026-07-25,2395000,2395000,2395000,2026-07-22,2,2,Active,,,0
2516682,,214627970,,1411 26th Ave,98122,Single Family,2026-06-18,2026-07-25,2026-07-25,519500,499500,499500,2026-05-01,85,85,Active,2026-07-05,2026-07-05,1
2519366,,214814335,,908 N 46th St Unit F Unit F,98103,Townhouse,2026-06-08,2026-07-25,2026-07-25,799000,775000,775000,2026-05-06,78,78,Active,2026-06-18,2026-06-18,1
2530689,,216119256,,2122 N 128th St,98133,Single Family,2026-06-08,2026-07-25,2026-07-25,999999,949999,949999,2026-05-28,58,58,Active,2026-07-17,2026-07-17,1
2536022,,216567186,,6203 39th Ave NE,98115,Single Family,2026-06-08,2026-07-25,2026-07-25,1145000,1099000,1099000,2026-06-05,50,50,Active,2026-07-05,2026-07-05,1
2542912,,217058378,,1741 NW 60th St Unit B Unit B,98107,Townhouse,2026-07-05,2026-07-25,2026-07-25,795000,780000,780000,2026-06-19,36,36,Active,2026-07-13,2026-07-13,1
2545139,,217227705,,505 NE 78th St,98115,Single Family,2026-07-05,2026-07-25,2026-07-25,1349000,1299990,1299990,2026-06-25,30,30,Active,2026-07-13,2026-07-13,1
2545436,,217245054,,2560 12th Ave W,98119,Single Family,2026-07-05,2026-07-25,2026-07-25,2695000,2695000,2695000,2026-06-25,30,30,Active,,,0
2549709,,220608823,,6742 7th Ave NW,98117,Single Family,2026-07-17,2026-07-25,2026-07-25,949999,949999,949999,2026-07-09,16,16,Active,,,0
2553302,,220704619,,8623 30th Ave NE,98115,Single Family,2026-07-13,2026-07-25,2026-07-25,1045000,1045000,1045000,2026-07-11,15,15,Active,,,0
2554609,,220958939,,347 29th Ave,98122,Single Family,2026-07-17,2026-07-25,2026-07-25,1295000,1295000,1295000,2026-07-16,9,9,Active,,,0
2557134,,221179539,,1917 8th Ave W Unit B Unit B,98119,Townhouse,2026-07-24,2026-07-25,2026-07-25,799000,799000,799000,2026-07-23,2,2,Active,,,0
2557683,,221099613,,2138 N 50 St,98103,Single Family,2026-07-22,2026-07-25,2026-07-25,1060000,1060000,1060000,2026-07-21,4,4,Active,,,0
2559142,,221151002,,1012 20th Ave S,98144,Single Family,2026-07-23,2026-07-25,2026-07-25,699000,699000,699000,2026-07-22,2,2,Active,,,0
2505533,,213920361,,1728 26th Ave S,98144,Single Family,2026-06-08,2026-07-24,2026-07-24,795000,795000,795000,2026-04-10,105,105,Active,,,0
2507381,,214046977,,9047 17th Ave SW Unit A Unit A,98106,Townhouse,2026-06-08,2026-07-24,2026-07-24,484999,465000,465000,2026-04-15,100,100,Active,2026-07-18,2026-07-18,1
2514598,,214567914,,1852 E Shelby St,98112,Single Family,2026-06-08,2026-07-24,2026-07-24,3950000,3950000,3950000,2026-04-30,85,85,Active,,,0
2517761,,215345397,,6942 31st Ave SW,98126,Townhouse,2026-06-08,2026-07-24,2026-07-24,699000,699000,699000,2026-05-14,71,71,Active,,,0
2520006,,214851633,,7403 Dayton Ave N,98103,Single Family,2026-07-17,2026-07-24,2026-07-24,799950,775000,775000,2026-05-07,78,78,Active,2026-07-23,2026-07-23,1
2531080,,216142027,,534 W Barrett St,98119,Single Family,2026-06-08,2026-07-24,2026-07-24,1124900,1124900,1124900,2026-05-28,57,57,Active,,,0
2533324,,218305963,,4122 Burke Ave N,98103,Townhouse,2026-07-05,2026-07-24,2026-07-24,1129000,1129000,1129000,2026-06-30,24,24,Active,,,0
2539416,,216818586,,11052 2nd Ave NW,98177,Single Family,2026-06-18,2026-07-24,2026-07-24,745000,745000,745000,2026-06-12,34,34,Active,,,0
2544464,,220610464,,360 Howe St,98109,Single Family,2026-07-13,2026-07-24,2026-07-24,1395000,1395000,1395000,2026-07-10,15,15,Active,,,0
2544974,,217169960,,1640 18th Ave #6,98122,Single Family,2026-07-05,2026-07-24,2026-07-24,290000,290000,290000,2026-06-24,30,30,Active,,,0
2549217,,220434333,,938 18th Ave E,98112,Single Family,2026-07-05,2026-07-24,2026-07-24,2650000,2650000,2650000,2026-07-02,22,22,Active,,,0
2549757,,221000556,,3701 SW Henderson St,98126,Single Family,2026-07-18,2026-07-24,2026-07-24,950000,950000,950000,2026-07-17,7,7,Active,,,0
2550613,,220536125,,527 B NE 89th St,98115,Single Family,2026-07-13,2026-07-24,2026-07-24,825000,825000,825000,2026-07-08,17,17,Active,,,0
2550987,,220548455,,3509 W Thurman St,98199,Single Family,2026-07-13,2026-07-24,2026-07-24,2095000,2095000,2095000,2026-07-08,17,17,Active,,,0
2552134,,220690153,,3245 13th Ave W,98119,Single Family,2026-07-13,2026-07-24,2026-07-24,1079000,1079000,1079000,2026-07-11,14,14,Active,,,0
2555292,,220985972,,2109 NE 83rd St,98115,Single Family,2026-07-18,2026-07-24,2026-07-24,694950,694950,694950,2026-07-17,7,7,Active,,,0
2556519,,220993689,,522 N 104th St,98133,Townhouse,2026-07-18,2026-07-24,2026-07-24,899000,899000,899000,2026-07-17,7,7,Active,,,0
2558119,,221184298,,2459 24th Ave E,98112,Single Family,2026-07-24,2026-07-24,2026-07-24,1070000,1070000,1070000,2026-07-23,1,1,Active,,,0
2559147,,221196354,,7332 25th Ave NW,98117,Townhouse,2026-07-24,2026-07-24,2026-07-24,1092000,1092000,1092000,2026-07-23,1,1,Active,,,0
2559244,,221199033,,4024 55th Ave SW,98116,Single Family,2026-07-24,2026-07-24,2026-07-24,1282500,1282500,1282500,2026-07-23,1,1,Active,,,0
2428572,,207343388,,947 NW 56th St,98107,Townhouse,2026-06-08,2026-07-23,2026-07-23,680000,680000,680000,2025-10-01,295,295,Active,,,0
2434480,,207757013,,9545 Wallingford Ave N,98103,Townhouse,2026-06-08,2026-07-23,2026-07-23,489000,489000,489000,2025-10-04,292,292,Active,,,0
2470504,,211283271,,1417 N 97th St,98103,Townhouse,2026-06-08,2026-07-23,2026-07-23,565000,565000,565000,2026-01-30,174,174,Active,,,0
2511112,,214263431,,2506 W Halladay St,98199,Single Family,2026-06-08,2026-07-23,2026-07-23,3475000,3475000,3475000,2026-04-21,93,93,Active,,,0
2514794,,214555734,,8323 B 12th Ave NW,98117,Townhouse,2026-06-08,2026-07-23,2026-07-23,824900,799900,799900,2026-04-30,84,84,Active,2026-06-18,2026-06-18,1
2516252,,214646821,,6540 A Latona Ave NE,98115,Townhouse,2026-06-08,2026-07-23,2026-07-23,899950,849950,849950,2026-05-01,83,83,Active,2026-07-18,2026-07-05,2
2518105,,214722453,,7340 B 40th Ave NE,98115,Single Family,2026-06-18,2026-07-23,2026-07-23,899950,949950,949950,2026-05-04,80,80,Active,2026-07-22,2026-07-05,3
2518916,,214785480,,2301 Rosemont Pl W,98199,Single Family,2026-06-08,2026-07-23,2026-07-23,3400000,3400000,3400000,2026-05-05,79,79,Active,,,0
2521568,,214968736,,7332 25th Ave NW,98117,Townhouse,2026-06-08,2026-07-23,2026-07-23,1149950,1149950,1149950,2026-05-11,73,73,Active,,,0
2522076,,215313147,,1513 27th Ave,98122,Single Family,2026-07-13,2026-07-23,2026-07-23,1165000,1165000,1165000,2026-06-25,29,29,Active,,,0
2533035,,217006132,,5921 32nd Ave SW Unit B Unit B,98126,Single Family,2026-06-18,2026-07-23,2026-07-23,625000,625000,625000,2026-06-17,35,35,Active,,,0
2534501,,216637111,,312 NW 88th St,98117,Single Family,2026-06-18,2026-07-23,2026-07-23,749900,749900,749900,2026-06-15,38,38,Active,,,0
2534698,,216470621,,13721 Meridian Ave N,98133,Single Family,2026-06-08,2026-07-23,2026-07-23,1095000,1125000,1125000,2026-06-03,47,47,Active,2026-07-05,2026-06-18,2
2537916,,216972645,,2714 58th Ave SW,98116,Single Family,2026-07-15,2026-07-23,2026-07-23,919000,889000,889000,2026-06-17,36,36,Active,2026-07-22,2026-07-22,1
2539282,,216818452,,2768 SW Holden St,98126,Single Family,2026-06-18,2026-07-23,2026-07-23,950000,950000,950000,2026-06-12,41,41,Active,,,0
2539666,,217237143,,3045 21st Ave W Unit C Unit C,98199,Townhouse,2026-07-05,2026-07-23,2026-07-23,835000,815000,815000,2026-06-25,28,28,Active,2026-07-13,2026-07-13,1
2541688,,217044852,,2527 Westmont Way W,98199,Single Family,2026-07-05,2026-07-23,2026-07-23,2730000,2730000,2730000,2026-06-19,34,34,Active,,,0
2544970,,217182738,,8353 20th Ave NW,98117,Single Family,2026-07-05,2026-07-23,2026-07-23,1295000,1295000,1295000,2026-06-24,29,29,Active,,,0
2546449,,217280809,,106 29th Ave E,98112,Single Family,2026-07-05,2026-07-23,2026-07-23,1574950,1574950,1574950,2026-06-26,27,27,Active,,,0
2547687,,220602656,,4024 55th Ave SW,98116,Single Family,2026-07-13,2026-07-23,2026-07-23,1350000,1350000,1350000,2026-07-10,14,14,Active,,,0
2554470,,220958046,,8042 18th Ave NE,98115,Single Family,2026-07-17,2026-07-23,2026-07-23,950000,950000,950000,2026-07-16,7,7,Active,,,0
2555201,,220991861,,2315 S Bateman St,98108,Single Family,2026-07-18,2026-07-23,2026-07-23,775000,775000,775000,2026-07-17,6,6,Active,,,0
2556034,,221055971,,2710 18th Ave S,98144,Single Family,2026-07-22,2026-07-23,2026-07-23,899000,899000,899000,2026-07-20,3,3,Active,,,0
2556184,,221010173,,10245 42nd Ave SW,98146,Single Family,2026-07-18,2026-07-23,2026-07-23,525000,525000,525000,2026-07-17,6,6,Active,,,0
2557295,,221047577,,3015 61st Ave SW Unit B Unit B,98116,Townhouse,2026-07-22,2026-07-23,2026-07-23,769000,769000,769000,2026-07-20,3,3,Active,,,0
2499123,,213527308,,8847 9th Ave SW Unit A Unit A,98106,Townhouse,2026-06-08,2026-07-22,2026-07-22,485000,485000,485000,2026-03-30,114,114,Active,,,0
2508580,,214116235,,1419 NW 65th St Unit B Unit B,98117,Townhouse,2026-06-08,2026-07-22,2026-07-22,675000,649000,649000,2026-04-16,97,97,Active,2026-07-05,2026-07-05,1
2511339,,214280123,,10248 Richwood Ave NW,98177,Single Family,2026-06-08,2026-07-22,2026-07-22,1995000,1995000,1995000,2026-04-22,91,91,Active,,,0
2513308,,215584262,,2234 NW 62nd St,98107,Single Family,2026-06-08,2026-07-22,2026-07-22,1080000,1038000,1038000,2026-05-21,62,62,Active,2026-06-18,2026-06-18,1
2514886,,214569372,,6315 42nd Ave SW Unit B Unit B,98136,Townhouse,2026-06-08,2026-07-22,2026-07-22,635000,635000,635000,2026-04-30,83,83,Active,,,0
2522380,,215353581,,728 W Etruria St,98119,Single Family,2026-06-08,2026-07-22,2026-07-22,3475000,3340000,3340000,2026-05-14,69,69,Active,2026-06-18,2026-06-18,1
2522513,,215303483,,6546 B Latona Ave NE,98115,Townhouse,2026-06-08,2026-07-22,2026-07-22,959950,935000,935000,2026-05-13,70,70,Active,2026-07-05,2026-07-05,1
2523810,,215354831,,9723 Evanston Ave N,98103,Single Family,2026-06-08,2026-07-22,2026-07-22,615000,585000,585000,2026-05-14,69,69,Active,2026-07-16,2026-07-05,2
2523812,,215354878,,9725 Evanston Ave N,98103,Single Family,2026-06-08,2026-07-22,2026-07-22,1199000,1179000,1179000,2026-05-14,69,69,Active,2026-07-13,2026-07-13,1
2524292,,215354002,,3444 34th Ave W,98199,Single Family,2026-06-08,2026-07-22,2026-07-22,849000,829000,829000,2026-05-14,69,69,Active,2026-07-17,2026-07-17,1
2524913,,215405164,,7727 27th Ave NW,98117,Single Family,2026-06-08,2026-07-22,2026-07-22,1100000,995000,995000,2026-05-15,68,68,Active,2026-07-05,2026-07-05,1
2529432,,216166292,,8315 Ravenna Ave NE,98115,Single Family,2026-06-08,2026-07-22,2026-07-22,875000,875000,875000,2026-05-29,54,54,Active,,,0
2531401,,216287048,,4709 SW Hinds St,98116,Single Family,2026-06-08,2026-07-22,2026-07-22,875000,849999,849999,2026-06-01,51,51,Active,2026-07-17,2026-07-13,2
2531950,,216189481,,1615 N 50th St Unit C Unit C,98103,Townhouse,2026-06-08,2026-07-22,2026-07-22,899950,899950,899950,2026-05-29,54,54,Active,,,0
2532847,,216297372,,707 Lake Washington Blvd S,98144,Single Family,2026-06-08,2026-07-22,2026-07-22,1498000,1475000,1475000,2026-06-01,51,51,Active,2026-07-13,2026-07-13,1
2537180,,216843772,,5720 NE 65th St,98115,Townhouse,2026-06-18,2026-07-22,2026-07-22,1799950,1749950,1749950,2026-06-12,40,40,Active,2026-07-13,2026-07-13,1
2540807,,216934258,,731 N 80th St,98103,Single Family,2026-06-18,2026-07-22,2026-07-22,807500,807500,807500,2026-06-16,36,36,Active,,,0
2543228,,217074756,,1115 8th Ave W,98119,Single Family,2026-07-05,2026-07-22,2026-07-22,1595000,1595000,1595000,2026-06-20,32,32,Active,,,0
2544838,,217322192,,7011 9th Ave NE,98115,Townhouse,2026-07-05,2026-07-22,2026-07-22,769950,749950,749950,2026-06-29,23,23,Active,2026-07-18,2026-07-18,1
2545209,,217280897,,125 NE 135th St,98125,Single Family,2026-07-05,2026-07-22,2026-07-22,825000,799950,799950,2026-06-26,26,26,Active,2026-07-18,2026-07-18,1
2545679,,217200851,,1012 20th Ave S,98144,Single Family,2026-07-05,2026-07-22,2026-07-22,783000,783000,783000,2026-06-25,27,27,Active,,,0
2547475,,220971862,,12011 6th Ave NW,98177,Single Family,2026-07-17,2026-07-22,2026-07-22,1450000,1450000,1450000,2026-07-16,5,5,Active,,,0
2547527,,217333473,,8043 19th Ave NE,98115,Townhouse,2026-07-05,2026-07-22,2026-07-22,749950,749950,749950,2026-06-29,23,23,Active,,,0
2548124,,219586602,,1509 4th Ave W,98119,Single Family,2026-07-05,2026-07-22,2026-07-22,1250000,1250000,1250000,2026-07-01,21,21,Active,,,0
2548834,,220395143,,205 NW 101st St,98177,Single Family,2026-07-05,2026-07-22,2026-07-22,717000,717000,717000,2026-07-01,21,21,Active,,,0
2550256,,220589677,,9054 17th Ave SW Unit A Unit A,98106,Townhouse,2026-07-13,2026-07-22,2026-07-22,434000,415000,415000,2026-07-09,14,14,Active,2026-07-20,2026-07-20,1
2554647,,220915012,,2057 McGilvra Blvd E,98112,Single Family,2026-07-16,2026-07-22,2026-07-22,2190000,2190000,2190000,2026-07-15,7,7,Active,,,0
2555439,,220949320,,4861 24th Ave S,98108,Single Family,2026-07-17,2026-07-22,2026-07-22,925000,925000,925000,2026-07-16,6,6,Active,,,0
2557632,,221094750,,7754 Jones Ave NW,98117,Single Family,2026-07-22,2026-07-22,2026-07-22,1125000,1125000,1125000,2026-07-21,1,1,Active,,,0
2459286,,209732437,,13909 4th Ave NE,98125,Single Family,2026-06-08,2026-07-20,2026-07-20,720000,720000,720000,2025-12-04,228,228,Active,,,0
2484554,,212527038,,2647 39th Ave W,98199,Single Family,2026-06-08,2026-07-20,2026-07-20,2998000,2998000,2998000,2026-02-27,143,143,Active,,,0
2485773,,212566526,,2012 Fairview Ave E Unit B Unit B,98102,Townhouse,2026-06-08,2026-07-20,2026-07-20,700000,700000,700000,2026-02-27,143,143,Active,,,0
2490696,,214181417,,4258 Whitman Ave N,98103,Single Family,2026-06-08,2026-07-20,2026-07-20,2295000,2295000,2295000,2026-05-11,70,70,Active,,,0
2494207,,213203010,,13335 Greenwood Ave N Unit D Unit D,98133,Townhouse,2026-06-08,2026-07-20,2026-07-20,779998,779998,779998,2026-03-19,123,123,Active,,,0
2496479,,213349187,,2009 E John St,98112,Single Family,2026-06-08,2026-07-20,2026-07-20,1199000,1139050,1139050,2026-03-24,118,118,Active,2026-07-05,2026-07-05,1
2501430,,213630624,,12322 14TH Ave NE Unit B Unit B,98125,Townhouse,2026-06-08,2026-07-20,2026-07-20,775000,775000,775000,2026-04-02,109,109,Active,,,0
2504884,,214150427,,3038 61st Ave SW,98116,Single Family,2026-06-08,2026-07-20,2026-07-20,995000,995000,995000,2026-04-17,94,94,Active,,,0
2505957,,213930084,,4019 4th Ave NE Unit B Unit B,98105,Single Family,2026-06-08,2026-07-20,2026-07-20,1299950,1299950,1299950,2026-04-10,101,101,Active,,,0
2508883,,214121076,,437 NE 73rd St Unit A Unit A,98115,Townhouse,2026-06-08,2026-07-20,2026-07-20,769900,769900,769900,2026-04-16,95,95,Active,,,0
2510947,,215306586,,2366 Franklin Ave E Unit B Unit B,98102,Townhouse,2026-06-08,2026-07-20,2026-07-20,1000000,950000,950000,2026-05-13,68,68,Active,2026-07-05,2026-06-18,2
2512336,,214355932,,3014 21st Ave W Unit A Unit A,98199,Townhouse,2026-06-08,2026-07-20,2026-07-20,899000,899000,899000,2026-04-23,88,88,Active,,,0
2512582,,214352226,,2012 Fairview Ave E Unit A Unit A,98102,Townhouse,2026-06-08,2026-07-20,2026-07-20,1060000,1060000,1060000,2026-04-23,88,88,Active,,,0
2520069,,214919608,,1645 22nd Ave,98122,Townhouse,2026-06-08,2026-07-20,2026-07-20,875000,850000,850000,2026-05-08,73,73,Active,2026-07-05,2026-07-05,1
2520632,,215341938,,725 N 95th St Unit B Unit B,98103,Townhouse,2026-06-08,2026-07-20,2026-07-20,519950,499000,499000,2026-05-14,67,67,Active,2026-07-05,2026-07-05,1
2521957,,215213667,,6223 9th Ave NE,98115,Townhouse,2026-06-08,2026-07-20,2026-07-20,789950,789950,789950,2026-05-11,70,70,Active,,,0
2526569,,215905523,,2017 Minor Ave E,98102,Townhouse,2026-06-08,2026-07-20,2026-07-20,1650000,1650000,1650000,2026-05-22,59,59,Active,,,0
2526970,,215574669,,5942 21st Ave SW,98106,Single Family,2026-06-08,2026-07-20,2026-07-20,1249000,1199950,1199950,2026-05-20,61,61,Active,2026-07-05,2026-06-18,2
2528001,,215649035,,5257 Brooklyn Ave NE,98105,Townhouse,2026-06-08,2026-07-20,2026-07-20,855000,855000,855000,2026-05-21,60,60,Active,,,0
2534776,,216565458,,1409 29th Ave,98122,Single Family,2026-06-18,2026-07-20,2026-07-20,879950,879950,879950,2026-06-05,45,45,Active,,,0
2535618,,216565903,,503 NE 42nd St,98105,Single Family,2026-06-18,2026-07-20,2026-07-20,575000,575000,575000,2026-06-05,45,45,Active,,,0
2537733,,216734802,,3511 S Thistle St,98118,Single Family,2026-06-18,2026-07-20,2026-07-20,899000,875000,875000,2026-06-10,40,40,Active,2026-07-17,2026-07-17,1
2538202,,216788092,,511 Martin Luther King Jr Way S,98144,Townhouse,2026-06-18,2026-07-20,2026-07-20,689000,689000,689000,2026-06-11,39,39,Active,,,0
2539285,,216815307,,3602 SW Lander St,98126,Single Family,2026-06-18,2026-07-20,2026-07-20,2369000,2280000,2280000,2026-06-12,38,38,Active,2026-07-13,2026-07-13,1
2541150,,216968581,,6331 42nd Ave SW Unit B Unit B,98136,Townhouse,2026-06-18,2026-07-20,2026-07-20,675000,675000,675000,2026-06-17,33,33,Active,,,0
2541622,,216994613,,9348 32nd Ave SW,98126,Single Family,2026-06-18,2026-07-20,2026-07-20,635000,619000,619000,2026-06-17,32,32,Active,2026-07-13,2026-07-13,1
2542354,,217001469,,1608 NW 65th St Unit A Unit A,98117,Townhouse,2026-06-18,2026-07-20,2026-07-20,749950,749950,749950,2026-06-17,32,32,Active,,,0
2542623,,217027559,,11709 Roosevelt Way NE,98125,Single Family,2026-07-05,2026-07-20,2026-07-20,1849950,1849950,1849950,2026-06-18,32,32,Active,,,0
2543733,,220903554,,2322 NE 92nd St,98115,Single Family,2026-07-16,2026-07-20,2026-07-20,1650000,1650000,1650000,2026-07-15,5,5,Active,,,0
2544860,,220838126,,5942 37th Ave SW,98126,Single Family,2026-07-15,2026-07-20,2026-07-20,650000,650000,650000,2026-07-14,6,6,Active,,,0
2545566,,217223476,,2218 A NW 62nd St,98107,Townhouse,2026-07-05,2026-07-20,2026-07-20,988000,988000,988000,2026-06-25,25,25,Active,,,0
2545781,,217238090,,2010 Fairview Ave E Unit A Unit A,98102,Townhouse,2026-07-05,2026-07-20,2026-07-20,1377500,1377500,1377500,2026-06-25,25,25,Active,,,0
2545804,,217238367,,2019 Minor Ave E,98102,Townhouse,2026-07-05,2026-07-20,2026-07-20,1699950,1699950,1699950,2026-06-25,25,25,Active,,,0
2545859,,217242760,,1338 California Ave SW,98116,Single Family,2026-07-05,2026-07-20,2026-07-20,935000,935000,935000,2026-06-25,25,25,Active,,,0
2548522,,220824377,,8447 35th Ave SW,98126,Single Family,2026-07-15,2026-07-20,2026-07-20,499900,499900,499900,2026-07-14,6,6,Active,,,0
2548969,,220637312,,310 W Garfield St,98119,Single Family,2026-07-13,2026-07-20,2026-07-20,2395000,2395000,2395000,2026-07-10,11,11,Active,,,0
2549045,,220630620,,1506 17th Ave E,98112,Single Family,2026-07-13,2026-07-20,2026-07-20,2000000,2000000,2000000,2026-07-10,11,11,Active,,,0
2549420,,220901765,,11202 Marine View Dr SW,98146,Single Family,2026-07-16,2026-07-20,2026-07-20,1150000,1150000,1150000,2026-07-15,5,5,Active,,,0
2550640,,220824854,,4717 NE 50th St,98105,Single Family,2026-07-15,2026-07-20,2026-07-20,2249000,2249000,2249000,2026-07-14,6,6,Active,,,0
2551242,,220932714,,9501 Dayton Ave N,98103,Single Family,2026-07-17,2026-07-20,2026-07-20,950000,950000,950000,2026-07-16,4,4,Active,,,0
2551338,,220624388,,6626 57th Ave NE,98115,Single Family,2026-07-13,2026-07-20,2026-07-20,1680000,1680000,1680000,2026-07-10,11,11,Active,,,0
2551437,,220691774,,2591 E Madison St #2567,98112,Townhouse,2026-07-13,2026-07-20,2026-07-20,689999,689999,689999,2026-07-11,10,10,Active,,,0
2552685,,220700046,,1849 S King St,98144,Townhouse,2026-07-13,2026-07-20,2026-07-20,998000,998000,998000,2026-07-11,10,10,Active,,,0
2553017,,220932715,,1229 18th Ave E,98112,Single Family,2026-07-17,2026-07-20,2026-07-20,1850000,1850000,1850000,2026-07-16,4,4,Active,,,0
2553078,,220834115,,6531 37th Ave SW,98126,Single Family,2026-07-15,2026-07-20,2026-07-20,925000,925000,925000,2026-07-14,6,6,Active,,,0
2553308,,220862466,,935 N 97th St Unit B Unit B,98103,Townhouse,2026-07-16,2026-07-20,2026-07-20,539000,539000,539000,2026-07-15,5,5,Active,,,0
2553498,,220953339,,7528 33rd Ave NW,98117,Single Family,2026-07-17,2026-07-20,2026-07-20,925000,925000,925000,2026-07-16,4,4,Active,,,0
2554010,,220852605,,119 N 83rd St,98103,Single Family,2026-07-15,2026-07-20,2026-07-20,748000,748000,748000,2026-07-14,6,6,Active,,,0
2554149,,220928713,,2313 47th Ave SW,98116,Single Family,2026-07-17,2026-07-20,2026-07-20,925000,925000,925000,2026-07-16,4,4,Active,,,0
2554150,,220949323,,6238 Woodlawn Ave N,98103,Single Family,2026-07-17,2026-07-20,2026-07-20,1895000,1895000,1895000,2026-07-16,4,4,Active,,,0
2554490,,220934486,,2034 Federal Ave E,98102,Single Family,2026-07-17,2026-07-20,2026-07-20,1500000,1500000,1500000,2026-07-16,4,4,Active,,,0
2554735,,220932241,,4318 SW Willow St,98136,Single Family,2026-07-17,2026-07-20,2026-07-20,1395000,1395000,1395000,2026-07-16,4,4,Active,,,0
2555101,,220915200,,738 N 73rd St,98103,Single Family,2026-07-17,2026-07-20,2026-07-20,1624000,1624000,1624000,2026-07-15,5,5,Active,,,0
2555194,,220949527,,5601 Bradford St,98116,Single Family,2026-07-17,2026-07-20,2026-07-20,1900000,1900000,1900000,2026-07-16,4,4,Active,,,0
2555237,,220935381,,1607 34th St,98122,Single Family,2026-07-17,2026-07-20,2026-07-20,1098000,1098000,1098000,2026-07-16,4,4,Active,,,0
2555452,,220959163,,807 27th Ave,98122,Single Family,2026-07-17,2026-07-20,2026-07-20,836900,836900,836900,2026-07-16,4,4,Active,,,0
2555724,,220962483,,4655 Eastern Ave N,98103,Single Family,2026-07-17,2026-07-20,2026-07-20,1279000,1279000,1279000,2026-07-16,4,4,Active,,,0
2555870,,220949236,,321 NW 45th St #3,98107,Townhouse,2026-07-17,2026-07-20,2026-07-20,825000,825000,825000,2026-07-16,4,4,Active,,,0
2555988,,220977638,,400 21st Ave E,98112,Single Family,2026-07-18,2026-07-20,2026-07-20,1100000,1100000,1100000,2026-07-17,3,3,Active,,,0
2556174,,220996187,,5906 42nd Ave SW,98136,Townhouse,2026-07-18,2026-07-20,2026-07-20,715000,715000,715000,2026-07-17,3,3,Active,,,0
2556205,,221005798,,2626 W Boston St,98199,Single Family,2026-07-18,2026-07-20,2026-07-20,1100000,1100000,1100000,2026-07-17,3,3,Active,,,0
2556362,,221000645,,5946 18th Ave SW #1,98106,Single Family,2026-07-18,2026-07-20,2026-07-20,699000,699000,699000,2026-07-17,3,3,Active,,,0
2556474,,221008212,,6702 5th Ave NW,98117,Single Family,2026-07-18,2026-07-20,2026-07-20,1350000,1350000,1350000,2026-07-17,3,3,Active,,,0
2556564,,221001767,,5948 18 Ave SW #2,98106,Single Family,2026-07-18,2026-07-20,2026-07-20,799000,799000,799000,2026-07-17,3,3,Active,,,0
2512423,,214342647,,421 N 40th St,98103,Single Family,2026-06-08,2026-07-19,2026-07-19,1188000,1188000,1188000,2026-05-16,58,58,Active,,,0
2530485,,220863746,,4839 NE 43rd St,98105,Single Family,2026-07-16,2026-07-19,2026-07-19,2350000,2350000,2350000,2026-07-15,4,4,Active,,,0
2542004,,216992370,,346 NE 58th St,98105,Single Family,2026-06-18,2026-07-19,2026-07-19,825000,795000,795000,2026-06-17,31,31,Active,2026-07-05,2026-07-05,1
2543625,,217218602,,1705 N 82nd St,98103,Single Family,2026-07-05,2026-07-19,2026-07-19,1295000,1250000,1250000,2026-06-25,24,24,Active,2026-07-13,2026-07-13,1
2551376,,220573083,,4754 4th Ave NE,98105,Single Family,2026-07-13,2026-07-19,2026-07-19,850000,850000,850000,2026-07-09,11,11,Active,,,0
2553655,,220932244,,3848 29th Ave W,98199,Single Family,2026-07-17,2026-07-19,2026-07-19,1325000,1325000,1325000,2026-07-16,3,3,Active,,,0
2554249,,220947968,,327 NE 55th St,98105,Single Family,2026-07-17,2026-07-19,2026-07-19,1150000,1150000,1150000,2026-07-16,3,3,Active,,,0
2556700,,221004985,,7512 31st Ave SW,98126,Single Family,2026-07-18,2026-07-19,2026-07-19,370000,370000,370000,2026-07-17,2,2,Active,,,0
2557015,,221022960,,4047 44th Ave SW,98116,Single Family,2026-07-19,2026-07-19,2026-07-19,879000,879000,879000,2026-07-18,1,1,Active,,,0
2478959,,212615456,,3028 63rd Ave SW,98116,Townhouse,2026-06-08,2026-07-18,2026-07-18,1499000,1375000,1375000,2026-03-02,138,138,Active,2026-07-05,2026-06-18,2
2514606,,214879267,,2818 Boyer Ave E #6,98102,Single Family,2026-06-08,2026-07-18,2026-07-18,780000,749950,749950,2026-05-08,71,71,Active,2026-06-18,2026-06-18,1
2516440,,214890613,,351 17th Ave E,98112,Single Family,2026-06-08,2026-07-18,2026-07-18,1590000,1399000,1399000,2026-05-08,71,71,Active,2026-07-13,2026-06-18,2
2530054,,216565392,,5716 NE 65th St,98115,Single Family,2026-06-18,2026-07-18,2026-07-18,945000,945000,945000,2026-06-05,43,43,Active,,,0
2531848,,220807103,,316 W Barrett St Unit B Unit B,98119,Townhouse,2026-07-13,2026-07-18,2026-07-18,840000,840000,840000,2026-07-13,5,5,Active,,,0
2535549,,216548223,,909 32nd Ave S Unit A Unit A,98144,Townhouse,2026-06-18,2026-07-18,2026-07-18,1799000,1799000,1799000,2026-06-05,43,43,Active,,,0
2538228,,217208734,,1902 NE 73rd St,98115,Single Family,2026-07-05,2026-07-18,2026-07-18,1800000,1750000,1750000,2026-06-25,23,23,Active,2026-07-13,2026-07-13,1
2541250,,216994057,,516 W Howe St,98119,Single Family,2026-06-18,2026-07-18,2026-07-18,725000,725000,725000,2026-06-17,30,30,Active,,,0
2541367,,217019559,,3011 30th Ave W Unit A Unit A,98199,Townhouse,2026-07-05,2026-07-18,2026-07-18,998500,998500,998500,2026-06-18,30,30,Active,,,0
2544722,,217178994,,1917 E Alder St,98122,Single Family,2026-07-05,2026-07-18,2026-07-18,1500000,1475000,1475000,2026-06-24,24,24,Active,2026-07-13,2026-07-13,1
2545525,,217245925,,3715 Walnut Ave SW,98116,Single Family,2026-07-05,2026-07-18,2026-07-18,899000,899000,899000,2026-06-26,22,22,Active,,,0
2546034,,217234477,,2301 Delmar Dr E,98102,Single Family,2026-07-05,2026-07-18,2026-07-18,925000,925000,925000,2026-06-25,23,23,Active,,,0
2550073,,220569273,,8018 31st Ave NW,98117,Single Family,2026-07-13,2026-07-18,2026-07-18,1985000,1985000,1985000,2026-07-09,10,10,Active,,,0
2550659,,220621744,,2360 NE 90th St,98115,Single Family,2026-07-13,2026-07-18,2026-07-18,925000,925000,925000,2026-07-10,9,9,Active,,,0
2552291,,220637197,,409 NE 95th St,98115,Single Family,2026-07-13,2026-07-18,2026-07-18,850000,850000,850000,2026-07-10,9,9,Active,,,0
2553245,,220916158,,8109 15th Ave SW,98106,Single Family,2026-07-16,2026-07-18,2026-07-18,849950,849950,849950,2026-07-15,3,3,Active,,,0
2554949,,220957836,,3760 W Lawton St,98199,Single Family,2026-07-17,2026-07-18,2026-07-18,2650000,2650000,2650000,2026-07-16,2,2,Active,,,0
2554970,,220993384,,4049 44th Ave SW,98116,Single Family,2026-07-18,2026-07-18,2026-07-18,1529000,1529000,1529000,2026-07-17,1,1,Active,,,0
2555308,,220993454,,4047 44th Ave SW,98116,Single Family,2026-07-18,2026-07-18,2026-07-18,879000,879000,879000,2026-07-17,1,1,Active,,,0
2491042,,212919170,,8145 5th Ave SW,98106,Single Family,2026-06-08,2026-07-17,2026-07-17,1435000,1380000,1380000,2026-03-11,128,128,Active,2026-07-05,2026-07-05,1
2493794,,213165042,,8515 Stone Ave N Unit A Unit A,98103,Townhouse,2026-06-08,2026-07-17,2026-07-17,650000,650000,650000,2026-03-18,121,121,Active,,,0
2507194,,214317261,,931 N 87th St,98103,Single Family,2026-06-08,2026-07-17,2026-07-17,994999,994999,994999,2026-04-23,85,85,Active,,,0
2511584,,214361434,,12011 9th Ave NW #2,98177,Single Family,2026-06-18,2026-07-17,2026-07-17,689500,669500,669500,2026-04-27,81,81,Active,2026-07-05,2026-07-05,1
2521097,,214951122,,2113 NE 81st Pl,98115,Single Family,2026-06-18,2026-07-17,2026-07-17,950000,899000,899000,2026-06-04,43,43,Active,2026-07-05,2026-07-05,1
2524555,,216310137,,929 N 87th St,98103,Single Family,2026-06-08,2026-07-17,2026-07-17,1049999,1049999,1049999,2026-06-02,45,45,Active,,,0
2524557,,216310139,,933 N 87th St,98103,Single Family,2026-06-08,2026-07-17,2026-07-17,1099999,1099999,1099999,2026-06-02,45,45,Active,,,0
2531122,,216126932,,1022 Taylor Ave N Unit A Unit A,98109,Townhouse,2026-06-08,2026-07-17,2026-07-17,960000,960000,960000,2026-05-28,50,50,Active,,,0
2531465,,216957136,,628 36th Ave,98122,Single Family,2026-06-18,2026-07-17,2026-07-17,3700000,3700000,3700000,2026-06-17,28,28,Active,,,0
2534946,,216498650,,2114 E James St,98122,Townhouse,2026-06-08,2026-07-17,2026-07-17,849000,849000,849000,2026-06-04,43,43,Active,,,0
2537657,,216728101,,2015 42nd Ave E,98112,Single Family,2026-06-18,2026-07-17,2026-07-17,2495000,2495000,2495000,2026-06-10,37,37,Active,,,0
2538451,,216738787,,2409 29th Ave W,98199,Single Family,2026-06-18,2026-07-17,2026-07-17,3495000,3495000,3495000,2026-06-10,37,37,Active,,,0
2540662,,217170828,,8526 17th Ave NE,98115,Single Family,2026-07-05,2026-07-17,2026-07-17,989000,989000,989000,2026-06-24,23,23,Active,,,0
2541885,,216970140,,3609 NW 62nd St,98107,Single Family,2026-06-18,2026-07-17,2026-07-17,3150000,3150000,3150000,2026-06-17,30,30,Active,,,0
2545067,,217170398,,3443 16th Ave S,98144,Single Family,2026-07-05,2026-07-17,2026-07-17,759000,759000,759000,2026-06-24,23,23,Active,,,0
2545678,,217197429,,7901 16th Ave SW,98106,Single Family,2026-07-05,2026-07-17,2026-07-17,999900,999900,999900,2026-06-25,22,22,Active,,,0
2545801,,217238210,,2010 Fairview Ave E Unit B Unit B,98102,Townhouse,2026-07-05,2026-07-17,2026-07-17,1448750,1448750,1448750,2026-06-25,22,22,Active,,,0
2546568,,217266113,,2815 W Bertona St,98199,Single Family,2026-07-05,2026-07-17,2026-07-17,909000,909000,909000,2026-06-26,21,21,Active,,,0
2547626,,220612489,,3435 Walnut Ave SW,98116,Single Family,2026-07-13,2026-07-17,2026-07-17,1475000,1475000,1475000,2026-07-10,8,8,Active,,,0
2549088,,220429613,,2626 58th Ave SW Unit B Unit B,98116,Single Family,2026-07-05,2026-07-17,2026-07-17,825000,825000,825000,2026-07-02,15,15,Active,,,0
2549358,,220440429,,8863 Midvale Ave N Unit A Unit A,98103,Townhouse,2026-07-05,2026-07-17,2026-07-17,599999,599999,599999,2026-07-02,15,15,Active,,,0
2550766,,220584391,,3551 Wallingford Ave N,98103,Townhouse,2026-07-13,2026-07-17,2026-07-17,950000,950000,950000,2026-07-09,9,9,Active,,,0
2551065,,220847056,,11540 Palatine Ave N,98133,Single Family,2026-07-15,2026-07-17,2026-07-17,1199950,1199950,1199950,2026-07-14,3,3,Active,,,0
2551551,,220591465,,6717 26th Ave NW,98117,Single Family,2026-07-13,2026-07-17,2026-07-17,1150000,1150000,1150000,2026-07-09,9,9,Active,,,0
2551874,,220787553,,7047 27th Ave NW,98117,Single Family,2026-07-13,2026-07-17,2026-07-17,1397500,1397500,1397500,2026-07-13,4,4,Active,,,0
2552043,,220926717,,9225 Fremont Ave N,98103,Single Family,2026-07-16,2026-07-17,2026-07-17,600000,600000,600000,2026-07-15,1,1,Active,,,0
2554644,,220847268,,337 25th Ave E,98112,Single Family,2026-07-15,2026-07-17,2026-07-17,1475000,1475000,1475000,2026-07-14,3,3,Active,,,0
2554927,,220903551,,3331 A S Morgan St,98118,Single Family,2026-07-16,2026-07-17,2026-07-17,530000,530000,530000,2026-07-15,2,2,Active,,,0
2556001,,220959490,,3806 35th Ave W Unit 1 Unit 1,98199,Single Family,2026-07-17,2026-07-17,2026-07-17,599000,599000,599000,2026-07-16,1,1,Active,,,0
2435578,,207635805,,9240 39th Ave S,98118,Single Family,2026-06-08,2026-07-16,2026-07-16,739999,739999,739999,2025-09-25,294,294,Active,,,0
2482480,,212350713,,4200 Washington Ave W,98199,Single Family,2026-06-08,2026-07-16,2026-07-16,4500000,4500000,4500000,2026-02-20,146,146,Active,,,0
2492696,,213039282,,911 N 104th St Unit A Unit A,98133,Townhouse,2026-06-08,2026-07-16,2026-07-16,675000,675000,675000,2026-03-13,125,125,Active,,,0
2503765,,213820647,,1108 29th Ave S Unit B Unit B,98144,Townhouse,2026-06-08,2026-07-16,2026-07-16,719950,699950,699950,2026-04-11,96,96,Active,2026-07-05,2026-07-05,1
2508110,,214289007,,4809 Delridge Way SW Unit A Unit A,98106,Townhouse,2026-06-08,2026-07-16,2026-07-16,675000,675000,675000,2026-04-22,85,85,Active,,,0
2508378,,214109498,,505 W Kinnear Pl,98119,Single Family,2026-06-08,2026-07-16,2026-07-16,2180000,2180000,2180000,2026-04-16,91,91,Active,,,0
2508703,,214120434,,522 N 104th St,98133,Townhouse,2026-06-08,2026-07-16,2026-07-16,899000,899000,899000,2026-04-16,91,91,Active,,,0
2511629,,214530465,,3052 38th Ave SW,98136,Single Family,2026-06-08,2026-07-16,2026-07-16,800000,800000,800000,2026-04-29,78,78,Active,,,0
2513598,,216740501,,4547 8th Ave NE,98105,Single Family,2026-06-18,2026-07-16,2026-07-16,380000,369999,369999,2026-06-10,36,36,Active,2026-07-05,2026-07-05,1
2515977,,214617613,,4420 Midvale Ave N,98103,Townhouse,2026-06-08,2026-07-16,2026-07-16,949950,944950,944950,2026-05-01,76,76,Active,2026-06-18,2026-06-18,1
2521015,,214919571,,3806 35th Ave W Unit 1 Unit 1,98199,Single Family,2026-06-18,2026-07-16,2026-07-16,635000,635000,635000,2026-05-08,69,69,Active,,,0
2522041,,215272435,,2025 Fairview Ave E Unit E Unit E,98102,Single Family,2026-06-08,2026-07-16,2026-07-16,1495000,1495000,1495000,2026-05-13,64,64,Active,,,0
2522790,,215297198,,4416 Corliss Ave N Unit B Unit B,98103,Townhouse,2026-06-08,2026-07-16,2026-07-16,1099950,1099950,1099950,2026-05-13,64,64,Active,,,0
2535683,,216531333,,3655 Francis Ave N,98103,Townhouse,2026-06-08,2026-07-16,2026-07-16,1025000,944500,944500,2026-06-05,41,41,Active,2026-07-05,2026-06-18,2
2537333,,216824242,,2315 S Bateman St,98108,Single Family,2026-06-18,2026-07-16,2026-07-16,798000,798000,798000,2026-06-12,34,34,Active,,,0
2538842,,216781565,,811 NW 63rd St Unit A Unit A,98107,Townhouse,2026-06-18,2026-07-16,2026-07-16,1075000,1075000,1075000,2026-06-11,35,35,Active,,,0
2540515,,217172774,,4317 Phinney Ave N,98103,Single Family,2026-07-05,2026-07-16,2026-07-16,1095000,1095000,1095000,2026-06-24,22,22,Active,,,0
2542193,,217017227,,6408 14th Ave NW Unit B Unit B,98107,Townhouse,2026-07-05,2026-07-16,2026-07-16,595000,595000,595000,2026-06-18,28,28,Active,,,0
2544574,,217170045,,4222 Linden Ave N,98103,Single Family,2026-07-05,2026-07-16,2026-07-16,1050000,1050000,1050000,2026-06-24,22,22,Active,,,0
2544650,,217218567,,223 29th Ave E,98112,Single Family,2026-07-05,2026-07-16,2026-07-16,1198000,1198000,1198000,2026-06-25,21,21,Active,,,0
2545690,,220601062,,8560 37th Ave SW,98126,Single Family,2026-07-13,2026-07-16,2026-07-16,950000,950000,950000,2026-07-10,7,7,Active,,,0
2546183,,217238861,,1138 A NW 57th St,98107,Townhouse,2026-07-05,2026-07-16,2026-07-16,769950,769950,769950,2026-06-25,21,21,Active,,,0
2546534,,217268348,,112 29th Ave E,98112,Single Family,2026-07-05,2026-07-16,2026-07-16,799950,799950,799950,2026-06-26,20,20,Active,,,0
2550121,,220682538,,215 31st Ave E,98112,Single Family,2026-07-13,2026-07-16,2026-07-16,995000,995000,995000,2026-07-11,6,6,Active,,,0
2550675,,220536188,,7030 Mary Ave NW Unit C Unit C,98117,Townhouse,2026-07-13,2026-07-16,2026-07-16,755000,755000,755000,2026-07-08,9,9,Active,,,0
2551899,,220629283,,5022 Puget Blvd SW,98106,Single Family,2026-07-13,2026-07-16,2026-07-16,1425000,1425000,1425000,2026-07-10,7,7,Active,,,0
2479103,,212602345,,300 Maiden Ln E,98112,Single Family,2026-06-08,2026-07-15,2026-07-15,5950000,5950000,5950000,2026-03-01,136,136,Active,,,0
2480642,,212272669,,4854 Delridge Way SW Unit B Unit B,98106,Townhouse,2026-06-08,2026-07-15,2026-07-15,699950,699950,699950,2026-02-17,148,148,Active,,,0
2480968,,216925417,,3431 E Superior St,98122,Single Family,2026-06-18,2026-07-15,2026-07-15,3995000,3745000,3745000,2026-06-16,29,29,Active,2026-07-05,2026-07-05,1
2500328,,213599883,,3120 Queen Anne Ave N,98109,Townhouse,2026-06-08,2026-07-15,2026-07-15,999950,999950,999950,2026-04-01,105,105,Active,,,0
2508241,,214155769,,6001 60th Ave NE,98115,Single Family,2026-06-08,2026-07-15,2026-07-15,2180000,2180000,2180000,2026-04-17,89,89,Active,,,0
2515735,,214613735,,6505 19th Ave NW,98117,Single Family,2026-06-08,2026-07-15,2026-07-15,734950,719950,719950,2026-05-01,75,75,Active,2026-06-18,2026-06-18,1
2515800,,214597560,,2108 E James St Unit A Unit A,98122,Townhouse,2026-06-08,2026-07-15,2026-07-15,585000,549000,549000,2026-04-30,76,76,Active,2026-07-05,2026-07-05,1
2516588,,214633411,,2605 NW 64th St,98107,Townhouse,2026-06-08,2026-07-15,2026-07-15,879000,854000,854000,2026-05-01,75,75,Active,2026-07-13,2026-07-13,1
2519509,,214853163,,1311 Palm Ave SW,98116,Single Family,2026-06-08,2026-07-15,2026-07-15,2650000,2650000,2650000,2026-05-07,69,69,Active,,,0
2520232,,215260492,,3704 48th Ave NE,98105,Single Family,2026-06-08,2026-07-15,2026-07-15,4500000,4500000,4500000,2026-05-12,64,64,Active,,,0
2527108,,217018910,,2017 36th Ave W,98199,Single Family,2026-07-05,2026-07-15,2026-07-15,2850000,2750000,2750000,2026-06-18,27,27,Active,2026-07-13,2026-07-13,1
2529295,,216002941,,10520 Whitman Ave N Unit C Unit C,98133,Townhouse,2026-06-08,2026-07-15,2026-07-15,517750,489990,489990,2026-05-25,51,51,Active,2026-07-05,2026-06-18,2
2529821,,216103113,,2364 Hobart Ave SW,98116,Single Family,2026-06-08,2026-07-15,2026-07-15,1350000,1325000,1325000,2026-05-28,45,45,Active,2026-06-18,2026-06-18,1
2529830,,216106475,,6238 Woodlawn Ave N,98103,Single Family,2026-06-08,2026-07-15,2026-07-15,1995000,1995000,1995000,2026-05-28,48,48,Active,,,0
2531788,,216172835,,10715 2nd Ave NW,98177,Single Family,2026-06-08,2026-07-15,2026-07-15,1599000,1599000,1599000,2026-05-29,47,47,Active,,,0
2531940,,216502417,,1131 NW 60th St Unit B Unit B,98107,Townhouse,2026-06-08,2026-07-15,2026-07-15,899950,899950,899950,2026-06-04,41,41,Active,,,0
2533372,,216560167,,525 27th Ave,98122,Single Family,2026-06-08,2026-07-15,2026-07-15,1495000,1495000,1495000,2026-06-05,40,40,Active,,,0
2534542,,217151625,,895 NW Elford Dr,98177,Single Family,2026-07-05,2026-07-15,2026-07-15,1688000,1688000,1688000,2026-06-23,22,22,Active,,,0
2535552,,216548224,,909 32nd Ave S Unit C Unit C,98144,Townhouse,2026-06-18,2026-07-15,2026-07-15,819950,819950,819950,2026-06-05,40,40,Active,,,0
2537458,,216770487,,9056 37th Ave SW,98126,Single Family,2026-06-18,2026-07-15,2026-07-15,899950,899950,899950,2026-06-11,34,34,Active,,,0
2541826,,217269006,,15 Fulton St,98109,Single Family,2026-07-05,2026-07-15,2026-07-15,900000,900000,900000,2026-06-26,19,19,Active,,,0
2542095,,216979253,,8903 3rd Ave NW,98117,Single Family,2026-06-18,2026-07-15,2026-07-15,1350000,1350000,1350000,2026-06-17,28,28,Active,,,0
2544989,,217273953,,13203 2nd Ave NW,98177,Single Family,2026-07-05,2026-07-15,2026-07-15,899000,899000,899000,2026-06-26,19,19,Active,,,0
2545836,,217222133,,2500 Lorentz Pl N,98109,Single Family,2026-07-05,2026-07-15,2026-07-15,1899000,1899000,1899000,2026-06-25,20,20,Active,,,0
2546050,,217282582,,936 N 35th St Unit E Unit E,98103,Townhouse,2026-07-05,2026-07-15,2026-07-15,750000,750000,750000,2026-06-26,19,19,Active,,,0
2549011,,220584064,,10750 Interlake Ave N,98133,Townhouse,2026-07-13,2026-07-15,2026-07-15,509000,509000,509000,2026-07-09,7,7,Active,,,0
2549706,,220551533,,9835 Triton Dr NW,98117,Single Family,2026-07-13,2026-07-15,2026-07-15,1695000,1695000,1695000,2026-07-08,8,8,Active,,,0
2549796,,220626086,,8731 Fauntlee Crst SW,98136,Single Family,2026-07-13,2026-07-15,2026-07-15,1450000,1450000,1450000,2026-07-10,6,6,Active,,,0
2550562,,220637306,,1914 3rd Ave N,98109,Single Family,2026-07-13,2026-07-15,2026-07-15,1529000,1529000,1529000,2026-07-10,6,6,Active,,,0
2550982,,220648769,,10825 Marine View Dr SW,98146,Single Family,2026-07-13,2026-07-15,2026-07-15,1599000,1599000,1599000,2026-07-10,6,6,Active,,,0
2551056,,220550362,,1749 NW 63rd St,98107,Single Family,2026-07-13,2026-07-15,2026-07-15,1180000,1180000,1180000,2026-07-08,8,8,Active,,,0
2551475,,220621459,,9261 31st Ave SW,98126,Single Family,2026-07-13,2026-07-15,2026-07-15,525000,525000,525000,2026-07-10,6,6,Active,,,0
2551806,,220797895,,4849 48th Ave SW,98116,Single Family,2026-07-13,2026-07-15,2026-07-15,799950,799950,799950,2026-07-13,2,2,Active,,,0
2551953,,220607314,,2315 26th Ave E,98112,Single Family,2026-07-13,2026-07-15,2026-07-15,925000,925000,925000,2026-07-10,6,6,Active,,,0
2552100,,220629093,,3812 SW Morgan St,98126,Single Family,2026-07-13,2026-07-15,2026-07-15,710000,710000,710000,2026-07-10,6,6,Active,,,0
2553403,,220772202,,2401 N Northlake Way Unit E9 Unit E9,98103,Single Family,2026-07-13,2026-07-15,2026-07-15,325000,325000,325000,2026-07-13,3,3,Active,,,0
2458943,,209734731,,7020 Holly Park Dr S Unit W2 Unit W2,98118,Townhouse,2026-06-08,2026-07-14,2026-07-14,558000,558000,558000,2025-12-04,222,222,Active,,,0
2483198,,212865644,,1926 Ferry Ave SW,98116,Single Family,2026-06-08,2026-07-14,2026-07-14,1049500,1049500,1049500,2026-03-09,127,127,Active,,,0
2488655,,213453931,,2241 Fairview Ave E Unit B Unit B,98102,Single Family,2026-06-08,2026-07-14,2026-07-14,3498000,3498000,3498000,2026-03-27,109,109,Active,,,0
2507376,,214028142,,10134 Holman Rd NW Unit B Unit B,98177,Townhouse,2026-06-08,2026-07-14,2026-07-14,889000,889000,889000,2026-04-14,91,91,Active,,,0
2518294,,216081453,,4418 Meridian Ave N Unit B Unit B,98103,Townhouse,2026-06-08,2026-07-14,2026-07-14,915000,915000,915000,2026-05-27,47,47,Active,,,0
2523451,,215391034,,431 26th Ave E,98112,Single Family,2026-06-08,2026-07-14,2026-07-14,2995000,2995000,2995000,2026-05-15,60,60,Active,,,0
2524890,,215400793,,954 19th Ave E,98112,Single Family,2026-06-08,2026-07-14,2026-07-14,1672500,1672500,1672500,2026-05-15,60,60,Active,,,0
2538704,,216765501,,7511 41st Ave NE,98115,Single Family,2026-06-18,2026-07-14,2026-07-14,2099000,2099000,2099000,2026-06-11,33,33,Active,,,0
2540242,,216873260,,9026 Corliss Ave N,98103,Single Family,2026-06-18,2026-07-14,2026-07-14,749999,749999,749999,2026-06-15,29,29,Active,,,0
2540545,,216992815,,3648 Francis Ave N Unit D Unit D,98103,Townhouse,2026-06-18,2026-07-14,2026-07-14,750000,750000,750000,2026-06-17,26,26,Active,,,0
2546464,,217270874,,129 A 26th Ave E,98112,Townhouse,2026-07-05,2026-07-14,2026-07-14,799000,799000,799000,2026-06-26,18,18,Active,,,0
2548694,,220651439,,1715 26th Ave S,98144,Single Family,2026-07-13,2026-07-14,2026-07-14,850000,850000,850000,2026-07-10,5,5,Active,,,0
2549055,,220665025,,2302 S Spokane St,98144,Single Family,2026-07-13,2026-07-14,2026-07-14,925000,925000,925000,2026-07-11,4,4,Active,,,0
2549577,,220460885,,426 Wheeler St,98109,Single Family,2026-07-05,2026-07-14,2026-07-14,3990000,3990000,3990000,2026-07-03,11,11,Active,,,0
2550470,,220618267,,521 NE 85th,98115,Single Family,2026-07-13,2026-07-14,2026-07-14,1425000,1425000,1425000,2026-07-10,5,5,Active,,,0
2550797,,220619211,,6249 30th Ave NE,98115,Single Family,2026-07-13,2026-07-14,2026-07-14,997000,997000,997000,2026-07-10,5,5,Active,,,0
2551017,,220631678,,5547 38th Ave NE,98105,Single Family,2026-07-13,2026-07-14,2026-07-14,1235000,1235000,1235000,2026-07-10,5,5,Active,,,0
2551174,,220648485,,1537 S Pearl St,98108,Single Family,2026-07-13,2026-07-14,2026-07-14,890000,890000,890000,2026-07-10,5,5,Active,,,0
2551471,,220583229,,10723 Densmore Ave N,98133,Single Family,2026-07-13,2026-07-14,2026-07-14,1095000,1095000,1095000,2026-07-09,6,6,Active,,,0
2551925,,220624194,,2448 1st Ave W,98119,Single Family,2026-07-13,2026-07-14,2026-07-14,1249000,1249000,1249000,2026-07-10,5,5,Active,,,0
2552029,,220656261,,5957 17th Ave SW,98106,Single Family,2026-07-13,2026-07-14,2026-07-14,1099000,1099000,1099000,2026-07-10,5,5,Active,,,0
2552221,,220626691,,8014 12th Ave NW,98117,Single Family,2026-07-13,2026-07-14,2026-07-14,1599900,1599900,1599900,2026-07-10,5,5,Active,,,0
2479524,,211939324,,5728 Roosevelt Way NE,98105,Townhouse,2026-06-08,2026-07-13,2026-07-13,759500,759500,759500,2026-02-12,151,151,Active,,,0
2522401,,215308258,,2310 W Newton St,98199,Townhouse,2026-06-08,2026-07-13,2026-07-13,715000,699000,699000,2026-05-13,61,61,Active,2026-06-18,2026-06-18,1
2535758,,216568933,,1533 38th Ave E,98112,Single Family,2026-06-08,2026-07-13,2026-07-13,4500000,4500000,4500000,2026-06-05,38,38,Active,,,0
2537434,,216792198,,3306 35th (Not on Arterial) Ave SW,98126,Single Family,2026-06-18,2026-07-13,2026-07-13,1050000,1050000,1050000,2026-06-11,32,32,Active,,,0
2538076,,220567654,,1206 SW Myrtle St,98106,Single Family,2026-07-13,2026-07-13,2026-07-13,849000,849000,849000,2026-07-09,5,5,Active,,,0
2541265,,217021069,,515 N 122nd St,98133,Single Family,2026-07-05,2026-07-13,2026-07-13,995000,1150000,1150000,2026-06-18,25,25,Active,2026-07-13,2026-07-13,1
2414220,,207575091,,718 E Aloha St #10,98102,Townhouse,2026-06-08,2026-07-05,2026-07-05,2799000,2799000,2799000,2025-09-25,283,283,Active,,,0
24372758,,216482160,,4722 53rd Ave SW,98116,Single Family,2026-06-08,2026-07-05,2026-07-05,2400000,2400000,2400000,2026-06-04,31,31,Active,,,0
2443766,,208589714,,1602 E Marion St,98122,Townhouse,2026-06-08,2026-07-05,2026-07-05,729999,729999,729999,2025-11-06,241,241,Active,,,0
2463582,,211107041,,4729 Mount View Dr S,98108,Single Family,2026-06-08,2026-07-05,2026-07-05,1975000,1975000,1975000,2026-01-23,163,163,Active,,,0
2463998,,210723984,,8811 Interlake Ave N Unit A Unit A,98103,Townhouse,2026-06-08,2026-07-05,2026-07-05,625000,625000,625000,2026-01-08,178,178,Active,,,0
2466374,,210701170,,7320 11th Ave NE,98115,Townhouse,2026-06-08,2026-07-05,2026-07-05,669950,649950,649950,2026-01-08,178,178,Active,2026-06-18,2026-06-18,1
2483246,,213433465,,4019 SW Henderson St,98136,Single Family,2026-06-08,2026-07-05,2026-07-05,1449950,1449950,1449950,2026-04-09,87,87,Active,,,0
2483901,,212732799,,909 Hiawatha Pl S Unit C Unit C,98144,Townhouse,2026-06-08,2026-07-05,2026-07-05,590000,590000,590000,2026-04-03,93,93,Active,,,0
2486639,,213028619,,515 NE 123rd St,98125,Single Family,2026-06-18,2026-07-05,2026-07-05,899950,899950,899950,2026-03-13,114,114,Active,,,0
2487967,,212804359,,7030 Mary Ave NW Unit C Unit C,98117,Townhouse,2026-06-08,2026-07-05,2026-07-05,755000,755000,755000,2026-03-06,121,121,Active,,,0
2491333,,214640902,,9328 31st Ave SW,98126,Single Family,2026-06-08,2026-07-05,2026-07-05,549000,549000,549000,2026-05-01,65,65,Active,,,0
2494085,,213213515,,3812 SW Morgan St,98126,Single Family,2026-06-18,2026-07-05,2026-07-05,749000,749000,749000,2026-03-19,108,108,Active,,,0
2494291,,213404510,,3639 13th Ave W Unit C Unit C,98119,Townhouse,2026-06-08,2026-07-05,2026-07-05,899950,899950,899950,2026-03-26,101,101,Active,,,0
2494644,,213255635,,3819 C Fremont Ave N,98103,Townhouse,2026-06-08,2026-07-05,2026-07-05,1079950,1079950,1079950,2026-03-20,107,107,Active,,,0
2499476,,213548246,,6030 Ann Arbor Ave NE,98115,Single Family,2026-06-08,2026-07-05,2026-07-05,2875000,2795000,2795000,2026-03-31,96,96,Active,2026-07-05,2026-07-05,1
2500377,,213660816,,1017 NE 55th St,98105,Townhouse,2026-06-08,2026-07-05,2026-07-05,1020000,1020000,1020000,2026-04-02,94,94,Active,,,0
2502982,,213730395,,6895 Holly Park Dr S,98118,Townhouse,2026-06-08,2026-07-05,2026-07-05,575000,575000,575000,2026-04-06,90,90,Active,,,0
2503573,,213848661,,6320 41st Ave SW Unit A Unit A,98136,Townhouse,2026-06-08,2026-07-05,2026-07-05,749950,749950,749950,2026-04-09,87,87,Active,,,0
2503872,,213915153,,1707 22nd Ave S,98118,Single Family,2026-06-08,2026-07-05,2026-07-05,699950,699950,699950,2026-04-10,86,86,Active,,,0
2504137,,214517133,,4014 32nd Ave SW,98126,Single Family,2026-06-08,2026-07-05,2026-07-05,889000,850000,850000,2026-04-29,67,67,Active,2026-06-18,2026-06-18,1
2504159,,213873819,,1111 S Pearl St,98108,Single Family,2026-06-08,2026-07-05,2026-07-05,799950,799950,799950,2026-04-09,87,87,Active,,,0
2504462,,213866693,,1811 S Stevens St,98144,Single Family,2026-06-08,2026-07-05,2026-07-05,1100000,1075000,1075000,2026-04-09,78,78,Active,2026-07-05,2026-07-05,1
2504999,,213885851,,324 NE 54th St,98105,Single Family,2026-06-08,2026-07-05,2026-07-05,875000,875000,875000,2026-04-09,87,87,Active,,,0
2505322,,213895642,,4418 Eastern Ave N,98103,Townhouse,2026-06-08,2026-07-05,2026-07-05,900000,900000,900000,2026-04-09,87,87,Active,,,0
2505331,,213895355,,4414 Eastern Ave N #4418,98103,Townhouse,2026-06-08,2026-07-05,2026-07-05,900000,900000,900000,2026-04-09,87,87,Active,,,0
2505698,,213929188,,1915 E Spruce St Unit B Unit B,98122,Townhouse,2026-06-08,2026-07-05,2026-07-05,424000,424000,424000,2026-04-10,86,86,Active,,,0
2505851,,214069221,,71 W Dravus St,98119,Townhouse,2026-06-08,2026-07-05,2026-07-05,750000,750000,750000,2026-04-15,81,81,Active,,,0
2507068,,214037310,,3636 Greenwood Ave N Unit B Unit B,98103,Townhouse,2026-06-08,2026-07-05,2026-07-05,1155950,1155950,1155950,2026-04-14,82,82,Active,,,0
2507080,,214036681,,3638 Greenwood Ave N Unit A Unit A,98103,Townhouse,2026-06-08,2026-07-05,2026-07-05,1099950,1099950,1099950,2026-04-14,82,82,Active,,,0
2507091,,214036602,,3638 Greenwood Ave N Unit B Unit B,98103,Townhouse,2026-06-08,2026-07-05,2026-07-05,1237950,1237950,1237950,2026-04-14,82,82,Active,,,0
2508947,,215323637,,4712 SW Brace Point Dr,98136,Single Family,2026-06-08,2026-07-05,2026-07-05,1895000,1895000,1895000,2026-05-14,52,52,Active,,,0
2509101,,214131139,,4274 NE 50th St,98105,Townhouse,2026-06-08,2026-07-05,2026-07-05,950000,950000,950000,2026-04-16,80,80,Active,,,0
2509498,,214419987,,9831 33rd Ave SW,98126,Single Family,2026-06-08,2026-07-05,2026-07-05,550000,530000,530000,2026-05-02,64,64,Active,2026-06-18,2026-06-18,1
2510416,,214399262,,3844 30th Ave W,98199,Single Family,2026-06-08,2026-07-05,2026-07-05,1150000,1130000,1130000,2026-04-24,72,72,Active,2026-07-05,2026-07-05,1
2512525,,214361360,,13217 15th Ave NE Unit A8 Unit A8,98125,Single Family,2026-06-18,2026-07-05,2026-07-05,398000,398000,398000,2026-04-23,73,73,Active,,,0
2513748,,215863663,,10825 Marine View Dr SW,98146,Single Family,2026-06-08,2026-07-05,2026-07-05,1695000,1695000,1695000,2026-05-22,44,44,Active,,,0
2514219,,214589048,,2373 Minor Ave E,98102,Townhouse,2026-06-08,2026-07-05,2026-07-05,1350000,1350000,1350000,2026-04-30,66,66,Active,,,0
2515831,,214629452,,6406 Fauntleroy Way SW,98136,Townhouse,2026-06-08,2026-07-05,2026-07-05,650000,650000,650000,2026-05-01,65,65,Active,,,0
2516976,,214666840,,324 NW 80th St,98117,Single Family,2026-06-18,2026-07-05,2026-07-05,799950,799950,799950,2026-05-01,65,65,Active,,,0
2518100,,214841472,,814 NW 54th St Unit A Unit A,98107,Townhouse,2026-06-08,2026-07-05,2026-07-05,599950,599950,599950,2026-05-07,59,59,Active,,,0
2518500,,215290343,,518 N 102nd St,98133,Townhouse,2026-06-08,2026-07-05,2026-07-05,599900,599900,599900,2026-05-13,53,53,Active,,,0
2518697,,214864783,,512 NW 44th St,98107,Single Family,2026-06-08,2026-07-05,2026-07-05,1174999,1149999,1149999,2026-05-07,59,59,Active,2026-06-18,2026-06-18,1
2519490,,215290193,,516 N 102nd St,98133,Townhouse,2026-06-08,2026-07-05,2026-07-05,699900,699900,699900,2026-05-13,53,53,Active,,,0
2520574,,214900319,,9417 44th Pl NE,98115,Single Family,2026-06-08,2026-07-05,2026-07-05,930000,899000,899000,2026-05-08,58,58,Active,2026-07-05,2026-07-05,1
2520740,,214909043,,6735 Alonzo Ave NW Unit A Unit A,98117,Single Family,2026-06-08,2026-07-05,2026-07-05,1075000,1049000,1049000,2026-05-08,58,58,Active,2026-06-18,2026-06-18,1
2522096,,215596554,,14032 Stone Ave N,98133,Single Family,2026-06-08,2026-07-05,2026-07-05,739000,739000,739000,2026-05-21,45,45,Active,,,0
2522728,,216974142,,3307 E Pike St,98122,Single Family,2026-06-18,2026-07-05,2026-07-05,1370000,1370000,1370000,2026-06-17,18,18,Active,,,0
2522829,,215462705,,725 Harvard Ave E,98102,Townhouse,2026-06-08,2026-07-05,2026-07-05,2900000,2900000,2900000,2026-05-18,48,48,Active,,,0
2522858,,215332465,,3415 24th Ave W,98199,Single Family,2026-06-08,2026-07-05,2026-07-05,1150000,1150000,1150000,2026-05-31,35,35,Active,,,0
2522951,,215280747,,9025 38th Ave S,98118,Townhouse,2026-06-08,2026-07-05,2026-07-05,550000,535000,535000,2026-05-13,53,53,Active,2026-06-18,2026-06-18,1
2523021,,215353618,,10801 12th Ave NE,98125,Single Family,2026-06-08,2026-07-05,2026-07-05,1045000,999999,999999,2026-05-14,52,52,Active,2026-07-05,2026-07-05,1
2523735,,215365804,,1225 9th Ave W,98119,Single Family,2026-06-08,2026-07-05,2026-07-05,1925000,1925000,1925000,2026-05-15,51,51,Active,,,0
2523914,,215339629,,1601 22nd Ave #2118,98122,Single Family,2026-06-18,2026-07-05,2026-07-05,515000,509999,509999,2026-05-14,52,52,Active,2026-07-05,2026-07-05,1
2525090,,215410326,,4114 Linden Ave N Unit A Unit A,98103,Townhouse,2026-06-08,2026-07-05,2026-07-05,925000,925000,925000,2026-05-15,51,51,Active,,,0
2526257,,215505425,,8706 S 42nd Ave,98118,Townhouse,2026-07-05,2026-07-05,2026-07-05,618800,618800,618800,2026-06-08,27,27,Active,,,0
2526834,,215628924,,1210 S Lucile St,98108,Single Family,2026-06-08,2026-07-05,2026-07-05,699950,699950,699950,2026-05-21,45,45,Active,,,0
2527265,,216730622,,4115 Delridge Way SW,98106,Townhouse,2026-06-18,2026-07-05,2026-07-05,695000,695000,695000,2026-06-10,25,25,Active,,,0
2527333,,215600232,,3951 S Chicago St,98118,Single Family,2026-06-08,2026-07-05,2026-07-05,765000,745000,745000,2026-05-21,45,45,Active,2026-07-05,2026-07-05,1
2528328,,215869680,,4011 SW Maryland Pl,98116,Single Family,2026-06-08,2026-07-05,2026-07-05,1075000,1075000,1075000,2026-05-22,44,44,Active,,,0
2528351,,216087105,,1810 NW 85th St,98117,Townhouse,2026-06-08,2026-07-05,2026-07-05,524900,524900,524900,2026-05-27,39,39,Active,,,0
2528424,,215920360,,1516 Bigelow Ave N,98109,Townhouse,2026-06-08,2026-07-05,2026-07-05,1475000,1475000,1475000,2026-05-22,44,44,Active,,,0
2529009,,215983709,,916 23rd Ave S,98144,Single Family,2026-06-08,2026-07-05,2026-07-05,775000,719500,719500,2026-05-24,42,42,Active,2026-07-05,2026-07-05,1
2529264,,216415162,,225 32nd Ave E,98112,Single Family,2026-06-08,2026-07-05,2026-07-05,1049900,1049900,1049900,2026-06-03,32,32,Active,,,0
2529646,,216520601,,2904 W Tilden St,98199,Single Family,2026-06-08,2026-07-05,2026-07-05,1490000,1490000,1490000,2026-06-04,31,31,Active,,,0
2529878,,216050662,,3032 NE Blakeley St,98105,Single Family,2026-06-08,2026-07-05,2026-07-05,2465000,2465000,2465000,2026-05-26,40,40,Active,,,0
2530331,,216128714,,3509 W Thurman St,98199,Single Family,2026-06-08,2026-07-05,2026-07-05,2295000,2295000,2295000,2026-05-28,38,38,Active,,,0
2530464,,216426312,,5336 SW Admiral Way,98116,Single Family,2026-06-08,2026-07-05,2026-07-05,1699000,1699000,1699000,2026-06-03,32,32,Active,,,0
2531259,,217139112,,4010 Ashworth Ave N,98103,Single Family,2026-07-05,2026-07-05,2026-07-05,1195000,1195000,1195000,2026-06-23,12,12,Active,,,0
2531502,,216556945,,12119 12th Ave NW,98177,Single Family,2026-06-08,2026-07-05,2026-07-05,2396000,2396000,2396000,2026-06-05,30,30,Active,,,0
2531615,,216493367,,11720 Evanston Ave N,98133,Single Family,2026-06-08,2026-07-05,2026-07-05,995000,975000,975000,2026-06-04,31,31,Active,2026-07-05,2026-07-05,1
2531907,,216583029,,1500 31st Ave,98122,Single Family,2026-06-08,2026-07-05,2026-07-05,1050000,1050000,1050000,2026-06-06,29,29,Active,,,0
2532158,,216287219,,114 Queen Anne Dr,98109,Single Family,2026-06-08,2026-07-05,2026-07-05,1648000,1648000,1648000,2026-06-01,34,34,Active,,,0
2532719,,216317335,,10717 Phinney Ave N,98133,Single Family,2026-06-08,2026-07-05,2026-07-05,625000,625000,625000,2026-06-02,33,33,Active,,,0
2532992,,216337614,,5921 32nd Ave SW,98126,Single Family,2026-06-08,2026-07-05,2026-07-05,1049950,1049950,1049950,2026-06-02,33,33,Active,,,0
2533709,,216809617,,4754 4th Ave NE,98105,Single Family,2026-06-18,2026-07-05,2026-07-05,900000,900000,900000,2026-06-12,23,23,Active,,,0
2534068,,216490438,,2251 14th Ave W Unit C Unit C,98119,Townhouse,2026-06-08,2026-07-05,2026-07-05,799000,799000,799000,2026-06-04,31,31,Active,,,0
2534338,,216540396,,4736 Delridge Way SW Unit B Unit B,98106,Townhouse,2026-06-08,2026-07-05,2026-07-05,475000,475000,475000,2026-06-05,30,30,Active,,,0
2534747,,216519821,,139 22nd Ave E Unit A Unit A,98112,Townhouse,2026-06-08,2026-07-05,2026-07-05,899000,874000,874000,2026-06-04,31,31,Active,2026-07-05,2026-07-05,1
2535814,,216550877,,3002 NW 70th St,98117,Single Family,2026-06-08,2026-07-05,2026-07-05,1760000,1760000,1760000,2026-06-05,30,30,Active,,,0
2535956,,216763476,,1108 NE 106th St,98125,Single Family,2026-06-18,2026-07-05,2026-07-05,1199000,1099000,1099000,2026-06-11,24,24,Active,2026-07-05,2026-07-05,1
2535972,,216567704,,1141 NW 57th St,98107,Townhouse,2026-06-08,2026-07-05,2026-07-05,1149950,1149950,1149950,2026-06-05,30,30,Active,,,0
2536135,,216575354,,4422 Montana Cir W,98199,Townhouse,2026-06-18,2026-07-05,2026-07-05,999000,999000,999000,2026-06-05,30,30,Active,,,0
2536700,,216956221,,123 31st Ave,98122,Single Family,2026-06-18,2026-07-05,2026-07-05,1225000,1225000,1225000,2026-06-17,18,18,Active,,,0
2536950,,217023368,,5804 17th Ave S,98108,Single Family,2026-07-05,2026-07-05,2026-07-05,795000,795000,795000,2026-06-18,17,17,Active,,,0
2536968,,216935236,,527 B NE 89th St,98115,Townhouse,2026-06-18,2026-07-05,2026-07-05,825000,825000,825000,2026-06-16,19,19,Active,,,0
2536982,,216734138,,2616 Franklin Ave E,98102,Single Family,2026-06-18,2026-07-05,2026-07-05,1295000,1295000,1295000,2026-06-10,25,25,Active,,,0
2537294,,216791746,,9439 11th Ave SW,98106,Single Family,2026-06-18,2026-07-05,2026-07-05,735000,735000,735000,2026-06-11,24,24,Active,,,0
2537422,,216717156,,10124 3rd Ave NW,98177,Single Family,2026-06-18,2026-07-05,2026-07-05,998000,1050000,1050000,2026-06-10,25,25,Active,2026-07-05,2026-07-05,1
2537638,,216749188,,831 19th Ave S,98144,Single Family,2026-06-18,2026-07-05,2026-07-05,829000,829000,829000,2026-06-11,24,24,Active,,,0
2537848,,216787048,,1411 10th Ave W,98119,Single Family,2026-06-18,2026-07-05,2026-07-05,2500000,2500000,2500000,2026-06-11,24,24,Active,,,0
2537913,,216712403,,8507 16th Ave NW,98117,Townhouse,2026-06-18,2026-07-05,2026-07-05,575000,575000,575000,2026-06-10,25,25,Active,,,0
2538572,,216770640,,1560 NW Woodbine Way,98177,Single Family,2026-06-18,2026-07-05,2026-07-05,2800000,2800000,2800000,2026-06-11,24,24,Active,,,0
2538617,,216745054,,4128 3rd Ave NW,98107,Single Family,2026-06-18,2026-07-05,2026-07-05,1395000,1395000,1395000,2026-06-11,24,24,Active,,,0
2538625,,216810102,,3670 Dayton Ave N Unit B Unit B,98103,Townhouse,2026-06-18,2026-07-05,2026-07-05,999000,999000,999000,2026-06-12,23,23,Active,,,0
2538653,,216763658,,3722 SW Grayson St,98126,Single Family,2026-06-18,2026-07-05,2026-07-05,1295000,1295000,1295000,2026-06-11,24,24,Active,,,0
2538823,,216774883,,3010 NE 55th St,98105,Townhouse,2026-06-18,2026-07-05,2026-07-05,850000,850000,850000,2026-06-11,24,24,Active,,,0
2538865,,216810702,,8803 15th Ave NE,98115,Single Family,2026-06-18,2026-07-05,2026-07-05,1469950,1469950,1469950,2026-06-12,23,23,Active,,,0
2539041,,216794452,,8849 Midvale Ave N Unit F Unit F,98103,Townhouse,2026-06-18,2026-07-05,2026-07-05,599999,599999,599999,2026-06-11,24,24,Active,,,0
2539117,,216825691,,2640 NW 57th St Unit A Unit A,98107,Townhouse,2026-06-18,2026-07-05,2026-07-05,749900,749900,749900,2026-06-12,23,23,Active,,,0
2539175,,216786708,,6221 9th Ave NE,98115,Townhouse,2026-06-18,2026-07-05,2026-07-05,749950,749950,749950,2026-06-11,24,24,Active,,,0
2539502,,216943039,,2218 E McGraw St,98112,Single Family,2026-06-18,2026-07-05,2026-07-05,1925000,1925000,1925000,2026-06-17,18,18,Active,,,0
2539587,,216928270,,1871 40th Ave E,98112,Single Family,2026-06-18,2026-07-05,2026-07-05,1949000,1949000,1949000,2026-06-16,19,19,Active,,,0
2539928,,216891653,,1618 37th Ave,98122,Single Family,2026-06-18,2026-07-05,2026-07-05,2750000,2750000,2750000,2026-06-15,20,20,Active,,,0
2540185,,217063464,,2132 Dexter Ave N,98109,Single Family,2026-07-05,2026-07-05,2026-07-05,849900,849900,849900,2026-06-19,16,16,Active,,,0
2540456,,216997925,,3800 E Jefferson St,98122,Single Family,2026-06-18,2026-07-05,2026-07-05,2550000,2550000,2550000,2026-06-17,17,17,Active,,,0
2540679,,216897358,,9744 B Holman Rd NW,98117,Townhouse,2026-06-18,2026-07-05,2026-07-05,639900,639900,639900,2026-06-15,20,20,Active,,,0
2541031,,216924074,,3201 S Webster St,98118,Single Family,2026-06-18,2026-07-05,2026-07-05,774950,774950,774950,2026-06-16,19,19,Active,,,0
2541158,,216994471,,2556 1st Ave N,98109,Single Family,2026-06-18,2026-07-05,2026-07-05,2150000,2150000,2150000,2026-06-17,17,17,Active,,,0
2541390,,216953706,,4055 SW Holgate St,98116,Single Family,2026-06-18,2026-07-05,2026-07-05,1675000,1675000,1675000,2026-06-17,18,18,Active,,,0
2542063,,217017811,,19 Dravus St,98109,Single Family,2026-07-05,2026-07-05,2026-07-05,875000,875000,875000,2026-06-18,17,17,Active,,,0
2542201,,217021147,,2220 B NW 62nd St,98107,Townhouse,2026-07-05,2026-07-05,2026-07-05,1025000,1025000,1025000,2026-06-18,17,17,Active,,,0
2542542,,217019336,,4329 5th Ave NE,98105,Single Family,2026-07-05,2026-07-05,2026-07-05,950000,950000,950000,2026-06-18,17,17,Active,,,0
2543588,,217109672,,3303 37th Ave W,98199,Single Family,2026-07-05,2026-07-05,2026-07-05,2900000,2900000,2900000,2026-06-22,13,13,Active,,,0
2543832,,217241923,,3218 36th Ave SW,98126,Single Family,2026-07-05,2026-07-05,2026-07-05,1849000,1849000,1849000,2026-06-25,10,10,Active,,,0
2543917,,217237384,,8548 Midvale Ave N Unit B Unit B,98103,Townhouse,2026-07-05,2026-07-05,2026-07-05,650000,650000,650000,2026-06-25,10,10,Active,,,0
2543937,,217186831,,2233 Minor Ave Unit C Unit C,98102,Townhouse,2026-07-05,2026-07-05,2026-07-05,825000,825000,825000,2026-06-24,11,11,Active,,,0
2544156,,217148872,,925 Martin Luther King Jr Way,98122,Single Family,2026-07-05,2026-07-05,2026-07-05,1300000,1300000,1300000,2026-06-23,12,12,Active,,,0
2544620,,217145532,,1749 NW 63rd St,98107,Single Family,2026-07-05,2026-07-05,2026-07-05,1245000,1245000,1245000,2026-06-23,12,12,Active,,,0
2544815,,217266965,,1146 N 78th St,98103,Single Family,2026-07-05,2026-07-05,2026-07-05,1250000,1250000,1250000,2026-06-26,9,9,Active,,,0
2544962,,217159047,,966 N Allen Pl,98103,Townhouse,2026-07-05,2026-07-05,2026-07-05,664900,664900,664900,2026-06-24,11,11,Active,,,0
2544964,,217251279,,227 24th Ave E Unit B Unit B,98112,Townhouse,2026-07-05,2026-07-05,2026-07-05,725000,725000,725000,2026-06-26,9,9,Active,,,0
2545096,,218299987,,2859 NW 57th St,98107,Single Family,2026-07-05,2026-07-05,2026-07-05,1725000,1725000,1725000,2026-06-30,5,5,Active,,,0
2545126,,217226132,,14338 Bagley Ave N,98133,Single Family,2026-07-05,2026-07-05,2026-07-05,825000,825000,825000,2026-06-25,10,10,Active,,,0
2545287,,217234489,,2508 13th Ave W,98119,Single Family,2026-07-05,2026-07-05,2026-07-05,2195000,2195000,2195000,2026-06-25,10,10,Active,,,0
2545823,,217213143,,512 N 92nd St,98103,Townhouse,2026-07-05,2026-07-05,2026-07-05,699000,699000,699000,2026-06-25,10,10,Active,,,0
2545829,,217215253,,746 Boylston Ave E Unit A Unit A,98102,Townhouse,2026-07-05,2026-07-05,2026-07-05,970000,970000,970000,2026-06-25,10,10,Active,,,0
2545843,,217215256,,514 N 92nd St,98103,Single Family,2026-07-05,2026-07-05,2026-07-05,799000,799000,799000,2026-06-25,10,10,Active,,,0
2545909,,217218830,,7914 34th Ave SW,98126,Single Family,2026-07-05,2026-07-05,2026-07-05,599000,599000,599000,2026-06-25,10,10,Active,,,0
2546158,,217234903,,1417 NW 83rd St,98117,Single Family,2026-07-05,2026-07-05,2026-07-05,850000,850000,850000,2026-06-25,10,10,Active,,,0
2546208,,217291409,,4107 25th Ave SW,98106,Townhouse,2026-07-05,2026-07-05,2026-07-05,699998,699998,699998,2026-06-27,8,8,Active,,,0
2546516,,217265192,,3300 B Government Way,98199,Townhouse,2026-07-05,2026-07-05,2026-07-05,650000,650000,650000,2026-06-26,9,9,Active,,,0
2546557,,217266794,,4105 Fremont Ave N Unit A Unit A,98103,Townhouse,2026-07-05,2026-07-05,2026-07-05,663000,663000,663000,2026-06-26,9,9,Active,,,0
2546697,,217274096,,1528 NE 97th St,98115,Single Family,2026-07-05,2026-07-05,2026-07-05,1091500,1091500,1091500,2026-06-26,9,9,Active,,,0
2546698,,217276100,,1619 S Weller St Unit A Unit A,98144,Townhouse,2026-07-05,2026-07-05,2026-07-05,629900,629900,629900,2026-06-26,9,9,Active,,,0
2546721,,217278231,,11545 N Park Ave N,98133,Single Family,2026-07-05,2026-07-05,2026-07-05,625000,625000,625000,2026-06-27,8,8,Active,,,0
2547150,,217313338,,1715 E Mercer St,98112,Single Family,2026-07-05,2026-07-05,2026-07-05,1325000,1325000,1325000,2026-06-29,6,6,Active,,,0
2547183,,220396191,,2134 Waverly Pl N #103,98109,Single Family,2026-07-05,2026-07-05,2026-07-05,419500,419500,419500,2026-07-01,4,4,Active,,,0
2547371,,218310472,,848 NW 59th St,98107,Single Family,2026-07-05,2026-07-05,2026-07-05,990000,990000,990000,2026-06-30,5,5,Active,,,0
2547534,,218310421,,13810 Greenwood Ave N Unit D Unit D,98133,Townhouse,2026-07-05,2026-07-05,2026-07-05,599950,599950,599950,2026-06-30,5,5,Active,,,0
2547537,,217333711,,8045 19th Ave NE,98115,Single Family,2026-07-05,2026-07-05,2026-07-05,675950,675950,675950,2026-06-29,6,6,Active,,,0
2547688,,220359791,,13322 3rd Ave NE,98125,Single Family,2026-07-05,2026-07-05,2026-07-05,825000,825000,825000,2026-07-01,4,4,Active,,,0
2548056,,220390280,,12238 1st Ave NW,98177,Single Family,2026-07-05,2026-07-05,2026-07-05,1150000,1150000,1150000,2026-07-01,4,4,Active,,,0
2548184,,220439494,,3924 S Pilgrim St,98118,Single Family,2026-07-05,2026-07-05,2026-07-05,640000,640000,640000,2026-07-02,3,3,Active,,,0
2548732,,220400951,,4017 Corliss Ave N,98103,Single Family,2026-07-05,2026-07-05,2026-07-05,970000,970000,970000,2026-07-02,3,3,Active,,,0
2548773,,220391788,,12060 8th Ave NW Unit B Unit B,98177,Townhouse,2026-07-05,2026-07-05,2026-07-05,799900,799900,799900,2026-07-01,4,4,Active,,,0
2549036,,220429374,,3242 36th Ave W,98199,Single Family,2026-07-05,2026-07-05,2026-07-05,975000,975000,975000,2026-07-02,3,3,Active,,,0
2549605,,220473932,,10829 42nd Ave SW,98146,Single Family,2026-07-05,2026-07-05,2026-07-05,1950000,1950000,1950000,2026-07-04,1,1,Active,,,0
2549615,,220472927,,5904 42nd Ave SW,98136,Townhouse,2026-07-05,2026-07-05,2026-07-05,715000,715000,715000,2026-07-04,1,1,Active,,,0
2316937,,198000257,,3802 E John St,98112,Single Family,2026-06-08,2026-06-19,2026-06-19,3495000,3495000,3495000,2025-02-04,499,499,Active,,,0
2363667,,201816400,,5932 California Ave SW,98136,Single Family,2026-06-08,2026-06-19,2026-06-19,1700000,1700000,1700000,2025-04-30,414,414,Active,,,0
2455361,,209487946,,1212 E Shelby #5,98102,Single Family,2026-06-08,2026-06-19,2026-06-19,3475000,3475000,3475000,2025-11-21,209,209,Active,,,0
2456206,,209460941,,312 Prospect St,98109,Single Family,2026-06-08,2026-06-19,2026-06-19,2899000,2899000,2899000,2025-11-20,210,210,Active,,,0
2459792,,209775762,,1701 16th Ave S Unit C Unit C,98144,Townhouse,2026-06-08,2026-06-19,2026-06-19,485000,485000,485000,2025-12-07,193,193,Active,,,0
2468419,,212505617,,5616 California Ave SW Unit C Unit C,98136,Townhouse,2026-06-08,2026-06-19,2026-06-19,735000,735000,735000,2026-02-26,112,112,Active,,,0
2468706,,210944834,,1017 California Ln SW,98116,Single Family,2026-06-08,2026-06-19,2026-06-19,6395000,6395000,6395000,2026-01-16,153,153,Active,,,0
2468806,,210945325,,1019 California Ln SW,98116,Single Family,2026-06-08,2026-06-19,2026-06-19,6975000,6975000,6975000,2026-01-16,153,153,Active,,,0
2469714,,211002089,,6214 40th Ave NE,98115,Single Family,2026-06-08,2026-06-19,2026-06-19,2750000,2750000,2750000,2026-01-20,149,149,Active,,,0
2472272,,211290588,,1123 A 10th Ave E,98102,Townhouse,2026-06-08,2026-06-19,2026-06-19,1169000,1169000,1169000,2026-02-22,116,116,Active,,,0
2473526,,211231616,,10421 41st Ave SW Unit B Unit B,98146,Townhouse,2026-06-08,2026-06-19,2026-06-19,699300,699300,699300,2026-02-13,125,125,Active,,,0
2477361,,211774607,,8608 42nd Ave S,98118,Single Family,2026-06-08,2026-06-19,2026-06-19,889500,889500,889500,2026-02-05,133,133,Active,,,0
2477366,,211774970,,8612 42nd Ave S Unit C Unit C,98118,Townhouse,2026-06-08,2026-06-19,2026-06-19,649500,649500,649500,2026-02-05,133,133,Active,,,0
2479558,,213683944,,2815 24th Ave S,98144,Townhouse,2026-06-08,2026-06-19,2026-06-19,699950,699950,699950,2026-04-03,76,76,Active,,,0
2481180,,212347569,,3032 S Dawson St,98108,Single Family,2026-06-08,2026-06-19,2026-06-19,824900,799900,799900,2026-02-19,119,119,Active,2026-06-18,2026-06-18,1
2482094,,212369393,,14052 Midvale Ave N,98133,Single Family,2026-06-08,2026-06-19,2026-06-19,530000,530000,530000,2026-02-20,118,118,Active,,,0
2482642,,212350669,,1920 E Union #104,98122,Townhouse,2026-06-18,2026-06-19,2026-06-19,624500,624500,624500,2026-02-19,119,119,Active,,,0
2483905,,212435532,,2017 Fairview Ave E Unit I Unit I,98102,Single Family,2026-06-08,2026-06-19,2026-06-19,4750000,4750000,4750000,2026-02-23,115,115,Active,,,0
2485063,,212509586,,1942 7th Ave W,98119,Single Family,2026-06-08,2026-06-19,2026-06-19,2975000,2975000,2975000,2026-02-26,112,112,Active,,,0
2486493,,212710237,,426 Smith St,98109,Single Family,2026-06-08,2026-06-19,2026-06-19,2370000,2370000,2370000,2026-03-04,106,106,Active,,,0
2487265,,212816971,,1728 11th Ave Unit A Unit A,98122,Townhouse,2026-06-08,2026-06-19,2026-06-19,699000,699000,699000,2026-03-06,104,104,Active,,,0
2487683,,212757710,,13333 Greenwood Ave N Unit A Unit A,98133,Townhouse,2026-06-08,2026-06-19,2026-06-19,794880,794880,794880,2026-03-05,105,105,Active,,,0
2487773,,213421634,,3141 Broadway E,98102,Single Family,2026-06-08,2026-06-19,2026-06-19,1350000,1350000,1350000,2026-03-26,84,84,Active,,,0
2489198,,213193151,,3333 43rd Ave NE,98105,Single Family,2026-06-08,2026-06-19,2026-06-19,4950000,4950000,4950000,2026-03-19,91,91,Active,,,0
2489348,,212923909,,9444 26th Ave SW,98106,Single Family,2026-06-08,2026-06-19,2026-06-19,649000,649000,649000,2026-03-11,99,99,Active,,,0
2489705,,213333210,,3925 NE Surber Dr,98105,Single Family,2026-06-08,2026-06-19,2026-06-19,6995000,6995000,6995000,2026-03-24,86,86,Active,,,0
2489896,,213009697,,7336 27th Ave NW,98117,Townhouse,2026-06-08,2026-06-19,2026-06-19,1174750,1174750,1174750,2026-03-13,97,97,Active,,,0
2490814,,213350384,,2230 C NW 60th St,98107,Townhouse,2026-06-08,2026-06-19,2026-06-19,875000,875000,875000,2026-03-24,86,86,Active,,,0
2491031,,213350119,,2228 A NW 60th St,98107,Townhouse,2026-06-08,2026-06-19,2026-06-19,718000,718000,718000,2026-03-24,86,86,Active,,,0
2491326,,213011301,,3015 61st Ave SW Unit B Unit B,98116,Townhouse,2026-06-08,2026-06-19,2026-06-19,799000,799000,799000,2026-03-13,97,97,Active,,,0
2491472,,212969292,,6726 35th Pl S,98118,Townhouse,2026-06-08,2026-06-19,2026-06-19,665000,657500,657500,2026-03-12,98,98,Active,2026-06-18,2026-06-18,1
2492287,,213161296,,5620 California Ave SW Unit A Unit A,98136,Townhouse,2026-06-08,2026-06-19,2026-06-19,749000,749000,749000,2026-03-18,92,92,Active,,,0
2492394,,213047598,,9452 25th Ave SW,98106,Single Family,2026-06-08,2026-06-19,2026-06-19,499000,499000,499000,2026-03-14,96,96,Active,,,0
2493823,,213260452,,1523 NW 64th St Unit B Unit B,98107,Townhouse,2026-06-08,2026-06-19,2026-06-19,874000,849000,849000,2026-03-20,90,90,Active,2026-06-18,2026-06-18,1
2493895,,213206266,,926 N 96th St,98103,Townhouse,2026-06-08,2026-06-19,2026-06-19,675000,675000,675000,2026-03-19,91,91,Active,,,0
2494204,,213188799,,8053 16th Ave NW,98117,Single Family,2026-06-08,2026-06-19,2026-06-19,764000,764000,764000,2026-03-22,88,88,Active,,,0
2494677,,213205230,,301 W Raye St #201,98119,Townhouse,2026-06-08,2026-06-19,2026-06-19,345000,345000,345000,2026-03-19,91,91,Active,,,0
2494742,,213247701,,10752 Interlake Ave N,98133,Townhouse,2026-06-08,2026-06-19,2026-06-19,619950,619950,619950,2026-03-20,90,90,Active,,,0
2495636,,213260029,,6538 C Latona Ave NE,98115,Townhouse,2026-06-08,2026-06-19,2026-06-19,828000,828000,828000,2026-03-20,90,90,Active,,,0
2496089,,213366642,,13339 Greenwood Ave N Unit C Unit C,98133,Townhouse,2026-06-08,2026-06-19,2026-06-19,749950,749950,749950,2026-03-25,85,85,Active,,,0
2496112,,214022598,,1111 37th Ave E,98112,Single Family,2026-06-08,2026-06-19,2026-06-19,3785000,3495000,3495000,2026-04-14,65,65,Active,2026-06-18,2026-06-18,1
2496150,,213618406,,6320 41st Ave SW Unit B Unit B,98136,Townhouse,2026-06-08,2026-06-19,2026-06-19,735000,735000,735000,2026-04-02,77,77,Active,,,0
2496259,,213306501,,4010 22nd Ave SW,98106,Single Family,2026-06-08,2026-06-19,2026-06-19,349900,349900,349900,2026-03-23,87,87,Active,,,0
2496970,,213561190,,1704 A N 47th St,98103,Townhouse,2026-06-08,2026-06-19,2026-06-19,1108000,1108000,1108000,2026-03-31,79,79,Active,,,0
2497269,,213393060,,315 W Galer St #102,98119,Townhouse,2026-06-08,2026-06-19,2026-06-19,1489000,1489000,1489000,2026-03-25,85,85,Active,,,0
2497740,,214385195,,1530 25th Ave Unit B Unit B,98122,Townhouse,2026-06-18,2026-06-19,2026-06-19,699000,699000,699000,2026-04-24,55,55,Active,,,0
2497806,,213419159,,6041 42nd Ave SW,98136,Townhouse,2026-06-08,2026-06-19,2026-06-19,709500,709500,709500,2026-03-29,81,81,Active,,,0
2497976,,213429272,,1609 E Alder St,98122,Single Family,2026-06-08,2026-06-19,2026-06-19,899500,899500,899500,2026-03-26,84,84,Active,,,0
2498747,,213476981,,2010 Fairview Ave E Unit B Unit B,98102,Townhouse,2026-06-08,2026-06-19,2026-06-19,1525000,1525000,1525000,2026-03-27,83,83,Active,,,0
2499096,,213549376,,6313 9th Ave NE Unit A Unit A,98115,Townhouse,2026-06-08,2026-06-19,2026-06-19,729000,729000,729000,2026-03-31,79,79,Active,,,0
2499606,,213757657,,8410 17th Ave SW #3,98106,Townhouse,2026-06-08,2026-06-19,2026-06-19,750000,750000,750000,2026-04-06,73,73,Active,,,0
2500869,,213670885,,1231 6th Ave N,98109,Single Family,2026-06-08,2026-06-19,2026-06-19,1250000,1250000,1250000,2026-04-03,76,76,Active,,,0
2501107,,213659625,,9617 15th Ave NE,98115,Single Family,2026-06-08,2026-06-19,2026-06-19,775000,775000,775000,2026-04-02,77,77,Active,,,0
2501730,,213642002,,1127 B 10th Ave E,98102,Townhouse,2026-06-08,2026-06-19,2026-06-19,974950,974950,974950,2026-04-02,77,77,Active,,,0
2501855,,213678600,,3245 21st Ave W,98199,Townhouse,2026-06-08,2026-06-19,2026-06-19,825000,825000,825000,2026-04-03,76,76,Active,,,0
2501899,,214328011,,1640 18th Ave #6,98122,Single Family,2026-06-18,2026-06-19,2026-06-19,335000,335000,335000,2026-04-23,56,56,Active,,,0
2502062,,214096451,,3258 14th Ave W,98119,Single Family,2026-06-08,2026-06-19,2026-06-19,1445000,1375000,1375000,2026-04-16,63,63,Active,2026-06-18,2026-06-18,1
2502092,,213660058,,5752 NE 62nd St,98115,Single Family,2026-06-08,2026-06-19,2026-06-19,975000,975000,975000,2026-04-02,77,77,Active,,,0
2502318,,213678596,,8605 5th Ave NE Unit B Unit B,98115,Single Family,2026-06-08,2026-06-19,2026-06-19,685800,685800,685800,2026-04-03,76,76,Active,,,0
2504795,,213847233,,1921 44 Ave SW,98116,Single Family,2026-06-08,2026-06-19,2026-06-19,998888,998888,998888,2026-04-09,70,70,Active,,,0
2505463,,213889406,,4333 32nd Ave W,98199,Single Family,2026-06-08,2026-06-19,2026-06-19,1150000,1150000,1150000,2026-04-09,70,70,Active,,,0
2506089,,213938797,,130 W Florentia St Unit A Unit A,98119,Townhouse,2026-06-08,2026-06-19,2026-06-19,699000,699000,699000,2026-04-10,69,69,Active,,,0
2506766,,213991691,,2010 Fairview Ave E Unit A Unit A,98102,Townhouse,2026-06-08,2026-06-19,2026-06-19,1450000,1450000,1450000,2026-04-13,66,66,Active,,,0
2506767,,214500798,,4306 Burke Ave N,98103,Single Family,2026-06-08,2026-06-19,2026-06-19,1750000,1750000,1750000,2026-04-28,51,51,Active,,,0
2507095,,214036458,,3636 Greenwood Ave N Unit A Unit A,98103,Townhouse,2026-06-08,2026-06-19,2026-06-19,1155950,1155950,1155950,2026-04-14,65,65,Active,,,0
2507190,,214099831,,1153 NW 58th St,98107,Townhouse,2026-06-08,2026-06-19,2026-06-19,1074950,1049950,1049950,2026-04-16,63,63,Active,2026-06-18,2026-06-18,1
2507288,,214600903,,8332 24th Ave NW,98117,Single Family,2026-06-18,2026-06-19,2026-06-19,775000,775000,775000,2026-05-01,48,48,Active,,,0
2507308,,214119232,,6576 High Point Dr SW,98126,Townhouse,2026-06-08,2026-06-19,2026-06-19,674950,674950,674950,2026-04-16,63,63,Active,,,0
2508361,,214120206,,2006 B 19th Ave S,98144,Single Family,2026-06-18,2026-06-19,2026-06-19,489000,489000,489000,2026-04-16,63,63,Active,,,0
2508547,,215308871,,1802 38th Ave,98122,Townhouse,2026-06-08,2026-06-19,2026-06-19,915000,915000,915000,2026-05-13,36,36,Active,,,0
2508787,,214375007,,612 N 45th St Unit C Unit C,98103,Townhouse,2026-06-08,2026-06-19,2026-06-19,810000,810000,810000,2026-04-24,55,55,Active,,,0
2509057,,214234680,,426 Wheeler St,98109,Single Family,2026-06-08,2026-06-19,2026-06-19,4200000,4200000,4200000,2026-04-20,59,59,Active,,,0
2509089,,214338886,,1315 E Denny Way,98122,Townhouse,2026-06-08,2026-06-19,2026-06-19,975000,975000,975000,2026-04-23,56,56,Active,,,0
2509345,,214352844,,2014 Fairview Ave E Unit D Unit D,98102,Townhouse,2026-06-08,2026-06-19,2026-06-19,689950,689950,689950,2026-04-23,56,56,Active,,,0
2509542,,214592142,,4014 SW 98th St,98136,Single Family,2026-06-08,2026-06-19,2026-06-19,1395000,1395000,1395000,2026-04-30,49,49,Active,,,0
2509650,,214182747,,2514 S Washington St,98144,Townhouse,2026-06-08,2026-06-19,2026-06-19,712500,712500,712500,2026-04-17,62,62,Active,,,0
2510283,,214248143,,502 Lake Washington Blvd E,98112,Single Family,2026-06-08,2026-06-19,2026-06-19,1950000,1875000,1875000,2026-04-21,58,58,Active,2026-06-18,2026-06-18,1
2510332,,214269086,,929 14th Ave,98122,Townhouse,2026-06-08,2026-06-19,2026-06-19,795000,795000,795000,2026-04-21,58,58,Active,,,0
2510369,,214324347,,6564 High Point Dr SW,98126,Townhouse,2026-06-08,2026-06-19,2026-06-19,550000,550000,550000,2026-04-23,56,56,Active,,,0
2510617,,214304723,,7901 16th Ave SW,98106,Single Family,2026-06-18,2026-06-19,2026-06-19,999980,999980,999980,2026-04-29,50,50,Active,,,0
2511276,,214853605,,2500 Lorentz Pl N,98109,Single Family,2026-06-08,2026-06-19,2026-06-19,1998999,1998999,1998999,2026-05-11,38,38,Active,,,0
2511285,,214297071,,966 N Allen Pl,98103,Townhouse,2026-06-08,2026-06-19,2026-06-19,699900,699900,699900,2026-04-22,57,57,Active,,,0
2511455,,214891545,,6546 32nd Ave NE Unit A Unit A,98115,Townhouse,2026-06-08,2026-06-19,2026-06-19,1075000,1075000,1075000,2026-05-08,41,41,Active,,,0
2511908,,214304856,,3648 Greenwood Ave N Unit B Unit B,98103,Townhouse,2026-06-08,2026-06-19,2026-06-19,1029000,995000,995000,2026-04-27,52,52,Active,2026-06-18,2026-06-18,1
2512059,,214325679,,3814 E John St,98112,Single Family,2026-06-08,2026-06-19,2026-06-19,8895000,8895000,8895000,2026-04-23,56,56,Active,,,0
2512326,,214365025,,337 N 105th St Unit A Unit A,98133,Townhouse,2026-06-08,2026-06-19,2026-06-19,638000,638000,638000,2026-04-23,56,56,Active,,,0
2512522,,214348154,,3528 SW 98th St,98126,Single Family,2026-06-08,2026-06-19,2026-06-19,831250,831250,831250,2026-04-26,53,53,Active,,,0
2512958,,214385419,,1913 15th Ave S Unit C Unit C,98144,Townhouse,2026-06-08,2026-06-19,2026-06-19,584000,569000,569000,2026-04-24,55,55,Active,2026-06-18,2026-06-18,1
2513102,,214591848,,3228 57th Ave SW,98116,Single Family,2026-06-08,2026-06-19,2026-06-19,1795000,1795000,1795000,2026-04-30,49,49,Active,,,0
2513112,,214415377,,5044 A Sand Point Pl NE,98105,Townhouse,2026-06-08,2026-06-19,2026-06-19,749000,739000,739000,2026-04-25,54,54,Active,2026-06-18,2026-06-18,1
2513199,,214399533,,2419 Federal Ave E,98102,Single Family,2026-06-08,2026-06-19,2026-06-19,1749500,1749500,1749500,2026-04-24,55,55,Active,,,0
2513413,,214519327,,8050 29th Ave NW,98117,Single Family,2026-06-08,2026-06-19,2026-06-19,2244500,2244500,2244500,2026-04-29,50,50,Active,,,0
2513515,,214426187,,2143 N Northlake Way #47,98103,Single Family,2026-06-18,2026-06-19,2026-06-19,512000,512000,512000,2026-04-25,54,54,Active,,,0
2513823,,214565554,,6738 21st Ave SW,98106,Single Family,2026-06-08,2026-06-19,2026-06-19,1185000,1185000,1185000,2026-04-30,49,49,Active,,,0
2514733,,214634063,,10170 Holman Rd NW Unit H Unit H,98177,Townhouse,2026-06-08,2026-06-19,2026-06-19,700000,700000,700000,2026-05-01,48,48,Active,,,0
2515123,,214534175,,2647 A NW 63rd St,98107,Townhouse,2026-06-08,2026-06-19,2026-06-19,974900,974900,974900,2026-04-29,50,50,Active,,,0
2515244,,214636874,,1550 NW 60th St,98107,Single Family,2026-06-08,2026-06-19,2026-06-19,864000,864000,864000,2026-05-01,48,48,Active,,,0
2515350,,214527801,,5928 18th Ave S,98108,Single Family,2026-06-08,2026-06-19,2026-06-19,615000,615000,615000,2026-04-29,50,50,Active,,,0
2515356,,215234318,,2527 Westmont Way W,98199,Single Family,2026-06-08,2026-06-19,2026-06-19,2880000,2880000,2880000,2026-05-12,37,37,Active,,,0
2515464,,214577136,,10742 Interlake Ave N,98133,Townhouse,2026-06-08,2026-06-19,2026-06-19,574950,574950,574950,2026-04-30,49,49,Active,,,0
2515833,,214569156,,8358 19th Ave NW Unit B Unit B,98117,Townhouse,2026-06-08,2026-06-19,2026-06-19,669000,669000,669000,2026-04-30,49,49,Active,,,0
2515964,,214596211,,4113 Chilberg Ave SW Unit A Unit A,98116,Townhouse,2026-06-08,2026-06-19,2026-06-19,1050000,1050000,1050000,2026-04-30,49,49,Active,,,0
2515981,,214600224,,2122 Halleck Ave SW,98116,Single Family,2026-06-18,2026-06-19,2026-06-19,1100000,1100000,1100000,2026-04-30,49,49,Active,,,0
2516352,,214867087,,1309 N 85th St,98103,Single Family,2026-06-08,2026-06-19,2026-06-19,818000,798000,798000,2026-05-07,42,42,Active,2026-06-18,2026-06-18,1
2516430,,216112723,,1417 NW 83rd St,98117,Single Family,2026-06-08,2026-06-19,2026-06-19,925000,895000,895000,2026-05-28,21,21,Active,2026-06-18,2026-06-18,1
2516852,,214663241,,8427 30th Ave SW,98126,Single Family,2026-06-08,2026-06-19,2026-06-19,529000,499000,499000,2026-05-01,48,48,Active,2026-06-18,2026-06-18,1
2517620,,214909193,,912 NE 115th St,98125,Single Family,2026-06-08,2026-06-19,2026-06-19,999999,999999,999999,2026-05-08,41,41,Active,,,0
2517690,,216564127,,4718 49th Ave SW,98116,Single Family,2026-06-08,2026-06-19,2026-06-19,825000,825000,825000,2026-06-05,13,13,Active,,,0
2517906,,214840324,,453 McGilvra Blvd E,98112,Single Family,2026-06-08,2026-06-19,2026-06-19,3495000,3249000,3249000,2026-05-07,42,42,Active,2026-06-18,2026-06-18,1
2517980,,214744614,,634 N 92nd St,98103,Townhouse,2026-06-08,2026-06-19,2026-06-19,839900,839900,839900,2026-05-05,44,44,Active,,,0
2519265,,214854095,,14339 Ashworth Ave N,98133,Single Family,2026-06-08,2026-06-19,2026-06-19,590000,590000,590000,2026-05-07,42,42,Active,,,0
2519618,,215580474,,1935 B 7th Ave W,98119,Townhouse,2026-06-08,2026-06-19,2026-06-19,1089950,1089950,1089950,2026-05-21,28,28,Active,,,0
2519846,,214836195,,2518 36th Ave W,98199,Single Family,2026-06-08,2026-06-19,2026-06-19,1348000,1348000,1348000,2026-05-07,42,42,Active,,,0
2519984,,214847849,,10520 Whitman Ave N Unit E Unit E,98133,Townhouse,2026-06-08,2026-06-19,2026-06-19,599000,599000,599000,2026-05-07,42,42,Active,,,0
2520636,,214901499,,8501 14th Ave NW,98117,Townhouse,2026-06-08,2026-06-19,2026-06-19,926000,926000,926000,2026-05-08,41,41,Active,,,0
2520759,,214905855,,7433 A 4th Ave NE,98115,Townhouse,2026-06-08,2026-06-19,2026-06-19,830000,830000,830000,2026-05-08,41,41,Active,,,0
2520973,,215912311,,8509 A Interlake Ave N,98103,Townhouse,2026-06-08,2026-06-19,2026-06-19,675000,675000,675000,2026-05-22,27,27,Active,,,0
2521028,,214924179,,3402 48th Ave SW,98116,Single Family,2026-06-08,2026-06-19,2026-06-19,949000,949000,949000,2026-05-08,41,41,Active,,,0
2521060,,214923326,,1145 N 91st St Unit A Unit A,98103,Townhouse,2026-06-08,2026-06-19,2026-06-19,635000,635000,635000,2026-05-08,41,41,Active,,,0
2521929,,215228596,,743 N 86th St,98103,Single Family,2026-06-08,2026-06-19,2026-06-19,599000,599000,599000,2026-05-12,37,37,Active,,,0
2522023,,215345307,,7342 20th Ave NW,98117,Single Family,2026-06-08,2026-06-19,2026-06-19,2098000,2098000,2098000,2026-05-14,35,35,Active,,,0
2522321,,215352715,,1106 18th Ave,98122,Townhouse,2026-06-08,2026-06-19,2026-06-19,875000,799000,799000,2026-05-14,35,35,Active,2026-06-18,2026-06-18,1
2522559,,215382570,,3303 37th Ave W,98199,Single Family,2026-06-08,2026-06-19,2026-06-19,3200000,3200000,3200000,2026-05-15,34,34,Active,,,0
2522594,,215338806,,8840 Interlake Ave N,98103,Single Family,2026-06-08,2026-06-19,2026-06-19,979000,979000,979000,2026-05-14,35,35,Active,,,0
2522747,,215550625,,12002 Greenwood Ave N,98133,Townhouse,2026-06-08,2026-06-19,2026-06-19,649950,629950,629950,2026-05-20,29,29,Active,2026-06-18,2026-06-18,1
2522803,,215352089,,3011 30th Ave W Unit A Unit A,98199,Townhouse,2026-06-08,2026-06-19,2026-06-19,1059500,1059500,1059500,2026-05-14,35,35,Active,,,0
2522919,,215353097,,317 NE 58th St,98105,Single Family,2026-06-08,2026-06-19,2026-06-19,1549000,1549000,1549000,2026-05-14,35,35,Active,,,0
2522949,,215291007,,1415 E Fir St,98122,Townhouse,2026-06-08,2026-06-19,2026-06-19,875000,875000,875000,2026-05-13,36,36,Active,,,0
2523114,,215407947,,3519 NE 95th St,98115,Single Family,2026-06-08,2026-06-19,2026-06-19,945000,945000,945000,2026-05-15,34,34,Active,,,0
2523610,,215344148,,510 N 138th St,98133,Single Family,2026-06-08,2026-06-19,2026-06-19,845000,845000,845000,2026-05-14,35,35,Active,,,0
2523776,,215347065,,902 22nd Ave,98122,Single Family,2026-06-08,2026-06-19,2026-06-19,985000,985000,985000,2026-05-14,35,35,Active,,,0
2523924,,215350462,,722 N 36th St,98103,Townhouse,2026-06-08,2026-06-19,2026-06-19,698000,698000,698000,2026-05-14,35,35,Active,,,0
2523986,,215356641,,129 A 26th Ave E,98112,Townhouse,2026-06-08,2026-06-19,2026-06-19,849000,849000,849000,2026-05-14,35,35,Active,,,0
2524072,,215357098,,8510 15th Ave NE,98115,Townhouse,2026-06-08,2026-06-19,2026-06-19,849000,849000,849000,2026-05-14,35,35,Active,,,0
2524077,,215356965,,8512 15th Ave NE,98115,Townhouse,2026-06-08,2026-06-19,2026-06-19,1449000,1449000,1449000,2026-05-14,35,35,Active,,,0
2524145,,215401687,,409 W Dravus St,98119,Single Family,2026-06-08,2026-06-19,2026-06-19,1189000,1149995,1149995,2026-05-15,34,34,Active,2026-06-18,2026-06-18,1
2524252,,215355410,,6716 37th Ave SW,98126,Single Family,2026-06-08,2026-06-19,2026-06-19,1525000,1525000,1525000,2026-05-14,35,35,Active,,,0
2524570,,216201389,,604 NW 77th St Unit D Unit D,98117,Townhouse,2026-06-08,2026-06-19,2026-06-19,739000,739000,739000,2026-05-29,20,20,Active,,,0
2524592,,215399254,,3813 NE 70th St,98115,Single Family,2026-06-08,2026-06-19,2026-06-19,1410000,1398000,1398000,2026-05-15,34,34,Active,2026-06-18,2026-06-18,1
2524834,,215458980,,4701 W Ruffner St,98199,Single Family,2026-06-08,2026-06-19,2026-06-19,6750000,6750000,6750000,2026-05-18,31,31,Active,,,0
2525151,,215569271,,2138 N 113th St Unit B Unit B,98133,Townhouse,2026-06-08,2026-06-19,2026-06-19,749950,749950,749950,2026-05-20,29,29,Active,,,0
2525178,,215974292,,311 NW 92nd St,98117,Single Family,2026-06-18,2026-06-19,2026-06-19,724999,724999,724999,2026-05-23,26,26,Active,,,0
2525200,,216092685,,746 Boylston Ave E Unit A Unit A,98102,Townhouse,2026-06-08,2026-06-19,2026-06-19,1025000,1025000,1025000,2026-05-27,22,22,Active,,,0
2525524,,216521719,,1528 1st Ave W,98119,Single Family,2026-06-08,2026-06-19,2026-06-19,1000000,950000,950000,2026-06-04,14,14,Active,2026-06-18,2026-06-18,1
2525814,,215523196,,219 12th Ave E Unit A Unit A,98102,Townhouse,2026-06-08,2026-06-19,2026-06-19,950000,950000,950000,2026-05-19,30,30,Active,,,0
2526093,,215494072,,10202 44th Ave SW,98146,Townhouse,2026-06-08,2026-06-19,2026-06-19,1295000,1295000,1295000,2026-05-19,30,30,Active,,,0
2526256,,215555605,,2218 A NW 62nd St,98107,Townhouse,2026-06-08,2026-06-19,2026-06-19,1040000,1040000,1040000,2026-05-20,29,29,Active,,,0
2526439,,215859272,,4204 S Trenton St,98118,Townhouse,2026-06-08,2026-06-19,2026-06-19,608000,608000,608000,2026-05-22,27,27,Active,,,0
2526668,,216990576,,4117 45th Ave SW,98116,Single Family,2026-06-18,2026-06-19,2026-06-19,1029000,1029000,1029000,2026-06-17,1,1,Active,,,0
2527148,,215573292,,6913 30th Ave NW,98117,Single Family,2026-06-18,2026-06-19,2026-06-19,2215000,2215000,2215000,2026-05-20,29,29,Active,,,0
2527518,,215603605,,9257 Interlake Ave N,98103,Townhouse,2026-06-08,2026-06-19,2026-06-19,640000,640000,640000,2026-05-21,28,28,Active,,,0
2527567,,216132654,,3443 16th Ave S,98144,Single Family,2026-06-08,2026-06-19,2026-06-19,799950,799950,799950,2026-05-28,21,21,Active,,,0
2527749,,215618242,,7708 35th Ave S,98118,Single Family,2026-06-08,2026-06-19,2026-06-19,519950,519950,519950,2026-05-21,28,28,Active,,,0
2527893,,216100363,,206 NW 143rd St,98177,Single Family,2026-06-08,2026-06-19,2026-06-19,1595000,1539000,1539000,2026-05-28,21,21,Active,2026-06-18,2026-06-18,1
2527932,,216495266,,307 14th Ave E Unit B Unit B,98112,Townhouse,2026-06-08,2026-06-19,2026-06-19,1150000,1150000,1150000,2026-06-04,14,14,Active,,,0
2527974,,215922667,,4460 Midvale Ave N,98103,Townhouse,2026-06-08,2026-06-19,2026-06-19,1695000,1695000,1695000,2026-05-22,27,27,Active,,,0
2527997,,216537017,,1749 NW 63rd St,98107,Single Family,2026-06-08,2026-06-19,2026-06-19,1295000,1295000,1295000,2026-06-05,13,13,Active,,,0
2528197,,215832370,,5520 Brooklyn Ave NE,98105,Single Family,2026-06-08,2026-06-19,2026-06-19,2445000,2445000,2445000,2026-05-21,28,28,Active,,,0
2528946,,216140018,,818 E Edgar St,98102,Single Family,2026-06-08,2026-06-19,2026-06-19,2100000,2100000,2100000,2026-05-28,21,21,Active,,,0
2528966,,216085985,,815 N 48th St,98103,Townhouse,2026-06-08,2026-06-19,2026-06-19,1234995,1219900,1219900,2026-05-27,22,22,Active,2026-06-18,2026-06-18,1
2529019,,216466805,,2629 E Valley St,98112,Single Family,2026-06-08,2026-06-19,2026-06-19,1575000,1575000,1575000,2026-06-03,15,15,Active,,,0
2529034,,216150394,,1012 20th Ave S,98144,Single Family,2026-06-08,2026-06-19,2026-06-19,830000,825000,825000,2026-05-29,20,20,Active,2026-06-18,2026-06-18,1
2529049,,216092978,,8505 Midvale Ave N Unit B Unit B,98103,Townhouse,2026-06-08,2026-06-19,2026-06-19,595000,595000,595000,2026-05-27,22,22,Active,,,0
2529107,,216194921,,105 NW 39 th St Unit E Unit E,98107,Townhouse,2026-06-08,2026-06-19,2026-06-19,699950,679950,679950,2026-05-29,20,20,Active,2026-06-18,2026-06-18,1
2529235,,216333332,,2309 NW 73rd,98117,Single Family,2026-06-08,2026-06-19,2026-06-19,725000,725000,725000,2026-06-02,16,16,Active,,,0
2529305,,216002800,,1520 13th Ave S Unit D Unit D,98144,Townhouse,2026-06-08,2026-06-19,2026-06-19,769900,769900,769900,2026-05-25,24,24,Active,,,0
2529338,,216431874,,9519 8th Ave NW Unit B Unit B,98117,Townhouse,2026-06-08,2026-06-19,2026-06-19,530000,530000,530000,2026-06-03,15,15,Active,,,0
2529342,,216004098,,7044 50th Ave NE,98115,Single Family,2026-06-08,2026-06-19,2026-06-19,3500000,3500000,3500000,2026-05-26,23,23,Active,,,0
2529397,,216098459,,3104 SW Avalon Way Unit G Unit G,98126,Townhouse,2026-06-08,2026-06-19,2026-06-19,630000,620000,620000,2026-05-28,21,21,Active,2026-06-18,2026-06-18,1
2529534,,216996886,,155 Florentia St,98109,Single Family,2026-06-18,2026-06-19,2026-06-19,899950,899950,899950,2026-06-17,1,1,Active,,,0
2529795,,216075466,,813 NW 63rd St,98107,Townhouse,2026-06-08,2026-06-19,2026-06-19,899950,899950,899950,2026-05-27,22,22,Active,,,0
2530045,,216116969,,8216 Interlake Ave N,98103,Single Family,2026-06-08,2026-06-19,2026-06-19,1295000,1295000,1295000,2026-05-28,21,21,Active,,,0
2530099,,216070173,,1002 NW 70th St,98117,Single Family,2026-06-08,2026-06-19,2026-06-19,1295000,1295000,1295000,2026-05-27,22,22,Active,,,0
2530188,,216129936,,800 23rd Ave S Unit A Unit A,98144,Townhouse,2026-06-08,2026-06-19,2026-06-19,635000,635000,635000,2026-05-28,21,21,Active,,,0
2530224,,216085918,,1875 E Hamlin St,98112,Single Family,2026-06-08,2026-06-19,2026-06-19,1300000,1300000,1300000,2026-05-27,22,22,Active,,,0
2530275,,216089131,,2529 Queen Anne Ave N,98109,Single Family,2026-06-08,2026-06-19,2026-06-19,1565000,1565000,1565000,2026-05-27,22,22,Active,,,0
2530358,,216088901,,1530 25th Ave,98122,Townhouse,2026-06-18,2026-06-19,2026-06-19,1043000,1043000,1043000,2026-05-27,22,22,Active,,,0
2530542,,217010975,,110 22nd Ave S,98144,Townhouse,2026-06-18,2026-06-19,2026-06-19,750000,750000,750000,2026-06-17,1,1,Active,,,0
2530969,,216112864,,3425 21st Ave W Unit A Unit A,98199,Townhouse,2026-06-08,2026-06-19,2026-06-19,820000,799000,799000,2026-05-28,21,21,Active,2026-06-18,2026-06-18,1
2530987,,216119040,,723 N 95th St Unit A Unit A,98103,Townhouse,2026-06-08,2026-06-19,2026-06-19,615000,615000,615000,2026-05-28,21,21,Active,,,0
2531062,,216654985,,2654 W Dravus St,98199,Single Family,2026-06-18,2026-06-19,2026-06-19,1100000,1100000,1100000,2026-06-09,9,9,Active,,,0
2531103,,216189251,,2701 NE 94th St,98115,Single Family,2026-06-08,2026-06-19,2026-06-19,1275000,1275000,1275000,2026-05-29,20,20,Active,,,0
2531238,,216126296,,5630 21st Ave SW,98114,Single Family,2026-06-08,2026-06-19,2026-06-19,999900,899900,899900,2026-05-28,21,21,Active,2026-06-18,2026-06-18,1
2531356,,216187588,,731 19th Ave,98122,Single Family,2026-06-08,2026-06-19,2026-06-19,1200000,1200000,1200000,2026-05-29,20,20,Active,,,0
2531417,,216474280,,9046 7th Ave NW,98117,Single Family,2026-06-08,2026-06-19,2026-06-19,850000,800000,800000,2026-06-03,15,15,Active,2026-06-18,2026-06-18,1
2531430,,216139945,,3850 Carr Pl N,98103,Townhouse,2026-06-08,2026-06-19,2026-06-19,849950,849950,849950,2026-05-28,21,21,Active,,,0
2531469,,216138670,,6320 36th Ave SW,98126,Single Family,2026-06-08,2026-06-19,2026-06-19,1396500,1396500,1396500,2026-05-28,21,21,Active,,,0
2531494,,216142056,,8101 15th Ave SW Unit B Unit B,98106,Single Family,2026-06-08,2026-06-19,2026-06-19,699500,699500,699500,2026-05-28,21,21,Active,,,0
2531497,,216186637,,1138 D NW 57th St,98107,Townhouse,2026-06-08,2026-06-19,2026-06-19,738000,738000,738000,2026-05-29,20,20,Active,,,0
2532002,,216187777,,6315 9th Ave NW,98107,Single Family,2026-06-18,2026-06-19,2026-06-19,649900,649900,649900,2026-05-29,20,20,Active,,,0
2532315,,216200233,,4606 NE 47th St,98105,Single Family,2026-06-08,2026-06-19,2026-06-19,1845000,1750000,1750000,2026-05-29,20,20,Active,2026-06-18,2026-06-18,1
2532519,,216995029,,1017 NE 123rd St Unit C Unit C,98125,Townhouse,2026-06-18,2026-06-19,2026-06-19,598000,598000,598000,2026-06-17,1,1,Active,,,0
2532686,,216308247,,2711 4th Ave W,98119,Single Family,2026-06-08,2026-06-19,2026-06-19,1995000,1995000,1995000,2026-06-02,16,16,Active,,,0
2532895,,216288794,,4411 NE 90th St,98115,Single Family,2026-06-08,2026-06-19,2026-06-19,1699000,1699000,1699000,2026-06-01,17,17,Active,,,0
2532954,,216777367,,5944 26th Ave SW,98106,Single Family,2026-06-18,2026-06-19,2026-06-19,925000,925000,925000,2026-06-11,7,7,Active,,,0
2533137,,216516443,,2340 N 64th St Unit C Unit C,98103,Townhouse,2026-06-08,2026-06-19,2026-06-19,849950,849950,849950,2026-06-04,14,14,Active,,,0
2533217,,216559434,,823 A 17th Ave,98144,Townhouse,2026-06-18,2026-06-19,2026-06-19,1089950,1089950,1089950,2026-06-05,13,13,Active,,,0
2533272,,216433256,,3045 19th Ave S,98144,Single Family,2026-06-08,2026-06-19,2026-06-19,699950,699950,699950,2026-06-03,15,15,Active,,,0
2533534,,216321669,,1922 15th Ave S,98144,Single Family,2026-06-08,2026-06-19,2026-06-19,799000,799000,799000,2026-06-02,16,16,Active,,,0
2533658,,216426313,,7552 21st Ave SW,98106,Single Family,2026-06-08,2026-06-19,2026-06-19,520000,520000,520000,2026-06-03,15,15,Active,,,0
2533721,,216497540,,1626 39th Ave E,98112,Townhouse,2026-06-08,2026-06-19,2026-06-19,849950,849950,849950,2026-06-04,14,14,Active,,,0
2533766,,216332707,,1605 SW Kenyon St,98106,Single Family,2026-06-08,2026-06-19,2026-06-19,649900,649900,649900,2026-06-02,16,16,Active,,,0
2533880,,216431420,,2415 Queen Anne Ave N,98109,Single Family,2026-06-08,2026-06-19,2026-06-19,1349000,1349000,1349000,2026-06-03,8,8,Active,,,0
2533918,,217011368,,1916 E McGraw St,98112,Single Family,2026-06-18,2026-06-19,2026-06-19,949000,949000,949000,2026-06-17,1,1,Active,,,0
2533966,,216554416,,9553 Evanston Ave N,98103,Single Family,2026-06-08,2026-06-19,2026-06-19,894000,894000,894000,2026-06-05,13,13,Active,,,0
2534088,,216569724,,3929 Ashworth Ave N,98103,Single Family,2026-06-08,2026-06-19,2026-06-19,1488000,1488000,1488000,2026-06-05,13,13,Active,,,0
2534265,,216474957,,8221 23rd Ave NE,98115,Single Family,2026-06-08,2026-06-19,2026-06-19,825000,825000,825000,2026-06-03,15,15,Active,,,0
2534315,,216831949,,938 18th Ave E,98112,Single Family,2026-06-18,2026-06-19,2026-06-19,2895000,2895000,2895000,2026-06-12,6,6,Active,,,0
2534364,,216430726,,4429 41st Ave SW Unit B Unit B,98116,Townhouse,2026-06-08,2026-06-19,2026-06-19,739000,739000,739000,2026-06-03,15,15,Active,,,0
2534618,,216502820,,9020 26th Ave NW,98117,Single Family,2026-06-08,2026-06-19,2026-06-19,1585000,1585000,1585000,2026-06-04,14,14,Active,,,0
2534678,,216781053,,1618 NE 80th St,98115,Single Family,2026-06-18,2026-06-19,2026-06-19,1000000,1000000,1000000,2026-06-11,7,7,Active,,,0
2534687,,216562251,,1619 S Weller St Unit A Unit A,98144,Townhouse,2026-06-08,2026-06-19,2026-06-19,675000,675000,675000,2026-06-05,13,13,Active,,,0
2534785,,216565387,,1405 29th Ave,98122,Townhouse,2026-06-08,2026-06-19,2026-06-19,1179950,1179950,1179950,2026-06-05,13,13,Active,,,0
2534794,,216541719,,4620 15th Ave S,98108,Single Family,2026-06-08,2026-06-19,2026-06-19,875000,875000,875000,2026-06-05,13,13,Active,,,0
2534965,,216573466,,2626 58th Ave SW Unit A Unit A,98116,Single Family,2026-06-08,2026-06-19,2026-06-19,899000,899000,899000,2026-06-05,13,13,Active,,,0
2534967,,216573468,,2626 58th Ave SW Unit B Unit B,98116,Single Family,2026-06-08,2026-06-19,2026-06-19,875000,875000,875000,2026-06-05,13,13,Active,,,0
2535101,,216565215,,1319 14th Ave Unit A Unit A,98144,Townhouse,2026-06-08,2026-06-19,2026-06-19,869950,869950,869950,2026-06-05,13,13,Active,,,0
2535156,,216958271,,906 19th Ave,98122,Single Family,2026-06-18,2026-06-19,2026-06-19,799950,799950,799950,2026-06-17,1,1,Active,,,0
2535192,,216529276,,3920 Ashworth Ave N,98103,Single Family,2026-06-08,2026-06-19,2026-06-19,1295000,1295000,1295000,2026-06-04,14,14,Active,,,0
2535308,,216514769,,6710 36th Ave SW Unit B Unit B,98126,Townhouse,2026-06-08,2026-06-19,2026-06-19,759000,759000,759000,2026-06-04,14,14,Active,,,0
2535317,,216519927,,8109 15th Ave SW,98106,Single Family,2026-06-08,2026-06-19,2026-06-19,899995,899995,899995,2026-06-04,14,14,Active,,,0
2535479,,216694299,,1615 E Columbia St,98122,Single Family,2026-06-18,2026-06-19,2026-06-19,1195000,1195000,1195000,2026-06-09,9,9,Active,,,0
2535547,,216556808,,2804 Prosch Ave W,98119,Single Family,2026-06-08,2026-06-19,2026-06-19,950000,950000,950000,2026-06-05,13,13,Active,,,0
2535649,,216531336,,4051 19th Ave SW,98106,Single Family,2026-06-08,2026-06-19,2026-06-19,575000,575000,575000,2026-06-05,13,13,Active,,,0
2535711,,216539995,,406 Galer St,98109,Single Family,2026-06-08,2026-06-19,2026-06-19,3800000,3800000,3800000,2026-06-05,13,13,Active,,,0
2535717,,216648605,,7915 18th Ave SW,98106,Single Family,2026-06-18,2026-06-19,2026-06-19,599000,599000,599000,2026-06-09,9,9,Active,,,0
2535725,,216550340,,7348 Keen Way N,98103,Single Family,2026-06-08,2026-06-19,2026-06-19,1685000,1685000,1685000,2026-06-05,13,13,Active,,,0
2536248,,216585849,,4418 1st Ave NE Unit A Unit A,98105,Townhouse,2026-06-08,2026-06-19,2026-06-19,789000,789000,789000,2026-06-06,12,12,Active,,,0
2536312,,216590008,,6226 7th Ave NW Unit C Unit C,98107,Single Family,2026-06-18,2026-06-19,2026-06-19,865000,865000,865000,2026-06-06,12,12,Active,,,0
2536330,,216805621,,14101 Phinney Ave N,98133,Single Family,2026-06-18,2026-06-19,2026-06-19,1195000,1195000,1195000,2026-06-12,6,6,Active,,,0
2536427,,216617234,,3450 37th Ave SW Unit B Unit B,98126,Townhouse,2026-06-18,2026-06-19,2026-06-19,875000,875000,875000,2026-06-08,10,10,Active,,,0
2536728,,216721745,,3533 S Austin St,98118,Single Family,2026-06-18,2026-06-19,2026-06-19,738000,738000,738000,2026-06-10,8,8,Active,,,0
2536895,,216730563,,6546 B 32nd Ave NE,98115,Townhouse,2026-06-18,2026-06-19,2026-06-19,990000,990000,990000,2026-06-10,8,8,Active,,,0
2536938,,216733270,,205 NW 101st St,98177,Single Family,2026-06-18,2026-06-19,2026-06-19,750000,750000,750000,2026-06-10,8,8,Active,,,0
2537008,,216749311,,3535 NE 89th St,98115,Single Family,2026-06-18,2026-06-19,2026-06-19,946500,946500,946500,2026-06-11,7,7,Active,,,0
2537020,,216941584,,9630 26th Ave NW,98117,Single Family,2026-06-18,2026-06-19,2026-06-19,1095000,1095000,1095000,2026-06-17,1,1,Active,,,0
2537042,,216822661,,4802 24th Pl S,98108,Single Family,2026-06-18,2026-06-19,2026-06-19,950000,950000,950000,2026-06-12,6,6,Active,,,0
2537132,,216710373,,7407 25th Ave NE,98115,Single Family,2026-06-18,2026-06-19,2026-06-19,1349950,1349950,1349950,2026-06-10,8,8,Active,,,0
2537148,,216720262,,2639 A 45th Ave SW,98116,Townhouse,2026-06-18,2026-06-19,2026-06-19,884000,884000,884000,2026-06-10,8,8,Active,,,0
2537165,,216730299,,347 NW 52nd St,98107,Single Family,2026-06-18,2026-06-19,2026-06-19,844500,844500,844500,2026-06-10,8,8,Active,,,0
2537223,,216657349,,3406 E Spring St,98122,Townhouse,2026-06-18,2026-06-19,2026-06-19,925000,925000,925000,2026-06-09,9,9,Active,,,0
2537242,,216778137,,2412 2nd Ave W,98119,Single Family,2026-06-18,2026-06-19,2026-06-19,1149500,1149500,1149500,2026-06-11,7,7,Active,,,0
2537286,,216661662,,7912 34th Ave SW,98126,Single Family,2026-06-18,2026-06-19,2026-06-19,899000,899000,899000,2026-06-09,9,9,Active,,,0
2537292,,216661979,,7912 34th Ave SW Unit B Unit B,98126,Single Family,2026-06-18,2026-06-19,2026-06-19,599000,599000,599000,2026-06-09,9,9,Active,,,0
2537341,,216770212,,10960 39th Ave SW,98146,Single Family,2026-06-18,2026-06-19,2026-06-19,1650000,1650000,1650000,2026-06-11,7,7,Active,,,0
2537360,,217004758,,3637 22nd Ave W,98199,Single Family,2026-06-18,2026-06-19,2026-06-19,629950,629950,629950,2026-06-17,1,1,Active,,,0
2537366,,216753615,,7539 33rd Ave NE,98115,Single Family,2026-06-18,2026-06-19,2026-06-19,1495000,1495000,1495000,2026-06-11,7,7,Active,,,0
2537368,,216915692,,7025 43rd Ave NE,98115,Single Family,2026-06-18,2026-06-19,2026-06-19,995000,995000,995000,2026-06-16,2,2,Active,,,0
2537374,,216959783,,315 N 46th,98103,Single Family,2026-06-18,2026-06-19,2026-06-19,888000,888000,888000,2026-06-17,1,1,Active,,,0
2537415,,216807859,,1110 E Denny,98122,Single Family,2026-06-18,2026-06-19,2026-06-19,1995000,1995000,1995000,2026-06-12,6,6,Active,,,0
2537520,,216784713,,3951 SW Oregon St,98116,Townhouse,2026-06-18,2026-06-19,2026-06-19,745000,745000,745000,2026-06-11,7,7,Active,,,0
2537636,,216709104,,1532 23rd Ave,98122,Single Family,2026-06-18,2026-06-19,2026-06-19,699900,699900,699900,2026-06-10,8,8,Active,,,0
2537667,,216714548,,1004 N 48th St Unit C Unit C,98103,Single Family,2026-06-18,2026-06-19,2026-06-19,659950,659950,659950,2026-06-10,8,8,Active,,,0
2537830,,216696106,,7972 39th Ave S,98118,Single Family,2026-06-18,2026-06-19,2026-06-19,968000,968000,968000,2026-06-10,8,8,Active,,,0
2537843,,216987183,,6046 50th Ave SW,98136,Single Family,2026-06-18,2026-06-19,2026-06-19,1375000,1375000,1375000,2026-06-17,1,1,Active,,,0
2537850,,216705113,,2327 E Denny Way,98122,Townhouse,2026-06-18,2026-06-19,2026-06-19,645000,645000,645000,2026-06-10,8,8,Active,,,0
2538038,,216740912,,511 W Highland Dr,98119,Single Family,2026-06-18,2026-06-19,2026-06-19,3998000,3998000,3998000,2026-06-10,8,8,Active,,,0
2538041,,216732887,,1601 10th Ave W,98119,Single Family,2026-06-18,2026-06-19,2026-06-19,1295000,1295000,1295000,2026-06-10,8,8,Active,,,0
2538178,,216762992,,8604 29th Ave NW,98117,Single Family,2026-06-18,2026-06-19,2026-06-19,1275000,1275000,1275000,2026-06-11,7,7,Active,,,0
2538301,,216920335,,11516 Meridian Ave N,98133,Single Family,2026-06-18,2026-06-19,2026-06-19,775000,775000,775000,2026-06-16,2,2,Active,,,0
2538430,,216788322,,2126 N 86th St,98103,Single Family,2026-06-18,2026-06-19,2026-06-19,1095000,1095000,1095000,2026-06-11,7,7,Active,,,0
2538606,,216796231,,168 18th Ave Unit B Unit B,98122,Townhouse,2026-06-18,2026-06-19,2026-06-19,645000,645000,645000,2026-06-11,7,7,Active,,,0
2538616,,216789683,,6215 27th Ave NE,98115,Single Family,2026-06-18,2026-06-19,2026-06-19,1050000,1050000,1050000,2026-06-11,7,7,Active,,,0
2538820,,216794250,,6921 39th Ave SW,98136,Single Family,2026-06-18,2026-06-19,2026-06-19,1195000,1195000,1195000,2026-06-11,7,7,Active,,,0
2538899,,216781055,,1117 N 84th St,98103,Single Family,2026-06-18,2026-06-19,2026-06-19,715000,715000,715000,2026-06-11,7,7,Active,,,0
2539058,,216834681,,4206 W Glenmont Ln,98199,Single Family,2026-06-18,2026-06-19,2026-06-19,1995000,1995000,1995000,2026-06-12,6,6,Active,,,0
2539119,,216783980,,3646 Greenwood Ave N Unit B Unit B,98103,Townhouse,2026-06-18,2026-06-19,2026-06-19,945000,945000,945000,2026-06-11,7,7,Active,,,0
2539168,,216921209,,11557 8th Ave NE,98125,Single Family,2026-06-18,2026-06-19,2026-06-19,675000,675000,675000,2026-06-16,2,2,Active,,,0
2539229,,216789566,,2831 14th Ave W #2,98119,Townhouse,2026-06-18,2026-06-19,2026-06-19,650000,650000,650000,2026-06-11,7,7,Active,,,0
2539281,,216818449,,12744 8th Ave NW,98177,Single Family,2026-06-18,2026-06-19,2026-06-19,2250000,2250000,2250000,2026-06-12,6,6,Active,,,0
2539327,,216821782,,1528 NE 97th St,98115,Single Family,2026-06-18,2026-06-19,2026-06-19,1092000,1092000,1092000,2026-06-12,6,6,Active,,,0
2539348,,216837663,,8045 26th Ave NW,98117,Single Family,2026-06-18,2026-06-19,2026-06-19,818000,818000,818000,2026-06-12,6,6,Active,,,0
2539539,,216981379,,2451 55th Ave SW Unit A Unit A,98116,Townhouse,2026-06-18,2026-06-19,2026-06-19,775000,775000,775000,2026-06-17,1,1,Active,,,0
2539546,,216922094,,7506 23rd Ave NW,98117,Single Family,2026-06-18,2026-06-19,2026-06-19,885000,885000,885000,2026-06-16,2,2,Active,,,0
2539560,,217005395,,2609 SW Adams St Unit B Unit B,98126,Single Family,2026-06-18,2026-06-19,2026-06-19,649950,649950,649950,2026-06-17,1,1,Active,,,0
2539579,,216834138,,4105 Fremont Ave N Unit A Unit A,98103,Townhouse,2026-06-18,2026-06-19,2026-06-19,698000,698000,698000,2026-06-12,6,6,Active,,,0
2539678,,216851836,,3033 45th Ave SW,98116,Single Family,2026-06-18,2026-06-19,2026-06-19,1795000,1795000,1795000,2026-06-13,5,5,Active,,,0
2539812,,216951311,,1112 13th Ave Unit E Unit E,98122,Townhouse,2026-06-18,2026-06-19,2026-06-19,729950,729950,729950,2026-06-17,1,1,Active,,,0
2540114,,216934054,,1631 N 54 St,98103,Single Family,2026-06-18,2026-06-19,2026-06-19,854000,854000,854000,2026-06-16,2,2,Active,,,0
2540168,,216865087,,1806 E Mercer St,98112,Townhouse,2026-06-18,2026-06-19,2026-06-19,1375000,1375000,1375000,2026-06-14,4,4,Active,,,0
2540314,,216885186,,5106 47th Ave NE,98105,Single Family,2026-06-18,2026-06-19,2026-06-19,1175000,1175000,1175000,2026-06-15,3,3,Active,,,0
2540340,,216976315,,4977 19th Ave S,98108,Single Family,2026-06-18,2026-06-19,2026-06-19,950000,950000,950000,2026-06-17,1,1,Active,,,0
2540400,,216933275,,2014 N 143rd St,98133,Single Family,2026-06-18,2026-06-19,2026-06-19,775000,775000,775000,2026-06-16,2,2,Active,,,0
2540472,,216965993,,4700 49th Ave SW,98116,Single Family,2026-06-18,2026-06-19,2026-06-19,1550000,1550000,1550000,2026-06-17,1,1,Active,,,0
2540610,,216970770,,531 N 84th St,98103,Single Family,2026-06-18,2026-06-19,2026-06-19,1875000,1875000,1875000,2026-06-17,1,1,Active,,,0
2540648,,216910078,,8018 40th Ave NE,98115,Single Family,2026-06-18,2026-06-19,2026-06-19,1095000,1095000,1095000,2026-06-16,2,2,Active,,,0
2540818,,216997764,,2415 E Newton St,98112,Single Family,2026-06-18,2026-06-19,2026-06-19,1450000,1450000,1450000,2026-06-17,1,1,Active,,,0
2540853,,217008005,,9601 NW 21st Ave,98117,Single Family,2026-06-18,2026-06-19,2026-06-19,1550000,1550000,1550000,2026-06-17,1,1,Active,,,0
2540862,,216993118,,2336 C 23 Ave S,98144,Single Family,2026-06-18,2026-06-19,2026-06-19,965000,965000,965000,2026-06-17,1,1,Active,,,0
2540908,,217001659,,2014 Yale Ave E Unit B Unit B,98102,Townhouse,2026-06-18,2026-06-19,2026-06-19,999500,999500,999500,2026-06-17,1,1,Active,,,0
2540948,,216952595,,4116 A Burke Ave N,98103,Townhouse,2026-06-18,2026-06-19,2026-06-19,1129000,1129000,1129000,2026-06-17,1,1,Active,,,0
2541080,,217008934,,8459 40th Ave SW,98136,Single Family,2026-06-18,2026-06-19,2026-06-19,1399950,1399950,1399950,2026-06-17,1,1,Active,,,0
2541081,,216987867,,7751 Dibble Ave NW,98117,Single Family,2026-06-18,2026-06-19,2026-06-19,998000,998000,998000,2026-06-17,1,1,Active,,,0
2541192,,216992042,,8520 Midvale Ave N Unit A Unit A,98103,Townhouse,2026-06-18,2026-06-19,2026-06-19,610000,610000,610000,2026-06-17,1,1,Active,,,0
2541291,,216956541,,1809 13th Ave,98122,Townhouse,2026-06-18,2026-06-19,2026-06-19,895000,895000,895000,2026-06-17,1,1,Active,,,0
2541441,,216999887,,5007 46th Ave SW,98136,Single Family,2026-06-18,2026-06-19,2026-06-19,1288000,1288000,1288000,2026-06-17,1,1,Active,,,0
2541459,,216942066,,11 E Allison St #2,98102,Single Family,2026-06-18,2026-06-19,2026-06-19,1044999,1044999,1044999,2026-06-17,1,1,Active,,,0
2541482,,217004998,,2706 1st Ave W,98119,Single Family,2026-06-18,2026-06-19,2026-06-19,1349000,1349000,1349000,2026-06-17,1,1,Active,,,0
2541513,,217010974,,4428 Dayton Ave N,98103,Single Family,2026-06-18,2026-06-19,2026-06-19,1149950,1149950,1149950,2026-06-17,1,1,Active,,,0
2541712,,216991313,,4054 24th Pl S,98108,Single Family,2026-06-18,2026-06-19,2026-06-19,788000,788000,788000,2026-06-17,1,1,Active,,,0
2541870,,216990397,,360 27th Ave,98122,Single Family,2026-06-18,2026-06-19,2026-06-19,848000,848000,848000,2026-06-17,1,1,Active,,,0
2541907,,216981745,,7309 48th Ave NE,98115,Single Family,2026-06-18,2026-06-19,2026-06-19,1950000,1950000,1950000,2026-06-17,1,1,Active,,,0
2542097,,217012000,,11280 Marine View Dr SW,98146,Single Family,2026-06-18,2026-06-19,2026-06-19,1350000,1350000,1350000,2026-06-17,1,1,Active,,,0
2542139,,216992709,,3204 SW Holly St,98126,Single Family,2026-06-18,2026-06-19,2026-06-19,899000,899000,899000,2026-06-17,1,1,Active,,,0
2542300,,217001049,,8517 Stone Ave N Unit B Unit B,98103,Townhouse,2026-06-18,2026-06-19,2026-06-19,599900,599900,599900,2026-06-17,1,1,Active,,,0
2542304,,217010628,,830 NE 59th St,98105,Single Family,2026-06-18,2026-06-19,2026-06-19,925000,925000,925000,2026-06-17,1,1,Active,,,0
2542472,,217005151,,8724 16th Ave SW,98106,Single Family,2026-06-18,2026-06-19,2026-06-19,749999,749999,749999,2026-06-17,1,1,Active,,,0
1B72C1585154,,214654056,,3410 NE 80th St,98115,Single Family,2026-06-08,2026-06-08,2026-06-08,2327500,2327500,2327500,2026-05-01,38,38,Active,,,0
2426177,,206948482,,7146 47th Ave SW,98136,Townhouse,2026-06-08,2026-06-08,2026-06-08,775000,775000,775000,2025-08-27,285,285,Active,,,0
2470822,,211077148,,407 N 49th St Unit A Unit A,98103,Townhouse,2026-06-08,2026-06-08,2026-06-08,599950,599950,599950,2026-01-22,137,137,Active,,,0
2472725,,211195415,,9748 A Holman Rd NW,98117,Townhouse,2026-06-08,2026-06-08,2026-06-08,639900,639900,639900,2026-01-27,132,132,Active,,,0
2476053,,211744070,,937 N 87th St Unit A Unit A,98103,Townhouse,2026-06-08,2026-06-08,2026-06-08,669950,669950,669950,2026-02-05,123,123,Active,,,0
2479619,,212197904,,2809 S Charles St,98144,Townhouse,2026-06-08,2026-06-08,2026-06-08,799950,799950,799950,2026-02-13,115,115,Active,,,0
2480429,,212268383,,2608 S Judkins St Unit A Unit A,98144,Townhouse,2026-06-08,2026-06-08,2026-06-08,699950,699950,699950,2026-02-17,111,111,Active,,,0
2480705,,212263820,,307 W Highland Dr,98119,Single Family,2026-06-08,2026-06-08,2026-06-08,2450000,2450000,2450000,2026-03-03,97,97,Active,,,0
2482748,,212351423,,1920 E Union #104,98122,Townhouse,2026-06-08,2026-06-08,2026-06-08,624500,624500,624500,2026-02-19,109,109,Active,,,0
2482853,,212375791,,11229 Greenwood Ave N Unit B Unit B,98133,Townhouse,2026-06-08,2026-06-08,2026-06-08,759900,759900,759900,2026-02-20,108,108,Active,,,0
2487684,,212701425,,3414 33rd Ave SW,98126,Single Family,2026-06-08,2026-06-08,2026-06-08,1149000,1149000,1149000,2026-03-04,96,96,Active,,,0
2489311,,212813770,,8831 B Wallingford Ave N,98103,Townhouse,2026-06-08,2026-06-08,2026-06-08,679950,679950,679950,2026-03-06,94,94,Active,,,0
2490154,,212863905,,1915 35th Ave W,98199,Single Family,2026-06-08,2026-06-08,2026-06-08,3700000,3700000,3700000,2026-03-09,91,91,Active,,,0
2491015,,212944878,,8507 16th Ave NW,98117,Townhouse,2026-06-08,2026-06-08,2026-06-08,599950,599950,599950,2026-03-11,89,89,Active,,,0
2491304,,213412358,,1843 41st Ave E,98112,Single Family,2026-06-08,2026-06-08,2026-06-08,2244000,2244000,2244000,2026-04-03,66,66,Active,,,0
2491925,,213010827,,3931 California Ave SW,94116,Townhouse,2026-06-08,2026-06-08,2026-06-08,885000,885000,885000,2026-03-13,87,87,Active,,,0
2493042,,213133179,,1122 N 92nd St Unit B Unit B,98103,Townhouse,2026-06-08,2026-06-08,2026-06-08,499999,499999,499999,2026-03-17,83,83,Active,,,0
2494404,,213201669,,1632 35th Ave,98122,Single Family,2026-06-08,2026-06-08,2026-06-08,2595000,2595000,2595000,2026-03-19,81,81,Active,,,0
2495264,,213656488,,12715 Palatine Ave N,98133,Single Family,2026-06-08,2026-06-08,2026-06-08,1648000,1648000,1648000,2026-04-02,67,67,Active,,,0
2495724,,213263183,,1808 E Mercer St,98112,Townhouse,2026-06-08,2026-06-08,2026-06-08,1375000,1375000,1375000,2026-03-20,80,80,Active,,,0
2495968,,213473425,,180 Lake Washington Blvd E,98112,Single Family,2026-06-08,2026-06-08,2026-06-08,4950000,4950000,4950000,2026-03-27,73,73,Active,,,0
2496354,,213391145,,1911 12th Ave S,98144,Single Family,2026-06-08,2026-06-08,2026-06-08,915000,915000,915000,2026-03-25,75,75,Active,,,0
2497183,,213353350,,341 NW 90th St Unit B Unit B,98117,Townhouse,2026-06-08,2026-06-08,2026-06-08,595000,595000,595000,2026-03-24,76,76,Active,,,0
2497905,,213408252,,2409 29th Ave W,98199,Single Family,2026-06-08,2026-06-08,2026-06-08,3695000,3695000,3695000,2026-03-26,74,74,Active,,,0
2498480,,213449431,,6038 50th Ave NE,98115,Single Family,2026-06-08,2026-06-08,2026-06-08,3295980,3295980,3295980,2026-03-27,73,73,Active,,,0
2499995,,213653310,,1502 NW 52nd St,98107,Townhouse,2026-06-08,2026-06-08,2026-06-08,789500,789500,789500,2026-04-02,67,67,Active,,,0
2500130,,213634449,,851 NW 56th St,98107,Single Family,2026-06-08,2026-06-08,2026-06-08,1150000,1150000,1150000,2026-04-02,67,67,Active,,,0
2500470,,214929284,,1618 37th Ave,98122,Single Family,2026-06-08,2026-06-08,2026-06-08,2895000,2895000,2895000,2026-05-09,30,30,Active,,,0
2501236,,213603210,,1546 Sturgus Ave S,98144,Single Family,2026-06-08,2026-06-08,2026-06-08,858000,858000,858000,2026-04-01,68,68,Active,,,0
2501476,,213628489,,109 22nd Ave E Unit F Unit F,98112,Townhouse,2026-06-08,2026-06-08,2026-06-08,675000,675000,675000,2026-04-02,67,67,Active,,,0
2501519,,213629330,,7511 41st Ave NE,98115,Townhouse,2026-06-08,2026-06-08,2026-06-08,2161000,2161000,2161000,2026-04-02,67,67,Active,,,0
2501585,,213644851,,1531 NW 58th St Unit A Unit A,98107,Townhouse,2026-06-08,2026-06-08,2026-06-08,795000,795000,795000,2026-04-02,67,67,Active,,,0
2502144,,213689482,,3020 17th Ave S,98144,Single Family,2026-06-08,2026-06-08,2026-06-08,1270800,1270800,1270800,2026-04-12,57,57,Active,,,0
2502204,,213665105,,10131 3rd Ave NW,98177,Single Family,2026-06-08,2026-06-08,2026-06-08,2000000,2000000,2000000,2026-04-03,66,66,Active,,,0
2502713,,213876143,,1528 NE 97th St,98115,Single Family,2026-06-08,2026-06-08,2026-06-08,1149000,1149000,1149000,2026-04-09,60,60,Active,,,0
2503207,,213918020,,1827 NW 85th St,98117,Townhouse,2026-06-08,2026-06-08,2026-06-08,539999,539999,539999,2026-04-10,59,59,Active,,,0
2503824,,213788878,,6521 31st Ave SW,98126,Townhouse,2026-06-08,2026-06-08,2026-06-08,788400,788400,788400,2026-04-07,62,62,Active,,,0
2505124,,213864814,,408 Aloha St,98109,Townhouse,2026-06-08,2026-06-08,2026-06-08,1685000,1685000,1685000,2026-04-09,60,60,Active,,,0
2505445,,213998085,,3038 E Laurelhurst Dr NE,98105,Single Family,2026-06-08,2026-06-08,2026-06-08,18750000,18750000,18750000,2026-04-13,56,56,Active,,,0
2505581,,213907603,,8650 10th Ave SW,98106,Single Family,2026-06-08,2026-06-08,2026-06-08,560000,560000,560000,2026-04-10,59,59,Active,,,0
2506012,,214153540,,127 25th Ave E Unit B Unit B,98112,Townhouse,2026-06-08,2026-06-08,2026-06-08,749000,749000,749000,2026-04-17,52,52,Active,,,0
2506043,,213933157,,121 21st Ave E Unit C Unit C,98112,Townhouse,2026-06-08,2026-06-08,2026-06-08,829000,829000,829000,2026-04-10,59,59,Active,,,0
2507202,,214077248,,945 NW 56th St,98107,Townhouse,2026-06-08,2026-06-08,2026-06-08,709995,709995,709995,2026-04-15,54,54,Active,,,0
2507406,,214354907,,1018 NE 62nd St,98115,Single Family,2026-06-08,2026-06-08,2026-06-08,1100000,1100000,1100000,2026-04-23,46,46,Active,,,0
2507476,,214357298,,3710 SW 106th St,98146,Single Family,2026-06-08,2026-06-08,2026-06-08,499000,499000,499000,2026-04-23,46,46,Active,,,0
2507853,,214100493,,7506 18th Ave NW,98117,Single Family,2026-06-08,2026-06-08,2026-06-08,2249000,2249000,2249000,2026-04-16,53,53,Active,,,0
2507889,,214108683,,1410 N 47th St Unit A Unit A,98103,Townhouse,2026-06-08,2026-06-08,2026-06-08,1150000,1150000,1150000,2026-04-16,53,53,Active,,,0
2508320,,214145795,,5062 23rd Ave SW,98106,Single Family,2026-06-08,2026-06-08,2026-06-08,949000,949000,949000,2026-04-17,52,52,Active,,,0
2508546,,214326611,,2369 Fairview Ave E #6,98102,Single Family,2026-06-08,2026-06-08,2026-06-08,4850000,4850000,4850000,2026-04-23,46,46,Active,,,0
2509096,,214561937,,6235 31st Ave NE,98115,Single Family,2026-06-08,2026-06-08,2026-06-08,1075000,1075000,1075000,2026-04-30,39,39,Active,,,0
2510905,,214310071,,2407 11th Ave E,98102,Single Family,2026-06-08,2026-06-08,2026-06-08,1948500,1948500,1948500,2026-04-22,47,47,Active,,,0
2511401,,214384227,,4116 A Burke Ave N,98103,Townhouse,2026-06-08,2026-06-08,2026-06-08,1195000,1195000,1195000,2026-04-24,45,45,Active,,,0
2511814,,214581129,,4221 Evanston Ave N Unit B Unit B,98103,Townhouse,2026-06-08,2026-06-08,2026-06-08,980000,980000,980000,2026-05-05,34,34,Active,,,0
2511842,,214349592,,3010 NE 55th St,98105,Townhouse,2026-06-08,2026-06-08,2026-06-08,899999,899999,899999,2026-04-23,46,46,Active,,,0
2511965,,214307768,,6103 14TH Ave NW,98107,Townhouse,2026-06-08,2026-06-08,2026-06-08,899900,899900,899900,2026-04-22,47,47,Active,,,0
2511970,,215319886,,6745 18th Ave SW,98106,Single Family,2026-06-08,2026-06-08,2026-06-08,749900,749900,749900,2026-05-14,25,25,Active,,,0
2511974,,214331189,,2364 Fairview Ave E #8,98102,Townhouse,2026-06-08,2026-06-08,2026-06-08,799950,799950,799950,2026-04-23,46,46,Active,,,0
2511978,,214317018,,9439 11th Ave SW,98106,Single Family,2026-06-08,2026-06-08,2026-06-08,744500,744500,744500,2026-04-23,46,46,Active,,,0
2513049,,214396977,,2509 N 42nd St,98103,Single Family,2026-06-08,2026-06-08,2026-06-08,1045000,1045000,1045000,2026-04-24,45,45,Active,,,0
2513415,,214414683,,3430 39th Ave W,98199,Single Family,2026-06-08,2026-06-08,2026-06-08,1575000,1575000,1575000,2026-04-24,45,45,Active,,,0
2513932,,215210544,,12514 2nd Ave NW,98177,Single Family,2026-06-08,2026-06-08,2026-06-08,1125000,1125000,1125000,2026-05-11,28,28,Active,,,0
2514083,,214491550,,10330 14th Ave NW,98177,Townhouse,2026-06-08,2026-06-08,2026-06-08,809950,809950,809950,2026-04-28,41,41,Active,,,0
2514534,,214530891,,1532 23rd Ave,98122,Single Family,2026-06-08,2026-06-08,2026-06-08,750000,750000,750000,2026-04-29,40,40,Active,,,0
2515252,,214540069,,8314 14th Ave NW Unit A Unit A,98117,Single Family,2026-06-08,2026-06-08,2026-06-08,1075000,1075000,1075000,2026-04-29,40,40,Active,,,0
2515625,,214545099,,5829 NE 75th St Unit A444 Unit A444,98115,Townhouse,2026-06-08,2026-06-08,2026-06-08,527900,527900,527900,2026-04-29,40,40,Active,,,0
2516258,,214871259,,3009 Harbor Ave SW,98126,Single Family,2026-06-08,2026-06-08,2026-06-08,1650000,1650000,1650000,2026-05-07,32,32,Active,,,0
2516259,,216487592,,3003 NW 67th St,98117,Single Family,2026-06-08,2026-06-08,2026-06-08,1140000,1140000,1140000,2026-06-04,4,4,Active,,,0
2516392,,214833103,,6719 35th Pl S,98118,Townhouse,2026-06-08,2026-06-08,2026-06-08,649000,649000,649000,2026-05-07,32,32,Active,,,0
2516584,,214614089,,928 34th Ave,98122,Single Family,2026-06-08,2026-06-08,2026-06-08,1499000,1499000,1499000,2026-05-01,38,38,Active,,,0
2516663,,214667939,,222 D 10th Ave E,98102,Townhouse,2026-06-08,2026-06-08,2026-06-08,839900,839900,839900,2026-05-02,37,37,Active,,,0
2517030,,214654447,,4524 12th Ave S,98108,Single Family,2026-06-08,2026-06-08,2026-06-08,1195000,1195000,1195000,2026-05-01,38,38,Active,,,0
2517181,,214705165,,8812 Dibble Ave NW,98117,Single Family,2026-06-08,2026-06-08,2026-06-08,1100000,1100000,1100000,2026-05-04,35,35,Active,,,0
2517394,,214855826,,6620 28th Ave NW,98117,Single Family,2026-06-08,2026-06-08,2026-06-08,1019000,1019000,1019000,2026-05-07,32,32,Active,,,0
2517602,,214856956,,6715 35th Ave SW,98126,Single Family,2026-06-08,2026-06-08,2026-06-08,1075000,1075000,1075000,2026-05-07,32,32,Active,,,0
2518090,,214786354,,8328 24th Ave NW,98117,Townhouse,2026-06-08,2026-06-08,2026-06-08,969000,969000,969000,2026-05-06,33,33,Active,,,0
2518712,,216488355,,1722 California Ave SW Unit C Unit C,98116,Townhouse,2026-06-08,2026-06-08,2026-06-08,625000,625000,625000,2026-06-04,4,4,Active,,,0
2519019,,214792817,,3406 B 34th Ave W,98199,Townhouse,2026-06-08,2026-06-08,2026-06-08,899900,899900,899900,2026-05-06,33,33,Active,,,0
2519118,,215519710,,1723 N 128th St,98133,Single Family,2026-06-08,2026-06-08,2026-06-08,3388000,3388000,3388000,2026-05-19,20,20,Active,,,0
2519482,,214840316,,9553 Ashworth Ave N Unit B Unit B,98103,Townhouse,2026-06-08,2026-06-08,2026-06-08,599000,599000,599000,2026-05-07,32,32,Active,,,0
2519654,,214876942,,8863 Midvale Ave N Unit F Unit F,98103,Townhouse,2026-06-08,2026-06-08,2026-06-08,599995,599995,599995,2026-05-07,32,32,Active,,,0
2519782,,214838092,,7912 34th Ave SW,98126,Single Family,2026-06-08,2026-06-08,2026-06-08,969000,969000,969000,2026-05-07,32,32,Active,,,0
2519837,,214836852,,7912 34th Ave SW Unit B Unit B,98126,Single Family,2026-06-08,2026-06-08,2026-06-08,649000,649000,649000,2026-05-07,32,32,Active,,,0
2519858,,216490359,,1127 NW 62nd St,98107,Single Family,2026-06-08,2026-06-08,2026-06-08,1495000,1495000,1495000,2026-06-04,4,4,Active,,,0
2520012,,214857350,,5960 31st Ave SW,98126,Single Family,2026-06-08,2026-06-08,2026-06-08,829000,829000,829000,2026-05-07,32,32,Active,,,0
2520024,,214868033,,1706 A N 47th St,98103,Townhouse,2026-06-08,2026-06-08,2026-06-08,1218000,1218000,1218000,2026-05-07,32,32,Active,,,0
2520152,,215342010,,8451 35th Ave SW,98126,Single Family,2026-06-08,2026-06-08,2026-06-08,795000,795000,795000,2026-05-14,25,25,Active,,,0
2520199,,214868341,,1416 A N 47th St,98103,Townhouse,2026-06-08,2026-06-08,2026-06-08,1118000,1118000,1118000,2026-05-07,32,32,Active,,,0
2520452,,215544060,,2202 E John St,98112,Single Family,2026-06-08,2026-06-08,2026-06-08,1100000,1100000,1100000,2026-05-20,19,19,Active,,,0
2520711,,215241468,,2511 E Roy St,98112,Single Family,2026-06-08,2026-06-08,2026-06-08,1195000,1195000,1195000,2026-05-12,27,27,Active,,,0
2521363,,214945319,,7748 Delridge Way SW,98106,Townhouse,2026-06-08,2026-06-08,2026-06-08,495000,495000,495000,2026-05-15,24,24,Active,,,0
2521444,,215304433,,5260 Brooklyn Ave NE,98105,Townhouse,2026-06-08,2026-06-08,2026-06-08,720000,720000,720000,2026-05-13,26,26,Active,,,0
2521700,,215306639,,1206 B NW 83rd St,98117,Townhouse,2026-06-08,2026-06-08,2026-06-08,619950,619950,619950,2026-05-13,26,26,Active,,,0
2522958,,215286481,,17 W Dravus St,98119,Single Family,2026-06-08,2026-06-08,2026-06-08,1100000,1100000,1100000,2026-05-13,26,26,Active,,,0
2522990,,216335160,,7739 13th Ave SW,98106,Single Family,2026-06-08,2026-06-08,2026-06-08,725000,725000,725000,2026-06-02,6,6,Active,,,0
2523185,,215375302,,2816 SW Adams St Unit B Unit B,98126,Townhouse,2026-06-08,2026-06-08,2026-06-08,714000,714000,714000,2026-05-15,24,24,Active,,,0
2523666,,215329796,,6541 20th Ave NE,98115,Single Family,2026-06-08,2026-06-08,2026-06-08,1595000,1595000,1595000,2026-05-14,25,25,Active,,,0
2523773,,215332352,,2028 S Main St Unit C Unit C,98144,Townhouse,2026-06-08,2026-06-08,2026-06-08,589988,589988,589988,2026-05-14,25,25,Active,,,0
2524053,,216543987,,946 22nd Ave E,98112,Single Family,2026-06-08,2026-06-08,2026-06-08,3850000,3850000,3850000,2026-06-05,3,3,Active,,,0
2524060,,215341946,,314 N 117th St,98133,Single Family,2026-06-08,2026-06-08,2026-06-08,990000,990000,990000,2026-05-14,25,25,Active,,,0
2524096,,215380678,,5810 57th Ave NE,98105,Single Family,2026-06-08,2026-06-08,2026-06-08,879000,879000,879000,2026-05-15,24,24,Active,,,0
2524199,,215356060,,8803 15th Ave NE,98115,Single Family,2026-06-08,2026-06-08,2026-06-08,1549000,1549000,1549000,2026-05-14,25,25,Active,,,0
2524266,,215353099,,2107 N 63rd St,98103,Single Family,2026-06-08,2026-06-08,2026-06-08,1700000,1700000,1700000,2026-05-14,25,25,Active,,,0
2524343,,216077626,,731 N 80th St,98103,Single Family,2026-06-08,2026-06-08,2026-06-08,850000,850000,850000,2026-05-27,12,12,Active,,,0
2524531,,215379176,,1451 S Main St,98144,Townhouse,2026-06-08,2026-06-08,2026-06-08,665000,665000,665000,2026-05-15,24,24,Active,,,0
2524595,,215397195,,140 21st Ave E Unit B Unit B,98112,Townhouse,2026-06-08,2026-06-08,2026-06-08,749000,749000,749000,2026-05-15,24,24,Active,,,0
2524779,,215385878,,2817 W Bertona St,98199,Single Family,2026-06-08,2026-06-08,2026-06-08,929000,929000,929000,2026-05-15,24,24,Active,,,0
2524959,,215507963,,4208 SW Roxbury St,98136,Single Family,2026-06-08,2026-06-08,2026-06-08,1200000,1200000,1200000,2026-05-19,20,20,Active,,,0
2525112,,216065176,,1105 Shenandoah Dr E,98112,Single Family,2026-06-08,2026-06-08,2026-06-08,5695000,5695000,5695000,2026-06-01,7,7,Active,,,0
2525231,,216113983,,2905 E Olive St,98122,Single Family,2026-06-08,2026-06-08,2026-06-08,660000,660000,660000,2026-05-28,11,11,Active,,,0
2525247,,216027945,,3217 36th Ave W,98199,Single Family,2026-06-08,2026-06-08,2026-06-08,1250000,1250000,1250000,2026-05-26,13,13,Active,,,0
2525608,,216047882,,6719 9th Ave NW,98117,Single Family,2026-06-08,2026-06-08,2026-06-08,1125000,1125000,1125000,2026-05-26,13,13,Active,,,0
2526061,,215527363,,4812 SW Stevens St,98116,Single Family,2026-06-08,2026-06-08,2026-06-08,830000,830000,830000,2026-05-19,20,20,Active,,,0
2526096,,215495499,,515 Howe Unit A Unit A,98109,Townhouse,2026-06-08,2026-06-08,2026-06-08,1449900,1449900,1449900,2026-05-19,20,20,Active,,,0
2526305,,215507647,,1706 Alki Ave SW Unit B Unit B,98116,Townhouse,2026-06-08,2026-06-08,2026-06-08,770000,770000,770000,2026-05-19,20,20,Active,,,0
2526543,,215600935,,2327 E Denny Way,98122,Townhouse,2026-06-08,2026-06-08,2026-06-08,679950,679950,679950,2026-05-21,18,18,Active,,,0
2526599,,215527435,,2926 W Blaine St,98199,Single Family,2026-06-08,2026-06-08,2026-06-08,1350000,1350000,1350000,2026-05-19,20,20,Active,,,0
2526694,,215532119,,3646 Greenwood Ave N Unit B Unit B,98103,Townhouse,2026-06-08,2026-06-08,2026-06-08,998888,998888,998888,2026-05-19,20,20,Active,,,0
2526732,,215564553,,4128 3rd Ave NW,98107,Single Family,2026-06-08,2026-06-08,2026-06-08,1450000,1450000,1450000,2026-05-20,19,19,Active,,,0
2526734,,216431248,,6551 5th Ave NE Unit B Unit B,98115,Single Family,2026-06-08,2026-06-08,2026-06-08,767000,767000,767000,2026-06-03,5,5,Active,,,0
2527009,,215945619,,10515 1st Ave NW,98177,Single Family,2026-06-08,2026-06-08,2026-06-08,1150000,1150000,1150000,2026-05-22,17,17,Active,,,0
2527298,,216489660,,3260 42nd Ave SW,98116,Single Family,2026-06-08,2026-06-08,2026-06-08,1125000,1125000,1125000,2026-06-04,4,4,Active,,,0
2527344,,216552433,,1545 NE 76th St,98115,Single Family,2026-06-08,2026-06-08,2026-06-08,1595000,1595000,1595000,2026-06-05,3,3,Active,,,0
2527638,,216075767,,2371 Harbor Ave SW,98126,Townhouse,2026-06-08,2026-06-08,2026-06-08,975000,975000,975000,2026-05-27,12,12,Active,,,0
2527713,,215594935,,10328 14th Ave NW,98177,Townhouse,2026-06-08,2026-06-08,2026-06-08,1599900,1599900,1599900,2026-05-21,18,18,Active,,,0
2528005,,215879849,,5455 42nd Ave SW,98136,Single Family,2026-06-08,2026-06-08,2026-06-08,925000,925000,925000,2026-05-22,17,17,Active,,,0
2528262,,215866470,,8517 B Stone Ave N,98103,Townhouse,2026-06-08,2026-06-08,2026-06-08,635000,635000,635000,2026-05-22,17,17,Active,,,0
2528368,,216184579,,3734 SW Tillman St,98126,Single Family,2026-06-08,2026-06-08,2026-06-08,1100000,1100000,1100000,2026-05-29,10,10,Active,,,0
2528377,,216490538,,241 11th Ave E,98102,Townhouse,2026-06-08,2026-06-08,2026-06-08,800000,800000,800000,2026-06-04,4,4,Active,,,0
2528437,,216137459,,3953 1st Ave NE Unit A Unit A,98105,Townhouse,2026-06-08,2026-06-08,2026-06-08,769000,769000,769000,2026-05-28,11,11,Active,,,0
2528555,,216512535,,1717 32nd Ave,98122,Single Family,2026-06-08,2026-06-08,2026-06-08,1350000,1350000,1350000,2026-06-04,4,4,Active,,,0
2528710,,216079611,,7949 20th Ave SW,98106,Single Family,2026-06-08,2026-06-08,2026-06-08,659950,659950,659950,2026-05-27,12,12,Active,,,0
2528907,,215974444,,2820 27th Ave W,98199,Single Family,2026-06-08,2026-06-08,2026-06-08,1515000,1515000,1515000,2026-05-23,16,16,Active,,,0
2528971,,216415582,,2517 13th Ave S,98144,Townhouse,2026-06-08,2026-06-08,2026-06-08,889000,889000,889000,2026-06-03,5,5,Active,,,0
2529066,,216201858,,7316 Woodlawn Ave NE,98115,Townhouse,2026-06-08,2026-06-08,2026-06-08,975000,975000,975000,2026-05-29,10,10,Active,,,0
2529070,,216335701,,7337 48th Ave NE,98115,Single Family,2026-06-08,2026-06-08,2026-06-08,1650000,1650000,1650000,2026-06-02,6,6,Active,,,0
2529100,,216057177,,7146 35th Ave SW,98126,Single Family,2026-06-08,2026-06-08,2026-06-08,699999,699999,699999,2026-05-27,12,12,Active,,,0
2529146,,216087916,,6022 29th Ave SW,98126,Single Family,2026-06-08,2026-06-08,2026-06-08,875000,875000,875000,2026-05-27,12,12,Active,,,0
2529258,,216132915,,1318 S Atlantic St,98144,Townhouse,2026-06-08,2026-06-08,2026-06-08,660000,660000,660000,2026-05-28,11,11,Active,,,0
2529280,,216123185,,8604 29th Ave NW,98117,Single Family,2026-06-08,2026-06-08,2026-06-08,1350000,1350000,1350000,2026-05-28,11,11,Active,,,0
2529678,,216471185,,2077 E Howe St,98112,Single Family,2026-06-08,2026-06-08,2026-06-08,1200000,1200000,1200000,2026-06-03,5,5,Active,,,0
2529788,,216139947,,4531 Corliss Ave N,98103,Townhouse,2026-06-08,2026-06-08,2026-06-08,1449950,1449950,1449950,2026-05-28,11,11,Active,,,0
2529930,,216084437,,8205 19th Ave NE,98115,Single Family,2026-06-08,2026-06-08,2026-06-08,999950,999950,999950,2026-05-27,12,12,Active,,,0
2530102,,216118804,,5029 29th Ave S,98108,Single Family,2026-06-08,2026-06-08,2026-06-08,798000,798000,798000,2026-05-28,11,11,Active,,,0
2530166,,216501373,,1305 SW Cambridge St,98106,Single Family,2026-06-08,2026-06-08,2026-06-08,729000,729000,729000,2026-06-04,4,4,Active,,,0
2530346,,216133044,,3280 SW Graham St #601,98126,Townhouse,2026-06-08,2026-06-08,2026-06-08,735000,735000,735000,2026-05-28,11,11,Active,,,0
2530567,,216115482,,519 27th Ave,98122,Single Family,2026-06-08,2026-06-08,2026-06-08,995000,995000,995000,2026-05-28,11,11,Active,,,0
2530910,,216132829,,1928 NW 97th St,98117,Single Family,2026-06-08,2026-06-08,2026-06-08,1598000,1598000,1598000,2026-05-28,11,11,Active,,,0
2531107,,216195342,,1307 W Boston St,98119,Single Family,2026-06-08,2026-06-08,2026-06-08,1697000,1697000,1697000,2026-05-29,10,10,Active,,,0
2531136,,216506365,,2816 NW 80th St,98117,Single Family,2026-06-08,2026-06-08,2026-06-08,699500,699500,699500,2026-06-04,4,4,Active,,,0
2531280,,216166912,,2442 6th W,98119,Single Family,2026-06-08,2026-06-08,2026-06-08,2350000,2350000,2350000,2026-05-29,10,10,Active,,,0
2531301,,216196888,,813 NE 90th St,98115,Single Family,2026-06-08,2026-06-08,2026-06-08,1689950,1689950,1689950,2026-05-29,10,10,Active,,,0
2531477,,216142357,,2770 Westlake Ave N #3,98109,Single Family,2026-06-08,2026-06-08,2026-06-08,699000,699000,699000,2026-05-28,11,11,Active,,,0
2531575,,216143201,,230 26th Ave E,98112,Townhouse,2026-06-08,2026-06-08,2026-06-08,749950,749950,749950,2026-05-28,11,11,Active,,,0
2531586,,216183406,,3514 SW Manning St,98126,Single Family,2026-06-08,2026-06-08,2026-06-08,935000,935000,935000,2026-05-29,10,10,Active,,,0
2531692,,216182996,,321 NW 78th St,98117,Single Family,2026-06-08,2026-06-08,2026-06-08,1599000,1599000,1599000,2026-05-29,10,10,Active,,,0
2531707,,216172607,,3815 E McGraw St,98112,Single Family,2026-06-08,2026-06-08,2026-06-08,3495000,3495000,3495000,2026-05-29,10,10,Active,,,0
2532037,,216307190,,305 24th Ave E,98112,Single Family,2026-06-08,2026-06-08,2026-06-08,1799000,1799000,1799000,2026-06-02,6,6,Active,,,0
2532039,,216190566,,2214 N 60th St,98103,Single Family,2026-06-08,2026-06-08,2026-06-08,759000,759000,759000,2026-05-29,10,10,Active,,,0
2532254,,216221266,,7007 Alonzo Ave NW,98117,Townhouse,2026-06-08,2026-06-08,2026-06-08,619950,619950,619950,2026-05-30,9,9,Active,,,0
2532258,,216486313,,1141 N 93rd St Unit B Unit B,98103,Townhouse,2026-06-08,2026-06-08,2026-06-08,485000,485000,485000,2026-06-04,4,4,Active,,,0
2532335,,216267860,,3602 SW Lander St,98126,Single Family,2026-06-08,2026-06-08,2026-06-08,2495000,2495000,2495000,2026-06-01,7,7,Active,,,0
2532386,,216500561,,1018 NW 130th St,98177,Single Family,2026-06-08,2026-06-08,2026-06-08,1095000,1095000,1095000,2026-06-04,4,4,Active,,,0
2532411,,216292123,,3658 50th Ave NE,98105,Single Family,2026-06-08,2026-06-08,2026-06-08,3975000,3975000,3975000,2026-06-01,7,7,Active,,,0
2532626,,216513078,,69 E Lynn St,98102,Townhouse,2026-06-08,2026-06-08,2026-06-08,1099500,1099500,1099500,2026-06-04,4,4,Active,,,0
2532697,,216308919,,465 14th Ave,98122,Townhouse,2026-06-08,2026-06-08,2026-06-08,760000,760000,760000,2026-06-02,6,6,Active,,,0
2532913,,216336657,,1901 25th Ave S,98144,Townhouse,2026-06-08,2026-06-08,2026-06-08,783750,783750,783750,2026-06-02,6,6,Active,,,0
2532932,,216476174,,4106 Linden Ave N Unit B Unit B,98103,Townhouse,2026-06-08,2026-06-08,2026-06-08,878750,878750,878750,2026-06-03,5,5,Active,,,0
2533048,,216337719,,5923 32nd Ave SW,98126,Single Family,2026-06-08,2026-06-08,2026-06-08,675000,675000,675000,2026-06-02,6,6,Active,,,0
2533101,,216417135,,3121 NW 94th St,98117,Single Family,2026-06-08,2026-06-08,2026-06-08,2000000,2000000,2000000,2026-06-03,5,5,Active,,,0
2533112,,216522253,,7534 12th Ave SW,98106,Single Family,2026-06-08,2026-06-08,2026-06-08,750000,750000,750000,2026-06-04,4,4,Active,,,0
2533121,,216335096,,1821 N 47th St,98103,Single Family,2026-06-08,2026-06-08,2026-06-08,1139900,1139900,1139900,2026-06-02,6,6,Active,,,0
2533168,,216427908,,2106 12th Ave S,98144,Single Family,2026-06-08,2026-06-08,2026-06-08,598800,598800,598800,2026-06-03,5,5,Active,,,0
2533251,,216323495,,2804 E Howell St,98122,Single Family,2026-06-08,2026-06-08,2026-06-08,835000,835000,835000,2026-06-02,6,6,Active,,,0
2533289,,216414927,,520 NE 82nd St,98115,Single Family,2026-06-08,2026-06-08,2026-06-08,1325000,1325000,1325000,2026-06-03,5,5,Active,,,0
2533313,,216462630,,3204 SW Holly St,98126,Single Family,2026-06-08,2026-06-08,2026-06-08,950000,950000,950000,2026-06-03,5,5,Active,,,0
2533396,,216470558,,4405 Baker Ave NW,98107,Single Family,2026-06-08,2026-06-08,2026-06-08,975000,975000,975000,2026-06-03,5,5,Active,,,0
2533432,,216323260,,2615 E Garfield St,98112,Single Family,2026-06-08,2026-06-08,2026-06-08,1795000,1795000,1795000,2026-06-02,6,6,Active,,,0
2533458,,216315884,,3409 Magnolia Blvd W,98199,Single Family,2026-06-08,2026-06-08,2026-06-08,1695000,1695000,1695000,2026-06-02,6,6,Active,,,0
2533503,,216328738,,7013 9th Ave NE,98115,Townhouse,2026-06-08,2026-06-08,2026-06-08,699000,699000,699000,2026-06-02,6,6,Active,,,0
2533597,,216566032,,9701 Dayton Ave N,98103,Single Family,2026-06-08,2026-06-08,2026-06-08,815000,815000,815000,2026-06-05,3,3,Active,,,0
2533689,,216421343,,7737 27th Ave NW,98117,Single Family,2026-06-08,2026-06-08,2026-06-08,1200000,1200000,1200000,2026-06-03,5,5,Active,,,0
2533725,,216420399,,7321 48th Ave NE,98115,Single Family,2026-06-08,2026-06-08,2026-06-08,3150000,3150000,3150000,2026-06-03,5,5,Active,,,0
2533737,,216506370,,3309 W Thurman St,98199,Single Family,2026-06-08,2026-06-08,2026-06-08,1049500,1049500,1049500,2026-06-04,4,4,Active,,,0
2534093,,216416362,,4800 52nd Ave SW,98116,Single Family,2026-06-08,2026-06-08,2026-06-08,3998000,3998000,3998000,2026-06-03,5,5,Active,,,0
2534174,,216430922,,4809 SW Findlay St,98136,Single Family,2026-06-08,2026-06-08,2026-06-08,975000,975000,975000,2026-06-03,5,5,Active,,,0
2534222,,216547940,,8826 41st Ave S,98118,Single Family,2026-06-08,2026-06-08,2026-06-08,949000,949000,949000,2026-06-05,3,3,Active,,,0
2534255,,216494892,,4414 NE 77th St,98115,Single Family,2026-06-08,2026-06-08,2026-06-08,2195000,2195000,2195000,2026-06-04,4,4,Active,,,0
2534269,,216463858,,2831 14th Ave W #2,98119,Townhouse,2026-06-08,2026-06-08,2026-06-08,650000,650000,650000,2026-06-03,5,5,Active,,,0
2534299,,216490982,,2404 Dexter Ave N Unit D Unit D,98109,Townhouse,2026-06-08,2026-06-08,2026-06-08,795000,795000,795000,2026-06-04,4,4,Active,,,0
2534302,,216517908,,10312 Wallingford Ave N,98133,Single Family,2026-06-08,2026-06-08,2026-06-08,849777,849777,849777,2026-06-04,4,4,Active,,,0
2534358,,216521410,,9119 Cyrus Ave NW,98117,Single Family,2026-06-08,2026-06-08,2026-06-08,1485000,1485000,1485000,2026-06-04,4,4,Active,,,0
2534391,,216513674,,7511 Dumar Way SW,98106,Single Family,2026-06-08,2026-06-08,2026-06-08,980000,980000,980000,2026-06-04,4,4,Active,,,0
2534524,,216514236,,4055 SW Holgate St,98116,Single Family,2026-06-08,2026-06-08,2026-06-08,1799000,1799000,1799000,2026-06-04,4,4,Active,,,0
2534571,,216514421,,11549 8th Ave NE,98125,Single Family,2026-06-08,2026-06-08,2026-06-08,639950,639950,639950,2026-06-04,4,4,Active,,,0
2534580,,216511924,,7546 26th Ave NW Unit B Unit B,98117,Single Family,2026-06-08,2026-06-08,2026-06-08,624950,624950,624950,2026-06-04,4,4,Active,,,0
2534637,,216530387,,5653 34th Ave SW,98126,Single Family,2026-06-08,2026-06-08,2026-06-08,949950,949950,949950,2026-06-04,4,4,Active,,,0
2534700,,216503317,,4412 Corliss Ave N Unit B Unit B,98103,Townhouse,2026-06-08,2026-06-08,2026-06-08,724950,724950,724950,2026-06-04,4,4,Active,,,0
2534968,,216582743,,346 NE 58th St,98105,Single Family,2026-06-08,2026-06-08,2026-06-08,869000,869000,869000,2026-06-06,2,2,Active,,,0
2534989,,216524734,,3437 38th Ave SW,98126,Single Family,2026-06-08,2026-06-08,2026-06-08,949000,949000,949000,2026-06-04,4,4,Active,,,0
2535127,,216507905,,1004 N 48th St,98103,Single Family,2026-06-08,2026-06-08,2026-06-08,989000,989000,989000,2026-06-04,4,4,Active,,,0
2535341,,216567400,,804 3rd Ave N,98109,Townhouse,2026-06-08,2026-06-08,2026-06-08,1000000,1000000,1000000,2026-06-05,3,3,Active,,,0
2535476,,216522631,,9258 24th Ave SW,98106,Single Family,2026-06-08,2026-06-08,2026-06-08,710000,710000,710000,2026-06-04,4,4,Active,,,0
2535493,,216573554,,936 N 101st St,98133,Single Family,2026-06-08,2026-06-08,2026-06-08,688000,688000,688000,2026-06-05,3,3,Active,,,0
2535564,,216534991,,4715 Densmore Ave N,98103,Single Family,2026-06-08,2026-06-08,2026-06-08,1150000,1150000,1150000,2026-06-05,3,3,Active,,,0
2535791,,216555121,,8121 16th Ave SW,98106,Single Family,2026-06-08,2026-06-08,2026-06-08,798500,798500,798500,2026-06-05,3,3,Active,,,0
2535819,,216567793,,809 NW 63rd St St Unit B Unit B,98107,Townhouse,2026-06-08,2026-06-08,2026-06-08,1088000,1088000,1088000,2026-06-05,3,3,Active,,,0
2535893,,216571397,,6811 27th Ave S,98108,Single Family,2026-06-08,2026-06-08,2026-06-08,675000,675000,675000,2026-06-05,3,3,Active,,,0
2535906,,216561291,,4003 E Newton St,98112,Single Family,2026-06-08,2026-06-08,2026-06-08,2995000,2995000,2995000,2026-06-05,3,3,Active,,,0
2536050,,216568564,,8724 16th Ave SW,98106,Single Family,2026-06-08,2026-06-08,2026-06-08,799000,799000,799000,2026-06-05,3,3,Active,,,0
2536304,,216589478,,2363 S McClellan St,98144,Single Family,2026-06-08,2026-06-08,2026-06-08,617000,617000,617000,2026-06-06,2,2,Active,,,0
2536322,,216590220,,4422 Montana Cir W,98199,Single Family,2026-06-08,2026-06-08,2026-06-08,999000,999000,999000,2026-06-06,2,2,Active,,,0
2536389,,216602870,,4816 SW Findlay St,98136,Single Family,2026-06-08,2026-06-08,2026-06-08,1485000,1485000,1485000,2026-06-07,1,1,Active,,,0
