mlsNumber,address,zip,propertyType,firstSeen,lastSeen,lastSeenActive,firstAsk,lastAsk,listDate,lastDom,lastStatus,lastAskChangeDate,firstAskChangeDate,askChangeCount,trackedFromListing
0F9FEBECD99F,9518 Salish Plan,98103,Townhouse,2026-06-08,2026-09-21,2026-09-21,675000,675000,2026-05-12,132,Active,,,0,false
120342,3420 33rd Ave W,98199,Single Family,2026-09-18,2026-09-21,2026-09-21,2250000,2250000,2026-09-17,4,Coming Soon,,,0,true
120466,768 N 75th St,98103,Single Family,2026-09-18,2026-09-21,2026-09-21,1450000,1450000,2026-09-17,4,Coming Soon,,,0,true
1E5E475B5BF5,5306 NE 74th St,98115,Single Family,2026-06-18,2026-09-21,2026-09-21,3087900,3087900,2026-06-17,96,Active,,,0,true
2192386460381597809,112 18th Ave,98122,Single Family,2026-09-12,2026-09-21,2026-09-21,925000,925000,2026-09-11,10,Coming Soon,,,0,true
2192468325956468825,4032 53rd Ave SW Unit A,98116,Single Family,2026-09-13,2026-09-21,2026-09-21,1048000,999000,2026-09-11,10,Coming Soon,2026-09-19,2026-09-19,1,true
2192471343666157465,4030 53rd Ave SW,98116,Single Family,2026-09-13,2026-09-21,2026-09-21,750000,750000,2026-09-11,10,Coming Soon,,,0,true
2196008245602753937,116 24th Ave S,98144,Single Family,2026-09-17,2026-09-21,2026-09-21,800000,800000,2026-09-16,5,Coming Soon,,,0,true
2196668563244733473,1612 5th Ave N,98109,Single Family,2026-09-18,2026-09-21,2026-09-21,2395000,2395000,2026-09-17,4,Coming Soon,,,0,true
2327308,522 NE 127th St,98125,1,2026-09-19,2026-09-21,2026-09-21,1000000,1000000,2025-02-04,594,Active,,,0,false
2352687,2524 Westlake Ave N Unit E,98109,Single Family,2026-06-08,2026-09-21,2026-09-21,738000,738000,2025-03-31,539,Active,,,0,false
2353618,5016 7th Ave NE,98105,1,2026-09-19,2026-09-21,2026-09-21,925000,925000,2025-04-10,529,Active,,,0,false
2384209,1526 NW 53rd St,98107,1,2026-09-19,2026-09-21,2026-09-21,950000,950000,2025-08-04,413,Active,,,0,false
2398896,8508 54TH Ave NE,98115,Single Family,2026-06-08,2026-09-21,2026-09-21,3270000,2950000,2025-07-11,437,Active,2026-07-13,2026-07-13,1,false
2436337,1080 W Ewing Pl Unit 0-P,98119,Single Family,2026-06-08,2026-09-21,2026-09-21,398000,398000,2025-09-24,362,Active,,,0,false
2436655,2401 N Northlake Way,98103,Single Family,2026-06-08,2026-09-21,2026-09-21,125000,125000,2025-10-16,340,Active,,,0,false
2438650,9104 28th Ave NW,98117,1,2026-09-19,2026-09-21,2026-09-21,950000,950000,2025-09-28,358,Active,,,0,false
24402931,10717 Burke Ave N,98133,Townhouse,2026-06-08,2026-09-21,2026-09-21,468500,468500,2026-02-15,218,Active,,,0,false
2443296,2822 Prosch Ave W,98119,1,2026-09-19,2026-09-21,2026-09-21,795000,795000,2025-10-15,341,Active,,,0,false
2452809,10019 Interlake Ave N,98133,Single Family,2026-06-08,2026-09-21,2026-09-21,745000,645000,2025-11-05,320,Active,2026-07-05,2026-07-05,1,false
2453553,3730 SW 99th St,98126,Single Family,2026-06-08,2026-09-21,2026-09-21,1150000,1150000,2025-11-11,314,Active,,,0,false
2454432,7758 Delridge Way SW,98106,Townhouse,2026-06-08,2026-09-21,2026-09-21,535000,515000,2025-11-15,304,Active,2026-07-20,2026-07-20,1,false
2455057,1080 W Ewing St Unit E-2,98119,Single Family,2026-06-08,2026-09-21,2026-09-21,299000,264900,2025-11-15,310,Active,2026-08-11,2026-08-11,1,false
2455655,3642 A Interlake Ave N,98103,Townhouse,2026-06-08,2026-09-21,2026-09-21,739000,739000,2026-01-21,243,Active,,,0,false
2457915,1014 B NE 70th St,98115,Townhouse,2026-06-08,2026-09-21,2026-09-21,824950,824950,2025-11-28,297,Active,,,0,false
2463684,1015 Sturgus Ave S Unit A,98144,Townhouse,2026-06-08,2026-09-21,2026-09-21,798000,798000,2025-12-29,266,Active,,,0,false
2464746,8750 13th Ave NW Unit B,98117,1,2026-09-19,2026-09-21,2026-09-21,899950,899950,2026-01-03,261,Active,,,0,false
2465110,4272 SW Bradford St,98116,Townhouse,2026-06-08,2026-09-21,2026-09-21,799900,775000,2026-01-07,256,Active,2026-07-29,2026-07-05,2,false
2471432,2019 W Bertona,98199,Townhouse,2026-06-08,2026-09-21,2026-09-21,869950,814950,2026-01-23,241,Active,2026-09-03,2026-07-17,2,false
2477363,8610 42nd Ave S,98118,Single Family,2026-06-08,2026-09-21,2026-09-21,899500,899500,2026-02-05,228,Active,,,0,false
2477365,8612 42nd Ave S Unit B,98118,Townhouse,2026-06-08,2026-09-21,2026-09-21,689000,689000,2026-02-05,228,Active,,,0,false
2479995,114 W Florentia St Unit B,98119,Townhouse,2026-06-08,2026-09-21,2026-09-21,799000,698000,2026-05-12,132,Active,2026-08-19,2026-07-05,2,false
2480162,1123 C 10th Ave E,98102,Townhouse,2026-06-08,2026-09-21,2026-09-21,1120000,1099950,2026-03-04,201,Active,2026-08-22,2026-08-22,1,false
2480345,4309 Evanston Ave N,98103,1,2026-09-19,2026-09-21,2026-09-21,1200000,1200000,2026-02-26,207,Active,,,0,false
2482064,3012 SW 102nd St,98146,Single Family,2026-06-08,2026-09-21,2026-09-21,649950,634950,2026-03-04,175,Active,2026-08-22,2026-08-22,1,false
2483935,119 A 18th Ave E,98122,Townhouse,2026-06-08,2026-09-21,2026-09-21,699950,675000,2026-02-25,208,Active,2026-09-11,2026-09-11,1,false
2484097,5526 20th Ave S,98108,Single Family,2026-06-08,2026-09-21,2026-09-21,819000,785000,2026-02-27,206,Active,2026-09-03,2026-06-18,6,false
2484374,1603 Lakeview Blvd E,98102,1,2026-09-19,2026-09-21,,799000,799000,2026-02-26,207,Active Under Contract,,,0,false
2486459,2903 E Union St,98122,Single Family,2026-06-08,2026-09-21,2026-09-21,700000,700000,2026-03-26,179,Active,,,0,false
2486694,4416 Midvale Ave N,98103,3,2026-09-19,2026-09-21,2026-09-21,894950,894950,2026-03-05,200,Active,,,0,false
2487704,2211 17th Ave S,98144,Single Family,2026-06-08,2026-09-21,2026-09-21,630000,630000,2026-03-13,192,Active,,,0,false
2488003,9518 Interlake Ave N,98103,Townhouse,2026-06-08,2026-09-21,2026-09-21,665000,625000,2026-03-05,194,Active,2026-08-07,2026-08-07,1,false
2488822,,98136,Single Family,2026-06-08,2026-09-21,2026-09-21,2800000,2800000,2026-03-06,199,Active,,,0,false
2489955,4502 55th Ave NE,98105,Single Family,2026-06-08,2026-09-21,2026-09-21,10000000,10000000,2026-03-13,192,Active,,,0,false
2490442,8731 13th Ave NW,98117,Single Family,2026-06-08,2026-09-21,2026-09-21,599950,574950,2026-03-10,195,Active,2026-07-13,2026-07-13,1,false
2491348,803 E Prospect St,98102,Single Family,2026-06-08,2026-09-21,2026-09-21,5000000,4500000,2026-04-08,166,Active,2026-07-05,2026-07-05,1,false
2492695,5114 24th Ave NE,98105,Townhouse,2026-06-08,2026-09-21,2026-09-21,750000,750000,2026-03-13,192,Active,,,0,false
2492720,1914 Magnolia Blvd W,98199,Single Family,2026-06-08,2026-09-21,2026-09-21,7175000,6995000,2026-03-15,190,Active,2026-09-09,2026-09-09,1,false
2492728,1729 S Columbian Way,98108,Single Family,2026-06-08,2026-09-21,2026-09-21,639995,639995,2026-03-18,187,Active,,,0,false
2492983,623 W Highland Dr,98119,Single Family,2026-06-08,2026-09-21,2026-09-21,5950000,5950000,2026-03-19,186,Active,,,0,false
2492989,4155 Delridge Way SW,98106,Townhouse,2026-06-08,2026-09-21,2026-09-21,535000,450000,2026-03-18,187,Active,2026-08-13,2026-06-18,3,false
2493652,12534 C 5th Ave NE,98125,Single Family,2026-06-18,2026-09-21,2026-09-21,639950,599999,2026-05-21,123,Active,2026-08-22,2026-07-28,2,false
2493889,3037 21st Ave W,98199,1,2026-09-19,2026-09-21,2026-09-21,1199950,1199950,2026-04-14,160,Active,,,0,false
2494131,8327 B 12th Ave NW,98117,3,2026-09-19,2026-09-21,2026-09-21,874900,874900,2026-03-24,181,Active,,,0,false
2494783,1125 A 10th Ave E,98102,Townhouse,2026-06-08,2026-09-21,2026-09-21,1275000,1275000,2026-03-19,186,Active,,,0,false
2494902,2706 Westlake Ave N Unit 01A,98109,Single Family,2026-06-08,2026-09-21,2026-09-21,400000,299000,2026-03-19,186,Active,2026-08-19,2026-07-19,2,false
2495122,930 N 96th St,98103,Single Family,2026-06-08,2026-09-21,2026-09-21,600000,525000,2026-03-19,186,Active,2026-08-20,2026-06-18,4,false
2495272,9239 A 16th Ave SW,98106,Townhouse,2026-06-08,2026-09-21,2026-09-21,674900,625000,2026-04-04,170,Active,2026-09-19,2026-09-19,1,false
2496771,624 35th Ave,98122,Single Family,2026-06-08,2026-09-21,2026-09-21,2645000,2495000,2026-04-24,111,Active,2026-08-17,2026-06-18,2,false
2497399,10445 Marine View Dr SW,98146,Single Family,2026-06-08,2026-09-21,2026-09-21,1899999,1700000,2026-03-25,180,Active,2026-09-15,2026-07-31,3,false
2498024,7344 23rd Ave NW Unit B,98117,Single Family,2026-06-08,2026-09-21,2026-09-21,859950,819000,2026-05-13,111,Active,2026-09-11,2026-07-22,2,false
2498715,2401 N Northlake Way Unit B13,98103,Single Family,2026-06-08,2026-09-21,2026-09-21,740000,740000,2026-05-08,109,Active,,,0,false
2498722,2441 NW 61st St Unit C,98107,Townhouse,2026-06-08,2026-09-21,2026-09-21,669000,629000,2026-04-01,173,Active,2026-08-26,2026-06-18,4,false
2498928,4047 25TH Ave W,98199,Single Family,2026-06-08,2026-09-21,2026-09-21,624950,579950,2026-04-06,168,Active,2026-07-18,2026-07-05,2,false
2499816,1016 NW 85th St,98117,Single Family,2026-06-08,2026-09-21,2026-09-21,1050000,995000,2026-03-31,169,Active,2026-07-05,2026-07-05,1,false
2499918,826 NE 80th St,98115,Single Family,2026-07-05,2026-09-21,2026-09-21,920000,874000,2026-06-26,87,Active,2026-08-26,2026-08-26,1,false
2500908,5450 Leary Ave NW #242,98107,Single Family,2026-06-18,2026-09-21,2026-09-21,349997,319997,2026-04-01,173,Active,2026-09-09,2026-07-05,5,false
2501047,8733 13th Ave NW Unit C,98117,Townhouse,2026-06-08,2026-09-21,2026-09-21,659950,659950,2026-04-01,173,Active,,,0,false
2502102,219 NE 75th St,98115,Townhouse,2026-06-08,2026-09-21,2026-09-21,869000,825000,2026-04-03,171,Active,2026-07-25,2026-07-25,1,false
2502208,10125 3rd Ave NW,98177,Single Family,2026-06-08,2026-09-21,2026-09-21,2000000,2000000,2026-04-03,171,Active,,,0,false
2502705,3070 SW Avalon Way Unit G,98126,Townhouse,2026-06-08,2026-09-21,2026-09-21,615000,599950,2026-04-04,169,Active,2026-08-14,2026-08-14,1,false
2503982,10350 Wallingford Ave N Unit B,98133,Townhouse,2026-06-08,2026-09-21,2026-09-21,534999,514999,2026-04-07,167,Active,2026-08-05,2026-06-18,2,false
2504701,2309 N Northlake Way #13,98107,Single Family,2026-06-08,2026-09-21,2026-09-21,2198000,2198000,2026-04-23,151,Active,,,0,false
2505572,5718 14th Ave NW,98107,Townhouse,2026-06-08,2026-09-21,2026-09-21,1099950,1099950,2026-04-10,127,Active,,,0,false
2506120,6750 28th Ave S,98108,Single Family,2026-06-08,2026-09-21,2026-09-21,925000,925000,2026-04-11,163,Active,,,0,false
2506921,2708 1st Ave W,98119,Single Family,2026-06-18,2026-09-21,2026-09-21,925000,875000,2026-04-22,152,Active,2026-08-07,2026-07-05,2,false
2507212,934 N 100th St,98133,Single Family,2026-06-08,2026-09-21,2026-09-21,724950,724950,2026-04-16,158,Active,,,0,false
2507226,9501 Interlake Ave N,98103,Townhouse,2026-06-08,2026-09-21,2026-09-21,649000,639800,2026-04-16,158,Active,2026-07-13,2026-07-13,1,false
2507471,942 NW 54th St,98107,Townhouse,2026-06-08,2026-09-21,2026-09-21,979000,979000,2026-04-17,157,Active,,,0,false
2507951,3215 W Lynn St,98199,Townhouse,2026-06-08,2026-09-21,2026-09-21,1478000,1425000,2026-04-23,151,Active,2026-07-13,2026-07-13,1,false
2508178,2425 NW Blue Ridge Dr,98177,Single Family,2026-06-08,2026-09-21,2026-09-21,2890000,2790000,2026-05-20,124,Active,2026-07-05,2026-07-05,1,false
2508645,9731 13th Ave NW,98117,Townhouse,2026-06-08,2026-09-21,2026-09-21,899950,819950,2026-04-17,147,Active,2026-08-09,2026-07-05,2,false
2509910,5015 A 8th Ave NW,98107,Townhouse,2026-06-08,2026-09-21,2026-09-21,899000,845000,2026-04-20,154,Active,2026-09-17,2026-08-08,2,false
2510500,1741 NW 60th St Unit A,98107,Single Family,2026-06-08,2026-09-21,2026-09-21,865000,820000,2026-04-22,152,Active,2026-09-18,2026-06-18,3,false
2510653,4331 Woodland Park Ave N,98103,Townhouse,2026-06-08,2026-09-21,2026-09-21,825000,810000,2026-05-05,139,Active,2026-08-06,2026-06-18,2,false
2510724,610 27th Ave E,98112,Single Family,2026-06-08,2026-09-21,2026-09-21,1399950,1315000,2026-05-07,137,Active,2026-08-31,2026-07-13,2,false
2511118,2538 Dexter Ave N Ave N,98109,Single Family,2026-06-08,2026-09-21,2026-09-21,1520000,1520000,2026-04-22,152,Active,,,0,false
2511371,9010 18th Ave SW Unit B,98106,Townhouse,2026-06-08,2026-09-21,2026-09-21,499000,495000,2026-04-22,152,Active,2026-08-08,2026-08-08,1,false
2511868,1012 2nd Ave W,98119,Single Family,2026-06-08,2026-09-21,2026-09-21,2600000,2600000,2026-04-22,152,Active,,,0,false
2512080,8297 5th Ave NE,98115,Single Family,2026-06-08,2026-09-21,2026-09-21,945000,910000,2026-04-24,123,Active,2026-09-09,2026-06-18,3,false
2512668,10835 Arroyo Beach Pl SW,98146,Single Family,2026-06-08,2026-09-21,2026-09-21,2285000,2185000,2026-04-29,145,Active,2026-07-28,2026-07-28,1,false
2513274,14031 Densmore Ave N,98133,Townhouse,2026-06-08,2026-09-21,2026-09-21,1099900,1049950,2026-04-24,150,Active,2026-07-05,2026-07-05,1,false
2513298,14035 Densmore Ave N,98133,Townhouse,2026-06-08,2026-09-21,2026-09-21,749900,699900,2026-04-24,150,Active,2026-07-28,2026-07-05,2,false
2513552,2816 SW Dakota St,98126,Single Family,2026-06-08,2026-09-21,2026-09-21,950000,799999,2026-05-07,137,Active,2026-08-27,2026-07-13,2,false
2513626,7229 Ledroit Ct SW,98136,Single Family,2026-09-11,2026-09-21,2026-09-21,1995000,1995000,2026-09-10,11,Active,,,0,true
2513723,621 NE 77th St,98115,Single Family,2026-06-08,2026-09-21,2026-09-21,1525000,1350000,2026-05-13,131,Active,2026-09-11,2026-06-18,3,false
2513925,3551 SW 99th St,98126,Single Family,2026-06-08,2026-09-21,2026-09-21,799999,747000,2026-05-13,112,Active,2026-09-04,2026-07-14,3,false
2514210,1412 A N 47th St,98103,Townhouse,2026-06-08,2026-09-21,2026-09-21,1068000,1068000,2026-04-28,146,Active,,,0,false
2514272,3406 15th Ave W Unit C,98119,Townhouse,2026-06-08,2026-09-21,2026-09-21,745750,745750,2026-04-27,147,Active,,,0,false
2514398,2202 20th Ave S,98144,Single Family,2026-06-08,2026-09-21,2026-09-21,878999,828998,2026-05-08,115,Active,2026-08-25,2026-07-05,2,false
2514741,2612 E Yesler Way,98122,Townhouse,2026-06-08,2026-09-21,2026-09-21,699950,679000,2026-04-30,144,Active,2026-07-05,2026-07-05,1,false
2514769,806 NW 52nd St,98107,Townhouse,2026-06-08,2026-09-21,2026-09-21,889999,820000,2026-04-30,144,Active,2026-08-20,2026-06-18,3,false
2515139,311 NE 95th St,98115,Single Family,2026-06-08,2026-09-21,2026-09-21,880000,850000,2026-05-04,140,Active,2026-09-16,2026-09-16,1,false
2515170,836 NW Market St,98107,Single Family,2026-06-08,2026-09-21,2026-09-21,950000,950000,2026-04-30,144,Active,,,0,false
2515237,1761 20th Ave S,98144,Single Family,2026-06-08,2026-09-21,2026-09-21,749950,729950,2026-04-30,144,Active,2026-08-07,2026-07-05,2,false
2516661,608 39th Ave E,98112,Single Family,2026-06-08,2026-09-21,2026-09-21,15950000,15950000,2026-05-01,143,Active,,,0,false
2517505,6003 Lanham Pl SW,98126,Townhouse,2026-06-08,2026-09-21,2026-09-21,629000,629000,2026-05-05,139,Active,,,0,false
2517757,2227 NW 60TH St Unit B,98107,Townhouse,2026-07-05,2026-09-21,2026-09-21,899950,875000,2026-06-25,88,Active,2026-08-12,2026-08-12,1,false
2518115,6543 35th Ave SW Unit B,98126,Townhouse,2026-06-08,2026-09-21,2026-09-21,725000,675000,2026-05-05,139,Active,2026-08-04,2026-08-04,1,false
2518245,4419 B Corliss Ave N,98103,Townhouse,2026-06-08,2026-09-21,2026-09-21,975000,929900,2026-05-07,114,Active,2026-06-18,2026-06-18,1,false
2518717,11718 5th Ave NE,98125,Single Family,2026-06-08,2026-09-21,2026-09-21,795000,735000,2026-05-11,115,Active,2026-08-11,2026-07-05,3,false
2518850,4724 25th Ave SW,98106,Single Family,2026-06-08,2026-09-21,2026-09-21,598000,598000,2026-05-14,130,Active,,,0,false
2519194,8015 Mary Ave NW Unit D,98117,Townhouse,2026-06-08,2026-09-21,2026-09-21,740000,699000,2026-05-06,125,Active,2026-08-05,2026-07-05,2,false
2519416,1118 16th Ave Unit A,98122,Townhouse,2026-06-08,2026-09-21,2026-09-21,699999,699999,2026-05-14,130,Active,,,0,false
2519817,2302 E Pike St,98122,Single Family,2026-06-08,2026-09-21,2026-09-21,1295958,1178000,2026-05-08,136,Active,2026-09-08,2026-07-05,3,false
2520080,7358 33rd Ave NE,98115,Single Family,2026-06-08,2026-09-21,2026-09-21,2179950,2199950,2026-05-07,137,Active,2026-07-05,2026-06-18,2,false
2520114,4425 Fremont Ave N Unit A,98103,Townhouse,2026-06-08,2026-09-21,2026-09-21,1035999,1035999,2026-05-07,137,Active,,,0,false
2520394,1457 22nd Ave Unit A,98122,Townhouse,2026-06-08,2026-09-21,2026-09-21,649950,619950,2026-05-07,127,Active,2026-08-21,2026-08-21,1,false
2520542,2367 S Forest St,98144,Townhouse,2026-06-08,2026-09-21,2026-09-21,880000,870000,2026-05-08,136,Active,2026-06-18,2026-06-18,1,false
2520897,221 NW 50th St,98107,Single Family,2026-06-08,2026-09-21,2026-09-21,1595000,1199950,2026-05-20,124,Active,2026-09-19,2026-07-05,6,false
2521368,6825 Holly Park Dr S,98118,Townhouse,2026-06-08,2026-09-21,2026-09-21,599950,549950,2026-05-11,133,Active,2026-09-15,2026-08-18,2,false
2521783,4419 2nd Ave NE Unit A,98105,Townhouse,2026-06-08,2026-09-21,2026-09-21,759000,759000,2026-05-11,128,Active,,,0,false
2521945,1608 N 50th St,98103,Single Family,2026-06-08,2026-09-21,2026-09-21,1299000,1199900,2026-05-14,130,Active,2026-08-25,2026-08-04,2,false
2521998,1014 4th Ave N,98109,Single Family,2026-06-08,2026-09-21,2026-09-21,2645000,2445000,2026-05-18,126,Active,2026-08-31,2026-07-05,3,false
2522306,424 21st Ave,98122,Single Family,2026-06-08,2026-09-21,2026-09-21,995000,995000,2026-05-12,132,Active,,,0,false
2522925,700 W Prospect St,98119,Single Family,2026-06-08,2026-09-21,2026-09-21,2350000,2125000,2026-05-13,131,Active,2026-09-18,2026-07-05,3,false
2523005,9230 Interlake Ave N,98103,Single Family,2026-06-08,2026-09-21,2026-09-21,1050000,995000,2026-05-14,122,Active,2026-07-13,2026-06-18,2,false
2523006,8823 Dibble Ave NW,98117,Single Family,2026-06-08,2026-09-21,2026-09-21,775000,699950,2026-05-13,131,Active,2026-09-12,2026-07-05,2,false
2523299,5446 40th Ave SW,98136,Single Family,2026-07-13,2026-09-21,2026-09-21,1395000,1395000,2026-07-09,75,Active,,,0,false
2523361,2265 14th Ave W,98119,Townhouse,2026-06-08,2026-09-21,2026-09-21,820000,774950,2026-05-14,130,Active,2026-09-09,2026-06-18,2,false
2523377,5444 40th Ave SW,98136,Single Family,2026-07-17,2026-09-21,2026-09-21,629000,629000,2026-07-16,67,Active,,,0,true
2523443,1031 McGilvra Blvd East,98112,Single Family,2026-06-08,2026-09-21,2026-09-21,7998000,7798000,2026-05-14,106,Active,2026-07-30,2026-07-30,1,false
2523560,1606 Lakeview Blvd E,98102,Single Family,2026-06-08,2026-09-21,2026-09-21,950000,850000,2026-05-14,130,Active,2026-09-11,2026-06-18,2,false
2523584,110 Smith St,98109,Single Family,2026-06-08,2026-09-21,2026-09-21,1995000,1995000,2026-05-14,130,Active,,,0,false
2523970,1203 G N Allen Pl,98103,Townhouse,2026-06-08,2026-09-21,2026-09-21,1049000,1019950,2026-05-14,130,Active,2026-08-22,2026-06-18,2,false
2524132,3817 B California Ave SW,98116,Townhouse,2026-06-08,2026-09-21,2026-09-21,799000,770000,2026-05-21,123,Active,2026-09-18,2026-09-18,1,false
2524220,3029 3rd Ave W Unit B,98119,Townhouse,2026-06-08,2026-09-21,2026-09-21,945000,895000,2026-05-21,123,Active,2026-07-23,2026-07-23,1,false
2524221,1020 NE 100th St,98125,Single Family,2026-06-18,2026-09-21,2026-09-21,1049950,1049950,2026-05-14,130,Active,,,0,false
2524298,1113 26th Ave S,98144,Single Family,2026-06-08,2026-09-21,2026-09-21,1095000,1095000,2026-05-19,125,Active,,,0,false
2524839,3310 E Laurelhurst Dr NE,98105,Single Family,2026-06-08,2026-09-21,2026-09-21,9800000,9800000,2026-05-22,122,Active,,,0,false
2524923,1845 16th Ave,98122,Townhouse,2026-06-08,2026-09-21,2026-09-21,2250000,1995000,2026-05-15,125,Active,2026-07-24,2026-07-24,1,false
2524997,1514 Shenandoah Dr E,98112,Single Family,2026-06-08,2026-09-21,2026-09-21,4900000,4900000,2026-05-27,91,Active,,,0,false
2525030,9043 C Mary Ave NW,98117,Townhouse,2026-06-08,2026-09-21,2026-09-21,699950,635000,2026-05-20,124,Active,2026-08-29,2026-06-18,3,false
2525040,1411 B N 48th St,98103,Townhouse,2026-06-08,2026-09-21,2026-09-21,1098000,1098000,2026-05-15,129,Active,,,0,false
2525072,5637 Beach Dr SW,98136,Single Family,2026-06-08,2026-09-21,2026-09-21,2195000,2000000,2026-05-16,128,Active,2026-08-29,2026-07-13,2,false
2525097,3002 NE 57th St,98105,Single Family,2026-09-18,2026-09-21,2026-09-21,899000,899000,2026-09-17,4,Active,,,0,true
2525259,14033 Densmore Ave N,98133,Townhouse,2026-06-08,2026-09-21,2026-09-21,679900,649900,2026-05-16,128,Active,2026-06-18,2026-06-18,1,false
2525586,5242 11 Ave NE,98105,Single Family,2026-06-08,2026-09-21,2026-09-21,980000,980000,2026-05-18,126,Active,,,0,false
2525685,1 Ward St Unit C,98109,Townhouse,2026-06-08,2026-09-21,2026-09-21,1475000,1295000,2026-05-19,125,Active,2026-09-08,2026-06-18,2,false
2525978,5912 31st Ave SW,98126,Townhouse,2026-06-08,2026-09-21,2026-09-21,535000,515000,2026-05-20,124,Active,2026-08-06,2026-07-13,2,false
2526389,705 18th Ave S Unit B,98144,Townhouse,2026-06-08,2026-09-21,2026-09-21,878787,865000,2026-05-22,77,Active,2026-07-13,2026-07-13,1,false
2526768,2830 23rd Ave W,98199,Single Family,2026-06-08,2026-09-21,2026-09-21,1450000,1299000,2026-05-21,112,Active,2026-08-19,2026-07-05,4,false
2526799,547 NE 91st St,98115,Single Family,2026-06-08,2026-09-21,2026-09-21,925000,865000,2026-05-25,119,Active,2026-09-01,2026-06-18,4,false
2526851,902 N 86th St,98103,Townhouse,2026-06-08,2026-09-21,2026-09-21,1025000,999999,2026-05-21,122,Active,2026-09-02,2026-07-05,2,false
2527041,3855 21st Ave SW,98106,Townhouse,2026-06-08,2026-09-21,2026-09-21,427400,415000,2026-05-20,124,Active,2026-09-14,2026-09-14,1,false
2527428,6901 40th Ave SW,98136,Single Family,2026-06-08,2026-09-21,2026-09-21,1245000,1199000,2026-05-26,118,Active,2026-08-02,2026-08-02,1,false
2527529,2157 N 122nd St,98133,Single Family,2026-06-08,2026-09-21,2026-09-21,915000,899000,2026-05-20,124,Active,2026-06-18,2026-06-18,1,false
2527764,1642 Federal Ave E,98122,Single Family,2026-06-08,2026-09-21,2026-09-21,8800000,8800000,2026-05-26,118,Active,,,0,false
2527817,9226 25th Ave NW,98117,Single Family,2026-06-08,2026-09-21,2026-09-21,1998000,1898000,2026-05-22,122,Active,2026-07-18,2026-07-05,2,false
2527820,1516 NW 61st St,98107,Townhouse,2026-06-08,2026-09-21,2026-09-21,995000,949000,2026-05-28,116,Active,2026-07-29,2026-07-05,2,false
2528174,5306 26th Ave S,98118,Single Family,2026-06-08,2026-09-21,2026-09-21,899000,870000,2026-05-21,123,Active,2026-06-18,2026-06-18,1,false
2528474,2130 N 113th St Unit A,98133,Townhouse,2026-07-05,2026-09-21,2026-09-21,699000,675000,2026-06-25,88,Active,2026-08-26,2026-08-26,1,false
2528505,9802 Linden Ave N,98103,Single Family,2026-06-08,2026-09-21,2026-09-21,1295500,1295500,2026-05-22,122,Active,,,0,false
2528575,4409 B 21st Ave SW,98106,Townhouse,2026-06-08,2026-09-21,2026-09-21,629900,599900,2026-05-22,119,Active,2026-06-18,2026-06-18,1,false
2528630,4411 21st Ave SW,98106,Townhouse,2026-06-08,2026-09-21,2026-09-21,719900,699900,2026-05-22,122,Active,2026-06-18,2026-06-18,1,false
2529339,9326 California Ave SW,98136,Single Family,2026-06-08,2026-09-21,2026-09-21,1349500,1288000,2026-05-27,117,Active,2026-09-21,2026-09-08,2,false
2529553,1637 Broadmoor Dr E,98112,Single Family,2026-06-08,2026-09-21,2026-09-21,2850000,2850000,2026-06-02,111,Active,,,0,false
2529592,1126 33rd Ave S,98144,Single Family,2026-06-08,2026-09-21,2026-09-21,3200000,2750000,2026-05-29,115,Active,2026-07-31,2026-07-17,2,false
2529825,8623 30th Ave SW,98126,Single Family,2026-06-18,2026-09-21,2026-09-21,655000,640000,2026-05-28,116,Active,2026-09-03,2026-09-03,1,false
2530053,4529 Corliss Ave N,98103,Single Family,2026-06-08,2026-09-21,2026-09-21,1159950,1159950,2026-05-28,109,Active,,,0,false
2530271,1519 1st Ave N,98109,Single Family,2026-06-08,2026-09-21,2026-09-21,2150000,1995000,2026-05-29,115,Active,2026-08-19,2026-07-13,2,false
2530486,2143 N Northlake Way #34,98103,Single Family,2026-06-18,2026-09-21,2026-09-21,318000,318000,2026-05-29,115,Active,,,0,false
2530525,6753 14th Ave NW,98117,Single Family,2026-06-18,2026-09-21,2026-09-21,1249000,1195000,2026-06-08,105,Active,2026-07-05,2026-07-05,1,false
2530593,3406 W Government Way #7,98199,Townhouse,2026-06-08,2026-09-21,2026-09-21,499950,469950,2026-05-28,116,Active,2026-09-18,2026-08-28,2,false
2530736,919 NW 56th St Unit D,98107,Townhouse,2026-06-08,2026-09-21,2026-09-21,670000,670000,2026-06-04,109,Active,,,0,false
2530859,4411 1st Ave NE,98105,Single Family,2026-06-08,2026-09-21,2026-09-19,2039950,2039950,2026-05-28,115,Active Under Contract,,,0,false
2531020,4911 NE Laurelcrest Ln,98105,Single Family,2026-06-08,2026-09-21,2026-09-21,15950000,15950000,2026-05-29,115,Active,,,0,false
2531022,811 NE 66th St,98115,Single Family,2026-06-08,2026-09-21,2026-09-21,1279000,1199000,2026-05-29,115,Active,2026-08-20,2026-08-20,1,false
2531086,6325 34th Ave SW Unit C,98126,Townhouse,2026-06-08,2026-09-21,2026-09-21,749000,699000,2026-06-02,111,Active,2026-07-28,2026-07-13,2,false
2531105,614 35th Ave,98122,Single Family,2026-06-18,2026-09-21,2026-09-21,2747000,2450000,2026-06-09,104,Active,2026-09-13,2026-07-26,3,false
2531221,8613 23rd Ave NE Unit B,98115,Townhouse,2026-06-08,2026-09-21,2026-09-21,895000,895000,2026-05-28,116,Active,,,0,false
2531287,4411 2nd Ave NE,98105,Townhouse,2026-06-08,2026-09-21,2026-09-21,919000,919000,2026-05-28,114,Active,,,0,false
2531415,814 McGilvra Blvd E,98112,Single Family,2026-06-18,2026-09-21,2026-09-21,8500000,7500000,2026-06-16,97,Active,2026-08-18,2026-07-13,2,true
2531445,1706 NE 82nd St,98115,Single Family,2026-06-18,2026-09-21,2026-09-21,1200000,1100000,2026-06-10,103,Active,2026-07-28,2026-07-28,1,false
2531480,837 NW Market St,98107,Single Family,2026-06-08,2026-09-21,2026-09-21,855000,855000,2026-05-29,115,Active,,,0,false
2531487,8561 Mary Ave NW,98117,Townhouse,2026-06-08,2026-09-21,2026-09-21,825000,699000,2026-05-28,116,Active,2026-09-11,2026-07-05,5,false
2531558,1530 NW 53rd St,98107,Single Family,2026-06-08,2026-09-21,2026-09-21,1050000,1050000,2026-05-29,115,Active,,,0,false
2531631,918 N 100th St Unit B,98133,Townhouse,2026-06-08,2026-09-21,2026-09-21,624999,525000,2026-06-04,109,Active,2026-09-01,2026-07-05,4,false
2531660,1525 McGilvra Blvd E,98112,Single Family,2026-07-13,2026-09-21,2026-09-21,1295000,1295000,2026-07-10,16,Active,,,0,true
2531769,400 NE 50th St,98105,Single Family,2026-06-08,2026-09-21,2026-09-21,1399000,1399000,2026-05-29,115,Active,,,0,false
2531884,8421 6th Ave SW,98106,Single Family,2026-06-08,2026-09-21,2026-09-21,750000,750000,2026-05-29,115,Active,,,0,false
2531997,8750 13th Ave NW Unit C,98117,Single Family,2026-06-08,2026-09-21,2026-09-21,995000,995000,2026-05-29,115,Active,,,0,false
2532121,1955 21st Ave E,98112,Single Family,2026-06-18,2026-09-21,2026-09-21,1849000,1799000,2026-06-11,102,Active,2026-08-14,2026-08-14,1,false
2532129,1810 Madrona Dr,98122,Single Family,2026-06-18,2026-09-21,2026-09-21,2950000,2950000,2026-06-17,40,Active,,,0,true
2532132,5113 47th Ave NE,98105,Single Family,2026-06-08,2026-09-21,2026-09-21,2650000,2350000,2026-05-29,115,Active,2026-09-17,2026-09-17,1,false
2532228,2836 NW 73rd St Unit B,98117,Townhouse,2026-06-08,2026-09-21,2026-09-21,750000,725000,2026-05-29,108,Active,2026-09-06,2026-09-06,1,false
2532689,1019 Sturgus Ave S Unit B,98144,Townhouse,2026-06-08,2026-09-21,2026-09-21,879000,879000,2026-06-01,112,Active,,,0,false
2532966,9456 21st Ave SW Unit C,98106,Single Family,2026-06-18,2026-09-21,2026-09-21,559000,499999,2026-06-11,102,Active,2026-08-20,2026-07-05,3,false
2533191,823 B 17th Ave,98144,Townhouse,2026-06-08,2026-09-21,2026-09-21,949950,899900,2026-06-05,108,Active,2026-09-19,2026-08-06,2,true
2533242,2651 22nd Ave W Unit A,98199,Townhouse,2026-06-08,2026-09-21,2026-09-21,785000,698500,2026-06-04,109,Active,2026-09-09,2026-06-18,4,false
2533250,1407 N 103rd St,98133,Townhouse,2026-06-18,2026-09-21,2026-09-21,675000,675000,2026-06-09,104,Active,,,0,false
2533692,2811 SW Dakota St,98126,Single Family,2026-07-31,2026-09-21,2026-09-21,735000,700000,2026-07-30,53,Active,2026-09-19,2026-08-28,2,true
2533855,10346 Midvale Ave N,98133,Single Family,2026-06-08,2026-09-21,2026-09-21,699000,650000,2026-06-04,108,Active,2026-09-04,2026-07-13,3,false
2533980,1137 26th Ave,98122,Townhouse,2026-06-08,2026-09-21,2026-09-21,899990,825000,2026-06-04,109,Active,2026-08-05,2026-07-05,3,false
2534042,331 NE 53rd St,98105,Single Family,2026-06-18,2026-09-21,2026-09-21,1398800,1299800,2026-06-12,101,Active,2026-08-13,2026-07-23,2,false
2534183,4116 NE 60th St,98115,Single Family,2026-06-08,2026-09-21,2026-09-21,1399950,1375950,2026-06-04,103,Active,2026-07-24,2026-07-24,1,false
2534204,4114 NE 60th St,98115,Single Family,2026-06-08,2026-09-21,2026-09-21,914950,849950,2026-06-04,109,Active,2026-09-12,2026-07-05,3,false
2534214,4116 NE 60th St Unit B,98115,Single Family,2026-06-08,2026-09-21,2026-09-21,829950,759950,2026-06-04,108,Active,2026-09-12,2026-07-05,3,false
2534272,2230 B NW 60th St,98107,Townhouse,2026-08-04,2026-09-21,2026-09-21,798000,778000,2026-08-03,49,Active,2026-09-05,2026-09-05,1,true
2534328,6314 19th Ave NE,98115,Single Family,2026-06-08,2026-09-21,2026-09-21,1599000,1450000,2026-06-04,109,Active,2026-09-02,2026-06-18,2,false
2534624,7334 25th Ave NW,98117,Townhouse,2026-06-08,2026-09-21,2026-09-21,769950,729950,2026-06-03,102,Active,2026-09-11,2026-07-05,2,false
2534804,1731 NW 97th St,98117,Single Family,2026-06-08,2026-09-21,2026-09-21,1295000,1250000,2026-06-05,108,Active,2026-08-05,2026-08-05,1,true
2535086,12042 5th Ave NE,98125,Single Family,2026-06-08,2026-09-21,2026-09-21,719000,649000,2026-06-04,109,Active,2026-09-17,2026-07-05,4,false
2535228,3443 21st Ave W,98199,Single Family,2026-06-08,2026-09-21,2026-09-21,850000,820000,2026-06-04,109,Active,2026-08-28,2026-08-28,1,false
2535662,2622 Mayfair Ave N,98109,Single Family,2026-07-13,2026-09-21,2026-09-21,2650000,2599000,2026-07-11,73,Active,2026-09-09,2026-09-09,1,true
2535807,8709 15th Ave NW Unit A,98117,Townhouse,2026-06-18,2026-09-21,2026-09-21,899000,899000,2026-06-17,96,Active,,,0,true
2535808,8711 15th Ave NW Unit A,98117,Townhouse,2026-06-18,2026-09-21,2026-09-21,799000,799000,2026-06-17,96,Active,,,0,true
2535887,6735 11th Ave NW,98117,Townhouse,2026-06-08,2026-09-21,2026-09-21,1200000,1100000,2026-06-05,108,Active,2026-08-01,2026-06-18,2,true
2535979,1713 19th Ave S,98144,Townhouse,2026-08-07,2026-09-21,2026-09-21,629000,629000,2026-08-06,46,Active,,,0,true
2536032,6546 D Latona Ave NE,98115,Townhouse,2026-07-05,2026-09-21,2026-09-21,818000,778000,2026-07-02,81,Active,2026-08-06,2026-07-18,2,true
2536192,4014 57th Ave SW,98116,Single Family,2026-06-18,2026-09-21,2026-09-21,995000,949000,2026-06-17,96,Active,2026-09-09,2026-09-09,1,true
2536366,938 NW 51st St,98107,Townhouse,2026-06-18,2026-09-21,2026-09-21,769900,724900,2026-06-11,102,Active,2026-09-11,2026-07-13,3,false
2536576,2607 W Newton St,98199,Single Family,2026-06-18,2026-09-21,2026-09-21,2385000,2200000,2026-06-11,102,Active,2026-07-25,2026-07-25,1,false
2536962,806 NW 50th St Unit C,98107,Townhouse,2026-06-18,2026-09-21,2026-09-21,785000,749950,2026-06-17,96,Active,2026-08-29,2026-07-13,3,true
2537047,2605 22nd AVE W Unit B,98199,Townhouse,2026-06-18,2026-09-21,2026-09-21,899000,849000,2026-06-17,95,Active,2026-08-21,2026-07-13,2,true
2537137,1207 SW cambridge St,98106,Single Family,2026-06-18,2026-09-21,2026-09-21,599995,595995,2026-06-08,105,Active,2026-07-18,2026-07-18,1,false
2537401,12742 Palatine Ave N,98133,Single Family,2026-06-18,2026-09-21,2026-09-21,895000,870000,2026-06-12,101,Active,2026-07-22,2026-07-22,1,false
2537640,5603 SW Lander St,98116,Single Family,2026-06-18,2026-09-21,2026-09-21,849950,765000,2026-06-12,101,Active,2026-08-07,2026-07-13,2,false
2537827,3812 Whitman Ave N,98103,Single Family,2026-08-06,2026-09-21,2026-09-21,1085000,1004950,2026-08-05,47,Active,2026-09-19,2026-08-19,2,true
2537974,2712 58th Ave SW,98116,Single Family,2026-07-31,2026-09-21,2026-09-21,849000,849000,2026-07-30,53,Active,,,0,true
2538014,334 NE 90th St,98115,Townhouse,2026-06-18,2026-09-21,2026-09-21,1229950,1049999,2026-06-15,98,Active,2026-08-20,2026-07-22,3,true
2538073,2645 NW 63rd St,98107,Single Family,2026-06-18,2026-09-21,2026-09-21,1175000,1100000,2026-06-11,98,Active,2026-08-22,2026-07-18,3,false
2538117,10025 Ashworth Ave N,98133,Single Family,2026-07-05,2026-09-21,2026-09-21,850000,799000,2026-06-24,89,Active,2026-09-12,2026-07-27,3,false
2538159,1480 NW 80th St,98117,Single Family,2026-06-18,2026-09-21,2026-09-21,799950,774950,2026-06-11,102,Active,2026-08-05,2026-08-05,1,false
2538221,1616 Bigelow Ave N,98109,Single Family,2026-06-18,2026-09-21,2026-09-21,3875000,3875000,2026-06-11,102,Active,,,0,false
2538319,131 Madrona Pl E,98112,Single Family,2026-06-18,2026-09-21,2026-09-21,2967000,2967000,2026-06-17,96,Active,,,0,true
2538570,2706 Westlake Ave N #76,98109,Single Family,2026-06-18,2026-09-21,2026-09-21,425000,399000,2026-06-11,102,Active,2026-07-19,2026-07-19,1,false
2538602,5454 35th Ave SW,98126,Single Family,2026-07-26,2026-09-21,2026-09-21,625000,574000,2026-07-25,58,Active,2026-09-19,2026-08-05,2,true
2538715,1556 S Pearl St Unit B,98108,Single Family,2026-07-05,2026-09-21,2026-09-21,699000,689000,2026-06-11,102,Active,2026-07-27,2026-07-27,1,false
2538757,1307 W Boston St,98119,Single Family,2026-06-18,2026-09-21,2026-09-21,1599000,1599000,2026-06-11,102,Active,,,0,false
2538786,741 N 128th St,98133,Single Family,2026-07-05,2026-09-21,2026-09-21,560000,425000,2026-06-24,75,Active,2026-09-19,2026-08-18,2,false
2538791,1556 S Pearl St Unit C,98108,Single Family,2026-06-18,2026-09-21,2026-09-21,775000,765000,2026-06-11,102,Active,2026-07-25,2026-07-25,1,false
2538849,1546 Sturgus Ave S,98144,Single Family,2026-06-18,2026-09-21,2026-09-21,815000,778000,2026-06-11,102,Active,2026-09-01,2026-07-16,2,false
2538909,470 N 130th St,98133,Townhouse,2026-06-18,2026-09-21,2026-09-21,589000,589000,2026-06-16,97,Active,,,0,true
2539127,443 NE Ravenna Blvd Unit B,98115,Townhouse,2026-06-18,2026-09-21,2026-09-21,825000,699000,2026-06-12,101,Active,2026-09-01,2026-07-13,3,false
2539206,3038 E Laurelhurst Dr NE,98105,Single Family,2026-06-18,2026-09-21,2026-09-21,16900000,16900000,2026-06-12,101,Active,,,0,false
2539324,2706 Westlake Ave N #84,98109,Single Family,2026-06-18,2026-09-21,2026-09-21,389000,349900,2026-06-12,101,Active,2026-08-31,2026-07-25,2,false
2539347,180 Lake Washington Blvd E,98112,Single Family,2026-06-18,2026-09-21,2026-09-21,4650000,4650000,2026-06-15,98,Active,,,0,true
2539377,1821 E Howell St,98122,Single Family,2026-06-18,2026-09-21,2026-09-21,950000,950000,2026-06-12,101,Active,,,0,false
2539787,3414 33rd Ave SW,98126,Single Family,2026-06-18,2026-09-21,2026-09-21,1050000,1050000,2026-06-12,101,Active,,,0,false
2539907,3625 15th Ave S,98144,Single Family,2026-06-18,2026-09-21,2026-09-21,775000,575000,2026-06-13,100,Active,2026-08-01,2026-07-05,3,false
2540069,5620 6th Ave NW,98107,Single Family,2026-06-18,2026-09-21,2026-09-21,2269000,2189000,2026-06-16,97,Active,2026-08-07,2026-08-07,1,true
2540113,2722 NE Blakeley St,98105,Single Family,2026-06-18,2026-09-21,2026-09-21,799000,799000,2026-06-16,80,Active,,,0,true
2540263,2002 1st Ave N,98109,Single Family,2026-07-05,2026-09-21,2026-09-21,2389950,2249000,2026-06-25,88,Active,2026-09-04,2026-07-28,2,false
2540334,6219 9th Ave NE,98115,Townhouse,2026-06-18,2026-09-21,2026-09-21,699950,689950,2026-06-15,98,Active,2026-09-09,2026-09-09,1,true
2540413,4104 Leary Way NW,98107,Townhouse,2026-06-18,2026-09-21,2026-09-21,965000,905000,2026-06-17,96,Active,2026-08-15,2026-07-20,2,true
2540675,1822 31st Ave,98122,Single Family,2026-07-05,2026-09-21,2026-09-21,1875000,1694000,2026-06-18,95,Active,2026-09-09,2026-07-13,6,false
2540716,9839 51st Ave SW,98136,Single Family,2026-07-05,2026-09-21,2026-09-21,2185000,2015000,2026-06-22,91,Active,2026-09-05,2026-07-13,3,false
2540858,8323 A 12th Ave NW,98117,Townhouse,2026-08-07,2026-09-21,2026-09-21,849995,849995,2026-08-06,46,Active,,,0,true
2540865,205 27th Ave S #205,98144,Townhouse,2026-06-18,2026-09-21,2026-09-21,798000,748000,2026-06-17,96,Active,2026-09-09,2026-09-09,1,true
2540946,2345 N 130th St,98133,Single Family,2026-06-18,2026-09-21,2026-09-21,1100000,875000,2026-06-17,96,Active,2026-08-28,2026-07-05,4,true
2541141,4529 E Laurel Dr NE,98105,Single Family,2026-07-05,2026-09-21,2026-09-21,2625000,2625000,2026-06-18,95,Active,,,0,false
2541143,5757 64th Ave NE,98105,Single Family,2026-07-05,2026-09-21,2026-09-19,3195000,3050000,2026-06-18,95,Active Under Contract,2026-07-22,2026-07-22,1,false
2541256,5739 25th Ave NE,98105,Single Family,2026-06-18,2026-09-21,2026-09-21,2329950,2269950,2026-06-17,96,Active,2026-08-08,2026-08-08,1,true
2541437,11212 Greenwood Ave N Unit B,98133,Townhouse,2026-06-18,2026-09-21,2026-09-21,610000,585000,2026-06-17,95,Active,2026-07-17,2026-07-17,1,true
2541580,408 Aloha St,98109,Townhouse,2026-06-18,2026-09-21,2026-09-21,1600000,1525000,2026-06-17,96,Active,2026-09-09,2026-08-13,2,true
2541623,1406 N Northgate Way Unit B,98133,Townhouse,2026-06-18,2026-09-21,2026-09-21,595000,575000,2026-06-17,95,Active,2026-07-13,2026-07-13,1,true
2541630,8257 Interlake Ave N,98103,Single Family,2026-07-05,2026-09-21,2026-09-21,795000,795000,2026-06-23,90,Active,,,0,false
2541637,2769 59th Ave SW Unit B,98116,Townhouse,2026-06-18,2026-09-21,2026-09-21,1100000,1100000,2026-06-17,95,Active,,,0,true
2541786,1443 22nd Ave,98122,Single Family,2026-07-05,2026-09-21,2026-09-21,1498000,1350000,2026-06-18,95,Active,2026-09-05,2026-07-25,2,false
2541794,2106 NE 85th St Unit E,98115,Townhouse,2026-07-05,2026-09-21,2026-09-21,760000,719000,2026-06-24,89,Active,2026-08-22,2026-08-05,2,false
2541910,1302 30th Ave S,98144,Townhouse,2026-07-05,2026-09-21,2026-09-21,899000,799000,2026-06-18,95,Active,2026-09-12,2026-07-18,3,false
2542084,6715 Delridge Way SW,98106,Single Family,2026-07-05,2026-09-21,2026-09-21,950000,950000,2026-06-25,88,Active,,,0,false
2542089,6526 34th Ave NE Unit B,98115,Townhouse,2026-07-05,2026-09-21,2026-09-21,875000,825000,2026-06-18,95,Active,2026-08-20,2026-07-15,2,false
2542205,618 37th Ave,98122,Single Family,2026-07-05,2026-09-21,2026-09-21,2379000,2379000,2026-06-18,95,Active,,,0,false
2542307,5050 50th Ave SW,98136,Single Family,2026-06-18,2026-09-21,2026-09-21,650000,650000,2026-06-17,81,Active,,,0,true
2542378,108 29th Ave E,98112,Single Family,2026-07-05,2026-09-21,2026-09-21,779950,779950,2026-06-24,89,Active,,,0,false
2542417,2805 S Charles St S,98144,Townhouse,2026-07-05,2026-09-21,2026-09-21,799950,799950,2026-06-18,95,Active,,,0,false
2542534,3035 A 21st Ave W,98199,Townhouse,2026-07-05,2026-09-21,2026-09-21,897000,897000,2026-06-19,94,Active,,,0,false
2542605,3613 40th Ave W,98199,Single Family,2026-07-05,2026-09-21,2026-09-21,1425000,1385000,2026-06-25,88,Active,2026-08-08,2026-07-28,2,false
2542641,2414 SW Holden St Unit B,98106,Townhouse,2026-07-05,2026-09-21,2026-09-21,565000,565000,2026-06-18,95,Active,,,0,false
2542713,2401 N Northlake Way Unit E7,98103,Single Family,2026-07-05,2026-09-21,2026-09-21,340000,299000,2026-06-23,90,Active,2026-08-07,2026-07-24,2,false
2542925,612 N 45th St Unit C,98103,Townhouse,2026-07-05,2026-09-21,2026-09-21,769500,750000,2026-06-19,94,Active,2026-08-29,2026-08-29,1,false
2543023,1729 34th Ave,98122,Single Family,2026-07-05,2026-09-21,2026-09-21,2495000,2495000,2026-07-01,82,Active,,,0,false
2543084,5033 12th Ave NE Unit B,98105,Townhouse,2026-07-05,2026-09-21,2026-09-21,620000,599950,2026-06-19,94,Active,2026-08-17,2026-08-17,1,false
2543132,4411 50th Ave SW,98116,Single Family,2026-07-05,2026-09-21,2026-09-21,850000,800000,2026-06-19,87,Active,2026-08-13,2026-07-17,2,false
2543147,1019 California Ln SW,98116,Single Family,2026-07-05,2026-09-21,2026-09-21,6975000,6975000,2026-06-20,93,Active,,,0,false
2543235,337 N 105th St Unit A,98133,Townhouse,2026-07-05,2026-09-21,2026-09-21,599000,599000,2026-06-19,64,Active,,,0,false
2543266,3128 Franklin Ave E Unit B,98102,Single Family,2026-07-05,2026-09-21,2026-09-21,1000000,1000000,2026-06-29,84,Active,,,0,false
2543281,422 10th Ave E Unit F,98102,Townhouse,2026-07-13,2026-09-21,2026-09-21,849950,825000,2026-07-08,76,Active,2026-09-02,2026-08-08,2,false
2543442,1017 California Ln SW,98116,Single Family,2026-07-05,2026-09-21,2026-09-21,6395000,6395000,2026-06-20,93,Active,,,0,false
2543495,3333 43rd Ave NE,98105,Single Family,2026-07-13,2026-09-21,2026-09-21,4850000,4850000,2026-07-08,76,Active,,,0,false
2543663,3636 13th Ave W Unit A,98119,Townhouse,2026-07-05,2026-09-21,2026-09-21,855000,835000,2026-06-23,90,Active,2026-08-27,2026-08-27,1,false
2543948,4460 Midvale Ave N,98103,Townhouse,2026-07-05,2026-09-21,2026-09-21,1610250,1425000,2026-06-22,91,Active,2026-07-18,2026-07-13,2,false
2544104,5508 31st Ave NE,98105,Single Family,2026-07-05,2026-09-21,2026-09-21,1249000,1145000,2026-06-23,90,Active,2026-09-11,2026-07-17,3,false
2544229,209 12th Ave E,98102,Single Family,2026-07-05,2026-09-21,2026-09-21,1749000,1749000,2026-06-22,91,Active,,,0,false
2544249,4611 34th Ave W,98199,Single Family,2026-07-16,2026-09-21,2026-09-21,1025000,997000,2026-07-08,75,Active,2026-09-12,2026-09-12,1,false
2544300,4030 26th Ave W,98199,Single Family,2026-07-05,2026-09-21,2026-09-21,1525000,1450000,2026-06-25,88,Active,2026-08-19,2026-07-18,2,false
2544445,10306 Midvale Ave N Unit A,98133,Townhouse,2026-07-05,2026-09-21,2026-09-21,729950,729950,2026-06-25,88,Active,,,0,false
2544601,8216 Interlake Ave N,98103,Single Family,2026-07-05,2026-09-21,2026-09-21,1230000,1195000,2026-06-23,90,Active,2026-07-13,2026-07-13,1,false
2544628,604 NW 77th St Unit D,98117,Townhouse,2026-07-05,2026-09-21,2026-09-21,735000,714990,2026-06-24,89,Active,2026-09-18,2026-08-19,2,false
2544819,1712 NW 58th St Unit B,98107,Townhouse,2026-09-12,2026-09-21,2026-09-21,755000,755000,2026-09-11,,First Look,,,0,true
2544992,3007 NW 56th St,98107,Townhouse,2026-07-05,2026-09-21,2026-09-21,825000,825000,2026-06-25,88,Active,,,0,false
2545365,2815 24th Ave S,98144,Townhouse,2026-07-05,2026-09-21,2026-09-21,649950,585950,2026-07-01,82,Active,2026-09-18,2026-07-13,3,false
2545366,2609 B SW Adams St,98126,Single Family,2026-07-05,2026-09-21,2026-09-21,617000,599000,2026-06-25,88,Active,2026-08-04,2026-08-04,1,false
2545388,14338 Ashworth Ave N Unit B,98133,Single Family,2026-07-05,2026-09-21,2026-09-21,593000,550000,2026-06-24,89,Active,2026-09-01,2026-07-18,4,false
2545415,8738 B 13th Ave NW,98117,Single Family,2026-07-23,2026-09-21,2026-09-21,509000,509000,2026-06-26,87,Active,,,0,false
2545487,3908 NE 38th St,98105,Single Family,2026-07-05,2026-09-21,2026-09-21,3150000,3150000,2026-06-25,88,Active,,,0,false
2545542,5426 Green Lake Way N,98103,Single Family,2026-07-05,2026-09-21,2026-09-21,1200000,1050000,2026-06-25,88,Active,2026-09-11,2026-07-28,3,false
2545601,6325 S Eddy Ct,98118,Single Family,2026-07-13,2026-09-21,2026-09-21,749950,649950,2026-07-07,77,Active,2026-08-21,2026-07-24,2,false
2545746,10215 Evanston Ave N #2,98133,Single Family,2026-07-05,2026-09-21,2026-09-21,785000,750000,2026-06-25,88,Active,2026-08-14,2026-08-14,1,false
2546306,10818 31st Ave SW,98146,Single Family,2026-07-05,2026-09-21,2026-09-21,1025000,949000,2026-06-25,56,Active,2026-09-05,2026-07-13,2,false
2546364,1117 W Blaine St,98119,Single Family,2026-07-05,2026-09-21,2026-09-21,1360000,1300000,2026-06-27,86,Active,2026-07-25,2026-07-25,1,false
2546417,715 27th Ave,98122,Single Family,2026-07-05,2026-09-21,2026-09-21,950000,950000,2026-06-26,87,Active,,,0,false
2546579,7337 Jones Ave NW,98117,Single Family,2026-07-05,2026-09-21,2026-09-21,1400000,1330000,2026-07-02,81,Active,2026-08-06,2026-08-06,1,true
2546665,5040 35th Ave SW,98126,Single Family,2026-07-05,2026-09-21,2026-09-21,850000,825000,2026-06-27,86,Active,2026-09-12,2026-09-12,1,false
2546765,2852 SW Nevada St,98126,Single Family,2026-07-13,2026-09-21,2026-09-21,630000,579988,2026-07-09,75,Active,2026-08-05,2026-07-22,2,false
2546828,4317 35th Ave W,98199,Townhouse,2026-07-05,2026-09-21,2026-09-21,1195000,1195000,2026-06-26,87,Active,,,0,false
2547038,9231 26th Ave SW,98106,Single Family,2026-07-05,2026-09-21,2026-09-21,645000,615000,2026-06-27,75,Active,2026-08-19,2026-08-19,1,false
2547136,6313 9th Ave NE Unit A,98115,Townhouse,2026-07-05,2026-09-21,2026-09-21,665000,665000,2026-07-01,82,Active,,,0,false
2547142,610 N 125th St,98133,Single Family,2026-07-16,2026-09-21,2026-09-21,925000,829000,2026-07-15,67,Active,2026-09-11,2026-07-31,3,true
2547144,9520 2nd Ave NW,98117,Single Family,2026-07-05,2026-09-21,2026-09-21,725000,699000,2026-06-28,85,Active,2026-07-23,2026-07-23,1,false
2547160,3636 Greenwood Ave N Unit A,98103,Townhouse,2026-07-05,2026-09-21,2026-09-21,1097000,998950,2026-06-29,84,Active,2026-07-29,2026-07-29,1,false
2547168,3834 California Ave SW,98116,Townhouse,2026-07-17,2026-09-21,2026-09-21,1100000,1100000,2026-07-16,67,Active,,,0,true
2547195,7703 11 Ave SW,98106,Townhouse,2026-07-05,2026-09-21,2026-09-21,549999,499999,2026-06-29,84,Active,2026-09-09,2026-08-09,2,false
2547204,501 23rd Ave S Unit C3,98144,Townhouse,2026-07-05,2026-09-21,2026-09-21,630000,570000,2026-06-29,84,Active,2026-09-16,2026-08-09,2,false
2547264,8765 15th Ave NW,98117,Single Family,2026-07-13,2026-09-21,2026-09-21,975000,950000,2026-07-08,76,Active,2026-09-14,2026-09-14,1,false
2547455,4464 Midvale Ave N,98103,Townhouse,2026-07-13,2026-09-21,2026-09-21,1595000,1595000,2026-07-09,75,Active,,,0,false
2547509,8255 30th Ave NE,98115,Single Family,2026-07-05,2026-09-21,2026-09-21,950000,950000,2026-06-30,83,Active,,,0,false
2547949,2902 S Jackson St,98144,Single Family,2026-07-23,2026-09-21,2026-09-21,1199999,1199999,2026-07-22,50,Active,,,0,true
2548207,440 13th Ave,98122,Townhouse,2026-07-05,2026-09-21,2026-09-21,1190000,1190000,2026-07-01,82,Active,,,0,false
2548250,2539 S Graham,98108,Single Family,2026-07-13,2026-09-21,2026-09-21,910000,850000,2026-07-10,74,Active,2026-08-30,2026-07-18,3,true
2548363,101 Prospect St,98109,Single Family,2026-07-13,2026-09-21,2026-09-21,3750000,3750000,2026-07-10,74,Active,,,0,true
2548561,9815 Linden Ave N,98103,Townhouse,2026-07-05,2026-09-21,2026-09-21,1075000,999950,2026-07-01,75,Active,2026-08-05,2026-08-05,1,false
2548636,9813 Linden Ave N,98103,Townhouse,2026-07-05,2026-09-21,2026-09-21,665000,665000,2026-07-01,82,Active,,,0,false
2548722,5018 28th Ave S,98108,Single Family,2026-07-13,2026-09-21,2026-09-21,1050000,995000,2026-07-07,77,Active,2026-08-20,2026-08-04,2,false
2548781,3517 43rd Ave NE,98105,Single Family,2026-09-03,2026-09-21,2026-09-21,10950000,10950000,2026-09-02,18,Active,,,0,true
2548844,2137 N 128TH St,98133,Single Family,2026-07-13,2026-09-21,2026-09-21,1595000,1595000,2026-07-08,76,Active,,,0,false
2548890,6534 19th Ave NE,98115,Single Family,2026-08-05,2026-09-21,2026-09-21,1335000,1280000,2026-08-04,47,Active,2026-09-04,2026-08-18,2,true
2548922,1155 NW 58th St,98107,Townhouse,2026-07-05,2026-09-21,2026-09-21,996950,996950,2026-07-02,81,Active,,,0,true
2548950,1518 NE 86th St,98115,Single Family,2026-09-04,2026-09-21,2026-09-21,488600,448400,2026-09-03,18,Active,2026-09-18,2026-09-18,1,true
2548957,906 B 28th Ave S,98144,Townhouse,2026-07-05,2026-09-21,2026-09-21,739950,739950,2026-07-02,81,Active,,,0,true
2548968,1127 C 10th Ave E,98102,Townhouse,2026-07-05,2026-09-21,2026-09-21,1195900,1195900,2026-07-02,81,Active,,,0,true
2549043,4333 32nd Ave W,98199,Single Family,2026-07-05,2026-09-21,2026-09-21,1092000,985000,2026-07-02,81,Active,2026-07-28,2026-07-28,1,true
2549054,2707 SW Sylvan Heights Dr,98106,Townhouse,2026-07-13,2026-09-21,2026-09-21,610000,610000,2026-07-09,75,Active,,,0,false
2549060,1318 Lake Washington Blvd S,98144,Single Family,2026-07-22,2026-09-21,2026-09-21,2275000,2100000,2026-07-20,63,Active,2026-09-19,2026-08-27,2,true
2549131,5206 Delridge Way SW Unit B,98106,Townhouse,2026-07-15,2026-09-21,2026-09-21,825000,799000,2026-07-14,69,Active,2026-08-29,2026-08-29,1,true
2549165,4720 Interlake Ave N,98103,Townhouse,2026-07-16,2026-09-21,2026-09-21,875000,875000,2026-07-15,68,Active,,,0,true
2549174,223 NE 75th St,98115,Townhouse,2026-07-13,2026-09-21,2026-09-21,949000,899000,2026-07-08,76,Active,2026-09-11,2026-07-25,2,false
2549333,4113 Chilberg Ave SW Unit B,98116,Townhouse,2026-07-13,2026-09-21,2026-09-21,995000,949950,2026-07-10,74,Active,2026-08-27,2026-08-27,1,true
2549372,1510 A NW 59th St,98107,Townhouse,2026-07-13,2026-09-21,2026-09-21,1200000,1150000,2026-07-07,77,Active,2026-09-15,2026-09-15,1,false
2549486,3415 24th Ave W,98199,Single Family,2026-07-13,2026-09-21,2026-09-21,1090000,1090000,2026-07-08,45,Active,,,0,false
2549818,4516 Dayton Ave N,98103,Townhouse,2026-07-13,2026-09-21,2026-09-21,620000,564900,2026-07-10,74,Active,2026-09-20,2026-07-24,4,true
2549853,1935 Parkside Dr E,98112,Single Family,2026-07-13,2026-09-21,2026-09-21,8500000,7950000,2026-07-08,76,Active,2026-09-17,2026-09-17,1,false
2550076,5307 16th Ave S,98108,Single Family,2026-07-18,2026-09-21,2026-09-21,495000,475000,2026-07-13,70,Active,2026-09-03,2026-09-03,1,false
2550084,1208 NE Northgate Way,98125,Single Family,2026-07-13,2026-09-21,2026-09-21,724950,699950,2026-07-09,75,Active,2026-08-14,2026-08-14,1,false
2550162,13237 8th Ave NW,98177,Single Family,2026-07-17,2026-09-21,2026-09-21,2250000,2200000,2026-07-16,67,Active,2026-09-03,2026-08-11,2,true
2550387,3903 SW Dakota St,98116,Single Family,2026-07-24,2026-09-21,2026-09-21,950000,839000,2026-07-07,76,Active,2026-09-11,2026-08-04,3,false
2550541,209 27th Ave E Unit B,98112,Townhouse,2026-07-13,2026-09-21,2026-09-21,975000,975000,2026-07-10,74,Active,,,0,true
2550642,3645 22nd Ave W Unit G,98199,Townhouse,2026-07-13,2026-09-21,2026-09-21,750000,725000,2026-07-11,73,Active,2026-09-20,2026-07-22,2,true
2550653,4736 Delridge Way SW Unit B,98106,Townhouse,2026-07-13,2026-09-21,2026-09-21,450000,425000,2026-07-08,71,Active,2026-08-07,2026-08-07,1,false
2550801,9423 Roosevelt Way NE,98115,Single Family,2026-07-13,2026-09-21,2026-09-21,875000,775000,2026-07-09,75,Active,2026-09-18,2026-07-24,4,false
2550829,8505 21st Ave NW,98117,Single Family,2026-07-13,2026-09-21,2026-09-21,1995000,1895000,2026-07-11,73,Active,2026-09-04,2026-09-04,1,true
2550998,3410 37th Ave SW,98126,Single Family,2026-07-26,2026-09-21,2026-09-21,725000,699000,2026-07-21,62,Active,2026-08-18,2026-08-18,1,false
2551066,8442 26th Ave SW Unit A,98106,Townhouse,2026-07-13,2026-09-21,2026-09-21,450000,440000,2026-07-09,75,Active,2026-07-31,2026-07-31,1,false
2551105,1225 9th Ave W,98119,Single Family,2026-07-13,2026-09-21,2026-09-21,1828000,1695000,2026-07-09,60,Active,2026-09-17,2026-09-17,1,false
2551263,3451 12th Ave W,98119,Single Family,2026-08-28,2026-09-21,2026-09-21,2468888,2399000,2026-08-27,25,Active,2026-09-11,2026-09-11,1,true
2551279,1130 NW 57th St,98107,Single Family,2026-07-13,2026-09-21,2026-09-21,1195000,1195000,2026-07-10,74,Active,,,0,true
2551299,2609 SW Nevada St,98126,Townhouse,2026-07-13,2026-09-21,2026-09-21,659000,635000,2026-07-10,74,Active,2026-09-18,2026-07-31,2,true
2551406,8848 13th Ave SW,98106,Single Family,2026-07-13,2026-09-21,2026-09-21,539000,525000,2026-07-10,74,Active,2026-09-11,2026-09-11,1,true
2551472,6538 11th Ave NW #1,98117,Single Family,2026-07-13,2026-09-21,2026-09-21,1950000,1795000,2026-07-11,56,Active,2026-09-12,2026-09-12,1,true
2551492,2612 1st Ave N,98109,Single Family,2026-07-13,2026-09-21,2026-09-21,2100000,2049000,2026-07-10,74,Active,2026-08-12,2026-08-12,1,true
2551537,1021 McGilvra Blvd E,98112,Single Family,2026-08-06,2026-09-21,2026-09-21,2595000,2495000,2026-08-05,47,Active,2026-08-26,2026-08-26,1,true
2551556,5423 31st Ave SW,98126,Single Family,2026-07-17,2026-09-21,2026-09-21,819000,779000,2026-07-16,67,Active,2026-09-09,2026-08-13,2,true
2551577,9802 35th Ave SW,98126,Single Family,2026-08-15,2026-09-21,2026-09-21,579950,500000,2026-08-14,38,Active,2026-09-19,2026-08-25,3,true
2551590,5621 Brooklyn Ave NE,98105,Single Family,2026-07-13,2026-09-21,2026-09-21,735000,729500,2026-07-11,73,Active,2026-08-08,2026-08-08,1,true
2551593,4729 Mount View Dr S,98108,Single Family,2026-07-13,2026-09-21,2026-09-21,898000,898000,2026-07-09,75,Active,,,0,false
2551796,3638 Greenwood Ave N Unit B,98103,Townhouse,2026-07-13,2026-09-21,2026-09-21,1176000,1176000,2026-07-10,74,Active,,,0,true
2551831,3004 SW Barton St,98126,Single Family,2026-07-13,2026-09-21,2026-09-21,915000,823000,2026-07-09,75,Active,2026-09-11,2026-07-30,4,false
2551918,6538 11th Ave NW #2,98117,Single Family,2026-07-13,2026-09-21,2026-09-21,725000,650000,2026-07-11,56,Active,2026-09-12,2026-09-12,1,true
2551948,1218 3rd Ave W,98119,Single Family,2026-07-13,2026-09-21,2026-09-21,2975000,2875000,2026-07-11,29,Active,2026-09-11,2026-09-11,1,true
2551951,2144 N Westlake Ave N Unit 01DO7,98109,Single Family,2026-07-13,2026-09-21,2026-09-21,700000,700000,2026-07-09,75,Active,,,0,false
2551977,5520 Brooklyn Ave NE,98105,Single Family,2026-07-13,2026-09-21,2026-09-21,2300000,2300000,2026-07-10,74,Active,,,0,true
2552112,3812 SW Morgan St,98126,Single Family,2026-07-16,2026-09-21,2026-09-21,710000,685000,2026-07-09,74,Active,2026-09-18,2026-09-18,1,false
2552182,512 N 92nd St,98103,Single Family,2026-07-13,2026-09-21,2026-09-21,664000,664000,2026-07-11,73,Active,,,0,true
2552277,4322 NE 43rd St,98105,Single Family,2026-07-13,2026-09-21,2026-09-21,1849000,1699000,2026-07-10,74,Active,2026-09-19,2026-08-07,2,true
2552297,1701 33rd Ave,98122,Single Family,2026-07-13,2026-09-21,2026-09-21,2650000,2399000,2026-07-11,73,Active,2026-09-16,2026-08-14,2,true
2552329,512 NW 44th St,98107,Single Family,2026-07-13,2026-09-21,2026-09-21,1092499,999999,2026-07-10,74,Active,2026-09-18,2026-07-24,3,true
2552414,210 20th Ave S,98144,Townhouse,2026-07-13,2026-09-21,2026-09-21,785000,749000,2026-07-10,74,Active,2026-08-02,2026-08-02,1,true
2552425,2043 C 13th Ave W,98119,Townhouse,2026-07-13,2026-09-21,2026-09-21,850000,799000,2026-07-10,74,Active,2026-09-16,2026-08-07,2,true
2552433,6759 41st Ave SW,98136,Single Family,2026-07-13,2026-09-21,2026-09-21,2100000,1950000,2026-07-11,73,Active,2026-08-24,2026-08-24,1,true
2552524,6714 Mary Ave NW Unit A,98117,Townhouse,2026-07-13,2026-09-21,2026-09-21,917000,875000,2026-07-12,72,Active,2026-09-19,2026-08-19,2,true
2552626,5051 35th Ave SW,98126,Single Family,2026-07-13,2026-09-21,2026-09-21,749950,699000,2026-07-11,73,Active,2026-09-16,2026-08-01,2,true
2552667,1536 Sturgus Ave S,98144,Single Family,2026-07-17,2026-09-21,2026-09-21,830000,830000,2026-07-16,67,Active,,,0,true
2552757,7016 California Ave SW Unit E,98136,Townhouse,2026-07-17,2026-09-21,2026-09-21,795000,795000,2026-07-16,67,Active,,,0,true
2552840,5039 41st Ave SW #1,98136,Townhouse,2026-07-13,2026-09-21,2026-09-21,1249800,1198800,2026-07-11,73,Active,2026-09-18,2026-09-18,1,true
2552879,2518 36th Ave W,98199,Single Family,2026-07-13,2026-09-21,2026-09-21,1295000,1295000,2026-07-11,73,Active,,,0,true
2552939,424 35th Ave S,98144,Single Family,2026-07-17,2026-09-21,2026-09-21,1824000,1749000,2026-07-16,67,Active,2026-09-11,2026-09-11,1,true
2553213,1515 28th Ave W,98199,Single Family,2026-08-01,2026-09-21,2026-09-21,2550000,2550000,2026-07-31,52,Active,,,0,true
2553221,1706 B N 47th St,98103,Townhouse,2026-07-22,2026-09-21,2026-09-21,1128000,1098000,2026-07-20,63,Active,2026-09-04,2026-09-04,1,true
2553284,333 N 90th St,98103,Townhouse,2026-07-22,2026-09-21,2026-09-21,825000,799000,2026-07-21,62,Active,2026-08-23,2026-08-23,1,true
2553316,3025 62nd Ave SW,98116,Single Family,2026-07-16,2026-09-21,2026-09-21,1089000,1089000,2026-07-15,68,Active,,,0,true
2553338,3032 NE Blakeley St,98105,Single Family,2026-07-13,2026-09-21,2026-09-21,2339800,2339800,2026-07-12,72,Active,,,0,true
2553372,4105 25th Ave SW,98106,Townhouse,2026-07-13,2026-09-21,2026-09-21,685000,685000,2026-07-12,72,Active,,,0,true
2553448,2342 NW 98th St,98117,Single Family,2026-07-23,2026-09-21,2026-09-21,1225000,1185000,2026-07-22,61,Active,2026-08-13,2026-08-13,1,true
2553485,945 NW 56th St,98107,Townhouse,2026-07-17,2026-09-21,2026-09-21,709995,699995,2026-07-16,67,Active,2026-08-21,2026-08-21,1,true
2553580,114 Queen Anne Dr,98109,Single Family,2026-07-13,2026-09-21,2026-09-21,1495000,1399000,2026-07-13,71,Active,2026-08-07,2026-08-07,1,true
2553653,11123 34th Pl SW,98146,Single Family,2026-07-15,2026-09-21,2026-09-21,1125000,1110000,2026-07-14,56,Active,2026-09-17,2026-09-17,1,true
2553710,14405 3rd Ave NW,98177,Single Family,2026-07-15,2026-09-21,2026-09-21,4590000,4590000,2026-07-14,69,Active,,,0,true
2553736,725 Harvard Ave E,98102,Townhouse,2026-07-13,2026-09-21,2026-09-21,2750000,2750000,2026-07-13,70,Active,,,0,true
2553913,4514 A Corliss Ave N,98103,Townhouse,2026-07-24,2026-09-21,2026-09-21,1274900,1249900,2026-07-23,60,Active,2026-09-02,2026-09-02,1,true
2553977,916 NW 56th St Unit G,98107,Townhouse,2026-07-17,2026-09-21,2026-09-21,756000,756000,2026-07-16,67,Active,,,0,true
2554012,13729 Stone Ave N,98133,Single Family,2026-07-13,2026-09-21,2026-09-21,695000,650000,2026-07-13,70,Active,2026-08-27,2026-08-27,1,true
2554176,2364 Hobart Ave SW,98116,Single Family,2026-07-16,2026-09-21,2026-09-21,1325000,1250000,2026-07-15,67,Active,2026-09-16,2026-07-23,3,true
2554280,7336 27th Ave NW,98117,Townhouse,2026-07-24,2026-09-21,2026-09-21,1258950,1197275,2026-07-23,60,Active,2026-09-18,2026-09-18,1,true
2554309,7511 41st Ave NE,98115,Single Family,2026-07-15,2026-09-21,2026-09-21,1994000,1994000,2026-07-14,69,Active,,,0,true
2554337,4319 NE 44th St,98105,Single Family,2026-07-17,2026-09-21,2026-09-21,2125000,1895950,2026-07-16,67,Active,2026-08-22,2026-08-07,2,true
2554369,2109 38th Ave E,98112,Single Family,2026-07-22,2026-09-21,2026-09-21,3399950,3100000,2026-07-21,62,Active,2026-09-04,2026-09-04,1,true
2554403,5515 C 9th Ave NW,98107,Townhouse,2026-09-11,2026-09-21,2026-09-21,659950,659950,2026-09-09,12,Active,,,0,true
2554500,122 NW 103rd St,98177,Single Family,2026-07-16,2026-09-21,2026-09-21,560000,560000,2026-07-15,63,Active,,,0,true
2554556,3924 Linden Ave N Unit E,98103,Townhouse,2026-07-22,2026-09-21,2026-09-21,749950,725000,2026-07-20,63,Active,2026-08-18,2026-08-18,1,true
2554607,14301 Meridian Ave N,98133,Single Family,2026-07-22,2026-09-21,2026-09-21,594950,529000,2026-07-20,54,Active,2026-09-01,2026-08-15,2,true
2554701,431 26th Ave E,98112,Single Family,2026-07-15,2026-09-21,2026-09-21,2795000,2795000,2026-07-14,69,Active,,,0,true
2554879,3209 NE 94th St,98115,Single Family,2026-07-16,2026-09-21,2026-09-21,2300000,2250000,2026-07-15,68,Active,2026-09-19,2026-09-19,1,true
2554886,7776 Highland Park Way SW Unit A,98106,Single Family,2026-07-17,2026-09-21,2026-09-21,875000,875000,2026-07-16,67,Active,,,0,true
2554914,310 21st Ave Unit A,98122,Townhouse,2026-07-15,2026-09-21,2026-09-21,750000,740000,2026-07-14,68,Active,2026-09-12,2026-09-12,1,true
2554979,12042 14th Ave NE,98125,Single Family,2026-07-18,2026-09-21,2026-09-21,845000,795000,2026-07-17,66,Active,2026-08-28,2026-08-06,2,true
2555174,3028 SW Avalon Way Unit B,98126,Townhouse,2026-07-17,2026-09-21,2026-09-21,700000,700000,2026-07-16,67,Active,,,0,true
2555195,3046 SW Manning St,98126,Single Family,2026-07-17,2026-09-21,2026-09-21,1450000,1398000,2026-07-16,67,Active,2026-08-20,2026-08-20,1,true
2555374,9811 Linden Ave N,98103,Single Family,2026-07-16,2026-09-21,2026-09-21,699999,699999,2026-07-15,68,Active,,,0,true
2555412,3116 Queen Anne Ave N,98119,Townhouse,2026-07-16,2026-09-21,2026-09-21,1099950,1099950,2026-07-15,68,Active,,,0,true
2555426,8903 3rd Ave NW,98117,Single Family,2026-07-16,2026-09-21,2026-09-21,1282500,1249900,2026-07-15,66,Active,2026-09-02,2026-09-02,1,true
2555504,8504 29th Ave NW,98117,Townhouse,2026-07-17,2026-09-21,2026-09-21,750000,750000,2026-07-16,67,Active,,,0,true
2555534,3909 SW Stevens St,98116,Single Family,2026-07-17,2026-09-21,2026-09-21,1074989,1034533,2026-07-16,67,Active,2026-08-29,2026-08-09,2,true
2555559,3608 1st Ave NW Unit A,98107,Townhouse,2026-09-11,2026-09-21,2026-09-21,950000,950000,2026-09-10,11,Active,,,0,true
2555611,4809 Delridge Way SW Unit A,98106,Townhouse,2026-07-17,2026-09-21,2026-09-21,640000,640000,2026-07-16,67,Active,,,0,true
2555622,2456 55th Ave SW,98116,Townhouse,2026-07-17,2026-09-21,2026-09-21,1149000,1149000,2026-07-16,66,Active,,,0,true
2555640,2454 55th Ave SW Unit A,98116,Townhouse,2026-07-23,2026-09-21,2026-09-21,1099000,1099000,2026-07-22,60,Active,,,0,true
2555672,1225 E Jefferson St,98122,Single Family,2026-07-17,2026-09-21,2026-09-21,1250000,1250000,2026-07-16,67,Active,,,0,true
2555722,6340 NE Windermere Rd,98105,Single Family,2026-07-18,2026-09-21,2026-09-21,5400000,5298000,2026-07-17,66,Active,2026-09-05,2026-09-05,1,true
2555840,4420 Midvale Ave N,98103,Townhouse,2026-07-17,2026-09-21,2026-09-21,896900,896900,2026-07-16,67,Active,,,0,true
2555849,9219 26th Ave SW,98106,Single Family,2026-07-17,2026-09-21,2026-09-21,719500,729500,2026-07-16,65,Active,2026-09-13,2026-09-13,1,true
2555945,532 W Barrett St,98119,Single Family,2026-07-17,2026-09-21,2026-09-21,999900,999900,2026-07-16,67,Active,,,0,true
2555960,9201 36 Ave S,98118,Single Family,2026-07-18,2026-09-21,2026-09-21,639000,594000,2026-07-17,66,Active,2026-09-14,2026-08-15,2,true
2556103,340 NW 137th St,98177,Single Family,2026-07-18,2026-09-21,2026-09-21,2750000,2750000,2026-07-17,66,Active,,,0,true
2556121,10331 Ashworth Ave N,98133,Townhouse,2026-07-17,2026-09-21,2026-09-21,729000,729000,2026-07-16,67,Active,,,0,true
2556123,3152 NE 82nd St,98115,Single Family,2026-07-18,2026-09-21,2026-09-21,1349950,1299950,2026-07-17,66,Active,2026-08-29,2026-08-29,1,true
2556141,2652 NW 57th St,98107,Single Family,2026-08-01,2026-09-21,2026-09-21,1449950,1399950,2026-07-31,52,Active,2026-09-11,2026-09-11,1,true
2556145,2706 S Judkins St,98144,Single Family,2026-07-23,2026-09-21,2026-09-21,789000,724950,2026-07-22,61,Active,2026-09-03,2026-08-15,2,true
2556234,4222 Linden Ave N,98103,Single Family,2026-07-17,2026-09-21,2026-09-21,990000,990000,2026-07-16,67,Active,,,0,true
2556324,151 NE 115th St,98125,Single Family,2026-07-18,2026-09-21,2026-09-21,950000,950000,2026-07-17,66,Active,,,0,true
2556372,3806 35th Ave W Unit 1,98199,Single Family,2026-07-18,2026-09-21,2026-09-21,599000,535000,2026-07-17,66,Active,2026-08-13,2026-08-13,1,true
2556396,3228 SW 97th St,98126,Single Family,2026-09-12,2026-09-21,2026-09-21,676000,669950,2026-09-11,10,Active,2026-09-18,2026-09-18,1,true
2556420,371 W Olympic Pl,98119,Townhouse,2026-08-01,2026-09-21,2026-09-21,1250000,1250000,2026-07-31,52,Active,,,0,true
2556427,516 W Howe St,98119,Single Family,2026-07-19,2026-09-21,2026-09-19,695000,695000,2026-07-18,65,Active Under Contract,,,0,true
2556475,9229 17th Ave SW Unit A,98106,Townhouse,2026-07-24,2026-09-21,2026-09-21,595000,580000,2026-07-23,60,Active,2026-08-29,2026-08-29,1,true
2556488,1110 NW 70th St,98117,Single Family,2026-07-18,2026-09-21,2026-09-21,599000,599000,2026-07-17,66,Active,,,0,true
2556514,5201 NE 43rd Ave,98105,Single Family,2026-07-24,2026-09-21,2026-09-21,2900000,2900000,2026-07-23,60,Active,,,0,true
2556550,1601 E Alder St,98122,Single Family,2026-07-23,2026-09-21,2026-09-21,1450000,1450000,2026-07-22,61,Active,,,0,true
2556584,4054 54th Ave SW,98116,Single Family,2026-07-25,2026-09-21,2026-09-21,1230000,1195000,2026-07-24,59,Active,2026-08-11,2026-08-11,1,true
2556900,2414 Queen Anne Ave N,98119,Townhouse,2026-07-22,2026-09-21,2026-09-21,1299950,1249950,2026-07-20,63,Active,2026-09-12,2026-09-12,1,true
2556901,2412 Queen Anne Ave N,98119,Townhouse,2026-07-22,2026-09-21,2026-09-21,899950,849950,2026-07-20,63,Active,2026-08-22,2026-08-22,1,true
2556931,6573 NE Windermere Rd,98105,Single Family,2026-07-25,2026-09-21,2026-09-21,3295000,3295000,2026-07-24,59,Active,,,0,true
2556990,1529 NE 94th St,98115,Single Family,2026-07-24,2026-09-21,2026-09-21,825000,825000,2026-07-23,60,Active,,,0,true
2557004,4049 44th Ave SW,98116,Single Family,2026-07-19,2026-09-21,2026-09-21,1529000,1419000,2026-07-18,65,Active,2026-09-12,2026-08-20,2,true
2557039,2414 B Queen Anne Ave N,98119,Townhouse,2026-08-06,2026-09-21,2026-09-21,814950,799950,2026-08-05,47,Active,2026-08-22,2026-08-22,1,true
2557195,1916 18th Ave S Unit B,98144,Townhouse,2026-07-24,2026-09-21,2026-09-21,546000,539000,2026-07-23,60,Active,2026-08-28,2026-08-28,1,true
2557336,1232 N Northgate Way,98133,Townhouse,2026-08-07,2026-09-21,2026-09-21,645000,629500,2026-08-06,46,Active,2026-09-11,2026-09-11,1,true
2557339,8020 17th Ave NW,98117,Single Family,2026-07-22,2026-09-21,2026-09-21,1200000,1170000,2026-07-20,63,Active,2026-09-07,2026-09-07,1,true
2557376,1114 29th Ave S Unit A,98144,Townhouse,2026-07-31,2026-09-21,2026-09-21,729950,729950,2026-07-30,53,Active,,,0,true
2557464,830 B 16th Ave,98122,Single Family,2026-07-23,2026-09-21,2026-09-21,1175000,1125000,2026-07-22,61,Active,2026-09-04,2026-09-04,1,true
2557569,10737 3rd Ave NW,98177,Single Family,2026-08-07,2026-09-21,2026-09-21,1099000,1099000,2026-08-06,46,Active,,,0,true
2557664,9215 B 12th Ave NE,98115,Single Family,2026-07-22,2026-09-21,2026-09-21,750000,699900,2026-07-20,63,Active,2026-09-03,2026-09-03,1,true
2557677,9215 12th Ave NE,98115,Single Family,2026-07-28,2026-09-21,2026-09-21,1250000,1175000,2026-07-20,63,Active,2026-09-03,2026-09-03,1,false
2557855,1912 B Ferry Ave SW,98116,Townhouse,2026-07-25,2026-09-21,2026-09-21,1224950,1224950,2026-07-24,59,Active,,,0,true
2557864,7009 9th Ave NE,98115,Townhouse,2026-07-23,2026-09-21,2026-09-21,739950,718000,2026-07-22,61,Active,2026-09-05,2026-09-05,1,true
2557953,4151 23rd Ave SW,98106,Single Family,2026-07-23,2026-09-21,2026-09-21,879000,779000,2026-07-22,61,Active,2026-09-11,2026-08-08,3,true
2557964,952 NW 54th St,98107,Townhouse,2026-07-29,2026-09-21,2026-09-21,799000,799000,2026-07-28,54,Active,,,0,true
2558033,972 NW 54th St,98107,Townhouse,2026-07-29,2026-09-21,2026-09-21,849000,849000,2026-07-28,54,Active,,,0,true
2558048,958 NW 54th St,98107,Townhouse,2026-07-29,2026-09-21,2026-09-21,849000,849000,2026-07-28,55,Active,,,0,true
2558049,1143 NW 57th St,98107,Townhouse,2026-08-08,2026-09-21,2026-09-21,1070000,1070000,2026-08-07,45,Active,,,0,true
2558058,6538 A Latona Ave NE,98115,Townhouse,2026-07-23,2026-09-21,2026-09-21,889950,858000,2026-07-22,61,Active,2026-08-06,2026-08-06,1,true
2558059,1338 California Ave SW,98116,Single Family,2026-07-22,2026-09-21,2026-09-21,888000,888000,2026-07-21,62,Active,,,0,true
2558153,2822 Boyer Ave E #1,98102,Single Family,2026-07-24,2026-09-21,2026-09-21,1525000,1425000,2026-07-23,60,Active,2026-09-17,2026-08-26,2,true
2558211,647 NW 51st St,98107,Single Family,2026-07-23,2026-09-21,2026-09-21,1095000,1095000,2026-07-22,55,Active,,,0,true
2558313,2615 NW 87th St,98117,Townhouse,2026-07-24,2026-09-21,2026-09-21,779950,779950,2026-07-23,60,Active,,,0,true
2558378,2506 W Halladay St,98199,Single Family,2026-07-24,2026-09-21,2026-09-21,3300000,3300000,2026-07-23,60,Active,,,0,true
2558427,714 28th Ave S,98144,Single Family,2026-07-23,2026-09-21,2026-09-21,1299000,1269000,2026-07-22,61,Active,2026-08-29,2026-08-29,1,true
2558439,1928 9th Ave W,98119,Single Family,2026-07-25,2026-09-21,2026-09-21,1299950,1150000,2026-07-24,59,Active,2026-09-17,2026-09-09,2,true
2558472,908 Hiawatha Pl S Unit B,98144,Townhouse,2026-07-30,2026-09-21,2026-09-21,850000,824950,2026-07-29,54,Active,2026-08-14,2026-08-14,1,true
2558494,6704 23rd Ave SW,98106,Single Family,2026-07-24,2026-09-21,2026-09-21,949950,899950,2026-07-23,60,Active,2026-09-05,2026-08-19,2,true
2558528,8527 Interlake Ave N,98103,Townhouse,2026-07-25,2026-09-21,2026-09-21,819900,799900,2026-07-24,59,Active,2026-09-16,2026-09-16,1,true
2558651,2247 NW 64th St,98107,Single Family,2026-07-29,2026-09-21,2026-09-21,1038000,995000,2026-07-28,55,Active,2026-09-11,2026-09-11,1,true
2558669,3310 SW 104th St,98146,Single Family,2026-07-24,2026-09-21,2026-09-21,799999,799999,2026-07-23,54,Active,,,0,true
2558690,1407 29th Ave Unit B,98122,Townhouse,2026-07-23,2026-09-21,2026-09-21,749950,749950,2026-07-22,61,Active,,,0,true
2558897,4902 NE 70th St,98115,Single Family,2026-08-06,2026-09-21,2026-09-21,1790000,1640000,2026-08-05,47,Active,2026-09-15,2026-08-18,2,true
2558900,1467 S Columbian Way,98144,Townhouse,2026-08-05,2026-09-21,2026-09-21,699950,674950,2026-08-04,47,Active,2026-09-03,2026-09-03,1,true
2558925,3222 NE 85th St,98115,Single Family,2026-07-24,2026-09-21,2026-09-21,925000,849000,2026-07-23,57,Active,2026-09-13,2026-08-20,2,true
2559007,3029 Beacon Ave S,98144,Townhouse,2026-07-25,2026-09-21,2026-09-21,749950,739000,2026-07-24,59,Active,2026-08-26,2026-08-26,1,true
2559034,8847 9th Ave SW Unit A,98106,Townhouse,2026-07-23,2026-09-21,2026-09-21,448000,448000,2026-07-22,61,Active,,,0,true
2559345,5617 California Ave SW Unit B,98136,Single Family,2026-07-24,2026-09-21,2026-09-21,950000,950000,2026-07-23,60,Active,,,0,true
2559428,9002 2nd Ave NE,98115,Single Family,2026-07-25,2026-09-21,2026-09-21,700000,675000,2026-07-24,59,Active,2026-08-25,2026-08-25,1,true
2559438,4021 & 4023 W Raye St,98199,Single Family,2026-08-29,2026-09-21,2026-09-21,3900000,3900000,2026-08-28,24,Active,,,0,true
2559514,8605 21st Pl NE Unit Q80,98115,Townhouse,2026-07-24,2026-09-21,2026-09-21,750000,750000,2026-07-23,60,Active,,,0,true
2559515,1852 E Shelby St,98112,Single Family,2026-07-25,2026-09-21,2026-09-21,3750000,3750000,2026-07-24,59,Active,,,0,true
2559560,3407 A NW Market St,98107,Townhouse,2026-07-30,2026-09-21,2026-09-21,1069950,1069950,2026-07-29,54,Active,,,0,true
2559616,4516 B Corliss Ave N,98103,Townhouse,2026-07-25,2026-09-21,2026-09-21,1249900,1224900,2026-07-24,59,Active,2026-09-02,2026-09-02,1,true
2559647,957 N 35th St,98103,Townhouse,2026-07-30,2026-09-21,2026-09-21,1079950,1059950,2026-07-29,54,Active,2026-09-04,2026-09-04,1,true
2559709,727 Belmont Ave E,98102,Townhouse,2026-07-24,2026-09-21,2026-09-21,1275000,1249000,2026-07-23,60,Active,2026-09-11,2026-09-11,1,true
2559765,632 NW 85th St Unit B,98117,Townhouse,2026-07-25,2026-09-21,2026-09-21,857000,845000,2026-07-24,59,Active,2026-08-29,2026-08-29,1,true
2559799,11709 Roosevelt Way NE,98125,Single Family,2026-07-24,2026-09-21,2026-09-21,1749950,1599000,2026-07-23,60,Active,2026-09-16,2026-08-28,2,true
2559879,2325 Harbor Ave SW Unit B2,98126,Townhouse,2026-07-25,2026-09-21,2026-09-21,900000,787000,2026-07-24,59,Active,2026-09-17,2026-08-20,3,true
2559895,3112 S Hudson St,98108,Single Family,2026-07-31,2026-09-21,2026-09-21,795000,749950,2026-07-30,53,Active,2026-09-17,2026-08-14,2,true
2559911,938 18th Ave E,98112,Single Family,2026-07-25,2026-09-21,2026-09-21,2450000,2198000,2026-07-24,53,Active,2026-09-02,2026-09-02,1,true
2559931,916 23rd Ave S,98144,Single Family,2026-08-07,2026-09-21,2026-09-21,665000,665000,2026-08-06,46,Active,,,0,true
2560040,520 30th Ave E,98112,Single Family,2026-07-25,2026-09-21,2026-09-21,1699950,1599950,2026-07-24,59,Active,2026-09-11,2026-09-11,1,true
2560073,6669 N NE Windermere Rd,98115,Single Family,2026-08-02,2026-09-21,2026-09-21,6650000,6650000,2026-08-01,51,Active,,,0,true
2560110,7332 25th Ave NW,98117,Townhouse,2026-07-25,2026-09-21,2026-09-21,1092000,1092000,2026-07-24,59,Active,,,0,true
2560279,9251 Palatine Ave N Unit C,98103,Single Family,2026-07-25,2026-09-21,2026-09-21,850000,749000,2026-07-24,59,Active,2026-08-15,2026-08-15,1,true
2560393,410 N 46th St,98103,Single Family,2026-07-28,2026-09-21,2026-09-21,975500,899000,2026-07-27,56,Active,2026-08-29,2026-08-22,2,true
2560573,5246 12th Ave NE,98105,Single Family,2026-07-30,2026-09-21,2026-09-21,1300000,1300000,2026-07-29,54,Active,,,0,true
2560623,7722 39th Ave S,98118,Single Family,2026-07-29,2026-09-21,2026-09-21,760000,749000,2026-07-28,51,Active,2026-08-15,2026-08-15,1,true
2560674,1111 Bellevue Pl E,98102,Single Family,2026-08-10,2026-09-21,2026-09-21,2595000,2595000,2026-08-09,42,Active,,,0,true
2560902,5717 59th Ave NE,98105,Single Family,2026-08-06,2026-09-21,2026-09-21,1700000,1625000,2026-08-05,47,Active,2026-08-15,2026-08-15,1,true
2560976,2745 NE 89th St,98115,Single Family,2026-08-07,2026-09-21,2026-09-21,1295000,1225000,2026-08-06,45,Active,2026-09-16,2026-09-16,1,true
2561144,9121 23rd Ave NE,98115,Townhouse,2026-07-29,2026-09-21,2026-09-21,498000,498000,2026-07-28,54,Active,,,0,true
2561257,801 W Barrett St,98119,Single Family,2026-07-31,2026-09-21,2026-09-21,2299000,2188000,2026-07-30,53,Active,2026-09-18,2026-09-18,1,true
2561459,955 N 35th St,98103,Townhouse,2026-07-30,2026-09-21,2026-09-21,1028000,999950,2026-07-29,54,Active,2026-09-04,2026-09-04,1,true
2561474,5560 15th Ave S,98108,Single Family,2026-07-30,2026-09-21,2026-09-21,699999,699999,2026-07-29,54,Active,,,0,true
2561489,1129 NW 61st Unit B,98107,Single Family,2026-08-01,2026-09-21,2026-09-21,825000,825000,2026-07-31,52,Active,,,0,true
2561525,431 Smith St,98109,Single Family,2026-07-31,2026-09-21,2026-09-21,2295000,2295000,2026-07-30,53,Active,,,0,true
2561552,1906 S State St,98144,Townhouse,2026-08-08,2026-09-21,2026-09-21,629000,629000,2026-08-07,45,Active,,,0,true
2561569,6747 15th Ave NW,98117,Townhouse,2026-07-30,2026-09-21,2026-09-21,924950,899950,2026-07-29,54,Active,2026-09-05,2026-09-05,1,true
2561570,7150 47th Ave SW,98136,Townhouse,2026-07-30,2026-09-21,2026-09-21,739999,739999,2026-07-29,54,Active,,,0,true
2561582,2018 S Ingersoll Pl Unit B,98144,Single Family,2026-08-14,2026-09-21,2026-09-21,699950,699950,2026-08-13,38,Active,,,0,true
2561639,3854 36th Ave W,98199,Single Family,2026-07-31,2026-09-21,2026-09-21,1095000,1095000,2026-07-30,53,Active,,,0,true
2561647,4318 1st Ave NE,98105,Single Family,2026-07-30,2026-09-21,2026-09-21,1235000,1195000,2026-07-29,54,Active,2026-09-11,2026-09-11,1,true
2561714,9439 11th Ave SW,98106,Single Family,2026-07-31,2026-09-21,2026-09-21,699950,799950,2026-07-30,53,Active,2026-09-17,2026-08-11,4,true
2561761,6911 California Ave SW Unit C,98136,Townhouse,2026-07-31,2026-09-21,2026-09-21,635000,635000,2026-07-30,53,Active,,,0,true
2561811,3406 37th Ave W,98199,Single Family,2026-08-07,2026-09-21,2026-09-21,1899000,1799000,2026-08-06,46,Active,2026-09-03,2026-09-03,1,true
2561914,3110 Queen Anne Ave N,98109,Townhouse,2026-07-30,2026-09-21,2026-09-21,694000,694000,2026-07-29,54,Active,,,0,true
2561916,3112 Queen Anne Ave N,98119,Townhouse,2026-07-30,2026-09-21,2026-09-21,784950,784950,2026-07-29,54,Active,,,0,true
2561918,1755 17th Ave,98122,Townhouse,2026-07-31,2026-09-21,2026-09-21,985000,985000,2026-07-30,53,Active,,,0,true
2561953,1530 13th Ave S Unit D,98144,Townhouse,2026-08-01,2026-09-21,2026-09-21,770000,749000,2026-07-31,52,Active,2026-08-29,2026-08-29,1,true
2562052,1770 C 14th Ave S,98144,Townhouse,2026-07-31,2026-09-21,2026-09-21,699000,699000,2026-07-30,53,Active,,,0,true
2562058,6544 A Latona Ave NE,98115,Townhouse,2026-08-07,2026-09-21,2026-09-21,798000,798000,2026-08-06,46,Active,,,0,true
2562069,818 NW 53rd St Unit B,98107,Townhouse,2026-08-08,2026-09-21,2026-09-21,765000,725000,2026-08-07,45,Active,2026-09-11,2026-08-19,2,true
2562170,5630 Beach Dr SW,98136,Single Family,2026-07-31,2026-09-21,2026-09-21,3575000,3575000,2026-07-30,53,Active,,,0,true
2562313,9215 22nd Ave SW,98106,Single Family,2026-07-31,2026-09-21,2026-09-21,1549500,1549500,2026-07-30,53,Active,,,0,true
2562321,3834 NE 86th St,98115,Single Family,2026-07-31,2026-09-21,2026-09-21,1185000,1125000,2026-07-30,53,Active,2026-09-04,2026-09-04,1,true
2562335,9009 45th Ave NE,98115,Single Family,2026-08-14,2026-09-21,2026-09-21,1799999,1749999,2026-08-13,39,Active,2026-09-02,2026-09-02,1,true
2562345,2538 14th Ave W Unit B,98119,Townhouse,2026-07-31,2026-09-21,2026-09-21,1025000,1025000,2026-07-30,53,Active,,,0,true
2562471,2337 W Plymouth St,98199,Single Family,2026-07-31,2026-09-21,2026-09-21,1230000,1195000,2026-07-30,53,Active,2026-09-18,2026-09-18,1,true
2562476,1778 A Alki Ave SW,98116,Townhouse,2026-07-31,2026-09-21,2026-09-21,1548450,1519000,2026-07-30,46,Active,2026-08-13,2026-08-13,1,true
2562498,10124 3rd Ave NW,98177,Single Family,2026-07-31,2026-09-21,2026-09-21,949950,899000,2026-07-30,53,Active,2026-09-02,2026-08-07,2,true
2562508,1819 39th Ave E,98112,Single Family,2026-07-31,2026-09-21,2026-09-21,2085000,2085000,2026-07-30,53,Active,,,0,true
2562519,5752 NE 62nd St,98115,Single Family,2026-07-31,2026-09-21,2026-09-21,950000,800000,2026-07-30,52,Active,2026-08-28,2026-08-15,3,true
2562521,9617 15th Ave NE,98115,Single Family,2026-07-31,2026-09-21,2026-09-21,750000,695000,2026-07-30,52,Active,2026-08-18,2026-08-18,1,true
2562529,710 10 Ave E,98102,Single Family,2026-07-31,2026-09-21,2026-09-21,1590000,1590000,2026-07-30,53,Active,,,0,true
2562564,9032 14th Ave NW Unit D,98117,Townhouse,2026-07-31,2026-09-21,2026-09-21,599000,599000,2026-07-30,53,Active,,,0,true
2562605,1214 NE 100th St,98125,Single Family,2026-08-01,2026-09-21,2026-09-21,649900,649900,2026-07-31,52,Active,,,0,true
2562644,8139 4th Ave SW,98106,Single Family,2026-08-01,2026-09-21,2026-09-21,999950,999950,2026-07-31,52,Active,,,0,true
2562700,7935 13th Ave SW #1,98106,Single Family,2026-08-06,2026-09-21,2026-09-21,735000,735000,2026-08-05,47,Active,,,0,true
2562743,708 W Prospect St,98119,Single Family,2026-09-17,2026-09-21,2026-09-21,1998500,1998500,2026-09-16,4,Active,,,0,true
2562807,8815 Interlake Ave N Unit C,98103,Townhouse,2026-07-31,2026-09-21,2026-09-21,575000,550000,2026-07-30,53,Active,2026-08-29,2026-08-29,1,true
2562815,360 Howe St,98109,Single Family,2026-07-31,2026-09-21,2026-09-21,1375000,1350000,2026-07-30,53,Active,2026-09-04,2026-09-04,1,true
2562821,6400 Fauntleroy Way SW,98136,Townhouse,2026-08-01,2026-09-21,2026-09-21,740000,740000,2026-07-31,52,Active,,,0,true
2562836,800 23RD Ave S Unit C,98144,Townhouse,2026-08-01,2026-09-21,2026-09-21,639000,609995,2026-07-31,52,Active,2026-09-19,2026-08-26,2,true
2562846,2017 Parkside Dr E,98112,Single Family,2026-08-01,2026-09-21,2026-09-21,6500000,5995000,2026-07-31,52,Active,2026-08-25,2026-08-25,1,true
2563099,2651 NW 57th St Unit B,98107,3,2026-09-21,2026-09-21,2026-09-21,749000,749000,2026-09-20,1,Active,,,0,true
2563110,5017 SW Grayson St,98116,Single Family,2026-08-07,2026-09-21,2026-09-21,975000,925000,2026-08-06,46,Active,2026-08-25,2026-08-25,1,true
2563112,3602 24th Ave W,98199,Single Family,2026-08-01,2026-09-21,2026-09-21,1350000,1199999,2026-07-31,52,Active,2026-09-09,2026-08-21,2,true
2563122,8516 Nesbit Ave N Unit A,98103,Townhouse,2026-08-07,2026-09-21,2026-09-21,535000,535000,2026-08-06,46,Active,,,0,true
2563150,10835 11th Ave NE,98125,Townhouse,2026-08-01,2026-09-21,2026-09-21,799000,799000,2026-07-31,52,Active,,,0,true
2563170,7330 25th Ave NW,98117,Townhouse,2026-08-01,2026-09-21,2026-09-19,779950,779950,2026-07-31,52,Active Under Contract,,,0,true
2563200,1502 N 100th St,98133,Single Family,2026-08-01,2026-09-21,2026-09-21,750000,779000,2026-07-31,52,Active,2026-08-04,2026-08-04,1,true
2563233,3806 E Galer St,98112,Single Family,2026-08-01,2026-09-21,2026-09-21,1450000,1350000,2026-07-31,52,Active,2026-09-16,2026-08-25,2,true
2563239,1504 N 100th St,98133,Townhouse,2026-08-01,2026-09-21,2026-09-21,725000,769000,2026-07-31,52,Active,2026-08-04,2026-08-04,1,true
2563245,1506 N 100th St,98133,Townhouse,2026-08-01,2026-09-21,2026-09-21,1100000,1195000,2026-07-31,52,Active,2026-08-04,2026-08-04,1,true
2563316,918 18th Ave E,98122,Single Family,2026-08-08,2026-09-21,2026-09-21,2595000,2595000,2026-08-07,29,Active,,,0,true
2563320,2910 9th Ave W,98119,Single Family,2026-08-02,2026-09-21,2026-09-21,2449000,2249000,2026-08-01,51,Active,2026-09-09,2026-09-09,1,true
2563484,11530 Greenwood Ave N,98133,Townhouse,2026-08-06,2026-09-21,2026-09-21,760000,699800,2026-08-05,47,Active,2026-09-17,2026-09-03,2,true
2563545,6026 41st Ave NE,98115,Single Family,2026-09-11,2026-09-21,2026-09-21,1695000,1695000,2026-09-10,11,Active,,,0,true
2563558,6028 41st Ave NE,98115,Townhouse,2026-09-18,2026-09-21,2026-09-21,799000,799000,2026-09-17,4,Active,,,0,true
2563563,6030 41st Ave NE,98115,Single Family,2026-09-18,2026-09-21,2026-09-21,819000,819000,2026-09-17,4,Active,,,0,true
2563603,9704 8th Ave NE,98115,Single Family,2026-08-08,2026-09-21,2026-09-21,599900,599900,2026-08-07,45,Active,,,0,true
2563641,5922 23rd Ave S,98108,Single Family,2026-08-05,2026-09-21,2026-09-21,849990,849990,2026-08-04,48,Active,,,0,true
2563651,7011 14 TH Ave NW,98115,Single Family,2026-08-04,2026-09-21,2026-09-21,1049000,949000,2026-08-03,49,Active,2026-09-03,2026-08-19,2,true
2563689,10606 Roosevelt Way NE,98125,Single Family,2026-08-04,2026-09-21,2026-09-21,800000,749500,2026-08-03,47,Active,2026-09-06,2026-09-06,1,true
2563703,10616 Roosevelt Way NE,98125,Single Family,2026-08-04,2026-09-21,2026-09-21,800000,749500,2026-08-03,47,Active,2026-09-06,2026-09-06,1,true
2563734,1255 NE 100th St,98125,Townhouse,2026-08-04,2026-09-21,2026-09-21,750000,750000,2026-08-03,49,Active,,,0,true
2563751,2422 W Lynn St,98199,Single Family,2026-08-05,2026-09-21,2026-09-21,1295000,1245000,2026-08-04,48,Active,2026-09-09,2026-09-09,1,true
2563754,1257 NE 100th St,98125,Single Family,2026-08-04,2026-09-21,2026-09-21,725000,725000,2026-08-03,49,Active,,,0,true
2563778,13732 Stone Ave N,98133,Single Family,2026-09-16,2026-09-21,2026-09-21,635000,635000,2026-09-15,6,Active,,,0,true
2563779,13730 Stone Ave N,98133,Single Family,2026-09-16,2026-09-21,2026-09-21,599000,599000,2026-09-15,6,Active,,,0,true
2563795,9208 17th Ave SW,98106,Single Family,2026-08-20,2026-09-21,2026-09-21,775000,775000,2026-08-19,33,Active,,,0,true
2563833,4622 57th Ave SW,98116,Single Family,2026-08-04,2026-09-21,2026-09-21,2175000,2175000,2026-08-03,49,Active,,,0,true
2563854,4507 Linden Ave N Unit A,98103,Townhouse,2026-08-06,2026-09-21,2026-09-21,845000,799000,2026-08-05,47,Active,2026-09-11,2026-09-11,1,true
2563893,2908 SW Raymond St,98126,Townhouse,2026-08-05,2026-09-21,2026-09-21,650000,650000,2026-08-04,48,Active,,,0,true
2563999,3409 B NW Market St,98107,Townhouse,2026-08-19,2026-09-21,2026-09-21,1180000,1180000,2026-08-18,34,Active,,,0,true
2564061,2538 14th Ave W Unit E,98119,Townhouse,2026-08-08,2026-09-21,2026-09-21,899000,899000,2026-08-07,45,Active,,,0,true
2564100,1018 NE 103rd St,98125,Single Family,2026-08-07,2026-09-21,2026-09-21,1250000,1200000,2026-08-06,46,Active,2026-08-28,2026-08-28,1,true
2564119,1713 17th Ave,98122,Townhouse,2026-08-05,2026-09-21,2026-09-21,1050000,1050000,2026-08-04,48,Active,,,0,true
2564138,1633 California Ave SW Unit B,98116,Townhouse,2026-08-19,2026-09-21,2026-09-21,735000,685000,2026-08-18,34,Active,2026-09-16,2026-09-04,2,true
2564166,1735 S Pearl St,98108,Single Family,2026-08-07,2026-09-21,2026-09-21,1050000,1050000,2026-08-06,46,Active,,,0,true
2564193,7217 4th Ave NW,98117,Single Family,2026-08-14,2026-09-21,2026-09-21,859000,859000,2026-08-03,49,Active,,,0,false
2564195,5248 17th Ave NE,98105,Single Family,2026-08-05,2026-09-21,2026-09-21,1745000,1688500,2026-08-04,48,Active,2026-09-03,2026-08-15,3,true
2564196,3835 25th Ave W,98199,Townhouse,2026-08-05,2026-09-21,2026-09-21,774999,774999,2026-08-04,48,Active,,,0,true
2564214,1318 Yakima Ave S Unit A03,98144,Townhouse,2026-08-05,2026-09-21,2026-09-21,735000,725000,2026-08-04,48,Active,2026-08-26,2026-08-26,1,true
2564239,821 B 17th Ave,98144,Townhouse,2026-08-06,2026-09-21,2026-09-21,999950,974900,2026-08-05,47,Active,2026-09-19,2026-09-19,1,true
2564318,305 17th Ave E,98112,Townhouse,2026-08-05,2026-09-21,2026-09-21,1091550,1091550,2026-08-04,48,Active,,,0,true
2564336,435 19th Ave E,98112,Townhouse,2026-08-05,2026-09-21,2026-09-21,1099000,1099000,2026-08-04,48,Active,,,0,true
2564388,464 NE Maple Leaf Pl Unit B,98115,Townhouse,2026-08-26,2026-09-21,2026-09-21,885000,885000,2026-08-25,27,Active,,,0,true
2564521,1609 E Alder St,98122,Single Family,2026-08-08,2026-09-21,2026-09-21,850000,850000,2026-08-07,45,Active,,,0,true
2564528,4341 8th Ave NE,98105,Townhouse,2026-08-21,2026-09-21,2026-09-21,625000,625000,2026-08-20,32,Active,,,0,true
2564543,1924 S Graham St,98108,Single Family,2026-08-10,2026-09-21,2026-09-21,899000,899000,2026-08-09,43,Active,,,0,true
2564570,2117 N 36th St,98103,Single Family,2026-08-06,2026-09-21,2026-09-21,2595000,2595000,2026-08-05,47,Active,,,0,true
2564589,117 22nd Ave Unit B,98122,Townhouse,2026-08-08,2026-09-21,2026-09-21,799000,799000,2026-08-07,45,Active,,,0,true
2564612,3849 NE 88th St,98115,Townhouse,2026-08-05,2026-09-21,2026-09-21,1375000,1375000,2026-08-04,48,Active,,,0,true
2564613,710 14th Ave Unit C,98122,Townhouse,2026-08-14,2026-09-21,2026-09-21,665000,665000,2026-08-13,39,Active,,,0,true
2564632,4856 18th Ave SW,98106,Single Family,2026-08-21,2026-09-21,2026-09-21,985000,965000,2026-08-20,32,Active,2026-09-09,2026-09-09,1,true
2564645,115 22nd Ave Unit A,98122,Townhouse,2026-08-08,2026-09-21,2026-09-21,879000,879000,2026-08-07,45,Active,,,0,true
2564649,613 18th Ave E,98112,Single Family,2026-08-10,2026-09-21,2026-09-21,1949950,1949950,2026-08-07,45,Active,,,0,true
2564734,515 30th Ave S,98144,Single Family,2026-08-07,2026-09-21,2026-09-21,1899000,1790000,2026-08-06,46,Active,2026-09-20,2026-09-12,2,true
2564757,2316 N 80th St,98103,Single Family,2026-08-21,2026-09-21,2026-09-21,905000,905000,2026-08-20,32,Active,,,0,true
2564771,615 18th Ave E,98112,Single Family,2026-09-18,2026-09-21,2026-09-21,924950,924950,2026-09-17,4,Active,,,0,true
2564776,8815 18th Ave SW,98106,Single Family,2026-08-12,2026-09-21,2026-09-21,900000,850000,2026-08-11,41,Active,2026-08-20,2026-08-20,1,true
2564826,721 15th Ave Unit A,98122,Townhouse,2026-08-07,2026-09-21,2026-09-21,824950,824950,2026-08-06,46,Active,,,0,true
2564829,1302 NW 90th St,98117,Single Family,2026-08-07,2026-09-21,2026-09-21,1295000,1249500,2026-08-06,46,Active,2026-09-18,2026-09-18,1,true
2564897,4347 SW Willow St,98136,Townhouse,2026-08-06,2026-09-21,2026-09-21,799000,779000,2026-08-05,47,Active,2026-09-18,2026-09-18,1,true
2564938,9227 Palatine Ave N,98103,Single Family,2026-08-14,2026-09-21,2026-09-21,661000,627950,2026-08-13,39,Active,2026-09-11,2026-09-11,1,true
2564962,427 19th Ave E,98112,Townhouse,2026-08-06,2026-09-21,2026-09-21,1149000,1149000,2026-08-05,47,Active,,,0,true
2565083,8316 Mary Ave NW Unit C,98117,Townhouse,2026-08-06,2026-09-21,2026-09-21,699950,699950,2026-08-05,47,Active,,,0,true
2565118,3818 B 23rd Ave W,98199,Townhouse,2026-08-14,2026-09-21,2026-09-21,775000,725000,2026-08-13,39,Active,2026-09-18,2026-09-18,1,true
2565151,3410 15th Ave W Unit B,98119,Townhouse,2026-08-07,2026-09-21,2026-09-21,720000,720000,2026-08-06,46,Active,,,0,true
2565181,2818 Boyer Ave E #8,98102,Single Family,2026-08-07,2026-09-21,2026-09-21,899000,780000,2026-08-06,46,Active,2026-09-11,2026-08-20,2,true
2565304,1801 20th Ave Unit B,98122,Townhouse,2026-08-08,2026-09-21,2026-09-21,699950,699950,2026-08-07,45,Active,,,0,true
2565387,5615 Fauntleroy Way SW,98136,Single Family,2026-08-13,2026-09-21,2026-09-21,725000,699000,2026-08-12,40,Active,2026-09-12,2026-09-12,1,true
2565450,805 NW 63rd St St Unit B,98107,Townhouse,2026-08-07,2026-09-21,2026-09-21,1042950,1042950,2026-08-06,46,Active,,,0,true
2565454,813 NW 63rd St,98107,Townhouse,2026-08-07,2026-09-21,2026-09-21,899950,899950,2026-08-06,46,Active,,,0,true
2565535,9556 Phinney Ave N,98103,Single Family,2026-08-07,2026-09-21,2026-09-21,1750000,1650000,2026-08-06,46,Active,2026-08-25,2026-08-25,1,true
2565565,3026 SW Avalon Way Unit A,98126,Townhouse,2026-08-07,2026-09-21,2026-09-21,675000,665000,2026-08-06,45,Active,2026-09-20,2026-09-20,1,true
2565569,1612 N 92nd St N,98103,Townhouse,2026-08-07,2026-09-21,2026-09-21,474900,474900,2026-08-06,46,Active,,,0,true
2565683,1825 E Pine St,98122,Townhouse,2026-08-08,2026-09-21,2026-09-21,785000,785000,2026-08-07,45,Active,,,0,true
2565726,3702 SW Austin St,98126,Single Family,2026-08-07,2026-09-21,2026-09-21,985000,985000,2026-08-06,42,Active,,,0,true
2565761,11028 Evanston Ave N,98133,Single Family,2026-08-07,2026-09-21,2026-09-21,775000,775000,2026-08-06,46,Active,,,0,true
2565775,7008 Linden Ave N,98103,Single Family,2026-08-14,2026-09-21,2026-09-21,2059000,1998000,2026-08-07,45,Active,2026-09-09,2026-09-09,1,false
2565850,101 Martin Luther King Jr Way East E,98112,Single Family,2026-08-11,2026-09-21,2026-09-21,1595000,1545000,2026-08-10,42,Active,2026-08-28,2026-08-28,1,true
2565888,10733 Interlake Ave N,98133,Single Family,2026-08-08,2026-09-21,2026-09-21,975000,949950,2026-08-07,45,Active,2026-09-15,2026-09-15,1,true
2565890,226 B 26th Ave E,98112,Townhouse,2026-08-15,2026-09-21,2026-09-21,775000,775000,2026-08-14,38,Active,,,0,true
2566035,5301 49th Ave SW,98136,Single Family,2026-08-08,2026-09-21,2026-09-21,1400000,1400000,2026-08-06,46,Active,,,0,true
2566065,11911 Stendall Dr N #21,98133,Townhouse,2026-08-07,2026-09-21,2026-09-21,798000,798000,2026-08-06,46,Active,,,0,true
2566157,1551 Cherrylane Ave S #1551,98144,Townhouse,2026-08-08,2026-09-21,2026-09-21,399995,359999,2026-08-07,40,Active,2026-08-30,2026-08-30,1,true
2566177,929 N 87th St,98103,Single Family,2026-08-08,2026-09-21,2026-09-21,954950,954950,2026-08-07,44,Active,,,0,true
2566178,931 N 87th St,98103,Single Family,2026-08-08,2026-09-21,2026-09-21,924950,924950,2026-08-07,44,Active,,,0,true
2566179,933 N 87th St,98103,Single Family,2026-08-08,2026-09-21,2026-09-21,984950,984950,2026-08-07,44,Active,,,0,true
2566233,3820 NE 62nd St,98115,Single Family,2026-08-08,2026-09-21,2026-09-21,2200000,2200000,2026-08-07,45,Active,,,0,true
2566297,4042 5th Ave NE,98105,Single Family,2026-08-08,2026-09-21,2026-09-21,1185000,1050000,2026-08-07,45,Active,2026-09-18,2026-08-28,2,true
2566302,7955 29th Ave SW,98126,Single Family,2026-08-14,2026-09-21,2026-09-21,599995,599995,2026-08-13,39,Active,,,0,true
2566306,14350 Corliss Ave N,98133,Single Family,2026-08-14,2026-09-21,2026-09-21,995000,995000,2026-08-13,39,Active,,,0,true
2566424,4907 SW Canada Dr,98136,Single Family,2026-08-08,2026-09-21,2026-09-21,725000,699950,2026-08-07,45,Active,2026-09-12,2026-09-12,1,true
2566461,624 W Ewing St,98119,Single Family,2026-08-08,2026-09-21,2026-09-21,175000,175000,2026-08-07,45,Active,,,0,true
2566464,5210 30th Ave S,98108,Single Family,2026-08-08,2026-09-21,2026-09-21,894990,869990,2026-08-07,45,Active,2026-08-30,2026-08-30,1,true
2566679,1706 N 50th St,98103,Single Family,2026-08-08,2026-09-21,2026-09-21,949000,949000,2026-08-07,45,Active,,,0,true
2566701,526 N 100th St,98133,Single Family,2026-08-08,2026-09-21,2026-09-21,735000,699000,2026-08-07,44,Active,2026-09-16,2026-09-16,1,true
2566715,3215 39th Ave W,98199,Single Family,2026-08-09,2026-09-21,2026-09-21,2750000,2750000,2026-08-08,44,Active,,,0,true
2566738,1519 14th Ave S Unit C,98144,Townhouse,2026-08-13,2026-09-21,2026-09-21,695000,679000,2026-08-12,40,Active,2026-08-28,2026-08-28,1,true
2566802,7343 19th Ave NE,98115,Single Family,2026-08-14,2026-09-21,2026-09-21,1230000,1175000,2026-08-13,39,Active,2026-08-25,2026-08-25,1,true
2566807,14022 Roslyn Pl N,98133,Single Family,2026-08-14,2026-09-21,2026-09-21,679000,659000,2026-08-13,39,Active,2026-09-11,2026-09-11,1,true
2566890,2109 Aurora Ave N,98109,Single Family,2026-08-11,2026-09-21,2026-09-21,950000,950000,2026-08-10,42,Active,,,0,true
2567000,1509 4th Ave W,98119,Single Family,2026-08-10,2026-09-21,2026-09-21,1128000,1128000,2026-08-09,42,Active,,,0,true
2567018,1510 B NW 59th St,98107,Townhouse,2026-08-21,2026-09-21,2026-09-21,1159000,1099000,2026-08-20,32,Active,2026-09-03,2026-08-30,2,true
2567048,721 15th Ave Unit B,98122,Townhouse,2026-08-14,2026-09-21,2026-09-21,879950,879950,2026-08-13,39,Active,,,0,true
2567095,825 NE 105th St,98125,Single Family,2026-08-13,2026-09-21,2026-09-21,1135250,1135250,2026-08-12,40,Active,,,0,true
2567123,4047 Willams Ave W,98199,Single Family,2026-08-11,2026-09-21,2026-09-21,2380000,2280000,2026-08-10,42,Active,2026-09-03,2026-09-03,1,true
2567171,10413 Alderbrook Pl NW,98177,Townhouse,2026-08-10,2026-09-21,2026-09-21,612700,612700,2026-08-09,42,Active,,,0,true
2567221,4206 S Greenbelt Station Dr,98118,Townhouse,2026-08-11,2026-09-21,2026-09-21,540000,515000,2026-08-10,42,Active,2026-08-29,2026-08-29,1,true
2567262,2251 14th Ave W Unit C,98119,Townhouse,2026-08-11,2026-09-21,2026-09-21,699000,699000,2026-08-10,41,Active,,,0,true
2567318,12703 4th Ave NW,98177,Single Family,2026-08-12,2026-09-21,2026-09-21,1295000,1295000,2026-08-11,41,Active,,,0,true
2567331,332 NE 50th St,98105,Single Family,2026-08-12,2026-09-21,2026-09-21,679250,669000,2026-08-11,41,Active,2026-09-04,2026-09-04,1,true
2567335,1301 N Northlake Way,98103,Single Family,2026-08-11,2026-09-21,2026-09-21,598000,598000,2026-08-10,42,Active,,,0,true
2567347,2716 Warren Ave N,98109,Single Family,2026-08-14,2026-09-21,2026-09-21,1475000,1475000,2026-08-13,39,Active,,,0,true
2567404,10354 Wallingford Ave N Unit B,98133,Single Family,2026-08-13,2026-09-21,2026-09-21,511000,511000,2026-08-12,40,Active,,,0,true
2567460,1010 A NE 92nd St,98115,Townhouse,2026-08-12,2026-09-21,2026-09-21,725000,699000,2026-08-11,41,Active,2026-09-02,2026-09-02,1,true
2567498,1935 B 7th Ave W,98119,Townhouse,2026-08-14,2026-09-21,2026-09-21,947500,947500,2026-08-13,39,Active,,,0,true
2567541,3640 A 13th Ave W,98119,Townhouse,2026-08-15,2026-09-21,2026-09-21,1149000,1149000,2026-08-14,38,Active,,,0,true
2567549,927 NW 105th St,98177,Single Family,2026-09-12,2026-09-21,2026-09-21,1100000,1100000,2026-09-11,6,Active,,,0,true
2567614,5517 33rd Ave S,98118,Single Family,2026-08-16,2026-09-21,2026-09-21,525000,485000,2026-08-15,37,Active,2026-09-03,2026-09-03,1,true
2567680,5914 35th Ave Ave S Unit B,98118,Townhouse,2026-08-14,2026-09-21,2026-09-21,641000,629950,2026-08-13,39,Active,2026-09-11,2026-09-11,1,true
2567805,2515 S Willow St,98108,Single Family,2026-08-15,2026-09-21,2026-09-21,920000,889000,2026-08-14,38,Active,2026-09-19,2026-09-19,1,true
2567836,2568 28th Ave W,98199,Single Family,2026-08-14,2026-09-21,2026-09-21,1650000,1650000,2026-08-13,39,Active,,,0,true
2567848,1116 13th Ave Unit D,98122,Townhouse,2026-08-14,2026-09-21,2026-09-21,549000,549000,2026-08-13,39,Active,,,0,true
2567868,3802 25th Ave W Unit 4G,98199,Townhouse,2026-08-21,2026-09-21,2026-09-21,775000,775000,2026-08-20,32,Active,,,0,true
2567892,10713 15th Ave NE,98125,Single Family,2026-08-12,2026-09-21,2026-09-21,799000,799000,2026-08-11,41,Active,,,0,true
2567914,11526 3rd Ave NE,98125,Single Family,2026-08-13,2026-09-21,2026-09-21,825000,799000,2026-08-12,40,Active,2026-09-16,2026-09-16,1,true
2567982,2311 21st Ave S,98144,Single Family,2026-09-12,2026-09-21,2026-09-21,700000,700000,2026-09-11,10,Active,,,0,true
2568002,11549 N Park Ave N,98133,Single Family,2026-08-21,2026-09-21,2026-09-21,699950,699950,2026-08-20,31,Active,,,0,true
2568041,6030 Ann Arbor Ave NE,98115,Single Family,2026-08-14,2026-09-21,2026-09-21,2795000,2749000,2026-08-13,39,Active,2026-09-17,2026-09-17,1,true
2568047,3302 E Pine St,98122,Single Family,2026-08-13,2026-09-21,2026-09-21,1995980,1970980,2026-08-12,40,Active,2026-09-18,2026-09-18,1,true
2568153,1331 N 121st St,98133,Single Family,2026-08-14,2026-09-21,2026-09-21,785000,750000,2026-08-13,39,Active,2026-09-17,2026-08-20,2,true
2568175,13734 Stone Ave N,88133,Single Family,2026-08-22,2026-09-21,2026-09-21,624000,624000,2026-08-21,31,Active,,,0,true
2568207,3410 B NW Market St,98107,Townhouse,2026-08-22,2026-09-21,2026-09-21,783500,723500,2026-08-21,31,Active,2026-09-11,2026-09-11,1,true
2568231,1614 32nd Ave,98122,Single Family,2026-08-13,2026-09-21,2026-09-21,1395000,1341000,2026-08-12,39,Active,2026-09-09,2026-09-09,1,true
2568268,139 NW 85th St,98117,Single Family,2026-08-13,2026-09-21,2026-09-21,1680000,1680000,2026-08-12,40,Active,,,0,true
2568283,3104 SW Avalon Way Unit F,98126,Townhouse,2026-08-14,2026-09-21,2026-09-21,520000,520000,2026-08-13,39,Active,,,0,true
2568317,708 N 102nd St #2,98133,Townhouse,2026-08-19,2026-09-21,2026-09-21,725000,685000,2026-08-18,34,Active,2026-09-15,2026-08-27,2,true
2568319,1761 NW 62nd St,98107,Townhouse,2026-08-14,2026-09-21,2026-09-21,899950,884950,2026-08-13,39,Active,2026-09-11,2026-09-11,1,true
2568385,3208 15th Ave S,98144,Single Family,2026-08-21,2026-09-21,2026-09-21,545000,545000,2026-08-20,21,Active,,,0,true
2568447,2637 A NW 57th St,98107,Townhouse,2026-08-18,2026-09-21,2026-09-21,789900,765000,2026-08-17,35,Active,2026-09-04,2026-09-04,1,true
2568464,7559 19th Ave SW,98106,Single Family,2026-08-21,2026-09-21,2026-09-21,555000,555000,2026-08-20,32,Active,,,0,true
2568502,508 Randolph Ave,98122,Single Family,2026-09-19,2026-09-21,2026-09-21,1870000,1870000,2026-09-18,2,Active,,,0,true
2568597,6825 Weedin Pl NE Unit A,98115,Townhouse,2026-08-16,2026-09-21,2026-09-21,875000,835000,2026-08-15,37,Active,2026-09-17,2026-09-17,1,true
2568621,3700 E Superior St,98122,Single Family,2026-08-13,2026-09-21,2026-09-21,1499950,1499950,2026-08-12,40,Active,,,0,true
2568632,723 12th Ave E,98102,Single Family,2026-08-29,2026-09-21,2026-09-21,2150000,2150000,2026-08-28,24,Active,,,0,true
2568708,1036 NE 102nd St Unit B,98125,Single Family,2026-08-14,2026-09-21,2026-09-21,700000,660000,2026-08-13,39,Active,2026-09-09,2026-09-09,1,true
2568727,13045 Corliss Ave N,98133,Single Family,2026-09-19,2026-09-21,2026-09-21,899000,899000,2026-09-19,,First Look,,,0,true
2568758,4910 19th Ave S,98108,Single Family,2026-08-14,2026-09-21,2026-09-21,798000,773000,2026-08-13,39,Active,2026-09-19,2026-09-19,1,true
2568775,1407 29th Ave,98122,Townhouse,2026-08-20,2026-09-21,2026-09-21,999950,999950,2026-08-19,33,Active,,,0,true
2568818,8917 Fauntleroy Way SW,98136,Single Family,2026-08-15,2026-09-21,2026-09-21,2499999,2499999,2026-08-14,38,Active,,,0,true
2568859,8821 Dibble Ave NW,98117,Single Family,2026-08-14,2026-09-21,2026-09-21,2298000,2298000,2026-08-13,39,Active,,,0,true
2568867,8019 Bagley Ave N,98103,Single Family,2026-08-14,2026-09-21,2026-09-21,1349950,1349950,2026-08-13,39,Active,,,0,true
2568881,1025 NE 103rd St,98125,Single Family,2026-08-18,2026-09-21,2026-09-21,925000,899000,2026-08-17,31,Active,2026-09-04,2026-09-04,1,true
2569048,5027 48th Ave NE,98105,Single Family,2026-08-14,2026-09-21,2026-09-21,3495000,3250000,2026-08-13,39,Active,2026-09-12,2026-09-12,1,true
2569091,5928 18th Ave S,98108,Single Family,2026-08-14,2026-09-21,2026-09-21,599950,599950,2026-08-13,39,Active,,,0,true
2569098,8703 16th Ave SW,98106,Single Family,2026-08-21,2026-09-21,2026-09-21,599000,575000,2026-08-20,32,Active,2026-09-11,2026-09-11,1,true
2569148,7032 22nd Ave NW,98117,Single Family,2026-09-11,2026-09-21,2026-09-21,1049000,1049000,2026-09-10,11,Active,,,0,true
2569186,2858 NW 90th Pl,98117,Single Family,2026-08-21,2026-09-21,2026-09-21,1488000,1438000,2026-08-20,32,Active,2026-09-09,2026-09-09,1,true
2569194,8022 Fauntleroy Way SW,98136,Single Family,2026-08-18,2026-09-21,2026-09-21,2125000,1995000,2026-08-17,34,Active,2026-09-15,2026-09-04,2,true
2569199,4201 SW 109th,98146,Single Family,2026-08-15,2026-09-21,2026-09-21,1950000,1950000,2026-08-14,38,Active,,,0,true
2569205,3308 S Holly Pl,98118,Townhouse,2026-08-19,2026-09-21,2026-09-21,489000,489000,2026-08-18,34,Active,,,0,true
2569216,10702 Linden Ave N,98133,Single Family,2026-08-14,2026-09-21,2026-09-21,899000,899000,2026-08-13,38,Active,,,0,true
2569220,1920 NE Naomi Pl,98115,Single Family,2026-09-01,2026-09-21,2026-09-21,1750000,1750000,2026-08-31,21,Active,,,0,true
2569281,9528 28th Ave NW,98117,Single Family,2026-08-15,2026-09-21,2026-09-21,2612500,2612500,2026-08-14,38,Active,,,0,true
2569337,7533 31st Ave NE Unit B,98115,Townhouse,2026-08-14,2026-09-21,2026-09-21,759950,759950,2026-08-13,38,Active,,,0,true
2569357,5110 24th Ave NE,98105,Townhouse,2026-09-11,2026-09-21,2026-09-21,699000,699000,2026-09-10,11,Active,,,0,true
2569360,1105 Yakima Ave S,98144,1,2026-09-20,2026-09-21,2026-09-21,998800,998800,2026-09-19,2,Active,,,0,true
2569463,720 N 43rd St,98103,Townhouse,2026-08-15,2026-09-21,2026-09-21,770000,750000,2026-08-14,38,Active,2026-09-01,2026-09-01,1,true
2569493,227 29th Ave E,98112,Single Family,2026-08-15,2026-09-21,2026-09-21,1998000,1998000,2026-08-14,38,Active,,,0,true
2569507,3211 California Ave SW,98116,Townhouse,2026-09-09,2026-09-21,2026-09-21,995000,995000,2026-09-08,13,Active,,,0,true
2569552,9119 17th Ave NE,98115,Single Family,2026-08-19,2026-09-21,2026-09-21,1350000,1350000,2026-08-18,33,Active,,,0,true
2569582,12713 4th Ave NW,98177,Townhouse,2026-08-15,2026-09-21,2026-09-21,749000,749000,2026-08-14,38,Active,,,0,true
2569625,3847 NE 88th St,98115,Townhouse,2026-08-15,2026-09-21,2026-09-21,650000,650000,2026-08-14,38,Active,,,0,true
2569638,5009 Fauntleroy Ave SW Unit C,98136,Townhouse,2026-08-15,2026-09-21,2026-09-21,599900,599900,2026-08-14,38,Active,,,0,true
2569727,3513 SW Austin St,98126,Single Family,2026-08-21,2026-09-21,2026-09-21,634950,634950,2026-08-20,32,Active,,,0,true
2569771,11522 8th Ave NE,98125,Single Family,2026-09-17,2026-09-21,2026-09-21,829000,829000,2026-09-16,5,Active,,,0,true
2569829,9243 35th Ave SW Unit A,98126,Townhouse,2026-08-16,2026-09-21,2026-09-21,489950,479995,2026-08-15,37,Active,2026-09-02,2026-09-02,1,true
2569868,8012 20th Ave NW,98117,Townhouse,2026-08-20,2026-09-21,2026-09-21,858000,838000,2026-08-19,33,Active,2026-09-17,2026-09-17,1,true
2569902,6635 57th Ave NE,98115,Single Family,2026-08-26,2026-09-21,2026-09-21,2050000,1895000,2026-08-25,27,Active,2026-09-18,2026-09-11,2,true
2570012,1220 N 137th St Unit C,98133,Townhouse,2026-08-28,2026-09-21,2026-09-21,474950,474950,2026-08-27,25,Active,,,0,true
2570080,1108 Harvard Ave E,98102,Single Family,2026-08-21,2026-09-21,2026-09-21,3550000,3550000,2026-08-20,32,Active,,,0,true
2570089,222 10th Ave E Unit D,98102,Townhouse,2026-08-18,2026-09-21,2026-09-21,859950,859950,2026-08-17,35,Active,,,0,true
2570112,918 Martin Luther King Jr. Way S Unit D,98144,Townhouse,2026-08-19,2026-09-21,2026-09-21,750000,699950,2026-08-18,34,Active,2026-09-15,2026-08-29,2,true
2570119,2630 NW 58th St Unit C,98107,Townhouse,2026-08-21,2026-09-21,2026-09-21,779000,779000,2026-08-20,32,Active,,,0,true
2570164,2647 Walnut Ave SW Unit B,98116,Single Family,2026-08-18,2026-09-21,2026-09-21,1519000,1519000,2026-08-17,35,Active,,,0,true
2570227,9417 44th Pl NE,98115,Single Family,2026-08-18,2026-09-21,2026-09-21,825000,825000,2026-08-17,35,Active,,,0,true
2570228,165 20th Ave,98122,Single Family,2026-08-20,2026-09-21,2026-09-21,875000,850000,2026-08-19,33,Active,2026-09-15,2026-09-15,1,true
2570236,2623 39th Ave SW,98116,Single Family,2026-08-21,2026-09-21,2026-09-21,965000,945000,2026-08-20,32,Active,2026-09-19,2026-09-19,1,true
2570255,1211 N 50th St,98103,Single Family,2026-09-03,2026-09-21,2026-09-21,999500,999500,2026-09-02,19,Active,,,0,true
2570260,1803 36th Ave,98122,Single Family,2026-09-17,2026-09-21,2026-09-21,2150000,2150000,2026-09-16,5,Active,,,0,true
2570334,2216 E Fir St,98122,Single Family,2026-08-22,2026-09-21,2026-09-21,1185000,1140000,2026-08-21,31,Active,2026-09-05,2026-09-05,1,true
2570339,811 NE 90th St,98115,Single Family,2026-08-20,2026-09-21,2026-09-21,859950,848950,2026-08-19,33,Active,2026-09-18,2026-09-18,1,true
2570375,1849 16th Ave,98112,Townhouse,2026-08-19,2026-09-21,2026-09-21,2299000,2299000,2026-08-18,34,Active,,,0,true
2570433,1914 C Ferry Ave SW,98116,Townhouse,2026-08-19,2026-09-21,2026-09-21,1114950,1114950,2026-08-18,34,Active,,,0,true
2570447,6816 51st Ave NE,98115,Single Family,2026-08-28,2026-09-21,2026-09-21,3450000,3280000,2026-08-27,25,Active,2026-09-16,2026-09-16,1,true
2570451,1703 NE 73rd St,98115,Single Family,2026-08-26,2026-09-21,2026-09-21,1099000,1099000,2026-08-25,27,Active,,,0,true
2570481,4416 B Corliss Ave N,98103,Townhouse,2026-08-19,2026-09-21,2026-09-21,1049950,1035000,2026-08-18,34,Active,2026-09-11,2026-09-11,1,true
2570490,12040 5th Ave NE,98125,Townhouse,2026-08-22,2026-09-21,2026-09-21,699000,669000,2026-08-21,31,Active,2026-09-12,2026-09-12,1,true
2570538,8337 27th Ave NW,98117,Single Family,2026-08-21,2026-09-21,2026-09-21,750000,725000,2026-08-20,32,Active,2026-09-18,2026-09-18,1,true
2570605,8039 Wallingford Ave N Unit B,98103,Single Family,2026-08-20,2026-09-21,2026-09-21,729950,729950,2026-08-19,33,Active,,,0,true
2570620,3920 1st Ave NE Unit C,98105,Townhouse,2026-08-21,2026-09-21,2026-09-21,949000,949000,2026-08-20,32,Active,,,0,true
2570666,2230 D NW 60th St,98107,Townhouse,2026-08-20,2026-09-21,2026-09-21,724950,699950,2026-08-19,33,Active,2026-09-11,2026-09-11,1,true
2570680,930 20th Ave E,98112,Single Family,2026-09-16,2026-09-21,2026-09-21,1585000,1585000,2026-09-15,6,Active,,,0,true
2570755,627 13th Ave E,98102,Townhouse,2026-08-21,2026-09-21,2026-09-21,939900,939900,2026-08-20,32,Active,,,0,true
2570757,1227 E Roy St,98102,Townhouse,2026-08-19,2026-09-21,2026-09-21,749900,749900,2026-08-18,34,Active,,,0,true
2570784,629 13th Ave E,98102,Townhouse,2026-08-19,2026-09-21,2026-09-21,899900,899900,2026-08-18,34,Active,,,0,true
2570834,1939 10th Ave W Unit B,98119,Townhouse,2026-08-19,2026-09-21,2026-09-21,740000,740000,2026-08-18,34,Active,,,0,true
2570856,116 W Florentia St Unit A,98119,Townhouse,2026-08-20,2026-09-21,2026-09-21,968000,968000,2026-08-19,33,Active,,,0,true
2570869,2211 NW 64th St,98107,Single Family,2026-08-20,2026-09-21,2026-09-21,999950,899950,2026-08-19,33,Active,2026-09-15,2026-09-15,1,true
2570873,6736 10th Ave NW,98117,Single Family,2026-09-18,2026-09-21,2026-09-21,990000,990000,2026-09-17,4,Active,,,0,true
2570974,101 NW 58th St #12,98107,Townhouse,2026-08-21,2026-09-21,2026-09-21,965000,965000,2026-08-20,32,Active,,,0,true
2571019,10037 15th Ave NW,98177,Single Family,2026-09-18,2026-09-21,2026-09-21,1998000,1998000,2026-09-17,4,Active,,,0,true
2571093,5011 Fauntleroy Way SW Unit A,98136,Townhouse,2026-08-20,2026-09-21,2026-09-21,839900,839900,2026-08-19,33,Active,,,0,true
2571096,12038 N Park Ave N,98133,Single Family,2026-08-20,2026-09-21,2026-09-21,809950,809950,2026-08-19,33,Active,,,0,true
2571133,8815 Densmore Ave N Unit B,98103,Single Family,2026-08-20,2026-09-21,2026-09-21,749950,749950,2026-08-19,33,Active,,,0,true
2571158,1728 11th Ave Unit A,98122,Townhouse,2026-08-24,2026-09-21,2026-09-21,689000,689000,2026-08-23,29,Active,,,0,true
2571201,1539 14th Ave S Unit B,98144,Townhouse,2026-08-21,2026-09-21,2026-09-21,450000,450000,2026-08-20,32,Active,,,0,true
2571214,1400 Hubbell Pl #814,98101,Single Family,2026-08-20,2026-09-21,2026-09-21,250000,219000,2026-08-19,33,Active,2026-09-17,2026-09-17,1,true
2571257,5761 35th Ave NE,98105,Single Family,2026-08-20,2026-09-21,2026-09-21,1399000,1399000,2026-08-19,33,Active,,,0,true
2571273,12307 10th Pl NE Unit C,98125,Townhouse,2026-08-28,2026-09-21,2026-09-21,599000,599000,2026-08-27,25,Active,,,0,true
2571314,4330 W Cramer St,98199,Single Family,2026-08-21,2026-09-21,2026-09-21,2950000,2950000,2026-08-20,32,Active,,,0,true
2571316,1707 NW 63rd St Unit A,98107,Townhouse,2026-08-20,2026-09-21,2026-09-21,825000,825000,2026-08-19,33,Active,,,0,true
2571355,1326 N 40th St,98103,Single Family,2026-08-20,2026-09-21,2026-09-21,1045000,999900,2026-08-19,33,Active,2026-09-15,2026-09-15,1,true
2571371,4721 21st Ave SW,98106,Single Family,2026-08-25,2026-09-21,2026-09-21,549950,549950,2026-08-24,28,Active,,,0,true
2571440,1131 B NW 60th St,98107,Townhouse,2026-08-21,2026-09-21,2026-09-21,859950,839950,2026-08-20,32,Active,2026-09-11,2026-09-11,1,true
2571455,637 13th Ave E,98102,Townhouse,2026-09-11,2026-09-21,2026-09-21,875000,875000,2026-09-10,11,Active,,,0,true
2571532,2018 Broadmoor Dr E,98112,Single Family,2026-08-21,2026-09-21,2026-09-21,5650000,5650000,2026-08-20,32,Active,,,0,true
2571560,1113 33rd Ave S,98144,Single Family,2026-08-26,2026-09-21,2026-09-21,775000,740000,2026-08-25,27,Active,2026-09-18,2026-09-18,1,true
2571697,654 NW 53 St,98107,Single Family,2026-08-21,2026-09-21,2026-09-21,1525000,1525000,2026-08-20,32,Active,,,0,true
2571705,4025 Burton Pl W,98199,Single Family,2026-08-28,2026-09-21,2026-09-21,2750000,2750000,2026-08-27,25,Active,,,0,true
2571716,6215 38th Ave NE,98115,Single Family,2026-09-18,2026-09-21,2026-09-21,1095000,1095000,2026-09-17,4,Active,,,0,true
2571802,3820 14th Ave S,98178,Single Family,2026-08-20,2026-09-21,2026-09-21,749995,749995,2026-08-19,32,Active,,,0,true
2571809,6542 32nd Ave NE Unit A,98115,Townhouse,2026-08-20,2026-09-21,2026-09-21,1080000,1080000,2026-08-19,32,Active,,,0,true
2571872,5813 SW Horton St,98116,Single Family,2026-08-22,2026-09-21,2026-09-21,1600000,1600000,2026-08-21,31,Active,,,0,true
2571888,1411 10th Ave W,98119,Single Family,2026-08-22,2026-09-21,2026-09-21,2150000,1999950,2026-08-21,31,Active,2026-09-16,2026-09-16,1,true
2571893,8804 5th Ave NE,98115,Single Family,2026-08-23,2026-09-21,2026-09-21,1188800,1138000,2026-08-22,30,Active,2026-09-09,2026-09-09,1,true
2571921,6525 3rd Ave NW,98117,Single Family,2026-08-21,2026-09-21,2026-09-21,1282500,1282500,2026-08-20,32,Active,,,0,true
2571928,14338 Bagley Ave N Unit B,98133,Single Family,2026-08-23,2026-09-21,2026-09-21,889000,889000,2026-08-22,30,Active,,,0,true
2571997,7208 8th Ave NE,98115,Single Family,2026-08-21,2026-09-21,2026-09-21,1282000,1282000,2026-08-20,32,Active,,,0,true
2571999,2340 44th Ave SW Unit C,98116,Townhouse,2026-08-22,2026-09-21,2026-09-21,715000,715000,2026-08-21,31,Active,,,0,true
2572014,307 W Highland Dr,98119,Single Family,2026-08-22,2026-09-21,2026-09-21,2325000,2325000,2026-08-21,31,Active,,,0,true
2572164,513 N 122nd St,98133,Single Family,2026-08-21,2026-09-21,2026-09-21,745000,745000,2026-08-20,32,Active,,,0,true
2572239,3210 NW 69th St,98117,Single Family,2026-08-22,2026-09-21,2026-09-21,1295000,1095000,2026-08-21,31,Active,2026-09-12,2026-08-23,2,true
2572312,1755 NW 62nd St,98107,Townhouse,2026-08-22,2026-09-21,2026-09-21,849950,849950,2026-08-21,31,Active,,,0,true
2572346,4540 40th Ave SW,98116,Townhouse,2026-08-21,2026-09-21,2026-09-21,699000,699000,2026-08-20,29,Active,,,0,true
2572377,9026 Corliss Ave N,98103,Single Family,2026-08-23,2026-09-21,2026-09-21,699950,699950,2026-08-22,30,Active,,,0,true
2572431,10214 1st Ave NW Unit B,98177,Townhouse,2026-08-22,2026-09-21,2026-09-21,650000,650000,2026-08-21,31,Active,,,0,true
2572446,116 Aloha St #116,98109,Townhouse,2026-09-04,2026-09-21,2026-09-21,950000,950000,2026-09-03,18,Active,,,0,true
2572500,8009 28th Ave NE,98115,Single Family,2026-09-11,2026-09-21,2026-09-21,1625000,1600000,2026-09-09,5,Active,2026-09-17,2026-09-17,1,true
2572552,3000 SW Graham St,19812,Townhouse,2026-08-26,2026-09-21,2026-09-21,698000,698000,2026-08-25,27,Active,,,0,true
2572558,11502 6 Ave NW #1,98177,Single Family,2026-08-22,2026-09-21,2026-09-21,2700000,2700000,2026-08-21,31,Active,,,0,true
2572561,4010 35th Ave SW,98126,Single Family,2026-09-19,2026-09-21,2026-09-21,1150000,1150000,2026-09-18,3,Active,,,0,true
2572594,1455 22nd Ave Unit A,98122,Townhouse,2026-08-22,2026-09-21,2026-09-21,629950,629950,2026-08-21,31,Active,,,0,true
2572623,9044 9th Ave SW,98106,Single Family,2026-08-22,2026-09-21,2026-09-21,569900,529000,2026-08-21,31,Active,2026-09-19,2026-08-29,3,true
2572625,8370 Loyal Way NW Unit C,98117,Townhouse,2026-08-28,2026-09-21,2026-09-21,785000,785000,2026-08-27,25,Active,,,0,true
2572629,463 39th Ave E,98112,Single Family,2026-08-22,2026-09-21,2026-09-21,3595000,3595000,2026-08-21,31,Active,,,0,true
2572703,1014 C NE 70th St Unit C,98115,Townhouse,2026-08-22,2026-09-21,2026-09-21,924950,899950,2026-08-21,31,Active,2026-09-04,2026-09-04,1,true
2572719,4600 Green Lake Way N,98103,Single Family,2026-09-09,2026-09-21,2026-09-21,1250000,1199000,2026-09-08,12,Active,2026-09-11,2026-09-11,1,true
2572731,1926 Ferry Ave SW,98116,Townhouse,2026-08-23,2026-09-21,2026-09-21,949900,949900,2026-08-22,30,Active,,,0,true
2572739,8510 15th Ave NE,98115,Single Family,2026-08-22,2026-09-21,2026-09-21,779000,779000,2026-08-21,31,Active,,,0,true
2572740,8512 15th Ave NE,98115,Single Family,2026-08-22,2026-09-21,2026-09-21,1349000,1299000,2026-08-21,31,Active,2026-09-16,2026-09-16,1,true
2572894,5262 15th Ave NE,98105,Single Family,2026-08-23,2026-09-21,2026-09-21,1150000,1150000,2026-08-22,30,Active,,,0,true
2572907,2481 Perkins Ln W,98199,Single Family,2026-08-28,2026-09-21,2026-09-21,8995000,8995000,2026-08-27,25,Active,,,0,true
2572965,1518 4th Ave N,98109,Single Family,2026-08-23,2026-09-21,2026-09-21,3498000,3498000,2026-08-22,30,Active,,,0,true
2573097,317 N 138th St,98133,Single Family,2026-08-25,2026-09-21,2026-09-21,850000,850000,2026-08-24,28,Active,,,0,true
2573129,10530 Ashworth Ave N Unit B,98133,Single Family,2026-09-18,2026-09-21,2026-09-21,865000,865000,2026-09-17,4,Active,,,0,true
2573137,10530 Ashworth Ave N,98133,Single Family,2026-08-28,2026-09-21,2026-09-21,775000,775000,2026-08-27,25,Active,,,0,true
2573159,7768 14th Ave SW,98106,Single Family,2026-08-24,2026-09-21,2026-09-21,589000,584000,2026-08-23,29,Active,2026-09-20,2026-09-20,1,true
2573248,1900 23rd Ave S,98144,Single Family,2026-08-26,2026-09-21,2026-09-21,1100000,1100000,2026-08-25,27,Active,,,0,true
2573306,1110 S Bennett St,98108,Single Family,2026-09-11,2026-09-21,2026-09-21,625000,625000,2026-09-10,11,Active,,,0,true
2573355,7511 Dumar Way SW,98106,Single Family,2026-08-25,2026-09-21,2026-09-21,869250,849000,2026-08-24,28,Active,2026-09-13,2026-09-13,1,true
2573422,1508 37th Ave E,98112,Single Family,2026-09-06,2026-09-21,2026-09-21,3695000,3695000,2026-09-05,13,Active,,,0,true
2573447,7174 27th Ave SW,98106,Townhouse,2026-08-27,2026-09-21,2026-09-21,615000,615000,2026-08-26,26,Active,,,0,true
2573538,1810 SW Dakota St,98106,Single Family,2026-09-01,2026-09-21,2026-09-21,1375000,1295000,2026-08-31,20,Active,2026-09-19,2026-09-19,1,true
2573553,8736 B 13th Ave NW,98117,Single Family,2026-08-27,2026-09-21,2026-09-21,549000,549000,2026-08-26,26,Active,,,0,true
2573624,3707 SW 105th St,98146,Single Family,2026-09-12,2026-09-21,2026-09-21,725000,725000,2026-09-11,10,Active,,,0,true
2573668,3917 Midvale Ave N Unit A,98103,Single Family,2026-08-26,2026-09-21,2026-09-21,1139810,1139810,2026-08-25,27,Active,,,0,true
2573703,1216 NE 100th St,98125,Single Family,2026-08-27,2026-09-21,2026-09-21,1200000,1200000,2026-08-26,26,Active,,,0,true
2573748,1317 N 44th St Unit A,98103,Townhouse,2026-08-28,2026-09-21,2026-09-21,699999,699999,2026-08-27,25,Active,,,0,true
2573768,937 N 88th St,98103,Single Family,2026-08-26,2026-09-21,2026-09-21,700000,685000,2026-08-25,27,Active,2026-09-16,2026-09-16,1,true
2573771,9229 45th Ave NE,98115,Single Family,2026-08-26,2026-09-21,2026-09-21,945000,945000,2026-08-25,27,Active,,,0,true
2573805,6800 Oswego Pl NE,98115,Townhouse,2026-08-27,2026-09-21,2026-09-21,720000,699950,2026-08-26,26,Active,2026-09-12,2026-09-12,1,true
2573849,3442 13th Ave W Unit A,98119,Single Family,2026-08-27,2026-09-21,2026-09-21,1899900,1899900,2026-08-26,26,Active,,,0,true
2573854,3446 13th Ave W Unit B,98119,Single Family,2026-08-27,2026-09-21,2026-09-21,849900,849900,2026-08-26,26,Active,,,0,true
2573859,3444 13th Ave W Unit C,98119,Single Family,2026-08-27,2026-09-21,2026-09-21,949900,949900,2026-08-26,26,Active,,,0,true
2573870,3613 Wallingford Ave N,98103,Single Family,2026-09-11,2026-09-21,2026-09-21,1150000,1150000,2026-09-09,12,Active,,,0,true
2573877,3051 44th Ave W,98199,Single Family,2026-09-05,2026-09-21,2026-09-21,1840000,1840000,2026-09-04,11,Active,,,0,true
2573907,2935 39th Ave SW,98116,Single Family,2026-08-26,2026-09-21,2026-09-21,750000,750000,2026-08-25,27,Active,,,0,true
2573945,2609 NW 57th St Unit C,98107,Townhouse,2026-08-26,2026-09-21,2026-09-21,639000,639000,2026-08-25,27,Active,,,0,true
2573949,634 N 92nd St,98103,Townhouse,2026-09-09,2026-09-21,2026-09-21,829900,799900,2026-09-08,13,Active,2026-09-19,2026-09-19,1,true
2574060,815 NE 100th St,98125,Single Family,2026-08-29,2026-09-21,2026-09-21,779950,779950,2026-08-28,24,Active,,,0,true
2574214,2122 NE 89th St,98115,Townhouse,2026-08-27,2026-09-21,2026-09-21,607000,607000,2026-08-26,26,Active,,,0,true
2574283,716 15th Ave E,98112,Single Family,2026-08-27,2026-09-21,2026-09-21,2450000,2450000,2026-08-26,26,Active,,,0,true
2574288,1828 NE Ravenna Blvd,98105,Single Family,2026-09-17,2026-09-21,2026-09-21,1599000,1599000,2026-09-16,5,Active,,,0,true
2574294,7226 33rd Ave S,98118,Single Family,2026-08-27,2026-09-21,2026-09-21,739000,739000,2026-08-26,26,Active,,,0,true
2574328,4320 31st Ave W,98199,Single Family,2026-09-03,2026-09-21,2026-09-21,649999,598888,2026-09-02,19,Active,2026-09-14,2026-09-14,1,true
2574355,1613 21st Ave Unit B,98122,Single Family,2026-09-02,2026-09-21,2026-09-21,700000,700000,2026-09-01,20,Active,,,0,true
2574371,641 NW Market St Unit A,98107,Townhouse,2026-08-28,2026-09-21,2026-09-21,775000,775000,2026-08-27,25,Active,,,0,true
2574376,5013 40th Ave NE,98105,Townhouse,2026-08-27,2026-09-21,2026-09-21,845000,845000,2026-08-26,26,Active,,,0,true
2574423,118 Highland Dr,98109,Single Family,2026-09-03,2026-09-21,2026-09-21,3590000,3590000,2026-09-02,19,Active,,,0,true
2574429,5247 21st Ave SW,98106,Single Family,2026-08-28,2026-09-21,2026-09-21,1295000,1295000,2026-08-27,25,Active,,,0,true
2574435,1114 2nd Ave N,98109,Single Family,2026-09-18,2026-09-21,2026-09-21,1749500,1749500,2026-09-17,4,Active,,,0,true
2574452,13021 13th Ave NW,98177,Single Family,2026-08-27,2026-09-21,2026-09-21,3250000,3250000,2026-08-26,26,Active,,,0,true
2574469,7507 Latona Ave NE,98115,Single Family,2026-08-28,2026-09-21,2026-09-21,789950,789950,2026-08-27,25,Active,,,0,true
2574494,536 N 73rd St,98103,Single Family,2026-08-30,2026-09-21,2026-09-21,699950,699950,2026-08-29,23,Active,,,0,true
2574520,1946 Harvard Ave E,98102,Single Family,2026-09-11,2026-09-21,2026-09-21,2499000,2499000,2026-09-09,12,Active,,,0,true
2574528,6325 42nd Ave SW,98136,Single Family,2026-09-19,2026-09-21,2026-09-21,675000,675000,2026-09-18,3,Active,,,0,true
2574633,324 27th Ave E,98112,Single Family,2026-09-11,2026-09-21,2026-09-21,1395000,1395000,2026-09-10,11,Active,,,0,true
2574659,6516 24th Ave SW,98106,Single Family,2026-08-28,2026-09-21,2026-09-21,1000000,1000000,2026-08-27,25,Active,,,0,true
2574664,3228 35th Ave W,98199,Single Family,2026-08-29,2026-09-21,2026-09-21,1760000,1760000,2026-08-28,24,Active,,,0,true
2574729,2854 S Juneau St,98108,Single Family,2026-08-27,2026-09-21,2026-09-21,500000,500000,2026-08-26,26,Active,,,0,true
2574800,14342 Bagley Ave N,98133,Single Family,2026-08-28,2026-09-21,2026-09-21,1395000,1395000,2026-08-27,25,Active,,,0,true
2574803,14340 Bagley Ave N,98133,Single Family,2026-08-28,2026-09-21,2026-09-21,795000,795000,2026-08-27,25,Active,,,0,true
2574820,1560 28th Ave W,98199,Single Family,2026-09-11,2026-09-21,2026-09-21,1638750,1638750,2026-09-09,12,Active,,,0,true
2574898,911 N 104th St Unit B,98133,Townhouse,2026-09-15,2026-09-21,2026-09-21,650000,650000,2026-09-14,7,Active,,,0,true
2574907,5616 Fauntleroy Way SW,98136,Single Family,2026-08-29,2026-09-21,2026-09-21,725000,700000,2026-08-27,25,Active,2026-09-17,2026-09-17,1,true
2574911,5614 Fauntleroy Way SW Unit A,98136,Townhouse,2026-08-28,2026-09-21,2026-09-21,610000,610000,2026-08-27,25,Active,,,0,true
2574915,5614 Fauntleroy Way SW,98136,Single Family,2026-08-28,2026-09-21,2026-09-21,1150000,1250000,2026-08-27,25,Active,2026-09-17,2026-09-17,1,true
2574924,11558 Fremont Ave,98133,Single Family,2026-08-28,2026-09-21,2026-09-21,710000,710000,2026-08-27,25,Active,,,0,true
2575146,7520 Linden Ave N,98103,Single Family,2026-08-28,2026-09-21,2026-09-21,945000,945000,2026-08-27,25,Active,,,0,true
2575168,210 N 115th St,98133,Single Family,2026-08-29,2026-09-21,2026-09-21,949950,949950,2026-08-27,25,Active,,,0,true
2575187,13302 Bitter Pl N,98133,Single Family,2026-08-28,2026-09-21,2026-09-19,1449950,1449950,2026-08-27,25,Active Under Contract,,,0,true
2575228,3428 18th Ave S,98144,Single Family,2026-08-28,2026-09-21,2026-09-21,750000,750000,2026-08-27,25,Active,,,0,true
2575234,2536 Westlake Ave N,98109,Single Family,2026-09-05,2026-09-21,2026-09-21,179000,179000,2026-08-28,24,Active,,,0,false
2575242,121 N 136th St,98133,Single Family,2026-08-28,2026-09-21,2026-09-21,1099500,1099500,2026-08-27,25,Active,,,0,true
2575249,1512 6th Ave W,98119,Single Family,2026-08-29,2026-09-21,2026-09-21,1295000,1250000,2026-08-28,24,Active,2026-09-05,2026-09-05,1,true
2575287,5522 12th Ave NE,98105,Single Family,2026-09-09,2026-09-21,2026-09-21,949000,949000,2026-09-08,13,Active,,,0,true
2575324,1549 NW 61st St Unit A,98107,Single Family,2026-09-02,2026-09-21,2026-09-21,629000,619000,2026-09-01,20,Active,2026-09-18,2026-09-18,1,true
2575334,4011 SW Maryland Pl,98116,Single Family,2026-08-29,2026-09-21,2026-09-21,990000,990000,2026-08-28,24,Active,,,0,true
2575347,10532 Evanston Ave N,98133,Single Family,2026-08-29,2026-09-21,2026-09-21,1095000,1095000,2026-08-28,24,Active,,,0,true
2575377,2409 NW 64th St,98107,Townhouse,2026-08-29,2026-09-21,2026-09-21,759000,759000,2026-08-28,24,Active,,,0,true
2575439,504 23rd Ave E,98112,Single Family,2026-08-29,2026-09-21,2026-09-21,1185000,1185000,2026-08-28,24,Active,,,0,true
2575461,9406 Linden Ave N Unit B,98103,Townhouse,2026-08-29,2026-09-21,2026-09-21,479950,479950,2026-08-28,24,Active,,,0,true
2575464,5407 31st Ave S,98108,Single Family,2026-09-03,2026-09-21,2026-09-21,665000,665000,2026-09-02,19,Active,,,0,true
2575485,2107 NW 65th St,98117,Single Family,2026-09-17,2026-09-21,2026-09-21,745000,745000,2026-09-16,5,Active,,,0,true
2575533,2217 Federal Ave E,98102,Single Family,2026-09-11,2026-09-21,2026-09-21,1549000,1549000,2026-09-10,11,Active,,,0,true
2575535,6704 15th Ave NW,98117,Townhouse,2026-08-29,2026-09-21,2026-09-21,663100,663100,2026-08-28,24,Active,,,0,true
2575564,8846 Midvale Ave N Unit B,98103,Townhouse,2026-08-29,2026-09-21,2026-09-21,649950,635000,2026-08-28,24,Active,2026-09-08,2026-09-08,1,true
2575580,5316 31st Ave S,98108,Single Family,2026-08-29,2026-09-21,2026-09-21,800000,800000,2026-08-28,24,Active,,,0,true
2575607,8106 8th Ave NW,98117,Single Family,2026-08-30,2026-09-21,2026-09-21,699990,699990,2026-08-29,23,Active,,,0,true
2575788,5925 31st Ave SW,98126,Single Family,2026-08-30,2026-09-21,2026-09-21,1011000,995000,2026-08-29,23,Active,2026-09-11,2026-09-11,1,true
2575859,825 NE 75th St,98115,Single Family,2026-09-11,2026-09-21,2026-09-21,1350000,1350000,2026-09-10,11,Active,,,0,true
2575876,303 N 64th St,98103,Single Family,2026-08-30,2026-09-21,2026-09-21,920500,920500,2026-08-29,23,Active,,,0,true
2575901,6049 Princeton Ave NE,98115,Single Family,2026-09-15,2026-09-21,2026-09-21,2195000,2195000,2026-09-14,6,Active,,,0,true
2575935,5549 B 34th Ave NE,98105,Single Family,2026-09-11,2026-09-21,2026-09-21,925000,925000,2026-09-10,11,Active,,,0,true
2575962,6533 5th Ave NW,98117,Single Family,2026-09-11,2026-09-21,2026-09-21,618600,618600,2026-09-10,11,Active,,,0,true
2576006,7526 Roosevelt Way NE,98115,Single Family,2026-08-31,2026-09-21,2026-09-21,1299900,1299900,2026-08-30,22,Active,,,0,true
2576019,212 N 115th St,98133,Single Family,2026-09-01,2026-09-21,2026-09-21,749950,749950,2026-08-31,21,Active,,,0,true
2576044,11032 Dayton Ave N,98133,Single Family,2026-09-01,2026-09-21,2026-09-21,649985,649985,2026-08-31,6,Active,,,0,true
2576058,7624 39th Ave S,98118,Single Family,2026-09-01,2026-09-21,2026-09-21,650000,650000,2026-08-31,21,Active,,,0,true
2576108,3233 Magnolia Blvd W,98119,Single Family,2026-09-09,2026-09-21,2026-09-21,3500000,3500000,2026-09-08,13,Active,,,0,true
2576155,13716 Midvale Ave N Unit C,98133,Townhouse,2026-09-02,2026-09-21,2026-09-21,521000,521000,2026-09-01,20,Active,,,0,true
2576208,6049 33rd Ave NE,98115,Single Family,2026-09-17,2026-09-21,2026-09-21,840000,840000,2026-09-16,4,Active,,,0,true
2576214,921 NW 59th St,98107,Townhouse,2026-09-11,2026-09-21,2026-09-21,859000,859000,2026-09-09,12,Active,,,0,true
2576254,158 15th Ave Unit B,98122,Townhouse,2026-09-02,2026-09-21,2026-09-21,636500,636500,2026-09-01,20,Active,,,0,true
2576260,2223 39th Ave E,98112,Single Family,2026-09-11,2026-09-21,2026-09-21,3395000,3395000,2026-09-09,12,Active,,,0,true
2576305,2614 E John St,98112,Single Family,2026-09-02,2026-09-21,2026-09-21,585000,585000,2026-09-01,20,Active,,,0,true
2576336,2650 NW 95th St,98117,Single Family,2026-09-01,2026-09-21,2026-09-21,799000,799000,2026-08-31,21,Active,,,0,true
2576376,8544 21st Pl NE,98115,Townhouse,2026-09-04,2026-09-21,2026-09-21,895000,895000,2026-09-03,18,Active,,,0,true
2576415,4038 24th Pl S,98108,Single Family,2026-09-16,2026-09-21,2026-09-21,1100000,1100000,2026-09-15,6,Active,,,0,true
2576498,311 NW 92nd St,98117,Single Family,2026-09-02,2026-09-21,2026-09-21,674950,674950,2026-09-01,20,Active,,,0,true
2576535,1524 13th Ave S Unit A,98144,Townhouse,2026-09-02,2026-09-21,2026-09-21,799000,799000,2026-09-01,20,Active,,,0,true
2576537,1111 N 76th St #1,98103,Single Family,2026-09-02,2026-09-21,2026-09-21,806550,806550,2026-09-01,20,Active,,,0,true
2576584,1644 B 20th Ave,98122,Townhouse,2026-09-03,2026-09-21,2026-09-21,925000,925000,2026-09-02,19,Active,,,0,true
2576648,2568 13th Ave W,98119,Single Family,2026-09-02,2026-09-21,2026-09-21,1575000,1498000,2026-09-01,20,Active,2026-09-11,2026-09-11,1,true
2576656,1735 27th Ave,98122,Townhouse,2026-09-11,2026-09-21,2026-09-21,925000,925000,2026-09-10,11,Active,,,0,true
2576677,805 33rd Ave E,98112,Single Family,2026-09-11,2026-09-21,2026-09-21,2099000,2099000,2026-09-09,12,Active,,,0,true
2576679,2316 S Forest St,98144,Single Family,2026-09-02,2026-09-21,2026-09-21,935000,885000,2026-09-01,20,Active,2026-09-12,2026-09-12,1,true
2576725,2353 Federal Ave E,98102,Single Family,2026-09-02,2026-09-21,2026-09-21,997500,997500,2026-09-01,20,Active,,,0,true
2576753,6747 Alonzo Ave NW,98117,Single Family,2026-09-02,2026-09-21,2026-09-21,599000,599000,2026-09-01,20,Active,,,0,true
2576830,6545 Fauntleroy Way SW,98136,Single Family,2026-09-17,2026-09-21,2026-09-21,985000,985000,2026-09-16,5,Active,,,0,true
2576917,1123 31st Ave,98122,Single Family,2026-09-03,2026-09-21,2026-09-21,2575000,2495000,2026-09-02,19,Active,2026-09-19,2026-09-19,1,true
2577010,5243 40th Ave NE,98105,Townhouse,2026-09-03,2026-09-21,2026-09-21,825000,825000,2026-09-02,18,Active,,,0,true
2577019,9004 12th Ave NE,98115,Single Family,2026-09-03,2026-09-21,2026-09-21,1689000,1689000,2026-09-02,19,Active,,,0,true
2577023,9535 Dayton Ave N,98103,Single Family,2026-09-02,2026-09-21,2026-09-21,1599950,1599950,2026-09-01,20,Active,,,0,true
2577102,943 N 103rd St,98133,Single Family,2026-09-03,2026-09-21,2026-09-21,540000,540000,2026-09-02,19,Active,,,0,true
2577114,2615 NE 87th St,98115,Single Family,2026-09-03,2026-09-21,2026-09-21,2495000,2495000,2026-09-02,19,Active,,,0,true
2577118,426 Smith St,98109,Single Family,2026-09-03,2026-09-21,2026-09-21,2280000,2280000,2026-09-02,19,Active,,,0,true
2577127,945 N 103rd St,98133,Single Family,2026-09-03,2026-09-21,2026-09-21,495000,495000,2026-09-02,19,Active,,,0,true
2577133,1212 E Shelby St #5,98102,Single Family,2026-09-03,2026-09-21,2026-09-21,2999000,2999000,2026-09-02,19,Active,,,0,true
2577135,941 N 103rd St,98133,Single Family,2026-09-03,2026-09-21,2026-09-21,720000,720000,2026-09-02,19,Active,,,0,true
2577176,1129 37th Ave,98122,Single Family,2026-09-11,2026-09-21,2026-09-21,1795000,1795000,2026-09-10,11,Active,,,0,true
2577201,2303 E Alder St,98122,Townhouse,2026-09-12,2026-09-21,2026-09-21,899000,899000,2026-09-11,10,Active,,,0,true
2577298,3406 B 34th Ave W,98199,Townhouse,2026-09-17,2026-09-21,2026-09-21,849990,849990,2026-09-16,5,Active,,,0,true
2577386,6681 NE Windermere Rd,98115,Single Family,2026-09-04,2026-09-21,2026-09-21,2978000,2978000,2026-09-03,18,Active,,,0,true
2577392,5021 Sand Point Pl NE Unit E,98105,Townhouse,2026-09-11,2026-09-21,2026-09-21,753000,753000,2026-09-09,12,Active,,,0,true
2577508,5561 23rd Ave S,98108,Single Family,2026-09-09,2026-09-21,2026-09-21,680000,680000,2026-09-08,13,Active,,,0,true
2577521,5247 Brooklyn Ave NE,98105,Single Family,2026-09-05,2026-09-21,2026-09-21,899000,899000,2026-09-04,17,Active,,,0,true
2577556,5208 15th Ave S,98108,Single Family,2026-09-08,2026-09-21,2026-09-21,410000,410000,2026-09-07,13,Active,,,0,true
2577580,1401 29th Ave,98122,Townhouse,2026-09-04,2026-09-21,2026-09-21,799950,799950,2026-09-03,18,Active,,,0,true
2577596,1409 29th Ave,98122,Single Family,2026-09-04,2026-09-21,2026-09-21,829950,829950,2026-09-03,18,Active,,,0,true
2577638,313 NE 76th St,98115,Single Family,2026-09-11,2026-09-21,2026-09-21,1087000,1087000,2026-09-09,12,Active,,,0,true
2577681,10017 12th Ave NE,98125,Single Family,2026-09-05,2026-09-21,2026-09-21,1094950,1094950,2026-09-04,17,Active,,,0,true
2577719,338 29th Ave,98122,Single Family,2026-09-11,2026-09-21,2026-09-21,1495000,1495000,2026-09-10,11,Active,,,0,true
2577727,1740 NE 86th St #311,98115,1,2026-09-20,2026-09-21,2026-09-21,328800,328800,,,First Look,,,0,
2577781,415 Wheeler St,98109,Single Family,2026-09-12,2026-09-21,2026-09-21,2600000,2600000,2026-09-11,10,Active,,,0,true
2577782,4323 15th Ave S,98108,Single Family,2026-09-04,2026-09-21,2026-09-21,803225,799000,2026-09-03,18,Active,2026-09-11,2026-09-11,1,true
2577827,1110 36th Ave,98122,Single Family,2026-09-04,2026-09-21,2026-09-21,2995000,2995000,2026-09-03,18,Active,,,0,true
2577895,4200 Washington Ave W,98199,Single Family,2026-09-04,2026-09-21,2026-09-21,3999500,3999500,2026-09-03,18,Active,,,0,true
2577946,5647 38th Ave SW,98126,Single Family,2026-09-04,2026-09-21,2026-09-21,475000,475000,2026-09-03,18,Active,,,0,true
2577983,1309 35th Ave S,98144,Single Family,2026-09-05,2026-09-21,2026-09-21,1525000,1525000,2026-09-04,10,Active,,,0,true
2578036,3803 29th Ave W,98199,Single Family,2026-09-05,2026-09-21,2026-09-21,1595000,1595000,2026-09-04,17,Active,,,0,true
2578042,209 32nd Ave,98122,Single Family,2026-09-09,2026-09-21,2026-09-21,1599000,1599000,2026-09-08,13,Active,,,0,true
2578127,3625 Wallingford Ave N Unit A,98103,Townhouse,2026-09-11,2026-09-21,2026-09-21,875000,875000,2026-09-10,11,Active,,,0,true
2578128,3429 40th Ave W,98199,Single Family,2026-09-11,2026-09-21,2026-09-21,1350000,1350000,2026-09-10,11,Active,,,0,true
2578153,649 NW 83rd St,98117,Single Family,2026-09-09,2026-09-21,2026-09-21,1750000,1750000,2026-09-08,13,Active,,,0,true
2578157,3641 22nd Ave W Unit E,98199,Townhouse,2026-09-05,2026-09-21,2026-09-21,849500,849500,2026-09-04,17,Active,,,0,true
2578216,7459 Woodlawn Ave NE Unit A,98115,Townhouse,2026-09-09,2026-09-21,2026-09-21,750000,750000,2026-09-08,13,Active,,,0,true
2578269,3701 SW 105th St,98146,Single Family,2026-09-04,2026-09-21,2026-09-21,799000,799000,2026-09-03,18,Active,,,0,true
2578280,2426 NW 64th St Unit C,98107,Single Family,2026-09-11,2026-09-21,2026-09-21,1050000,1050000,2026-09-10,10,Active,,,0,true
2578287,4314 Whitman Ave N Unit B,98103,Townhouse,2026-09-11,2026-09-21,2026-09-21,849000,849000,2026-09-09,12,Active,,,0,true
2578292,8449 18th Ave SW Unit C,98106,Single Family,2026-09-05,2026-09-21,2026-09-21,649000,649000,2026-09-04,17,Active,,,0,true
2578293,1220 NE 100th St,98125,Single Family,2026-09-04,2026-09-21,2026-09-21,635000,635000,2026-09-03,17,Active,,,0,true
2578307,1218 NE 100th St,98102,Single Family,2026-09-15,2026-09-21,2026-09-21,599900,599900,2026-09-15,,First Look,,,0,true
2578308,3613 35th Ave SW,98126,Single Family,2026-09-16,2026-09-21,2026-09-21,1150000,1150000,2026-09-15,6,Active,,,0,true
2578334,2730 53rd Ave SW,98116,Single Family,2026-09-17,2026-09-21,2026-09-21,2100000,2100000,2026-09-16,5,Active,,,0,true
2578335,6318 41st Ave SW #4,98136,Townhouse,2026-09-05,2026-09-21,2026-09-21,675000,675000,2026-09-04,17,Active,,,0,true
2578351,618 N 125th St,98133,Single Family,2026-09-05,2026-09-21,2026-09-21,1150000,1099000,2026-09-04,17,Active,2026-09-18,2026-09-18,1,true
2578354,716 11th Ave E Unit A,98102,Townhouse,2026-09-05,2026-09-21,2026-09-21,590000,590000,2026-09-04,17,Active,,,0,true
2578379,115 B N 105th St,98133,Townhouse,2026-09-05,2026-09-21,2026-09-21,525000,525000,2026-09-04,17,Active,,,0,true
2578400,2952 SW Raymond St,98126,Townhouse,2026-09-11,2026-09-21,2026-09-21,525000,525000,2026-09-09,12,Active,,,0,true
2578436,1622 5th Ave N,98109,Single Family,2026-09-09,2026-09-21,2026-09-21,3775000,3775000,2026-09-08,13,Active,,,0,true
2578496,6318 41st Ave SW Unit F,98136,Townhouse,2026-09-05,2026-09-21,2026-09-21,729000,729000,2026-09-04,17,Active,,,0,true
2578519,3857 21st Ave SW,98106,Townhouse,2026-09-11,2026-09-21,2026-09-21,425000,425000,2026-09-10,11,Active,,,0,true
2578521,12015 Dayton Ave N,98133,Single Family,2026-09-11,2026-09-21,2026-09-21,949000,949000,2026-09-09,12,Active,,,0,true
2578523,1216 E Fir St Unit A,98122,Townhouse,2026-09-09,2026-09-21,2026-09-21,519950,519950,2026-09-08,13,Active,,,0,true
2578524,5030 Delridge Way SW Unit A,98106,Townhouse,2026-09-11,2026-09-21,2026-09-21,625000,625000,2026-09-10,11,Active,,,0,true
2578535,2228 B NW 60th St,98107,Townhouse,2026-09-05,2026-09-21,2026-09-21,689950,689950,2026-09-04,17,Active,,,0,true
2578574,10004 14th Ave NW,98177,Single Family,2026-09-11,2026-09-21,2026-09-21,560000,560000,2026-09-10,11,Active,,,0,true
2578654,2429 NW 64th St Unit A,98107,Townhouse,2026-09-14,2026-09-21,2026-09-21,837500,837500,2026-09-13,8,Active,,,0,true
2578672,8012 25th Ave NW,98117,Single Family,2026-09-11,2026-09-21,2026-09-21,1175000,1175000,2026-09-10,11,Active,,,0,true
2578734,6000 17th Ave SW #23,98106,Townhouse,2026-09-05,2026-09-21,2026-09-21,675000,675000,2026-09-04,13,Active,,,0,true
2578742,1736 Palm Ave SW,98116,Single Family,2026-09-18,2026-09-21,2026-09-21,1300000,1300000,2026-09-17,4,Active,,,0,true
2578747,2401 SW Brandon St #201,98106,Single Family,2026-09-08,2026-09-21,2026-09-21,400000,400000,2026-09-07,,First Look,,,0,true
2578773,1503 S Stevens St,98144,Single Family,2026-09-11,2026-09-21,2026-09-21,799880,799880,2026-09-10,11,Active,,,0,true
2578843,11428 Arroyo Beach Pl SW,98146,Single Family,2026-09-09,2026-09-21,2026-09-21,700000,700000,2026-09-08,12,Active,,,0,true
2578844,2450 NW 61st St,98107,Single Family,2026-09-06,2026-09-21,2026-09-21,899000,899000,2026-09-05,16,Active,,,0,true
2578874,6238 25th Ave NE,98115,Single Family,2026-09-11,2026-09-21,2026-09-21,1650000,1650000,2026-09-09,12,Active,,,0,true
2578902,11441 Arroyo Beach Pl SW,98146,Single Family,2026-09-09,2026-09-21,2026-09-21,2300000,2300000,2026-09-08,12,Active,,,0,true
2578926,3456 23rd Ave W,98199,Single Family,2026-09-06,2026-09-21,2026-09-21,775000,775000,2026-09-05,16,Active,,,0,true
2578935,1921 44th Ave SW,98116,Single Family,2026-09-06,2026-09-21,2026-09-21,975000,975000,2026-09-05,11,Active,,,0,true
2578946,1216 N 103rd St,98133,Single Family,2026-09-18,2026-09-21,2026-09-21,880000,880000,2026-09-17,4,Active,,,0,true
2578972,2222 Waverly Way E,98112,Single Family,2026-09-09,2026-09-21,2026-09-21,4950000,4950000,2026-09-08,13,Active,,,0,true
2578994,256 NE 50th St,98105,Single Family,2026-09-11,2026-09-21,2026-09-21,1052950,1052950,2026-09-10,11,Active,,,0,true
2579000,9014 4th Ave NW Unit B,98117,Townhouse,2026-09-07,2026-09-21,2026-09-21,668000,668000,2026-09-06,15,Active,,,0,true
2579011,10831 11th Ave NE,98125,Townhouse,2026-09-07,2026-09-21,2026-09-21,789000,789000,2026-09-06,15,Active,,,0,true
2579021,8504 43rd Ave NE,98115,Single Family,2026-09-11,2026-09-21,2026-09-21,1500000,1500000,2026-09-09,12,Active,,,0,true
2579022,9253 3rd Ave NW,98133,Single Family,2026-09-11,2026-09-21,2026-09-21,839900,839900,2026-09-10,11,Active,,,0,true
2579026,4123 55th Ave SW,98116,Single Family,2026-09-17,2026-09-21,2026-09-21,1295000,1295000,2026-09-16,5,Active,,,0,true
2579093,1115 8th Ave W,98119,Single Family,2026-09-08,2026-09-21,2026-09-21,1395000,1395000,2026-09-07,14,Active,,,0,true
2579111,23 Prospect St,98109,Single Family,2026-09-08,2026-09-21,2026-09-21,2895000,2895000,2026-09-07,14,Active,,,0,true
2579115,734 N 75th St,98103,Single Family,2026-09-09,2026-09-21,2026-09-21,1275000,1275000,2026-09-08,11,Active,,,0,true
2579154,7132 34th Ave SW,98126,Single Family,2026-09-08,2026-09-21,2026-09-21,659000,659000,2026-09-07,14,Active,,,0,true
2579169,3712 37th Ave SW,98126,Single Family,2026-09-17,2026-09-21,2026-09-21,808000,808000,2026-09-16,5,Active,,,0,true
2579185,1420 Terry Ave #2103,98101,Single Family,2026-09-15,2026-09-21,2026-09-21,975000,975000,2026-09-15,3,Active,,,0,true
2579188,313 Valley St,98109,Townhouse,2026-09-11,2026-09-21,2026-09-21,960000,945000,2026-09-09,12,Active,2026-09-19,2026-09-19,1,true
2579225,626 W Emerson St,98119,Single Family,2026-09-11,2026-09-21,2026-09-21,950000,950000,2026-09-10,11,Active,,,0,true
2579245,4712 SW Brace Point Dr,98136,Single Family,2026-09-13,2026-09-21,2026-09-21,1895000,1895000,2026-09-12,9,Active,,,0,true
2579246,7742 30th Ave SW,98126,Single Family,2026-09-09,2026-09-21,2026-09-21,895000,895000,2026-09-08,11,Active,,,0,true
2579250,863 E Gwinn Pl,98102,Single Family,2026-09-09,2026-09-21,2026-09-21,1685000,1685000,2026-09-08,13,Active,,,0,true
2579251,1557 Thorndyke Ave W,98199,Single Family,2026-09-11,2026-09-21,2026-09-21,1699000,1699000,2026-09-10,11,Active,,,0,true
2579259,1218 NE 103rd St,98125,Single Family,2026-09-09,2026-09-21,2026-09-21,1995000,1995000,2026-09-08,13,Active,,,0,true
2579266,312 21st Ave,98122,Single Family,2026-09-11,2026-09-21,2026-09-21,750000,750000,2026-09-10,11,Active,,,0,true
2579267,3234 NW 69th St,98117,Single Family,2026-09-17,2026-09-21,2026-09-21,1340000,1340000,2026-09-16,5,Active,,,0,true
2579272,6895 Holly Park Dr S,98118,Townhouse,2026-09-09,2026-09-21,2026-09-21,550000,550000,2026-09-08,13,Active,,,0,true
2579275,6827 28th Ave NE,98115,Single Family,2026-09-09,2026-09-21,2026-09-21,1333000,1333000,2026-09-08,12,Active,,,0,true
2579279,6331 42nd Ave SW Unit A,98136,Townhouse,2026-09-08,2026-09-21,2026-09-21,685000,685000,2026-09-07,13,Active,,,0,true
2579293,8913 8th Ave NE,98115,Single Family,2026-09-11,2026-09-21,2026-09-21,712500,712500,2026-09-10,11,Active,,,0,true
2579317,3405 E Pine St,98122,Single Family,2026-09-15,2026-09-21,2026-09-21,1950000,1950000,2026-09-15,5,Active,,,0,true
2579374,2383 NW 89th Pl,98117,Single Family,2026-09-11,2026-09-21,2026-09-21,1550000,1550000,2026-09-09,12,Active,,,0,true
2579388,4550 49th Ave NE,98105,Single Family,2026-09-09,2026-09-21,2026-09-21,2425000,2425000,2026-09-08,13,Active,,,0,true
2579399,1425 Broadmoor Dr E,98112,Single Family,2026-09-19,2026-09-21,2026-09-21,2395000,2395000,2026-09-18,3,Active,,,0,true
2579453,8040 Forest Dr NE,98115,Single Family,2026-09-09,2026-09-21,2026-09-21,4500000,4500000,2026-09-08,13,Active,,,0,true
2579478,6533 34th Ave SW Unit B,98126,Single Family,2026-09-11,2026-09-21,2026-09-21,850000,850000,2026-09-09,12,Active,,,0,true
2579481,535 N 74th St,98103,Single Family,2026-09-11,2026-09-21,2026-09-21,1695000,1650000,2026-09-09,5,Active,2026-09-16,2026-09-16,1,true
2579486,4812 Aurora Ave,98103,Single Family,2026-09-09,2026-09-21,2026-09-21,899000,899000,2026-09-08,13,Active,,,0,true
2579496,5506 NE Penrith Rd,98105,Single Family,2026-09-09,2026-09-21,2026-09-21,4750000,4750000,2026-09-08,13,Active,,,0,true
2579499,712 NW 65th St,98117,Single Family,2026-09-09,2026-09-21,2026-09-21,825000,825000,2026-09-08,13,Active,,,0,true
2579503,5817 56th Ave NE,98105,Single Family,2026-09-12,2026-09-21,2026-09-21,925000,875000,2026-09-11,10,Active,2026-09-19,2026-09-19,1,true
2579527,4221 W Armour St,98199,Single Family,2026-09-17,2026-09-21,2026-09-21,2675000,2675000,2026-09-17,,First Look,,,0,true
2579549,8043 19th Ave NE,98115,Townhouse,2026-09-11,2026-09-21,2026-09-21,649995,649995,2026-09-09,12,Active,,,0,true
2579565,8554 A Mary Ave NW,98117,Townhouse,2026-09-11,2026-09-21,2026-09-21,749950,749950,2026-09-10,11,Active,,,0,true
2579582,1107 4th Ave N,98109,Single Family,2026-09-11,2026-09-21,2026-09-21,2895000,2895000,2026-09-10,11,Active,,,0,true
2579599,4807 15th Ave S,98108,Single Family,2026-09-09,2026-09-21,2026-09-21,799999,799999,2026-09-08,13,Active,,,0,true
2579600,5510 43rd Ave NE,98105,Single Family,2026-09-18,2026-09-21,2026-09-21,995000,995000,2026-09-17,4,Active,,,0,true
2579603,8814 14th Ave SW,98106,Single Family,2026-09-09,2026-09-21,2026-09-21,619000,619000,2026-09-08,13,Active,,,0,true
2579668,350 B NW 76th St,98117,Townhouse,2026-09-13,2026-09-21,2026-09-21,770000,770000,2026-09-12,9,Active,,,0,true
2579691,719 Harvard Ave E,98102,Townhouse,2026-09-09,2026-09-21,2026-09-21,2650000,2650000,2026-09-08,13,Active,,,0,true
2579694,3518 SW Austin St,98126,Single Family,2026-09-11,2026-09-21,2026-09-21,650000,650000,2026-09-09,12,Active,,,0,true
2579721,116 29th Ave E,98112,Single Family,2026-09-11,2026-09-21,2026-09-21,1499950,1499950,2026-09-09,12,Active,,,0,true
2579722,250 NE 50th St,98105,Single Family,2026-09-11,2026-09-21,2026-09-21,1395000,1395000,2026-09-10,11,Active,,,0,true
2579727,2527 Westmont Way W,98199,Single Family,2026-09-13,2026-09-21,2026-09-21,2320000,2320000,2026-09-12,9,Active,,,0,true
2579740,1549 Magnolia Way W,98199,Single Family,2026-09-12,2026-09-21,2026-09-21,3000000,3000000,2026-09-11,10,Active,,,0,true
2579746,3243 22nd Ave W,98199,Single Family,2026-09-09,2026-09-21,2026-09-21,1020000,988000,2026-09-08,13,Active,2026-09-17,2026-09-17,1,true
2579762,4500 SW Hemlock Way,98136,Single Family,2026-09-11,2026-09-21,2026-09-21,1550000,1550000,2026-09-10,11,Active,,,0,true
2579774,2909 S Dearborn,98144,Townhouse,2026-09-11,2026-09-21,2026-09-21,799000,799000,2026-09-10,11,Active,,,0,true
2579790,6513 24th Ave NE Unit A,98115,Townhouse,2026-09-09,2026-09-21,2026-09-21,831000,831000,2026-09-08,12,Active,,,0,true
2579818,8347 12th Ave NW,98117,Single Family,2026-09-11,2026-09-21,2026-09-21,1750000,1750000,2026-09-09,12,Active,,,0,true
2579833,1512 Taylor Ave N Unit C,98109,Townhouse,2026-09-11,2026-09-21,2026-09-21,845000,845000,2026-09-10,11,Active,,,0,true
2579847,2207 15th Ave S Unit B,98144,Single Family,2026-09-11,2026-09-21,2026-09-21,720000,720000,2026-09-10,11,Active,,,0,true
2579860,1919 A 9th Ave W,98119,Townhouse,2026-09-11,2026-09-21,2026-09-21,939000,939000,2026-09-09,12,Active,,,0,true
2579866,8914 30th Ave NW,98117,Single Family,2026-09-11,2026-09-21,2026-09-21,699950,699950,2026-09-10,7,Active,,,0,true
2579867,2649 A NW 63rd St,98107,Townhouse,2026-09-11,2026-09-21,2026-09-21,899900,899900,2026-09-09,12,Active,,,0,true
2579875,919 2nd Ave W #407,98119,Single Family,2026-09-11,2026-09-21,2026-09-21,325000,325000,2026-09-09,12,Active,,,0,true
2579899,1829 11 Ave W Unit D,98119,Townhouse,2026-09-11,2026-09-21,2026-09-21,749000,749000,2026-09-10,11,Active,,,0,true
2579915,1608 NW 65th St Unit A,98117,Townhouse,2026-09-09,2026-09-21,2026-09-21,663900,663900,2026-09-08,13,Active,,,0,true
2579928,2112 N 46th St,98103,Single Family,2026-09-11,2026-09-21,2026-09-21,1690000,1690000,2026-09-10,11,Active,,,0,true
2579930,12221 8th Ave NW,98177,Single Family,2026-09-12,2026-09-21,2026-09-21,1850000,1850000,2026-09-11,10,Active,,,0,true
2579942,12714 3rd Ave NW,98177,Single Family,2026-09-11,2026-09-21,2026-09-21,749999,749999,2026-09-10,10,Active,,,0,true
2579956,524 N 86th St,98103,Townhouse,2026-09-11,2026-09-21,2026-09-21,1250000,1250000,2026-09-10,11,Active,,,0,true
2579957,1065 Summit Ave E,98102,Single Family,2026-09-11,2026-09-21,2026-09-21,5500000,5500000,2026-09-09,12,Active,,,0,true
2579966,2313 E Mercer St,98112,Single Family,2026-09-11,2026-09-21,2026-09-21,2195000,2195000,2026-09-09,12,Active,,,0,true
2579972,4027 SW Trenton St,98136,Single Family,2026-09-11,2026-09-21,2026-09-21,1250000,1250000,2026-09-09,12,Active,,,0,true
2579973,2218 E Prospect St,98112,Single Family,2026-09-16,2026-09-21,2026-09-21,4749000,4749000,2026-09-15,6,Active,,,0,true
2579991,732 26th Ave S Unit A,98144,Single Family,2026-09-13,2026-09-21,2026-09-21,869000,869000,2026-09-12,9,Active,,,0,true
2579999,3205 E Pine St,98122,Single Family,2026-09-19,2026-09-21,2026-09-21,1350000,1350000,2026-09-18,3,Active,,,0,true
2580026,2838 NW 73rd St,98117,Townhouse,2026-09-11,2026-09-21,2026-09-21,785000,785000,2026-09-09,12,Active,,,0,true
2580058,7509 12th Ave SW,98106,Single Family,2026-09-11,2026-09-21,2026-09-21,1149950,1149950,2026-09-10,11,Active,,,0,true
2580064,10363 Ashworth Ave N,98133,Townhouse,2026-09-11,2026-09-21,2026-09-21,675000,675000,2026-09-09,12,Active,,,0,true
2580066,4545 5th Ave NE,98105,Single Family,2026-09-11,2026-09-21,2026-09-21,910000,887000,2026-09-09,12,Active,2026-09-17,2026-09-17,1,true
2580068,3828 35th Ave W Unit B,98199,Townhouse,2026-09-11,2026-09-21,2026-09-21,785000,785000,2026-09-10,11,Active,,,0,true
2580085,7513 12th Ave SW,98106,Single Family,2026-09-11,2026-09-21,2026-09-21,649950,649950,2026-09-10,11,Active,,,0,true
2580099,8025 45th Ave NE,98115,Single Family,2026-09-18,2026-09-21,2026-09-21,1500000,1500000,2026-09-17,4,Active,,,0,true
2580101,2612 E Denny Way,98122,Townhouse,2026-09-11,2026-09-21,2026-09-21,1125000,1125000,2026-09-10,11,Active,,,0,true
2580112,5634 Fauntleroy Way SW Unit B,98136,Townhouse,2026-09-11,2026-09-21,2026-09-21,950000,950000,2026-09-10,11,Active,,,0,true
2580113,1921 8th Ave W,98119,Townhouse,2026-09-11,2026-09-21,2026-09-21,1175000,1175000,2026-09-10,11,Active,,,0,true
2580125,1718 NE 88th St,98115,Single Family,2026-09-11,2026-09-21,2026-09-21,720000,720000,2026-09-10,11,Active,,,0,true
2580145,3907 NE 94th St,98115,Single Family,2026-09-11,2026-09-21,2026-09-21,825000,825000,2026-09-10,11,Active,,,0,true
2580158,2472 Montavista Pl W,98199,Single Family,2026-09-11,2026-09-21,2026-09-21,1750000,1750000,2026-09-10,11,Active,,,0,true
2580171,10748 Interlake Ave N,98133,Townhouse,2026-09-11,2026-09-21,2026-09-21,499950,499950,2026-09-10,11,Active,,,0,true
2580174,4604 W Raye St,98199,Single Family,2026-09-11,2026-09-21,2026-09-21,3695000,3695000,2026-09-10,11,Active,,,0,true
2580181,6726 35th Pl S,98118,Townhouse,2026-09-11,2026-09-21,2026-09-21,650000,650000,2026-09-10,11,Active,,,0,true
2580187,903 A NW 56th St,98107,Townhouse,2026-09-11,2026-09-21,2026-09-21,599950,599950,2026-09-09,12,Active,,,0,true
2580209,3008 31st Ave W,98199,Townhouse,2026-09-17,2026-09-21,2026-09-21,649000,649000,2026-09-16,5,Active,,,0,true
2580223,8039 Wallingford Ave N,98103,Single Family,2026-09-11,2026-09-21,2026-09-21,1149950,1149950,2026-09-09,,First Look,,,0,true
2580241,4328 Woodlawn Ave N Unit A,98103,Townhouse,2026-09-11,2026-09-21,2026-09-21,998000,998000,2026-09-10,11,Active,,,0,true
2580242,5728 Woodlawn Ave N,98103,Single Family,2026-09-11,2026-09-21,2026-09-21,1995000,1995000,2026-09-09,12,Active,,,0,true
2580252,4715 W Roberts Way,98199,Single Family,2026-09-11,2026-09-21,2026-09-21,1455000,1455000,2026-09-10,11,Active,,,0,true
2580259,6527 21st Ave NE #3,98115,Single Family,2026-09-11,2026-09-21,2026-09-21,600000,600000,2026-09-10,,First Look,,,0,true
2580272,150 24th Ave,98112,Single Family,2026-09-11,2026-09-21,2026-09-21,1588000,1588000,2026-09-10,11,Active,,,0,true
2580286,1116 N 76th St,98103,Single Family,2026-09-11,2026-09-21,2026-09-21,975000,975000,2026-09-10,11,Active,,,0,true
2580293,135 NE 53rd St,98105,Single Family,2026-09-11,2026-09-21,2026-09-21,1295000,1295000,2026-09-10,11,Active,,,0,true
2580294,4732 45th Ave SW,98116,Single Family,2026-09-12,2026-09-21,2026-09-21,1100000,1100000,2026-09-11,10,Active,,,0,true
2580299,127 N 136th St,98133,Single Family,2026-09-11,2026-09-21,2026-09-21,799950,799950,2026-09-10,11,Active,,,0,true
2580335,1410 N 47th St Unit B,98103,Townhouse,2026-09-11,2026-09-21,2026-09-21,995600,995600,2026-09-10,11,Active,,,0,true
2580351,2106 49th Ave SW,98116,Single Family,2026-09-11,2026-09-21,2026-09-21,1199000,1199000,2026-09-10,11,Active,,,0,true
2580358,4274 NE 50th St,98105,Townhouse,2026-09-11,2026-09-21,2026-09-21,895000,895000,2026-09-09,12,Active,,,0,true
2580388,8103 30th Ave SW,98126,Single Family,2026-09-11,2026-09-21,2026-09-21,980000,980000,2026-09-10,,First Look,,,0,true
2580391,3811 SW Orchard St,98126,Single Family,2026-09-11,2026-09-21,2026-09-21,955000,955000,2026-09-10,11,Active,,,0,true
2580399,3043 C 21st Ave W,98199,Townhouse,2026-09-11,2026-09-21,2026-09-21,759900,759900,2026-09-09,12,Active,,,0,true
2580418,1132 NW 56th St,98107,Single Family,2026-09-11,2026-09-21,2026-09-21,997000,997000,2026-09-09,12,Active,,,0,true
2580438,7530 Roosevelt Way NE,98115,Single Family,2026-09-11,2026-09-21,2026-09-21,1249999,1185000,2026-09-10,11,Active,2026-09-19,2026-09-19,1,true
2580452,1125 E Olive #202,98122,Single Family,2026-09-11,2026-09-21,2026-09-21,294950,294950,2026-09-10,11,Active,,,0,true
2580479,530 36th Ave E,98112,Single Family,2026-09-17,2026-09-21,2026-09-21,11800000,11800000,2026-09-17,,First Look,,,0,true
2580501,1529 Sturgus Ave S,98144,Single Family,2026-09-13,2026-09-21,2026-09-21,738000,738000,2026-09-12,9,Active,,,0,true
2580513,5958 31st Ave SW,98126,Single Family,2026-09-11,2026-09-21,2026-09-21,825000,825000,2026-09-10,11,Active,,,0,true
2580569,440 26th Ave E,98112,Single Family,2026-09-11,2026-09-21,2026-09-21,900000,900000,2026-09-10,11,Active,,,0,true
2580581,5260 Brooklyn Ave NE Unit B,98105,Townhouse,2026-09-11,2026-09-21,2026-09-21,699000,699000,2026-09-10,11,Active,,,0,true
2580583,1612 38th Ave E,98112,Single Family,2026-09-11,2026-09-21,2026-09-21,2725000,2725000,2026-09-10,11,Active,,,0,true
2580592,1140 23rd Ave E,98112,Single Family,2026-09-11,2026-09-21,2026-09-21,1699000,1699000,2026-09-10,11,Active,,,0,true
2580593,317 NE 58th St,98105,Single Family,2026-09-17,2026-09-21,2026-09-21,1499000,1499000,2026-09-16,5,Active,,,0,true
2580600,9751 Densmore Ave N,98103,Single Family,2026-09-11,2026-09-21,2026-09-21,829000,829000,2026-09-10,11,Active,,,0,true
2580635,4128 3rd Ave NW,98107,Single Family,2026-09-11,2026-09-21,2026-09-21,1275000,1275000,2026-09-10,11,Active,,,0,true
2580640,1916 11th Ave W,98119,Single Family,2026-09-11,2026-09-21,2026-09-21,895000,895000,2026-09-10,11,Active,,,0,true
2580676,2301 NE 86th St,98115,Townhouse,2026-09-12,2026-09-21,2026-09-21,650000,650000,2026-09-11,10,Active,,,0,true
2580690,2831 14th Ave W #2,98119,Townhouse,2026-09-11,2026-09-21,2026-09-21,635000,635000,2026-09-10,11,Active,,,0,true
2580695,5908 Beacon Ave S,98108,Single Family,2026-09-11,2026-09-21,2026-09-21,899999,899999,2026-09-10,11,Active,,,0,true
2580711,6912 32nd Ave NW,98117,Single Family,2026-09-16,2026-09-21,2026-09-21,1545000,1545000,2026-09-15,5,Active,,,0,true
2580722,943 NW 97th St,98117,Single Family,2026-09-11,2026-09-21,2026-09-21,925000,925000,2026-09-10,11,Active,,,0,true
2580725,728 W Etruria St,98119,Single Family,2026-09-12,2026-09-21,2026-09-21,2995000,2995000,2026-09-11,10,Active,,,0,true
2580729,3523 SW Ida,98126,Single Family,2026-09-11,2026-09-21,2026-09-21,695000,695000,2026-09-10,11,Active,,,0,true
2580735,8039 40th Ave NE,98115,Single Family,2026-09-11,2026-09-21,2026-09-21,1150000,1150000,2026-09-10,11,Active,,,0,true
2580738,1118 16th Ave Unit B,98122,Townhouse,2026-09-11,2026-09-21,2026-09-21,669000,669000,2026-09-10,11,Active,,,0,true
2580741,726 N 89th St,98103,Single Family,2026-09-11,2026-09-21,2026-09-21,1319950,1319950,2026-09-10,11,Active,,,0,true
2580744,4407 30th Ave W,98199,Single Family,2026-09-12,2026-09-21,2026-09-21,1150000,1150000,2026-09-11,10,Active,,,0,true
2580746,724 N 89TH St,98103,Single Family,2026-09-11,2026-09-21,2026-09-21,709950,709950,2026-09-10,11,Active,,,0,true
2580755,807 N 39th St,98103,Townhouse,2026-09-12,2026-09-21,2026-09-21,840000,840000,2026-09-11,10,Active,,,0,true
2580790,5042 35th Ave NE,98105,Single Family,2026-09-11,2026-09-21,2026-09-21,783000,783000,2026-09-10,11,Active,,,0,true
2580847,43 W Etruria,98119,Single Family,2026-09-11,2026-09-21,2026-09-21,999500,999500,2026-09-10,11,Active,,,0,true
2580848,3215 22nd Ave S,98144,Single Family,2026-09-11,2026-09-21,2026-09-21,799900,799900,2026-09-10,11,Active,,,0,true
2580859,741 N 94th St Unit C,98103,Townhouse,2026-09-11,2026-09-21,2026-09-21,525000,525000,2026-09-10,11,Active,,,0,true
2580887,310 21st Ave Unit B,98122,Townhouse,2026-09-13,2026-09-21,2026-09-21,750000,750000,2026-09-12,9,Active,,,0,true
2580907,4331 NE 57th St,98105,Single Family,2026-09-11,2026-09-21,2026-09-21,1649900,1649900,2026-09-10,11,Active,,,0,true
2580924,14346 Interlake Ave N,98133,Single Family,2026-09-11,2026-09-21,2026-09-21,650000,650000,2026-09-10,11,Active,,,0,true
2580926,2440 NW 60th St Unit A,98107,Townhouse,2026-09-11,2026-09-21,2026-09-21,775000,775000,2026-09-10,11,Active,,,0,true
2580938,5253 California Ave SW Unit B,98136,Townhouse,2026-09-12,2026-09-21,2026-09-21,874900,874900,2026-09-11,10,Active,,,0,true
2580943,8509 Midvale Ave N Unit C,98103,Townhouse,2026-09-12,2026-09-21,2026-09-21,649950,649950,2026-09-11,5,Active,,,0,true
2580944,5253 California Ave SW Unit F,98136,Townhouse,2026-09-12,2026-09-21,2026-09-21,999900,999900,2026-09-11,10,Active,,,0,true
2580953,709 15th Ave Unit B,98122,Townhouse,2026-09-17,2026-09-21,2026-09-21,764950,764950,2026-09-16,5,Active,,,0,true
2580955,3819 C Fremont Ave N,98103,Townhouse,2026-09-11,2026-09-21,2026-09-21,998000,998000,2026-09-10,11,Active,,,0,true
2580964,3819 A Fremont Ave N,98103,Townhouse,2026-09-11,2026-09-21,2026-09-21,1028000,1028000,2026-09-10,11,Active,,,0,true
2580973,6576 High Point Dr SW,98126,Townhouse,2026-09-11,2026-09-21,2026-09-21,649950,649950,2026-09-10,11,Active,,,0,true
2580990,3702 E Prospect St,98112,Single Family,2026-09-11,2026-09-21,2026-09-21,7850000,7850000,2026-09-10,,First Look,,,0,true
2581021,518 Prospect St,98109,Single Family,2026-09-12,2026-09-21,2026-09-21,1290000,1290000,2026-09-11,10,Active,,,0,true
2581023,10322 Ashworth Ave N,98133,Single Family,2026-09-11,2026-09-21,2026-09-21,997450,997450,2026-09-10,11,Active,,,0,true
2581065,10326 Ashworth Ave N,98133,Single Family,2026-09-11,2026-09-21,2026-09-21,1049950,1049950,2026-09-10,11,Active,,,0,true
2581075,10514 Ninth Ave NE,98125,Single Family,2026-09-12,2026-09-21,2026-09-21,499950,499950,2026-09-11,10,Active,,,0,true
2581083,908 29th Ave,98122,Single Family,2026-09-13,2026-09-21,2026-09-21,697000,697000,2026-09-12,9,Active,,,0,true
2581091,910 29th Ave,98122,Single Family,2026-09-13,2026-09-21,2026-09-21,1069000,1069000,2026-09-12,9,Active,,,0,true
2581113,1725 Martin Luther King Jr Way,98122,Single Family,2026-09-11,2026-09-21,2026-09-21,1850000,1850000,2026-09-10,11,Active,,,0,true
2581141,2530 30th Ave W,98199,Single Family,2026-09-12,2026-09-21,2026-09-21,1899000,1899000,2026-09-11,10,Active,,,0,true
2581144,2528 30th Ave W,98199,Single Family,2026-09-12,2026-09-21,2026-09-21,919000,919000,2026-09-11,10,Active,,,0,true
2581191,3146 Portage Bay Pl E Unit N,98102,Single Family,2026-09-14,2026-09-21,2026-09-21,1699000,1699000,2026-09-13,4,Active,,,0,true
2581192,1615 N 50th St Unit C,98103,Townhouse,2026-09-12,2026-09-21,2026-09-21,849950,849950,2026-09-11,10,Active,,,0,true
2581204,3245 13th Ave W,98119,Single Family,2026-09-11,2026-09-21,2026-09-21,1025000,1025000,2026-09-10,11,Active,,,0,true
2581220,3006 36th Ave SW,98126,Single Family,2026-09-12,2026-09-21,2026-09-21,1425000,1425000,2026-09-11,10,Active,,,0,true
2581237,5260 16th Ave NE,98105,Single Family,2026-09-11,2026-09-21,2026-09-21,1895000,1895000,2026-09-10,11,Active,,,0,true
2581242,2141 7th Ave W,98119,Single Family,2026-09-17,2026-09-21,2026-09-21,1600000,1600000,2026-09-16,5,Active,,,0,true
2581245,4407 44th Ave SW Unit A,98116,Townhouse,2026-09-12,2026-09-21,2026-09-21,630000,630000,2026-09-11,10,Active,,,0,true
2581249,1800 Taylor Ave N #102,98109,Single Family,2026-09-12,2026-09-21,2026-09-21,299900,299900,2026-09-11,10,Active,,,0,true
2581257,6043 37th Ave NE,98115,Single Family,2026-09-12,2026-09-21,2026-09-21,995000,995000,2026-09-11,10,Active,,,0,true
2581282,949 25th Ave S,98144,Single Family,2026-09-12,2026-09-21,2026-09-21,815000,815000,2026-09-11,10,Active,,,0,true
2581304,9251 Palatine Ave N,98103,Single Family,2026-09-11,2026-09-21,2026-09-21,1290000,1290000,2026-09-10,10,Active,,,0,true
2581315,2517 2519 E Pike St,98122,Single Family,2026-09-11,2026-09-21,2026-09-21,857000,857000,2026-09-10,11,Active,,,0,true
2581321,540 W Barrett St,98109,Townhouse,2026-09-11,2026-09-21,2026-09-21,1099900,1099900,2026-09-10,11,Active,,,0,true
2581329,7705 23rd Ave NW,98117,Single Family,2026-09-15,2026-09-21,2026-09-21,1395000,1395000,2026-09-14,7,Active,,,0,true
2581339,7533 31st Ave NE,98115,Townhouse,2026-09-11,2026-09-21,2026-09-21,1567452,1567452,2026-09-10,11,Active,,,0,true
2581363,12756 Evanston Ave N,98133,Single Family,2026-09-14,2026-09-21,2026-09-21,595000,595000,2026-09-13,8,Active,,,0,true
2581365,10050 13th Ave NW,98177,Single Family,2026-09-12,2026-09-21,2026-09-21,1150000,1150000,2026-09-11,10,Active,,,0,true
2581383,2536 31st Ave W,98199,Single Family,2026-09-16,2026-09-21,2026-09-21,2475000,2475000,2026-09-15,6,Active,,,0,true
2581416,2157 Dexter Ave N,98109,Single Family,2026-09-12,2026-09-21,2026-09-21,799000,799000,2026-09-11,10,Active,,,0,true
2581442,1805 NW 95th St,98117,Single Family,2026-09-12,2026-09-21,2026-09-21,1650000,1650000,2026-09-11,10,Active,,,0,true
2581446,13525 Wallingford Ave N,98133,Single Family,2026-09-17,2026-09-21,2026-09-21,586800,586800,2026-09-16,5,Active,,,0,true
2581452,8143 10th Ave SW,98106,Single Family,2026-09-12,2026-09-21,2026-09-21,545000,545000,2026-09-11,10,Active,,,0,true
2581454,4146 3rd Ave NW,98107,Single Family,2026-09-12,2026-09-21,2026-09-21,1139500,1139500,2026-09-11,10,Active,,,0,true
2581468,5251 California Ave SW,98136,Townhouse,2026-09-12,2026-09-21,2026-09-21,849900,849900,2026-09-11,10,Active,,,0,true
2581477,9549 Evanston Ave N,98103,Single Family,2026-09-12,2026-09-21,2026-09-21,787000,787000,2026-09-11,10,Active,,,0,true
2581478,4116 SW 38th Ave SW,98126,Single Family,2026-09-12,2026-09-21,2026-09-21,1050000,1050000,2026-09-11,10,Active,,,0,true
2581556,8622 17th Ave NE,98115,Single Family,2026-09-12,2026-09-21,2026-09-21,1349950,1349950,2026-09-11,,First Look,,,0,true
2581567,1420 18th Ave Unit C,98122,Townhouse,2026-09-12,2026-09-21,2026-09-21,850000,850000,2026-09-11,,First Look,,,0,true
2581573,3111 W Mansell St,98199,Single Family,2026-09-12,2026-09-21,2026-09-21,2373998,2373998,2026-09-11,10,Active,,,0,true
2581583,7534 Jones Ave NW,98117,Single Family,2026-09-12,2026-09-21,2026-09-21,949950,949950,2026-09-11,,First Look,,,0,true
2581610,710 McGraw St,98109,Townhouse,2026-09-12,2026-09-21,2026-09-21,669000,669000,2026-09-11,10,Active,,,0,true
2581675,328 NE 52nd St,98105,Single Family,2026-09-12,2026-09-21,2026-09-21,1050000,1050000,2026-09-11,10,Active,,,0,true
2581708,2619 Warren Ave N,98109,Single Family,2026-09-12,2026-09-21,2026-09-21,2278000,2278000,2026-09-11,10,Active,,,0,true
2581721,9057 Greenwood Ave N #306,98103,Single Family,2026-09-12,2026-09-21,2026-09-21,299950,299950,2026-09-11,10,Active,,,0,true
2581726,2909 W Smith St,98199,Single Family,2026-09-12,2026-09-21,2026-09-21,795000,795000,2026-09-11,10,Active,,,0,true
2581742,4909 SW Othello St,98136,Single Family,2026-09-17,2026-09-21,2026-09-21,3450000,3450000,2026-09-17,,First Look,,,0,true
2581747,1128 N 77th St,98103,Single Family,2026-09-12,2026-09-21,2026-09-21,1314950,1314950,2026-09-11,10,Active,,,0,true
2581756,3117 E Yesler Way,98122,Single Family,2026-09-12,2026-09-21,2026-09-21,1295000,1295000,2026-09-11,,First Look,,,0,true
2581784,8148 13th Ave SW,98106,Single Family,2026-09-12,2026-09-21,2026-09-21,875000,875000,2026-09-11,10,Active,,,0,true
2581813,8150 13th Ave SW,98106,Single Family,2026-09-12,2026-09-21,2026-09-21,515000,515000,2026-09-11,10,Active,,,0,true
2581827,4015 Burton Pl W,98199,Single Family,2026-09-12,2026-09-21,2026-09-21,774950,774950,2026-09-11,10,Active,,,0,true
2581845,8316 28th Ave NW,98117,Single Family,2026-09-17,2026-09-21,2026-09-21,1300000,1300000,2026-09-17,,First Look,,,0,true
2581865,3816 E Spring St,98122,Single Family,2026-09-16,2026-09-21,2026-09-21,2625000,2625000,2026-09-15,5,Active,,,0,true
2581922,1210 E Shelby St Unit G,98102,Single Family,2026-09-12,2026-09-21,2026-09-21,1448000,1448000,2026-09-11,10,Active,,,0,true
2581923,728 3rd Ave N,98109,Townhouse,2026-09-17,2026-09-21,2026-09-21,915000,915000,2026-09-16,5,Active,,,0,true
2581934,2907 SW Cloverdale St,98126,Single Family,2026-09-16,2026-09-21,2026-09-21,649000,649000,2026-09-15,6,Active,,,0,true
2581938,2909 SW Cloverdale St,98126,Single Family,2026-09-16,2026-09-21,2026-09-21,349000,349000,2026-09-15,6,Active,,,0,true
2581946,2804 Prosch Ave W,98119,Single Family,2026-09-13,2026-09-21,2026-09-21,875000,875000,2026-09-12,9,Active,,,0,true
2581950,2608 NW 62nd St,98107,Townhouse,2026-09-13,2026-09-21,2026-09-21,985000,985000,2026-09-12,9,Active,,,0,true
2581958,5625 SW Teig Pl,98116,Single Family,2026-09-15,2026-09-21,2026-09-21,1050000,1050000,2026-09-14,7,Active,,,0,true
2581997,4112 Linden Ave N Unit A,98103,Townhouse,2026-09-13,2026-09-21,2026-09-21,870000,870000,2026-09-12,9,Active,,,0,true
2582007,10758 Ashworth Ave N,98133,Single Family,2026-09-15,2026-09-21,2026-09-21,799950,799950,2026-09-14,6,Active,,,0,true
2582169,8810 Delridge Way SW Unit A,98106,Townhouse,2026-09-16,2026-09-21,2026-09-21,469000,469000,2026-09-15,6,Active,,,0,true
2582173,806 W Fulton St,98119,Single Family,2026-09-18,2026-09-21,2026-09-21,1695000,1695000,2026-09-17,4,Active,,,0,true
2582174,2305 S Brandon St,98108,Single Family,2026-09-14,2026-09-21,2026-09-21,1280000,1280000,2026-09-13,8,Active,,,0,true
2582200,8456 6th Ave SW,98106,1,2026-09-20,2026-09-21,2026-09-21,878749,878749,2026-09-19,2,Active,,,0,true
2582213,6819 Weedin Pl NE,98115,Townhouse,2026-09-16,2026-09-21,2026-09-21,829950,829950,2026-09-15,3,Active,,,0,true
2582218,5802 Roosevelt Way NE,98105,Townhouse,2026-09-16,2026-09-21,2026-09-21,749500,749500,2026-09-15,6,Active,,,0,true
2582225,2314 Thorndyke Ave W Unit B,98199,Townhouse,2026-09-15,2026-09-21,2026-09-21,806000,806000,2026-09-14,7,Active,,,0,true
2582229,6214 40th Ave NE,98115,Single Family,2026-09-17,2026-09-21,2026-09-21,2650000,2650000,2026-09-16,5,Active,,,0,true
2582242,4121 SW Edmunds St,98116,Townhouse,2026-09-17,2026-09-21,2026-09-21,795000,795000,2026-09-16,5,Active,,,0,true
2582277,826 30th Ave,98122,Single Family,2026-09-18,2026-09-21,2026-09-21,1895000,1895000,2026-09-17,4,Active,,,0,true
2582315,1615 A 21st Ave,98122,Single Family,2026-09-18,2026-09-21,2026-09-21,675000,675000,2026-09-17,4,Active,,,0,true
2582322,716 32nd Ave,98122,Single Family,2026-09-16,2026-09-21,2026-09-21,1377000,1377000,2026-09-15,6,Active,,,0,true
2582334,8316 Mary Ave NW Unit B,98117,Townhouse,2026-09-18,2026-09-21,2026-09-21,649950,649950,2026-09-17,4,Active,,,0,true
2582395,7021 Sand Point Way NE Unit B310,98115,Single Family,2026-09-16,2026-09-21,2026-09-21,320000,320000,2026-09-16,,First Look,,,0,true
2582397,4426 Baker Ave NW,98107,Single Family,2026-09-17,2026-09-21,2026-09-21,1075000,1075000,2026-09-16,5,Active,,,0,true
2582447,11715 4th Ave NW,98177,Single Family,2026-09-18,2026-09-21,2026-09-21,1950000,1950000,2026-09-17,3,Active,,,0,true
2582448,1011 NE 103rd St,98125,Single Family,2026-09-18,2026-09-21,2026-09-21,1195000,1195000,2026-09-17,4,Active,,,0,true
2582452,4512 6th Ave NW,98107,Single Family,2026-09-18,2026-09-21,2026-09-21,825000,825000,2026-09-17,4,Active,,,0,true
2582467,5212 28th Ave S,98108,Single Family,2026-09-18,2026-09-21,2026-09-21,1050000,1050000,2026-09-17,4,Active,,,0,true
2582468,6339 21st Ave SW,98106,Single Family,2026-09-18,2026-09-21,2026-09-21,749000,749000,2026-09-17,4,Active,,,0,true
2582489,7723 33rd Ave NE,98115,Single Family,2026-09-17,2026-09-21,2026-09-21,850000,850000,2026-09-16,5,Active,,,0,true
2582513,9553 Ashworth Ave N Unit B,98103,Townhouse,2026-09-17,2026-09-21,2026-09-21,599000,599000,2026-09-16,5,Active,,,0,true
2582558,8660 13th Ave NW Unit B,98117,Single Family,2026-09-17,2026-09-21,2026-09-21,675000,675000,2026-09-16,5,Active,,,0,true
2582577,3821 19th Ave SW,98106,Single Family,2026-09-19,2026-09-21,2026-09-21,1495000,1495000,2026-09-18,3,Active,,,0,true
2582604,8018 Ashworth Ave N Unit A,98103,Townhouse,2026-09-18,2026-09-21,2026-09-21,900000,900000,2026-09-17,4,Active,,,0,true
2582609,3023 SW Charlestown St,98126,Single Family,2026-09-19,2026-09-21,2026-09-21,749950,779950,2026-09-18,3,Active,2026-09-20,2026-09-20,1,true
2582636,4512 SW Director Pl,98136,1,2026-09-20,2026-09-21,2026-09-21,799000,799000,2026-09-19,2,Active,,,0,true
2582638,2616 S Dearborn St,98144,Single Family,2026-09-19,2026-09-21,2026-09-21,949000,949000,2026-09-18,3,Active,,,0,true
2582643,7710 Bagley Ave N,98103,Single Family,2026-09-16,2026-09-21,2026-09-21,1300000,1300000,2026-09-15,6,Active,,,0,true
2582654,2326 49th Ave SW,98116,Single Family,2026-09-18,2026-09-21,2026-09-21,549950,549950,2026-09-18,,First Look,,,0,true
2582667,3915 Sunnyside Ave N,98013,Single Family,2026-09-18,2026-09-21,2026-09-21,1690000,1690000,2026-09-17,4,Active,,,0,true
2582673,3516 Carr Pl N,98103,Single Family,2026-09-19,2026-09-21,2026-09-21,975000,975000,2026-09-18,3,Active,,,0,true
2582686,5157 NE Latimer Pl,98105,Single Family,2026-09-17,2026-09-21,2026-09-21,3980000,3980000,2026-09-16,4,Active,,,0,true
2582703,2112 Warren Ave N Unit B,98109,Townhouse,2026-09-18,2026-09-21,2026-09-21,1250000,1250000,2026-09-17,4,Active,,,0,true
2582712,2653 NW 63rd St Unit B,98107,Townhouse,2026-09-18,2026-09-21,2026-09-21,850000,850000,2026-09-17,4,Active,,,0,true
2582719,7124 Wright Ave SW,98136,Single Family,2026-09-16,2026-09-21,2026-09-21,1399950,1399950,2026-09-16,4,Active,,,0,true
2582724,9525 7th Ave NW,98117,Single Family,2026-09-15,2026-09-21,2026-09-21,617500,617500,2026-09-14,7,Active,,,0,true
2582738,5049 Pullman Ave NE,98105,Single Family,2026-09-19,2026-09-21,2026-09-21,1949000,1949000,2026-09-19,,First Look,,,0,true
2582763,711 N 86th St,98103,Single Family,2026-09-19,2026-09-21,2026-09-21,935000,935000,2026-09-18,3,Active,,,0,true
2582803,1015 N 40th St,98103,Single Family,2026-09-16,2026-09-21,2026-09-21,674950,674950,2026-09-15,6,Active,,,0,true
2582848,8629 36th Ave SW,98126,Single Family,2026-09-19,2026-09-21,2026-09-21,1100000,1100000,2026-09-18,3,Active,,,0,true
2582870,2137 N 86th St,98103,Single Family,2026-09-17,2026-09-21,2026-09-21,1195000,1195000,2026-09-16,5,Active,,,0,true
2582873,8529 Midvale Ave N Unit C,98103,Townhouse,2026-09-18,2026-09-21,2026-09-21,549950,549950,2026-09-17,4,Active,,,0,true
2582897,6712 18th Ave SW,98106,Single Family,2026-09-18,2026-09-21,2026-09-21,600000,600000,2026-09-17,4,Active,,,0,true
2582947,111 NE 63rd St,98115,Single Family,2026-09-17,2026-09-21,2026-09-21,2900000,2900000,2026-09-16,5,Active,,,0,true
2582953,1713 33rd Ave,98122,Single Family,2026-09-19,2026-09-21,2026-09-21,1500000,1500000,2026-09-18,3,Active,,,0,true
2582955,10915 North Park Ave N,98133,Single Family,2026-09-17,2026-09-21,2026-09-21,724900,724900,2026-09-16,5,Active,,,0,true
2582956,700 McGilvra Blvd E,98112,Single Family,2026-09-16,2026-09-21,2026-09-21,4395000,4395000,2026-09-15,6,Active,,,0,true
2582974,8521 Interlake Ave N Unit B,98103,Townhouse,2026-09-18,2026-09-21,2026-09-21,689000,689000,2026-09-17,4,Active,,,0,true
2582982,511 28th Ave,98122,Single Family,2026-09-17,2026-09-21,2026-09-21,1450000,1450000,2026-09-16,5,Active,,,0,true
2583023,939 NW 56th St Unit B,98107,Townhouse,2026-09-16,2026-09-21,2026-09-21,750000,750000,2026-09-15,6,Active,,,0,true
2583037,311 N 47th St,98103,Single Family,2026-09-18,2026-09-21,2026-09-21,1195000,1195000,2026-09-17,4,Active,,,0,true
2583040,3022 4th Ave W,98119,Townhouse,2026-09-17,2026-09-21,2026-09-21,1199000,1199000,2026-09-16,5,Active,,,0,true
2583047,533 N 70th St,98103,Single Family,2026-09-16,2026-09-21,2026-09-21,1099900,1092500,2026-09-15,6,Active,2026-09-21,2026-09-21,1,true
2583049,533 B N 70th St,98103,Single Family,2026-09-16,2026-09-21,2026-09-21,724900,724900,2026-09-15,6,Active,,,0,true
2583052,535 N 70th St,98103,Single Family,2026-09-16,2026-09-21,2026-09-21,799900,799900,2026-09-15,6,Active,,,0,true
2583072,8218 2nd Ave NE Unit B,98115,Single Family,2026-09-16,2026-09-21,2026-09-21,698250,698250,2026-09-15,6,Active,,,0,true
2583074,2652 B NW 95th St,98117,Single Family,2026-09-16,2026-09-21,2026-09-21,789000,789000,2026-09-15,6,Active,,,0,true
2583082,2454 NW 60th St,98107,Townhouse,2026-09-18,2026-09-21,2026-09-21,699950,699950,2026-09-17,4,Active,,,0,true
2583084,3005 E Union St,98122,Single Family,2026-09-18,2026-09-21,2026-09-21,795000,795000,2026-09-17,4,Active,,,0,true
2583090,730 N 100th St,98133,Single Family,2026-09-18,2026-09-21,2026-09-21,650000,650000,2026-09-17,4,Active,,,0,true
2583118,10411 Maplewood Pl SW,98146,Single Family,2026-09-17,2026-09-21,2026-09-21,4950000,4950000,2026-09-16,5,Active,,,0,true
2583123,5503 4th Ave NW,98107,Single Family,2026-09-17,2026-09-21,2026-09-21,1049900,1049900,2026-09-16,5,Active,,,0,true
2583134,6006 26th Ave NW,98107,Townhouse,2026-09-18,2026-09-21,2026-09-21,649950,649950,2026-09-17,4,Active,,,0,true
2583149,1145 NW 57th St,98107,Townhouse,2026-09-17,2026-09-21,2026-09-21,999000,999000,2026-09-16,5,Active,,,0,true
2583150,7018 8th Ave NE,98115,Townhouse,2026-09-17,2026-09-21,2026-09-21,949900,949900,2026-09-16,5,Active,,,0,true
2583159,3924 SW Holden St,98136,1,2026-09-20,2026-09-21,2026-09-21,699000,699000,2026-09-19,2,Active,,,0,true
2583165,3826 Belvidere Ave SW,98126,Single Family,2026-09-17,2026-09-21,2026-09-21,865000,865000,2026-09-16,5,Active,,,0,true
2583171,1535 19th Ave,98122,Townhouse,2026-09-19,2026-09-21,2026-09-21,749950,749950,2026-09-19,,First Look,,,0,true
2583181,3661 Albion Pl N #2,98103,Townhouse,2026-09-17,2026-09-21,2026-09-21,710000,710000,2026-09-16,4,Active,,,0,true
2583186,3301 17th Ave S,98144,Single Family,2026-09-18,2026-09-21,2026-09-21,1325000,1325000,2026-09-17,4,Active,,,0,true
2583188,2022 E Terrace St,98122,Townhouse,2026-09-17,2026-09-21,2026-09-21,899950,899950,2026-09-16,5,Active,,,0,true
2583189,805 NE 71st St,98115,Townhouse,2026-09-17,2026-09-21,2026-09-21,879900,879900,2026-09-16,5,Active,,,0,true
2583235,2010 McGilvra Blvd E,98112,Single Family,2026-09-17,2026-09-21,2026-09-21,3695000,3695000,2026-09-16,5,Active,,,0,true
2583237,2337 N 61st St,98103,Single Family,2026-09-18,2026-09-21,2026-09-21,2125000,2125000,2026-09-17,4,Active,,,0,true
2583245,811 NE 57th St,98105,Single Family,2026-09-18,2026-09-21,2026-09-21,925000,925000,2026-09-17,4,Active,,,0,true
2583264,2008 SE 15th Ave South,98144,Townhouse,2026-09-16,2026-09-21,2026-09-21,499999,499999,2026-09-15,6,Active,,,0,true
2583265,1603 NW 89th St,98117,Single Family,2026-09-17,2026-09-21,2026-09-21,899950,899950,2026-09-16,5,Active,,,0,true
2583277,4002 12th Ave S,98108,Single Family,2026-09-17,2026-09-21,2026-09-21,993000,993000,2026-09-16,5,Active,,,0,true
2583278,2534 NE 94th St,98115,Single Family,2026-09-17,2026-09-21,2026-09-21,1485000,1485000,2026-09-16,5,Active,,,0,true
2583281,13220 7th Ave NW,98177,Single Family,2026-09-19,2026-09-21,2026-09-21,1500000,1500000,2026-09-18,3,Active,,,0,true
2583286,3727 S Holly Park Dr,98118,Townhouse,2026-09-18,2026-09-21,2026-09-21,520000,520000,2026-09-17,4,Active,,,0,true
2583299,560 N 76th St,98103,Single Family,2026-09-18,2026-09-21,2026-09-21,1450000,1450000,2026-09-17,4,Active,,,0,true
2583300,7915 34th Ave SW,98126,Single Family,2026-09-17,2026-09-21,2026-09-21,690000,690000,2026-09-16,5,Active,,,0,true
2583305,3710 31st Ave W,98199,1,2026-09-21,2026-09-21,2026-09-21,799000,799000,,,First Look,,,0,
2583308,8225 22nd Pl NE,98115,Single Family,2026-09-18,2026-09-21,2026-09-21,999900,999900,2026-09-17,4,Active,,,0,true
2583310,7426 Keen Way N,98103,Single Family,2026-09-18,2026-09-21,2026-09-21,1349950,1349950,2026-09-17,4,Active,,,0,true
2583348,3410 w Ruffner St,98199,Single Family,2026-09-17,2026-09-21,2026-09-21,2399999,2399999,2026-09-16,5,Active,,,0,true
2583360,4530 NE 55th St,98105,Single Family,2026-09-18,2026-09-21,2026-09-21,2565000,2565000,2026-09-17,4,Active,,,0,true
2583365,4626 33rd Ave W,98199,Single Family,2026-09-18,2026-09-21,2026-09-21,1100000,1100000,2026-09-17,4,Active,,,0,true
2583373,4224 6th Ave NW,98107,Single Family,2026-09-17,2026-09-21,2026-09-21,1000000,1000000,2026-09-16,5,Active,,,0,true
2583381,1339 15th Ave S,98144,Townhouse,2026-09-17,2026-09-21,2026-09-21,565000,565000,2026-09-16,5,Active,,,0,true
2583391,3646 B Greenwood Ave N,98103,Townhouse,2026-09-19,2026-09-21,2026-09-21,899950,899950,2026-09-18,2,Active,,,0,true
2583399,2320 Nob Hill Ave N,98109,Single Family,2026-09-18,2026-09-21,2026-09-21,1950000,1950000,2026-09-17,4,Active,,,0,true
2583414,9014 4th Ave NW,98117,Single Family,2026-09-17,2026-09-21,2026-09-21,1089000,1089000,2026-09-16,5,Active,,,0,true
2583439,6016 California Ave SW Unit D,98136,Townhouse,2026-09-18,2026-09-21,2026-09-21,715000,715000,2026-09-17,4,Active,,,0,true
2583453,201 28th Ave,98122,Single Family,2026-09-18,2026-09-21,2026-09-21,990000,990000,2026-09-17,4,Active,,,0,true
2583480,1239 20th Ave E,98112,Single Family,2026-09-17,2026-09-21,2026-09-21,3250000,3250000,2026-09-16,5,Active,,,0,true
2583498,1718 Palm Ave SW,98116,Single Family,2026-09-17,2026-09-21,2026-09-21,3100000,3100000,2026-09-16,5,Active,,,0,true
2583500,6015 53rd Ave NE,98115,Single Family,2026-09-19,2026-09-21,2026-09-21,2448000,2448000,2026-09-18,3,Active,,,0,true
2583501,463 Lynn St,98109,Single Family,2026-09-19,2026-09-21,2026-09-21,2475000,2475000,2026-09-18,3,Active,,,0,true
2583526,8530 13th Ave NW Unit B,98117,Townhouse,2026-09-17,2026-09-21,2026-09-21,840750,840750,2026-09-16,5,Active,,,0,true
2583533,6527 12th Ave NW,98117,Single Family,2026-09-18,2026-09-21,2026-09-21,1050000,1050000,2026-09-17,4,Active,,,0,true
2583543,3254 NW Market St,98107,Single Family,2026-09-17,2026-09-21,2026-09-21,1349950,1349950,2026-09-16,5,Active,,,0,true
2583549,3423 Beacon Ave S,98144,Townhouse,2026-09-18,2026-09-21,2026-09-21,575000,575000,2026-09-17,4,Active,,,0,true
2583595,8800 Ravenna Ave NE,98115,Single Family,2026-09-17,2026-09-21,2026-09-21,850000,850000,2026-09-16,5,Active,,,0,true
2583631,9338 39th Ave S,98118,Single Family,2026-09-18,2026-09-21,2026-09-21,699000,699000,2026-09-17,4,Active,,,0,true
2583632,6211 12th Ave NE,98115,Townhouse,2026-09-18,2026-09-21,2026-09-21,1049000,1049000,2026-09-17,4,Active,,,0,true
2583669,1215 E Lynn St,98012,Single Family,2026-09-17,2026-09-21,2026-09-21,3695000,3695000,2026-09-16,5,Active,,,0,true
2583687,1215 Warren Ave N,98109,Single Family,2026-09-17,2026-09-21,2026-09-21,6595000,6595000,2026-09-16,5,Active,,,0,true
2583708,7957 30th Ave SW,98126,Single Family,2026-09-17,2026-09-21,2026-09-21,849900,849900,2026-09-16,5,Active,,,0,true
2583737,4743 5th Ave NE,98105,Single Family,2026-09-18,2026-09-21,2026-09-21,675000,675000,2026-09-17,4,Active,,,0,true
2583750,6542 24th Ave SW,98106,Single Family,2026-09-19,2026-09-21,2026-09-21,650000,650000,2026-09-18,3,Active,,,0,true
2583769,3627 Gilman Ave W,98199,Townhouse,2026-09-19,2026-09-21,2026-09-21,724950,724950,2026-09-18,3,Active,,,0,true
2583770,1138 A NW 57th St,98107,Townhouse,2026-09-18,2026-09-21,2026-09-21,699950,699950,2026-09-17,4,Active,,,0,true
2583792,6241 28th Ave NE,98115,Single Family,2026-09-18,2026-09-21,2026-09-21,1125000,1125000,2026-09-17,4,Active,,,0,true
2583814,8055 Corliss Ave N,98103,Single Family,2026-09-19,2026-09-21,2026-09-21,1149000,1149000,2026-09-19,,First Look,,,0,true
2583824,8039 Wallingford Ave N Unit C,98103,Single Family,2026-09-17,2026-09-21,2026-09-21,799950,799950,2026-09-17,,First Look,,,0,true
2583827,5245 45th Ave SW,98136,Single Family,2026-09-18,2026-09-21,2026-09-21,1275000,1275000,2026-09-17,4,Active,,,0,true
2583844,10331 B Ashworth Ave N,98133,Townhouse,2026-09-18,2026-09-21,2026-09-21,699995,699995,2026-09-18,,First Look,,,0,true
2583864,7216 33rd Ave NW,98117,Single Family,2026-09-18,2026-09-21,2026-09-21,1575000,1575000,2026-09-17,4,Active,,,0,true
2583891,6534 42nd Ave SW Unit B,98136,Townhouse,2026-09-18,2026-09-21,2026-09-21,925000,925000,2026-09-17,4,Active,,,0,true
2583897,1458 NW 95th St,98117,Single Family,2026-09-18,2026-09-21,2026-09-21,1599950,1599950,2026-09-17,4,Active,,,0,true
2583901,2013 A NW 64th St,98017,Single Family,2026-09-18,2026-09-21,2026-09-21,1025950,1025950,2026-09-17,4,Active,,,0,true
2583905,8627 9th Ave SW,98106,Single Family,2026-09-18,2026-09-21,2026-09-21,575000,575000,2026-09-17,4,Active,,,0,true
2583919,1107 Lake Washington Blvd S,98144,Single Family,2026-09-17,2026-09-21,2026-09-21,999900,999900,2026-09-17,,First Look,,,0,true
2583935,8044 38th Ave NE,98115,Single Family,2026-09-18,2026-09-21,2026-09-21,1195000,1195000,2026-09-17,4,Active,,,0,true
2583936,3310 59th Ave SW Unit A,98116,Townhouse,2026-09-19,2026-09-21,2026-09-21,2224000,2224000,2026-09-18,3,Active,,,0,true
2583937,1403 E Alder St,98122,Single Family,2026-09-18,2026-09-21,2026-09-21,499000,499000,2026-09-17,4,Active,,,0,true
2583938,9219 5th Ave NE,98115,Single Family,2026-09-18,2026-09-21,2026-09-21,840000,840000,2026-09-17,4,Active,,,0,true
2583978,4608 Evanston Ave N,98103,Townhouse,2026-09-19,2026-09-21,2026-09-21,679950,679950,2026-09-18,3,Active,,,0,true
2583985,10240 40th Ave SW Unit A,98146,Single Family,2026-09-18,2026-09-21,2026-09-21,990000,990000,2026-09-17,4,Active,,,0,true
2583992,4353 SW Willow St,98136,Townhouse,2026-09-18,2026-09-21,2026-09-21,799000,799000,2026-09-17,4,Active,,,0,true
2584003,7755 35th Ave NE,98115,Single Family,2026-09-19,2026-09-21,2026-09-21,1399000,1399000,2026-09-18,3,Active,,,0,true
2584004,7812 Stone Ave N,98103,Single Family,2026-09-19,2026-09-21,2026-09-21,1050000,1050000,2026-09-18,3,Active,,,0,true
2584017,916 Harvard Ave E,98102,Single Family,2026-09-19,2026-09-21,2026-09-21,1630000,1630000,2026-09-18,3,Active,,,0,true
2584027,2555 Magnolia Blvd W,98199,Single Family,2026-09-19,2026-09-21,2026-09-21,4168000,4168000,2026-09-18,3,Active,,,0,true
2584046,4706 48th Ave NE,98105,Single Family,2026-09-19,2026-09-21,2026-09-21,1550000,1550000,2026-09-18,3,Active,,,0,true
2584082,3817 Gilman Ave W,98199,Townhouse,2026-09-18,2026-09-21,2026-09-21,749000,749000,2026-09-17,4,Active,,,0,true
2584103,2604 E Ward St,98112,Single Family,2026-09-18,2026-09-21,2026-09-21,2375000,2375000,2026-09-18,3,Active,,,0,true
2584124,4432 Dayton Ave N,98103,Single Family,2026-09-18,2026-09-21,2026-09-21,929950,929950,2026-09-17,4,Active,,,0,true
2584135,4430 Dayton Ave N,98103,Single Family,2026-09-18,2026-09-21,2026-09-21,889950,889950,2026-09-17,4,Active,,,0,true
2584154,12009 Palatine Ave N,98133,Single Family,2026-09-18,2026-09-21,2026-09-21,1935000,1935000,2026-09-17,3,Active,,,0,true
2584158,10515 12th Ave NW,98177,Single Family,2026-09-18,2026-09-21,2026-09-21,1195000,1195000,2026-09-17,4,Active,,,0,true
2584193,3243 13th Ave W,98119,Single Family,2026-09-18,2026-09-21,2026-09-21,2548000,2548000,2026-09-17,4,Active,,,0,true
2584234,4413 2nd Ave NE,98105,Townhouse,2026-09-18,2026-09-21,2026-09-21,1695000,1695000,2026-09-17,4,Active,,,0,true
2584243,104 -A 19th E,98112,Townhouse,2026-09-18,2026-09-21,2026-09-21,1150000,1150000,2026-09-17,3,Active,,,0,true
2584247,314 NW 44th St,98107,Single Family,2026-09-19,2026-09-21,2026-09-21,939999,939999,2026-09-18,3,Active,,,0,true
2584256,6702 20th Ave NW,98117,Single Family,2026-09-18,2026-09-21,2026-09-21,1650000,1650000,2026-09-17,4,Active,,,0,true
2584257,8018 45th Ave SW,98136,Single Family,2026-09-19,2026-09-21,2026-09-21,2395000,2395000,2026-09-19,,First Look,,,0,true
2584271,4415 2nd Ave NE Unit A,98105,Townhouse,2026-09-18,2026-09-21,2026-09-21,789000,789000,2026-09-17,4,Active,,,0,true
2584303,9242 Dayton Ave N Unit A,98103,Single Family,2026-09-18,2026-09-21,2026-09-21,895000,895000,2026-09-17,4,Active,,,0,true
2584315,9242 Dayton Ave N Unit B,98103,Single Family,2026-09-18,2026-09-21,2026-09-21,895000,895000,2026-09-17,4,Active,,,0,true
2584323,3426 12th Ave W,98119,Single Family,2026-09-19,2026-09-21,2026-09-21,1395000,1395000,2026-09-19,,First Look,,,0,true
2584339,9240 Dayton Ave N,98103,Single Family,2026-09-18,2026-09-21,2026-09-21,925000,925000,2026-09-17,4,Active,,,0,true
2584346,11704 Palatine Ave N,98133,Single Family,2026-09-19,2026-09-21,2026-09-21,1450000,1450000,2026-09-18,3,Active,,,0,true
2584351,3310 59th Ave SW Unit A & B Unit A & B,98116,Townhouse,2026-09-19,2026-09-21,2026-09-21,2975000,2975000,2026-09-18,3,Active,,,0,true
2584355,2628 B 57th St,98107,Townhouse,2026-09-18,2026-09-21,2026-09-21,789900,789900,2026-09-17,4,Active,,,0,true
2584390,12521 2nd Ave NE,98125,Single Family,2026-09-18,2026-09-21,2026-09-21,855000,855000,2026-09-17,4,Active,,,0,true
2584392,530 W Barrett St,98109,Townhouse,2026-09-18,2026-09-21,2026-09-21,1099900,1099900,2026-09-17,4,Active,,,0,true
2584405,1423 33rd Ave,98122,Single Family,2026-09-18,2026-09-21,2026-09-21,1250000,1250000,2026-09-17,3,Active,,,0,true
2584415,7209 2nd Ave NW,98117,Single Family,2026-09-19,2026-09-21,2026-09-21,1295000,1295000,2026-09-18,3,Active,,,0,true
2584425,5718 NE 65th St,98115,Townhouse,2026-09-19,2026-09-21,2026-09-21,799450,799450,2026-09-18,3,Active,,,0,true
2584479,10030 37th Ave SW,98146,Single Family,2026-09-19,2026-09-21,2026-09-21,1083000,1083000,2026-09-17,4,Active,,,0,true
2584517,3610 SW Kenyon St,98126,Single Family,2026-09-19,2026-09-21,2026-09-21,750000,750000,2026-09-18,3,Active,,,0,true
2584528,1718 25th Ave S,98144,Single Family,2026-09-19,2026-09-21,2026-09-21,895000,895000,2026-09-18,3,Active,,,0,true
2584531,1708 NW 63rd St,98107,Townhouse,2026-09-19,2026-09-21,2026-09-21,825000,825000,2026-09-19,,First Look,,,0,true
2584546,1220 N 137th St #3,98133,Townhouse,2026-09-19,2026-09-21,2026-09-21,469950,469950,2026-09-18,3,Active,,,0,true
2584587,7602 44th Ave SW,98136,Single Family,2026-09-19,2026-09-21,2026-09-21,2250000,2250000,2026-09-18,3,Active,,,0,true
2584593,13321 Third Ave NE Unit D,98125,Single Family,2026-09-19,2026-09-21,2026-09-21,799000,799000,2026-09-18,3,Active,,,0,true
2584594,419 Wheeler St,98109,1,2026-09-21,2026-09-21,2026-09-21,1950000,1950000,,,First Look,,,0,
2584595,3609 NW 62nd St,98107,Single Family,2026-09-19,2026-09-21,2026-09-21,2998950,2998950,2026-09-18,3,Active,,,0,true
2584622,7717 2nd Ave NE,98115,Single Family,2026-09-19,2026-09-21,2026-09-21,1799950,1799950,2026-09-18,3,Active,,,0,true
2584650,906 29th Ave,98122,Single Family,2026-09-19,2026-09-21,2026-09-21,1225000,1225000,2026-09-18,3,Active,,,0,true
2584659,2731 50th Ave SW,98116,Single Family,2026-09-19,2026-09-21,2026-09-21,1849000,1849000,2026-09-18,3,Active,,,0,true
2584663,5402 20th Ave S,98108,Townhouse,2026-09-19,2026-09-21,2026-09-21,926000,926000,2026-09-18,3,Active,,,0,true
2584702,4234 NE 89th St,98115,Single Family,2026-09-19,2026-09-21,2026-09-21,1595000,1595000,2026-09-18,3,Active,,,0,true
2584741,3860 NE 41st St,98105,1,2026-09-20,2026-09-21,2026-09-21,1550000,1550000,2026-09-19,2,Active,,,0,true
2584772,414 NE 73rd St,98115,Townhouse,2026-09-19,2026-09-21,2026-09-21,1150000,1150000,2026-09-18,3,Active,,,0,true
2584775,6558 16th Ave NW,98117,Single Family,2026-09-19,2026-09-21,2026-09-21,935000,935000,2026-09-18,3,Active,,,0,true
2584808,1303 NW 80th St,98117,Single Family,2026-09-19,2026-09-21,2026-09-21,875000,875000,2026-09-18,3,Active,,,0,true
2584947,3831 Bagley Ave N,98103,Single Family,2026-09-19,2026-09-21,2026-09-21,825000,825000,2026-09-18,3,Active,,,0,true
2584975,13347 12th Ave NE,98125,1,2026-09-20,2026-09-21,2026-09-21,1098000,1098000,,,First Look,,,0,
2585014,2583 Magnolia Blvd W,98199,1,2026-09-20,2026-09-21,2026-09-21,2295000,2295000,2026-09-19,2,Active,,,0,true
2585028,700 Warren Ave N,98109,1,2026-09-20,2026-09-21,2026-09-21,925000,925000,2026-09-19,2,Active,,,0,true
2585039,2502 N 50th St #103,98103,3,2026-09-20,2026-09-21,2026-09-21,617000,617000,2026-09-19,2,Active,,,0,true
2585171,4329 5th Ave NE,98105,1,2026-09-21,2026-09-21,2026-09-21,795000,795000,2026-09-20,1,Active,,,0,true
2585264,8043 19th Ave NE,98115,3,2026-09-21,2026-09-21,2026-09-21,649995,649995,2026-09-20,1,Active,,,0,true
430C3159342B,822 NW 52nd St Plan,98107,Townhouse,2026-06-08,2026-09-21,2026-09-21,829000,829000,2024-10-11,710,Active,,,0,false
52A2DA4B21E6,3633 40th Ave W,98199,Single Family,2026-06-08,2026-09-21,2026-09-21,2613200,2613200,2026-05-27,117,Active,,,0,false
5D7A8B0C9DC0,3027 NW 72nd St,98117,Single Family,2026-06-08,2026-09-21,2026-09-21,2541250,2541250,2026-05-15,129,Active,,,0,false
6BE365E4B332,7516 32nd Ave NE,98115,Single Family,2026-07-24,2026-09-21,2026-09-21,2389250,2389250,2026-07-23,60,Active,,,0,true
7B9EC7F272BA,7533 Earl Ave NW,98117,Single Family,2026-06-08,2026-09-21,2026-09-21,2232500,2232500,2026-03-29,176,Active,,,0,false
8545367FDFD1,2019 Elm Plan,98199,Townhouse,2026-06-08,2026-09-21,2026-09-21,919950,919950,2026-04-10,164,Active,,,0,false
A3F7E97083E3,2327 41st Ave E,98112,Single Family,2026-08-22,2026-09-21,2026-09-21,3116000,3116000,2026-08-07,45,Active,,,0,false
EBE21D307303,2017 Elm Plan,98199,Townhouse,2026-06-08,2026-09-21,2026-09-21,964000,964000,2026-04-10,164,Active,,,0,false
2493776,1412 Taylor Ave N,98109,Single Family,2026-06-08,2026-09-20,2026-09-20,1350000,1295000,2026-03-20,184,Active,2026-07-05,2026-07-05,1,false
2517214,2727 Fairview Ave E #4,98102,Single Family,2026-06-08,2026-09-20,2026-09-20,2400000,1500000,2026-05-04,139,Active,2026-07-30,2026-07-30,1,false
2527844,10851 Marine View Dr,98146,Single Family,2026-06-08,2026-09-20,2026-09-20,1274488,1174950,2026-05-22,121,Active,2026-08-06,2026-07-05,2,false
2529977,2031 Fairview Ave E Unit H,98102,Single Family,2026-06-08,2026-09-20,2026-09-20,5499000,4499000,2026-05-27,116,Active,2026-09-09,2026-06-18,3,false
2533062,2019 Fairview Ave E Unit B,98102,Single Family,2026-06-08,2026-09-20,2026-09-20,1398000,1298000,2026-06-01,111,Active,2026-08-19,2026-06-18,2,false
2534173,2821 Fairview Ave E #5,98102,Single Family,2026-06-08,2026-09-20,2026-09-20,3248000,2865000,2026-06-03,109,Active,2026-08-27,2026-08-27,1,false
2535689,2326 Minor Ave E Unit B,98102,Single Family,2026-06-08,2026-09-20,2026-09-20,1049000,959000,2026-06-05,107,Active,2026-07-13,2026-07-13,1,true
2540784,5919 19th Ave S,98108,Single Family,2026-06-18,2026-09-20,2026-09-20,695000,675000,2026-06-17,95,Active,2026-09-06,2026-09-06,1,true
2547931,2014 Fairview Ave E Unit C,98102,Townhouse,2026-07-05,2026-09-20,2026-09-20,799950,799950,2026-06-30,82,Active,,,0,false
2550999,2235 Fairview Ave E #6,98102,Single Family,2026-07-13,2026-09-20,2026-09-20,1199000,1150000,2026-07-10,73,Active,2026-09-11,2026-09-11,1,true
2551934,2368 Franklin Ave E Unit B,98102,Townhouse,2026-07-13,2026-09-20,2026-09-20,849950,849950,2026-07-10,73,Active,,,0,true
2553854,2241 Fairview Ave E Unit B,98102,Single Family,2026-07-15,2026-09-20,2026-09-20,3150000,3150000,2026-07-14,68,Active,,,0,true
2554796,2804 Fairview Ave E,98102,Townhouse,2026-07-16,2026-09-20,2026-09-20,2400000,2350000,2026-07-15,66,Active,2026-09-07,2026-09-07,1,true
2555958,2025 Fairview Ave E Unit E,98102,Single Family,2026-07-17,2026-09-20,2026-09-20,1398000,1398000,2026-07-16,66,Active,,,0,true
2556511,80 E Roanoke St #2,98102,Townhouse,2026-07-18,2026-09-20,2026-09-20,1300000,1270000,2026-07-17,30,Active,2026-09-09,2026-09-09,1,true
2557158,2012 Fairview Ave E Unit A,98102,Townhouse,2026-07-23,2026-09-20,2026-09-20,1024950,1024950,2026-07-22,38,Active,,,0,true
2557160,2020 Fairview Ave E Unit A,98102,Townhouse,2026-08-07,2026-09-20,2026-09-20,1475000,1475000,2026-08-06,45,Active,,,0,true
2560695,2249 Minor Ave E,98102,Townhouse,2026-08-06,2026-09-20,2026-09-20,1395000,1395000,2026-08-05,46,Active,,,0,true
2562363,2834 Fairview Ave E,98102,Townhouse,2026-07-31,2026-09-20,2026-09-20,2218250,2218250,2026-07-30,52,Active,,,0,true
2563195,10 E Allison St,98102,Single Family,2026-08-15,2026-09-20,2026-09-20,298000,298000,2026-08-14,37,Active,,,0,true
2564039,2328 Franklin Ave E Unit C,98102,Townhouse,2026-08-06,2026-09-20,2026-09-20,899950,879950,2026-08-05,46,Active,2026-09-01,2026-09-01,1,true
2564764,2727 Fairview Ave E #18,98102,Single Family,2026-08-05,2026-09-20,2026-09-20,550000,550000,2026-08-04,47,Active,,,0,true
2567081,2624 Eastlake Ave E Unit A,98102,Townhouse,2026-08-13,2026-09-20,2026-09-20,1325000,1249950,2026-08-12,39,Active,2026-09-16,2026-09-09,2,true
2571050,1206 B NW 83rd St,98117,Townhouse,2026-08-20,2026-09-20,2026-09-20,595000,595000,2026-08-19,32,Active,,,0,true
2571733,2708 Franklin Ave E Unit B,98102,Single Family,2026-08-21,2026-09-20,2026-09-20,1299000,1299000,2026-08-20,31,Active,,,0,true
2573258,4663 1st Ave NE,98105,Single Family,2026-08-29,2026-09-20,2026-09-20,1048000,1048000,2026-08-28,23,Active,,,0,true
2573912,300 26th Ave E Unit D,98112,Townhouse,2026-09-11,2026-09-20,2026-09-20,995000,995000,2026-09-09,11,Active,,,0,true
2574865,7019 Ravenna Ave NE,98116,Single Family,2026-09-18,2026-09-20,2026-09-20,1070000,1070000,2026-09-17,3,Active,,,0,true
2575433,3308 Fuhrman Ave E #1,98102,Single Family,2026-08-29,2026-09-20,2026-09-20,585000,585000,2026-08-28,23,Active,,,0,true
2576591,2328 Franklin Ave E Unit D,98102,Townhouse,2026-09-02,2026-09-20,2026-09-20,799950,799950,2026-09-01,19,Active,,,0,true
2576697,2328 Franklin Ave E Unit A,98102,Townhouse,2026-09-02,2026-09-20,2026-09-20,899950,899950,2026-09-01,19,Active,,,0,true
2576723,731 19th Ave,98122,Single Family,2026-09-03,2026-09-20,2026-09-20,1080000,1080000,2026-09-02,18,Active,,,0,true
2577701,2334 Franklin Ave E Unit E,98102,Townhouse,2026-09-04,2026-09-20,2026-09-20,749950,749950,2026-09-03,17,Active,,,0,true
2579537,2010 Fairview Ave E Unit A,98102,Townhouse,2026-09-11,2026-09-20,2026-09-20,1295000,1295000,2026-09-09,11,Active,,,0,true
2579540,2016 Fairview Ave E Unit C,98102,Townhouse,2026-09-11,2026-09-20,2026-09-20,979950,979950,2026-09-09,11,Active,,,0,true
2579547,2017 Minor Ave E,98102,Townhouse,2026-09-11,2026-09-20,2026-09-20,1549950,1549950,2026-09-09,11,Active,,,0,true
2579550,2019 Minor Ave E,98102,Townhouse,2026-09-11,2026-09-20,2026-09-20,1589950,1589950,2026-09-09,11,Active,,,0,true
2579558,2018 Fairview Ave E Unit A,98102,Townhouse,2026-09-11,2026-09-20,2026-09-20,689950,689950,2026-09-09,11,Active,,,0,true
2580061,2214 Franklin Ave E Unit B,98102,Single Family,2026-09-11,2026-09-20,2026-09-20,1099000,1049000,2026-09-09,6,Active,2026-09-20,2026-09-20,1,true
2580577,8040 Dibble Ave NW,98117,Single Family,2026-09-11,2026-09-20,2026-09-20,1125000,1125000,2026-09-10,10,Active,,,0,true
2580693,10 E Roanoke St #2,98102,Single Family,2026-09-11,2026-09-20,2026-09-20,3485000,3485000,2026-09-10,10,Active,,,0,true
2580868,4810 54th Ave SW,98116,Single Family,2026-09-18,2026-09-20,2026-09-20,800000,800000,2026-09-17,3,Active,,,0,true
2580932,1009 W Crockett St,98119,Single Family,2026-09-12,2026-09-20,2026-09-20,1275000,1275000,2026-09-11,9,Active,,,0,true
2581669,2331 Fairview Ave E Unit I,98102,Single Family,2026-09-17,2026-09-20,2026-09-20,1575000,1575000,2026-09-16,3,Active,,,0,true
2581728,2369 Fairview Ave E #6,98102,Single Family,2026-09-12,2026-09-20,2026-09-20,4369000,4369000,2026-09-11,9,Active,,,0,true
2582177,4702 45th Ave SW,98116,Single Family,2026-09-16,2026-09-20,2026-09-20,925000,925000,2026-09-16,3,Active,,,0,true
2582718,1200 N 44th St,98103,Single Family,2026-09-17,2026-09-20,2026-09-20,1195000,1195000,2026-09-16,4,Active,,,0,true
2583661,3648 Francis Ave N Unit D,98103,Townhouse,2026-09-17,2026-09-20,2026-09-20,629500,629500,2026-09-16,4,Active,,,0,true
2584270,899 NW Elford Dr,98177,Single Family,2026-09-18,2026-09-20,2026-09-20,2188000,2188000,2026-09-17,3,Active,,,0,true
2584398,5021 36th Ave SW,98126,Single Family,2026-09-18,2026-09-20,2026-09-20,649950,649950,2026-09-17,3,Active,,,0,true
2491463,9427 8th Ave SW #1,98106,Single Family,2026-06-08,2026-09-19,2026-09-19,539950,529950,2026-03-19,184,Active,2026-08-07,2026-07-05,2,false
2498345,7301 32nd Ave S,98118,Single Family,2026-06-08,2026-09-19,2026-09-19,880000,850000,2026-03-26,177,Active,2026-07-31,2026-07-31,1,false
2524206,7005 9th Ave NE,98115,Townhouse,2026-06-08,2026-09-19,2026-09-19,819950,775000,2026-06-02,109,Active,2026-09-05,2026-07-18,2,false
2553535,5006 3rd Ave NW,98107,Single Family,2026-07-13,2026-09-19,2026-09-19,1850000,1800000,2026-07-13,69,Active,2026-07-24,2026-07-24,1,true
2564241,1109 33rd Ave E,98112,Single Family,2026-08-05,2026-09-19,2026-09-19,2370000,2195000,2026-08-04,46,Active,2026-09-17,2026-09-17,1,true
2565846,518 N 102nd St,98133,Single Family,2026-08-08,2026-09-19,2026-09-19,549900,549900,2026-08-07,43,Active,,,0,true
2565860,520 N 102nd St,98133,Townhouse,2026-08-08,2026-09-19,2026-09-19,839900,839900,2026-08-07,43,Active,,,0,true
2567283,3312 W Dravus St,98199,Townhouse,2026-09-18,2026-09-19,2026-09-19,1595000,1595000,2026-09-17,2,Active,,,0,true
2567299,3314 W Dravus St,98199,Townhouse,2026-09-18,2026-09-19,2026-09-19,850000,850000,2026-09-17,2,Active,,,0,true
2568428,1302 Lakeside Ave S,98144,Single Family,2026-09-18,2026-09-19,2026-09-19,2200000,2200000,2026-09-17,2,Active,,,0,true
2569339,3006 11th Ave W,98119,Single Family,2026-09-18,2026-09-19,2026-09-19,1165000,1165000,2026-09-17,2,Active,,,0,true
2573964,6225 NE Princeton Way,98115,Single Family,2026-09-19,2026-09-19,2026-09-19,1750000,1750000,2026-09-18,1,Active,,,0,true
2579375,8609 41st Ave SW,98136,Single Family,2026-09-09,2026-09-19,2026-09-19,1225000,1225000,2026-09-08,11,Active,,,0,true
2580785,2410 NW Neptune Pl,98117,Single Family,2026-09-12,2026-09-19,2026-09-19,2750000,2750000,2026-09-11,8,Active,,,0,true
2580835,5128 Palatine Ave N,98103,Single Family,2026-09-11,2026-09-19,2026-09-19,1150000,1150000,2026-09-10,9,Active,,,0,true
2580867,5632 7th Ave NW,98107,Single Family,2026-09-11,2026-09-19,2026-09-19,940499,940499,2026-09-10,9,Active,,,0,true
2581832,6735 Shaffer Ave S,98108,Townhouse,2026-09-17,2026-09-19,2026-09-19,450000,450000,2026-09-16,3,Active,,,0,true
2583217,9449 5TH Ave SW Unit B,98106,Single Family,2026-09-18,2026-09-19,2026-09-19,399900,399900,2026-09-18,,First Look,,,0,true
11567942,3831 Bagley Ave N,98103,Single Family,2026-08-25,2026-09-18,2026-09-18,869000,869000,2026-08-24,24,Active,,,0,true
2187177800431890113,4705 Evanston Ave N,98103,Townhouse,2026-09-05,2026-09-18,2026-09-18,750000,750000,2026-09-04,14,Active,,,0,true
2190220870148319265,1425 Broadmoor Dr E,98112,Single Family,2026-09-09,2026-09-18,2026-09-18,2395000,2395000,2026-09-08,10,Active,,,0,true
2504558,3310 59th Ave SW Unit A,98116,Single Family,2026-06-08,2026-09-18,2026-09-18,2700000,2474000,2026-04-29,142,Active,2026-08-07,2026-07-16,2,false
2515839,4411 Meridian Ave N,98103,Townhouse,2026-06-08,2026-09-18,2026-09-18,1050000,990000,2026-05-02,139,Active,2026-08-25,2026-06-18,2,false
2533113,9236 Interlake Ave N Unit B,98103,Townhouse,2026-06-08,2026-09-18,2026-09-18,645000,599950,2026-06-05,105,Active,2026-08-20,2026-06-18,2,true
2542232,9130 45th Ave SW Unit B,98136,Townhouse,2026-07-13,2026-09-18,2026-09-18,648000,648000,2026-07-09,72,Active,,,0,false
2543232,9440 35th Ave SW,98126,Single Family,2026-07-05,2026-09-18,2026-09-18,749950,724950,2026-06-25,85,Active,2026-07-25,2026-07-25,1,false
2543858,3310 59th Ave SW Unit A & B Unit A & B,98116,Single Family,2026-07-05,2026-09-18,2026-09-18,3350000,3225000,2026-06-25,85,Active,2026-08-07,2026-08-07,1,false
2559698,360 W Ewing St Unit D-11,98119,Single Family,2026-07-25,2026-09-18,2026-09-18,675000,675000,2026-07-24,56,Active,,,0,true
2563390,906 29th Ave,98122,Single Family,2026-08-20,2026-09-18,2026-09-18,1290000,1290000,2026-08-19,30,Active,,,0,true
2564068,2555 Magnolia Blvd W,98199,Single Family,2026-08-08,2026-09-18,2026-09-18,4388000,4388000,2026-08-07,42,Active,,,0,true
2565170,4329 5th Ave NE,98105,Single Family,2026-08-06,2026-09-18,2026-09-18,839950,839950,2026-08-05,44,Active,,,0,true
2569453,6714 36th Ave SW,98126,Single Family,2026-09-12,2026-09-18,2026-09-18,1249998,1249998,2026-09-11,0,Active,,,0,true
2570792,633 13th Ave E,98102,Townhouse,2026-08-19,2026-09-18,2026-09-18,749900,749900,2026-08-18,31,Active,,,0,true
2571765,7717 2nd Ave NE,98115,Single Family,2026-08-21,2026-09-18,2026-09-18,1895000,1895000,2026-08-20,29,Active,,,0,true
2572062,13240 3rd Ave NW,98177,Single Family,2026-08-21,2026-09-18,2026-09-18,875000,875000,2026-08-20,29,Active,,,0,true
2573883,919 20th Ave S,98144,Single Family,2026-09-11,2026-09-18,2026-09-18,720000,720000,2026-09-09,9,Active,,,0,true
2574487,4919 Meridian Ave N,98103,Townhouse,2026-08-27,2026-09-18,2026-09-18,700000,700000,2026-08-26,22,Active,,,0,true
2574886,5024 29th Ave S,98108,Single Family,2026-08-28,2026-09-18,2026-09-18,775000,725000,2026-08-27,22,Active,2026-09-02,2026-09-02,1,true
2575254,123 N 136th St,98133,Single Family,2026-08-28,2026-09-18,2026-09-18,899500,899500,2026-08-27,22,Active,,,0,true
2575688,2327 N 140th St,98133,Single Family,2026-09-18,2026-09-18,2026-09-18,750000,750000,2026-09-17,1,Active,,,0,true
2579803,1921 41st Ave SW,98116,Single Family,2026-09-11,2026-09-18,2026-09-18,999950,999950,2026-09-10,7,Active,,,0,true
2580278,3829 Ashworth Ave N Unit B,98103,Single Family,2026-09-12,2026-09-18,2026-09-18,1015000,1015000,2026-09-11,7,Active,,,0,true
2581280,7720 36th Ave SW,98126,Single Family,2026-09-12,2026-09-18,2026-09-18,925000,925000,2026-09-11,7,Active,,,0,true
2581799,6048 28th Ave NE,98115,Single Family,2026-09-16,2026-09-18,2026-09-18,1295000,1295000,2026-09-15,3,Active,,,0,true
2582411,621 34th Ave E,98112,Single Family,2026-09-15,2026-09-18,2026-09-18,2949000,2949000,2026-09-15,1,Active,,,0,true
2582782,529 McGilvra Blvd E,98112,Single Family,2026-09-17,2026-09-18,2026-09-18,2495000,2495000,2026-09-16,2,Active,,,0,true
2583211,5751 36th Ave NE,98105,Single Family,2026-09-17,2026-09-18,2026-09-18,3150000,3150000,2026-09-16,2,Active,,,0,true
2583994,5402 20th Ave S,98108,Single Family,2026-09-18,2026-09-18,2026-09-18,926000,926000,2026-09-17,1,Active,,,0,true
2584480,10030 37th Ave SW,98146,Single Family,2026-09-18,2026-09-18,2026-09-18,1083000,1083000,2026-09-17,1,Active,,,0,true
2498727,911 Martin Luther King Jr Way,98122,Single Family,2026-06-08,2026-09-17,2026-09-17,750000,742000,2026-03-30,171,Active,2026-07-29,2026-07-29,1,false
2499188,2221 E Spruce St,98122,Single Family,2026-06-08,2026-09-17,2026-09-17,739900,719900,2026-04-09,161,Active,2026-08-15,2026-08-15,1,false
2499192,442 13th Ave,98122,Townhouse,2026-06-08,2026-09-17,2026-09-17,1190000,1190000,2026-03-28,173,Active,,,0,false
2500660,520 36th Ave E,98112,Single Family,2026-06-08,2026-09-17,2026-09-17,4250000,3950000,2026-04-01,169,Active,2026-07-16,2026-07-16,1,false
2504265,906 A 28th Ave S,98144,Townhouse,2026-06-08,2026-09-17,2026-09-17,749000,699950,2026-04-08,162,Active,2026-09-11,2026-09-11,1,false
2519089,5953 Fauntleroy Way SW Unit D,98136,Single Family,2026-06-08,2026-09-17,2026-09-17,695000,665700,2026-05-07,133,Active,2026-08-27,2026-07-16,2,false
2540236,9739 12th Ave NW,98117,Townhouse,2026-06-18,2026-09-17,2026-09-17,999950,999950,2026-06-16,92,Active,,,0,true
2545075,12521 2nd Ave NE,98125,Single Family,2026-07-05,2026-09-17,2026-09-17,945000,900000,2026-06-24,85,Active,2026-09-01,2026-08-10,2,false
2545308,118 NW 39th St Unit B,98107,Townhouse,2026-07-05,2026-09-17,2026-09-17,799000,749900,2026-07-01,78,Active,2026-09-02,2026-08-04,2,false
2551844,9240 Dayton Ave N,98103,Single Family,2026-07-13,2026-09-17,2026-09-17,975000,975000,2026-07-10,70,Active,,,0,true
2552194,9242 Dayton Ave N Unit A,98103,Single Family,2026-07-13,2026-09-17,2026-09-17,950000,950000,2026-07-10,70,Active,,,0,true
2552202,9242 Dayton Ave N Unit B,98103,Single Family,2026-07-13,2026-09-17,2026-09-17,950000,950000,2026-07-10,70,Active,,,0,true
2555832,1138 D NW 57th St,98107,Townhouse,2026-07-22,2026-09-17,2026-09-17,735000,709950,2026-07-16,63,Active,2026-09-12,2026-09-12,1,false
2557638,8456 6th Ave SW,98106,Single Family,2026-07-25,2026-09-17,2026-09-17,950000,925000,2026-07-24,55,Active,2026-08-12,2026-08-12,1,true
2562601,1212 B NE 100th St,98125,Single Family,2026-08-01,2026-09-17,2026-09-17,624900,624900,2026-07-31,48,Active,,,0,true
2564348,899 NW Elford Dr,98177,Single Family,2026-08-05,2026-09-17,2026-09-17,2388000,2388000,2026-08-04,44,Active,,,0,true
2565838,516 N 102nd St,98133,Single Family,2026-08-08,2026-09-17,2026-09-17,599900,599900,2026-08-07,41,Active,,,0,true
2570219,4430 Dayton Ave N,98103,Single Family,2026-08-19,2026-09-17,2026-09-17,949950,949950,2026-08-18,30,Active,,,0,true
2570223,4432 Dayton Ave N,98103,Single Family,2026-08-19,2026-09-17,2026-09-17,987950,987950,2026-08-18,30,Active,,,0,true
2571405,3817 Gilman Ave W,98199,Townhouse,2026-08-21,2026-09-17,2026-09-17,825000,825000,2026-08-20,28,Active,,,0,true
2571623,268 Fulton St,98109,Single Family,2026-08-20,2026-09-17,2026-09-17,889950,889950,2026-08-19,29,Active,,,0,true
2572495,3637 C Dayton Ave N,98103,Townhouse,2026-08-22,2026-09-17,2026-09-17,892999,892999,2026-08-21,27,Active,,,0,true
2572695,3243 13th Ave W,98119,Single Family,2026-08-22,2026-09-17,2026-09-17,2689000,2689000,2026-08-21,27,Active,,,0,true
2574068,2035 N 77th St,98103,Single Family,2026-09-11,2026-09-17,2026-09-17,1247500,1247500,2026-09-10,7,Active,,,0,true
2574995,10030 37th Ave SW,98146,Single Family,2026-08-28,2026-09-17,2026-09-17,1140000,1140000,2026-08-27,21,Active,,,0,true
2577035,3040 NE 86th St,98115,Single Family,2026-09-11,2026-09-17,2026-09-17,825000,825000,2026-09-10,7,Active,,,0,true
2577258,7602 44th Ave SW,98136,Single Family,2026-09-03,2026-09-17,2026-09-17,2370000,2370000,2026-09-02,15,Active,,,0,true
2578025,7755 35th Ave NE,98115,Single Family,2026-09-04,2026-09-17,2026-09-17,1410000,1410000,2026-09-03,14,Active,,,0,true
2578029,4321 NE 57th St,98105,Single Family,2026-09-11,2026-09-17,2026-09-17,3200000,3200000,2026-09-09,8,Active,,,0,true
2578261,6052 37th Ave SW,98126,Single Family,2026-09-11,2026-09-17,2026-09-17,899000,899000,2026-09-10,7,Active,,,0,true
2578434,,98103,Townhouse,2026-09-16,2026-09-17,2026-09-17,750000,750000,2026-09-16,0,Active,,,0,true
2578893,2110 N 86th St,98103,Single Family,2026-09-11,2026-09-17,2026-09-17,940000,940000,2026-09-09,8,Active,,,0,true
2579327,843 NE 81st St,98115,Single Family,2026-09-11,2026-09-17,2026-09-17,965000,965000,2026-09-10,7,Active,,,0,true
2579423,6539 53rd Ave NE,98115,Single Family,2026-09-11,2026-09-17,2026-09-17,3250000,3250000,2026-09-09,8,Active,,,0,true
2579773,14332 Phinney Ave N,98133,Single Family,2026-09-12,2026-09-17,2026-09-17,815000,815000,2026-09-11,6,Active,,,0,true
2580950,4124 Burke Ave N,98103,Single Family,2026-09-11,2026-09-17,2026-09-17,1800000,1800000,2026-09-10,7,Active,,,0,true
2582176,8019 36th Ave S,98118,Single Family,2026-09-15,2026-09-17,2026-09-17,558995,558995,2026-09-14,3,Active,,,0,true
2583161,136 NE 58th St,98105,Single Family,2026-09-17,2026-09-17,2026-09-17,750000,750000,2026-09-16,1,Active,,,0,true
2193098833119564369,2331 Fairview Ave E Unit I,98102,Single Family,2026-09-13,2026-09-16,2026-09-16,1575000,1575000,2026-09-12,4,Active,,,0,true
2194441346900537337,2107 NW 65th St,98117,Single Family,2026-09-15,2026-09-16,2026-09-16,745000,745000,2026-09-14,2,Active,,,0,true
2519931,5755 25th Ave NE,98105,Single Family,2026-06-08,2026-09-16,2026-09-16,874500,840000,2026-05-08,131,Active,2026-07-29,2026-07-29,1,false
2526980,8800 Ravenna Ave NE,98115,Single Family,2026-06-08,2026-09-16,2026-09-16,965000,899000,2026-06-04,104,Active,2026-08-06,2026-07-05,2,false
2530454,1318 Lakeside Ave S,98144,Single Family,2026-06-08,2026-09-16,2026-09-16,6150000,5998000,2026-05-27,112,Active,2026-06-18,2026-06-18,1,false
2534949,1821 S Lane St,98144,Townhouse,2026-06-18,2026-09-16,2026-09-16,850000,850000,2026-06-11,97,Active,2026-08-29,2026-07-05,2,false
2535576,3913 SW Hudson St,98116,Townhouse,2026-06-18,2026-09-16,2026-09-16,799950,769000,2026-06-08,100,Active,2026-09-03,2026-07-05,3,false
2536467,9515 Linden Ave N,98103,Single Family,2026-06-18,2026-09-16,2026-09-16,825000,679000,2026-06-12,96,Active,2026-08-26,2026-07-13,3,false
2537900,2710 58th Ave SW,98116,Single Family,2026-07-15,2026-09-16,2026-09-16,1659000,1519000,2026-06-17,91,Active,2026-09-12,2026-07-22,2,false
2537983,1215 E Lynn St,98012,Single Family,2026-07-28,2026-09-16,2026-09-16,3895000,3895000,2026-07-27,51,Active,,,0,true
2540377,332 NE 90th St,98115,Townhouse,2026-06-18,2026-09-16,2026-09-16,739950,649000,2026-06-15,93,Active,2026-08-20,2026-07-22,3,true
2540412,3832 32nd Ave W,98199,Single Family,2026-06-18,2026-09-16,2026-09-16,2795000,2695000,2026-06-15,93,Active,2026-08-21,2026-08-21,1,true
2547804,908 N 102nd,98133,Single Family,2026-07-05,2026-09-16,2026-09-16,799000,775000,2026-07-01,77,Active,2026-08-27,2026-08-27,1,false
2550743,3318 20th Ave S,98144,Single Family,2026-07-13,2026-09-16,2026-09-16,835000,775000,2026-07-10,69,Active,2026-08-22,2026-07-30,2,true
2552609,5053 35th Ave SW,98126,Single Family,2026-08-25,2026-09-16,2026-09-16,1099950,1044500,2026-07-10,68,Active,2026-08-27,2026-08-27,1,false
2552613,5053 35th Ave SW Unit B,98126,Single Family,2026-08-25,2026-09-16,2026-09-16,665000,649000,2026-07-10,68,Active,2026-09-16,2026-09-16,1,false
2555016,2723 Yale Terrace Ave E,98102,Single Family,2026-07-17,2026-09-16,2026-09-16,1350000,1200000,2026-07-16,62,Active,2026-09-09,2026-08-07,2,true
2555351,2022 E Terrace St,98122,Townhouse,2026-07-31,2026-09-16,2026-09-16,949950,949950,2026-07-30,48,Active,,,0,true
2556080,14040 Ashworth Ave N,98133,Single Family,2026-07-17,2026-09-16,2026-09-16,539999,539999,2026-07-16,62,Active,,,0,true
2558399,8530 13th Ave NW Unit B,98117,Townhouse,2026-07-24,2026-09-16,2026-09-16,885000,885000,2026-07-23,55,Active,,,0,true
2558842,1806 25th Ave Unit A,98122,Townhouse,2026-07-25,2026-09-16,2026-09-16,820000,799000,2026-07-24,54,Active,2026-08-26,2026-08-26,1,true
2560100,3406 B 34th Ave W,98199,Townhouse,2026-07-30,2026-09-16,2026-09-16,875000,875000,2026-07-29,49,Active,,,0,true
2560148,9553 Ashworth Ave N Unit B,98103,Townhouse,2026-07-30,2026-09-16,2026-09-16,599000,599000,2026-07-29,46,Active,,,0,true
2560919,10411 Maplewood Pl SW,98146,Single Family,2026-08-06,2026-09-16,2026-09-16,5350000,5350000,2026-08-05,42,Active,,,0,true
2563303,1849 S King St,98144,Single Family,2026-08-01,2026-09-16,2026-09-16,948000,925000,2026-07-31,46,Active,2026-09-05,2026-09-05,1,true
2563499,3454 33rd Ave W #1,98199,Single Family,2026-08-21,2026-09-16,2026-09-16,2350000,2350000,2026-08-20,27,Active,,,0,true
2565359,6535 34th Ave NE Unit B,98115,Townhouse,2026-08-06,2026-09-16,2026-09-16,899000,846000,2026-08-05,42,Active,2026-08-27,2026-08-27,1,true
2565826,12032 12th Ave NW,98177,Single Family,2026-08-08,2026-09-16,2026-09-16,975000,975000,2026-08-07,40,Active,,,0,true
2567222,6006 26th Ave NW,98107,Townhouse,2026-09-03,2026-09-16,2026-09-16,649950,649950,2026-09-02,14,Active,,,0,true
2567246,2454 NW 60th St,98107,Townhouse,2026-09-03,2026-09-16,2026-09-16,699950,699950,2026-09-02,14,Active,,,0,true
2567426,3648 B Greenwood Ave N,98103,Townhouse,2026-08-20,2026-09-16,2026-09-16,939950,939950,2026-08-19,28,Active,,,0,true
2567661,8037 Wallingford Ave N Unit C,98103,Single Family,2026-08-20,2026-09-16,2026-09-16,799950,799950,2026-08-19,28,Active,,,0,true
2568362,4530 NE 55th St,98105,Single Family,2026-08-14,2026-09-16,2026-09-16,2700000,2700000,2026-08-13,34,Active,,,0,true
2568420,10240 40th Ave SW Unit A,98146,Single Family,2026-08-13,2026-09-16,2026-09-16,997000,997000,2026-08-12,35,Active,,,0,true
2568563,1215 Warren Ave N,98109,Single Family,2026-08-15,2026-09-16,2026-09-16,6995000,6995000,2026-08-14,33,Active,,,0,true
2569451,6521 SW 31st Ave,98126,Townhouse,2026-08-19,2026-09-16,2026-09-16,750000,725000,2026-08-18,29,Active,2026-09-11,2026-09-11,1,true
2570136,2010 McGilvra Blvd E,98112,Single Family,2026-09-08,2026-09-16,2026-09-16,3898000,3898000,2026-09-07,8,Active,,,0,true
2570942,3648 Francis Ave N Unit D,98103,Townhouse,2026-08-19,2026-09-16,2026-09-16,663000,663000,2026-08-18,29,Active,,,0,true
2571794,312 26th Ave S,98144,Single Family,2026-08-20,2026-09-16,2026-09-16,649000,649000,2026-08-19,27,Active,,,0,true
2572540,3819 44 Ave NE,98105,Single Family,2026-08-25,2026-09-16,2026-09-16,2295000,2295000,2026-08-24,23,Active,,,0,true
2572626,3022 S Holden St,98108,Single Family,2026-08-22,2026-09-16,2026-09-16,749950,699950,2026-08-21,26,Active,2026-09-11,2026-09-11,1,true
2573056,5718 NE 65th St,98115,Townhouse,2026-08-23,2026-09-16,2026-09-16,829950,799950,2026-08-22,25,Active,2026-09-03,2026-09-03,1,true
2574337,1259 23rd Ave E,98112,Single Family,2026-08-27,2026-09-16,2026-09-16,1898000,1898000,2026-08-26,21,Active,,,0,true
2574909,5616 Fauntleroy Way SW,98136,Single Family,2026-08-28,2026-09-16,2026-09-16,1800000,1800000,2026-08-27,20,Active,,,0,true
2576025,12324 11th Ave NE,98125,Single Family,2026-09-01,2026-09-16,2026-09-16,997000,997000,2026-08-31,16,Active,,,0,true
2577000,5712 17th Ave NW,98107,Single Family,2026-09-03,2026-09-16,2026-09-16,998000,998000,2026-09-02,14,Active,,,0,true
2577436,9815 Roosevelt Way NE,98115,Single Family,2026-09-09,2026-09-16,2026-09-16,850000,850000,2026-09-08,7,Active,,,0,true
2577569,1023 N 49th St,98103,Single Family,2026-09-11,2026-09-16,2026-09-16,1575000,1575000,2026-09-10,6,Active,,,0,true
2578674,1820 S Weller St,98144,Single Family,2026-09-11,2026-09-16,2026-09-16,929000,929000,2026-09-09,7,Active,,,0,true
2579120,7957 30th Ave SW,98126,Single Family,2026-09-09,2026-09-16,2026-09-16,899900,899900,2026-09-08,8,Active,,,0,true
2579243,2423 NE 75th St,98103,Single Family,2026-09-09,2026-09-16,2026-09-16,920000,920000,2026-09-08,7,Active,,,0,true
2579285,4544 W Sheridan St,98199,Single Family,2026-09-11,2026-09-16,2026-09-16,3300000,3300000,2026-09-10,6,Active,,,0,true
2579605,6202 Ravenna Ave NE,98115,Single Family,2026-09-11,2026-09-16,2026-09-16,1499950,1499950,2026-09-10,6,Active,,,0,true
2579614,2822 10th Ave E,98102,Single Family,2026-09-11,2026-09-16,2026-09-16,1950000,1950000,2026-09-09,7,Active,,,0,true
2580169,7925 15th Ave SW,98106,Single Family,2026-09-11,2026-09-16,2026-09-16,735000,735000,2026-09-10,6,Active,,,0,true
2580485,1760 26th Ave E,98112,Single Family,2026-09-11,2026-09-16,2026-09-16,1735000,1735000,2026-09-10,6,Active,,,0,true
2580567,6038 3rd Ave NW,98107,Single Family,2026-09-12,2026-09-16,2026-09-16,845000,845000,2026-09-11,5,Active,,,0,true
2580645,1756 NW 61st St Unit A,98107,Townhouse,2026-09-11,2026-09-16,2026-09-16,695000,695000,2026-09-10,6,Active,,,0,true
2581013,8046 18th Ave NW,98117,Single Family,2026-09-12,2026-09-16,2026-09-16,1249000,1249000,2026-09-11,5,Active,,,0,true
2581138,2517 23rd Ave,98144,Single Family,2026-09-12,2026-09-16,2026-09-16,749000,749000,2026-09-11,5,Active,,,0,true
2581353,8057 12th Ave NE,98115,Single Family,2026-09-11,2026-09-16,2026-09-16,1195000,1195000,2026-09-10,5,Active,,,0,true
2581533,6022 45th Ave SW,98136,Single Family,2026-09-12,2026-09-16,2026-09-16,1100000,1100000,2026-09-11,5,Active,,,0,true
2582097,2428 5th Ave W,98119,Single Family,2026-09-14,2026-09-16,2026-09-16,1550000,1550000,2026-09-13,3,Active,,,0,true
2582602,5612 B Roosevelt Way NE,98105,Townhouse,2026-09-16,2026-09-16,2026-09-16,1000000,1000000,2026-09-15,1,Active,,,0,true
2187175753863236769,3613 35th Ave SW,98126,Single Family,2026-09-05,2026-09-15,2026-09-15,1150000,1150000,2026-09-04,11,Active,,,0,true
2492655,1214 N Northgate Way,98133,Townhouse,2026-06-08,2026-09-15,2026-09-15,599000,599000,2026-03-20,179,Active,,,0,false
2504417,7123 Shinkle Pl SW,98106,Townhouse,2026-06-08,2026-09-15,2026-09-15,635000,610000,2026-04-10,158,Active,2026-08-05,2026-08-05,1,false
2520919,535 N 70th St,98103,Townhouse,2026-07-17,2026-09-15,2026-09-15,874900,874900,2026-05-08,130,Active,,,0,false
2524825,2218 E Prospect St,98112,Single Family,2026-07-05,2026-09-15,2026-09-15,5000000,5000000,2026-06-24,83,Active,,,0,false
2527937,700 McGilvra Blvd E,98112,Single Family,2026-06-18,2026-09-15,2026-09-15,4695000,4695000,2026-06-09,98,Active,,,0,false
2529751,8218 2nd Ave NE Unit B,98115,Single Family,2026-06-18,2026-09-15,2026-09-15,735000,735000,2026-05-27,111,Active,,,0,false
2533484,533 B N 70th St,98103,Townhouse,2026-07-17,2026-09-15,2026-09-15,774900,774900,2026-06-03,104,Active,,,0,false
2537531,2573 13th Ave W,98119,Single Family,2026-06-18,2026-09-15,2026-09-15,1300000,1259000,2026-06-10,97,Active,2026-07-24,2026-07-24,1,false
2538800,7706 32nd Ave NW,98117,Single Family,2026-09-05,2026-09-15,2026-09-15,1275000,1275000,2026-09-04,5,Active,,,0,true
2547769,722 S 31st Ave,98144,Single Family,2026-07-13,2026-09-15,2026-09-15,1198000,1250000,2026-07-10,68,Active,2026-07-16,2026-07-16,1,true
2557697,6412 17th Ave NW,98107,Single Family,2026-07-24,2026-09-15,2026-09-15,850000,800000,2026-07-23,43,Active,2026-09-03,2026-08-11,2,true
2560903,9304 23rd Ave NW,98117,Single Family,2026-07-28,2026-09-15,2026-09-15,1750000,1530000,2026-07-27,49,Active,2026-09-09,2026-08-11,3,true
2561631,2712 57th Ave SW,98116,Single Family,2026-07-30,2026-09-15,2026-09-15,1538000,1448000,2026-07-29,47,Active,2026-08-26,2026-08-09,2,true
2563063,4747 4th Ave NE,98105,Single Family,2026-08-07,2026-09-15,2026-09-15,1100000,999999,2026-08-06,40,Active,2026-09-03,2026-09-03,1,true
2563201,712 W Bertona St Unit a,98119,Single Family,2026-08-01,2026-09-15,2026-09-15,710000,685000,2026-07-31,46,Active,2026-08-21,2026-08-21,1,true
2564301,10063 Wallingford Ave N,98133,Single Family,2026-08-14,2026-09-15,2026-09-15,699950,699950,2026-08-13,33,Active,,,0,true
2564928,533 N 70th St,98103,Single Family,2026-08-14,2026-09-15,2026-09-15,1149900,1149900,2026-08-07,39,Active,,,0,false
2566249,2155 N 128th St Unit C,98133,Single Family,2026-08-08,2026-09-15,2026-09-15,3000000,3000000,2026-08-07,39,Active,,,0,true
2566440,1007 W Newell St,98119,Single Family,2026-08-08,2026-09-15,2026-09-15,2285000,2285000,2026-08-07,39,Active,,,0,true
2569305,1339 15th Ave S,98144,Townhouse,2026-08-15,2026-09-15,2026-09-15,599950,599950,2026-08-14,32,Active,,,0,true
2572880,7652 E Green Lake Dr N,98103,Single Family,2026-08-22,2026-09-15,2026-09-15,2185000,2185000,2026-08-21,25,Active,,,0,true
2572932,719 N 101st St,98133,Single Family,2026-08-28,2026-09-15,2026-09-15,960000,960000,2026-08-27,19,Active,,,0,true
2574436,7707 18th Ave SW,98106,Single Family,2026-09-11,2026-09-15,2026-09-15,1100000,1100000,2026-09-10,5,Active,,,0,true
2574480,3016 47th Ave SW,98116,Single Family,2026-09-12,2026-09-15,2026-09-15,1385000,1385000,2026-09-11,4,Active,,,0,true
2574717,9211 A 14th Ave NW,98117,Single Family,2026-08-28,2026-09-15,2026-09-15,846000,799000,2026-08-27,19,Active,2026-09-11,2026-09-11,1,true
2575134,5815 17th Ave NE,98105,Single Family,2026-09-11,2026-09-15,2026-09-15,1450000,1450000,2026-09-10,5,Active,,,0,true
2575936,12004 5th Ave NE,98125,Single Family,2026-09-03,2026-09-15,2026-09-15,625000,625000,2026-09-02,13,Active,,,0,true
2576328,939 NW 56th St Unit B,98107,Townhouse,2026-09-01,2026-09-15,2026-09-15,650000,650000,2026-08-31,15,Active,,,0,true
2577532,205 NW 101st St,98177,Single Family,2026-09-11,2026-09-15,2026-09-15,698000,698000,2026-09-09,6,Active,,,0,true
2578004,4115 SW Kenyon St,98136,Single Family,2026-09-11,2026-09-15,2026-09-15,1450000,1450000,2026-09-10,5,Active,,,0,true
2578050,3835 A Interlake Ave N,98103,Townhouse,2026-09-11,2026-09-15,2026-09-15,915000,915000,2026-09-10,5,Active,,,0,true
2578059,2652 B NW 95th St,98117,Single Family,2026-09-05,2026-09-15,2026-09-15,789000,789000,2026-09-04,11,Active,,,0,true
2578596,5412 Kensington Pl N,98103,Single Family,2026-09-11,2026-09-15,2026-09-15,1299000,1299000,2026-09-10,5,Active,,,0,true
2578871,5623 NE 59th St,98105,Single Family,2026-09-11,2026-09-15,2026-09-15,1150000,1150000,2026-09-10,5,Active,,,0,true
2578891,2502 18th Ave S,98144,Single Family,2026-09-11,2026-09-15,2026-09-15,1450000,1450000,2026-09-10,5,Active,,,0,true
2579020,7318 54th Ave NE,98115,Single Family,2026-09-11,2026-09-15,2026-09-15,1685000,1685000,2026-09-09,6,Active,,,0,true
2579239,3829 45th Ave SW,98116,Single Family,2026-09-11,2026-09-15,2026-09-15,1495000,1495000,2026-09-10,5,Active,,,0,true
2579541,128 B 25th Ave E,98112,Townhouse,2026-09-15,2026-09-15,2026-09-15,799000,799000,2026-09-14,1,Active,,,0,true
2579569,7925 18th Ave SW,98106,Single Family,2026-09-11,2026-09-15,2026-09-15,995000,995000,2026-09-10,5,Active,,,0,true
2579737,319 Smith Pl,98109,Single Family,2026-09-11,2026-09-15,2026-09-15,1690000,1690000,2026-09-10,5,Active,,,0,true
2579950,5711 38th Ave NE,98105,Single Family,2026-09-11,2026-09-15,2026-09-15,949900,949900,2026-09-10,5,Active,,,0,true
2579964,6526 4th Ave NW,98117,Single Family,2026-09-11,2026-09-15,2026-09-15,799000,799000,2026-09-09,6,Active,,,0,true
2580126,6008 Oberlin Ave NE,98115,Single Family,2026-09-11,2026-09-15,2026-09-15,2395000,2395000,2026-09-10,5,Active,,,0,true
2580248,300 NE 91st St,98115,Single Family,2026-09-11,2026-09-15,2026-09-15,1779000,1779000,2026-09-10,4,Active,,,0,true
2580590,8115 12th Ave SW,98106,Single Family,2026-09-12,2026-09-15,2026-09-15,640000,640000,2026-09-11,4,Active,,,0,true
2580799,12325 10th Pl NE Unit D,98125,Townhouse,2026-09-11,2026-09-15,2026-09-15,589500,589500,2026-09-10,5,Active,,,0,true
2581033,8438 41st Ave SW,98136,Single Family,2026-09-11,2026-09-15,2026-09-15,899000,899000,2026-09-10,5,Active,,,0,true
2581512,2526 30th Ave W,98199,Single Family,2026-09-12,2026-09-15,2026-09-15,799000,799000,2026-09-11,4,Active,,,0,true
2191688130089150761,3405 E Pine St,98122,Single Family,2026-09-11,2026-09-14,2026-09-14,1950000,1950000,2026-09-10,4,Active,,,0,true
2192516789494933417,6049 Princeton Ave NE,98115,Single Family,2026-09-12,2026-09-14,2026-09-14,2195000,2195000,2026-09-11,3,Active,,,0,true
2471449,2017 W Bertona,98199,Townhouse,2026-06-08,2026-09-14,2026-09-14,919000,844950,2026-01-23,234,Active,2026-09-03,2026-07-17,3,false
2515948,8117 17th Ave SW Unit B,98106,Single Family,2026-06-08,2026-09-14,2026-09-14,583000,559000,2026-05-01,133,Active,2026-09-02,2026-07-30,3,false
2523435,1498 NW 75th St,98117,Townhouse,2026-06-08,2026-09-14,2026-09-14,800000,749000,2026-05-15,122,Active,2026-08-21,2026-07-05,2,false
2528149,3444 California Ave SW,98116,Townhouse,2026-06-08,2026-09-14,2026-09-14,799950,779000,2026-05-22,115,Active,2026-08-08,2026-08-08,1,false
2535453,311 34th Ave E,98112,Single Family,2026-06-18,2026-09-14,2026-09-14,2850000,2695000,2026-06-10,96,Active,2026-07-16,2026-07-16,1,false
2539929,325 23rd Ave E,98112,Single Family,2026-06-18,2026-09-14,2026-09-14,1345000,1249000,2026-06-13,93,Active,2026-07-28,2026-07-28,1,false
2542301,10053 8th Ave NW,98177,Single Family,2026-07-05,2026-09-14,2026-09-14,875000,825000,2026-06-18,88,Active,2026-08-18,2026-08-06,2,false
2551636,5100 NE 55th St,98105,Single Family,2026-07-13,2026-09-14,2026-09-14,2299000,2199000,2026-07-10,67,Active,2026-08-20,2026-08-20,1,true
2552245,8607 22nd Pl NE,98115,Townhouse,2026-07-13,2026-09-14,2026-09-14,780000,730000,2026-07-10,67,Active,2026-08-24,2026-07-26,2,true
2555629,427 13th Ave E Unit C,98102,Townhouse,2026-07-17,2026-09-14,2026-09-14,1100000,998000,2026-07-16,60,Active,2026-08-26,2026-08-26,1,true
2557511,2218 A NW 62nd St,98107,Townhouse,2026-07-22,2026-09-14,2026-09-14,938500,899000,2026-07-21,55,Active,2026-07-30,2026-07-30,1,true
2561368,10758 Ashworth Ave N,98133,Single Family,2026-07-31,2026-09-14,2026-09-14,830000,830000,2026-07-30,46,Active,,,0,true
2562704,822 W Fulton St,98119,Single Family,2026-09-11,2026-09-14,2026-09-14,1698950,1698950,2026-09-10,4,Active,,,0,true
2566337,716 32nd Ave,98122,Single Family,2026-08-13,2026-09-14,2026-09-14,1450000,1450000,2026-08-12,33,Active,,,0,true
2569307,2314 Thorndyke Ave W Unit B,98199,Townhouse,2026-08-22,2026-09-14,2026-09-14,849000,849000,2026-08-21,24,Active,,,0,true
2571877,2903 3rd Ave N,98109,Single Family,2026-08-21,2026-09-14,2026-09-14,1388850,1388850,2026-08-20,25,Active,,,0,true
2572089,2606 NW 62nd St,98107,Townhouse,2026-08-21,2026-09-14,2026-09-14,959000,929950,2026-08-20,25,Active,2026-09-12,2026-09-12,1,true
2572329,6346 21st Ave SW,98106,Single Family,2026-09-11,2026-09-14,2026-09-14,427000,427000,2026-09-10,4,Active,,,0,true
2572777,3609 NW 62nd St,98107,Single Family,2026-08-22,2026-09-14,2026-09-14,3150000,3150000,2026-08-21,24,Active,,,0,true
2574722,2604 SW Genesee St,98106,Townhouse,2026-08-28,2026-09-14,2026-09-14,595000,595000,2026-08-27,8,Active,,,0,true
2574993,9623 14th Ave NW,98117,Single Family,2026-09-11,2026-09-14,2026-09-14,950000,950000,2026-09-10,4,Active,,,0,true
2575603,9525 7th Ave NW,98117,Single Family,2026-08-29,2026-09-14,2026-09-14,649888,649888,2026-08-28,9,Active,,,0,true
2578438,2007 S Main St,98144,Single Family,2026-09-11,2026-09-14,2026-09-14,925000,925000,2026-09-10,4,Active,,,0,true
2578602,3019 E Union St,98122,Single Family,2026-09-12,2026-09-14,2026-09-14,799900,799900,2026-09-11,3,Active,,,0,true
2578696,3603 49th Ave SW,98116,Single Family,2026-09-11,2026-09-14,2026-09-14,850000,850000,2026-09-10,4,Active,,,0,true
2578900,3105 SW Elmgrove St,98126,Single Family,2026-09-11,2026-09-14,2026-09-14,468000,468000,2026-09-10,4,Active,,,0,true
2579033,1625 3rd Ave W,98119,Single Family,2026-09-11,2026-09-14,2026-09-14,1450000,1450000,2026-09-10,4,Active,,,0,true
2579284,2609 Queen Anne Ave N,98126,Single Family,2026-09-09,2026-09-14,2026-09-14,895000,895000,2026-09-08,5,Active,,,0,true
2580911,8353 20th Ave NW,98117,Single Family,2026-09-11,2026-09-14,2026-09-14,1150000,1150000,2026-09-10,4,Active,,,0,true
2581449,3914 13th Ave S,98108,Single Family,2026-09-12,2026-09-14,2026-09-14,649950,649950,2026-09-11,3,Active,,,0,true
2539977,2612 W Galer St,98199,Single Family,2026-06-18,2026-09-13,2026-09-13,1000000,960000,2026-06-16,74,Active,2026-07-23,2026-07-23,1,true
2545337,1625 Federal Ave E,98102,Single Family,2026-07-05,2026-09-13,2026-09-13,8750000,8750000,2026-06-25,80,Active,,,0,false
2555150,8538 19th Ave NW,98117,Single Family,2026-07-16,2026-09-13,2026-09-13,949900,949900,2026-07-15,60,Active,,,0,true
2566180,11744 Dayton Ave N,98133,Single Family,2026-08-08,2026-09-13,2026-09-13,724950,724950,2026-08-07,36,Active,,,0,true
2574787,12259 6th Ave NW,98177,Single Family,2026-08-29,2026-09-13,2026-09-13,1749000,1749000,2026-08-28,16,Active,,,0,true
2577038,2215 E Aloha St,98112,Single Family,2026-09-03,2026-09-13,2026-09-13,1350000,1350000,2026-09-02,11,Active,,,0,true
2577604,7522 14th Ave NE,98115,Single Family,2026-09-11,2026-09-13,2026-09-13,1850000,1850000,2026-09-10,3,Active,,,0,true
2578782,5632 Keystone Pl N,98103,Single Family,2026-09-11,2026-09-13,2026-09-13,1100000,1100000,2026-09-10,3,Active,,,0,true
2579321,9240 Fauntleroy Way SW,98136,Single Family,2026-09-11,2026-09-13,2026-09-13,1185000,1185000,2026-09-09,4,Active,,,0,true
2579386,8400 32nd Ave SW,98126,Single Family,2026-09-11,2026-09-13,2026-09-13,650000,650000,2026-09-09,4,Active,,,0,true
2580858,4736 46th Ave NE,98105,Single Family,2026-09-11,2026-09-13,2026-09-13,1999000,1999000,2026-09-10,3,Active,,,0,true
2538918,536 N 103rd Unit A,98133,Townhouse,2026-06-18,2026-09-12,2026-09-12,669000,669000,2026-06-12,92,Active,,,0,false
2550411,3670 Dayton Ave N Unit B,98103,Townhouse,2026-07-13,2026-09-12,2026-09-12,949000,949000,2026-07-07,68,Active,,,0,false
2557663,10255 41st Ave SW,98146,Single Family,2026-07-23,2026-09-12,2026-09-12,520000,479950,2026-07-22,52,Active,2026-08-21,2026-08-05,2,true
2558934,2527 Westmont Way W,98199,Single Family,2026-07-24,2026-09-12,2026-09-12,2590000,2590000,2026-07-23,51,Active,,,0,true
2561779,3127 Broadway E,98102,Single Family,2026-07-31,2026-09-12,2026-09-12,1900000,1900000,2026-07-30,44,Active,,,0,true
2568361,1705 NW 63rd St Unit B,98107,Townhouse,2026-08-20,2026-09-12,2026-09-12,799950,775000,2026-08-19,24,Active,2026-09-11,2026-09-11,1,true
2575940,4512 10th Ave S,98108,Single Family,2026-09-02,2026-09-12,2026-09-12,690000,675000,2026-09-01,11,Active,2026-09-11,2026-09-11,1,true
2578690,8803 38th Ave SW,98126,Single Family,2026-09-09,2026-09-12,2026-09-12,2065250,2065250,2026-09-08,4,Active,,,0,true
2579954,7702 Sunnyside Ave N,98103,Single Family,2026-09-11,2026-09-12,2026-09-12,1850000,1850000,2026-09-10,2,Active,,,0,true
2580440,3222 NE 85th St,98115,Single Family,2026-09-11,2026-09-12,2026-09-12,799995,799995,2026-09-09,3,Active,,,0,true
2580775,4030 53rd Ave SW,98116,Single Family,2026-09-12,2026-09-12,2026-09-12,750000,750000,2026-09-11,1,Active,,,0,true
2581145,5822 7th Ave NW,98107,Single Family,2026-09-11,2026-09-12,2026-09-12,2250000,2250000,2026-09-10,2,Active,,,0,true
2581667,4032 53rd Ave SW Unit A,98116,Single Family,2026-09-12,2026-09-12,2026-09-12,1048000,1048000,2026-09-11,1,Active,,,0,true
2479572,4714 Delridge Way SW,98106,Townhouse,2026-06-08,2026-09-11,2026-09-11,649995,625000,2026-02-13,210,Active,2026-08-10,2026-08-10,1,false
2509092,1319 E Denny Way,98122,Townhouse,2026-06-08,2026-09-11,2026-09-11,1349900,1299900,2026-04-23,132,Active,2026-08-20,2026-08-20,1,false
2524383,3817 C Fremont Ave N,98103,Townhouse,2026-06-08,2026-09-11,2026-09-11,1080000,1049950,2026-05-15,119,Active,2026-07-13,2026-07-13,1,false
2534236,2301 NE 86th St,98115,Townhouse,2026-06-18,2026-09-11,2026-09-11,725000,700000,2026-06-11,92,Active,2026-07-16,2026-07-16,1,false
2536471,1210 E Shelby St Unit G,98102,Single Family,2026-06-08,2026-09-11,2026-09-11,1650000,1575000,2026-06-07,96,Active,2026-07-13,2026-07-13,1,true
2539255,2369 Fairview Ave E #6,98102,Single Family,2026-06-18,2026-09-11,2026-09-11,4600000,4600000,2026-06-11,92,Active,,,0,false
2541860,2619 Warren Ave N,98109,Single Family,2026-07-05,2026-09-11,2026-09-11,2495000,2398000,2026-06-19,84,Active,2026-07-25,2026-07-25,1,false
2546245,2804 Prosch Ave W,98119,Single Family,2026-07-05,2026-09-11,2026-09-11,899500,899500,2026-06-25,78,Active,,,0,false
2548066,9549 Evanston Ave N,98103,Single Family,2026-07-05,2026-09-11,2026-09-11,849000,829000,2026-07-03,70,Active,2026-07-18,2026-07-18,1,true
2550271,1805 NW 95th St,98117,Single Family,2026-07-13,2026-09-11,2026-09-11,1798500,1750000,2026-07-11,50,Active,2026-08-28,2026-08-28,1,true
2552081,1128 N 77th St,98103,Single Family,2026-07-13,2026-09-11,2026-09-11,1450000,1389500,2026-07-11,54,Active,2026-09-09,2026-08-22,2,true
2558107,2359 Yale Ave E Unit A,98102,Townhouse,2026-08-07,2026-09-11,2026-09-11,1148800,1148800,2026-08-06,36,Active,,,0,true
2558332,728 W Etruria St,98119,Single Family,2026-07-23,2026-09-11,2026-09-11,3170000,3170000,2026-07-22,51,Active,,,0,true
2558942,311 NE 59th St,98105,Single Family,2026-07-24,2026-09-11,2026-09-11,1950000,1899000,2026-07-23,50,Active,2026-08-29,2026-08-13,2,true
2559684,3819 B Fremont Ave N,98103,Townhouse,2026-07-30,2026-09-11,2026-09-11,999950,999950,2026-07-29,44,Active,,,0,true
2560568,4015 Burton Pl W,98199,Single Family,2026-08-07,2026-09-11,2026-09-11,825000,825000,2026-08-06,36,Active,,,0,true
2562301,1549 Magnolia Way W,98199,Single Family,2026-07-31,2026-09-11,2026-09-11,3480000,3480000,2026-07-30,43,Active,,,0,true
2565969,2608 NW 62nd St,98107,Townhouse,2026-08-08,2026-09-11,2026-09-11,1038000,1038000,2026-08-07,35,Active,,,0,true
2566503,2517 23rd Ave,98144,Single Family,2026-08-08,2026-09-11,2026-09-11,799000,799000,2026-08-07,35,Active,,,0,true
2567402,8356 19th Ave NW Unit B,98117,Townhouse,2026-08-11,2026-09-11,2026-09-11,588000,588000,2026-08-10,32,Active,,,0,true
2568205,4407 30th Ave W,98199,Single Family,2026-08-15,2026-09-11,2026-09-11,1220000,1220000,2026-08-14,28,Active,,,0,true
2569188,2205 Bigelow Ave N #10,98109,Townhouse,2026-08-14,2026-09-11,2026-09-11,735000,735000,2026-08-13,26,Active,,,0,true
2569408,7329 44th Ave SW,98136,Single Family,2026-08-16,2026-09-11,2026-09-11,1595000,1595000,2026-08-15,27,Active,,,0,true
2570441,4354 6th Ave NW,98107,Townhouse,2026-08-19,2026-09-11,2026-09-11,639000,639000,2026-08-18,24,Active,,,0,true
2571045,8046 18th Ave NW,98117,Single Family,2026-08-22,2026-09-11,2026-09-11,1315000,1315000,2026-08-21,21,Active,,,0,true
2573017,8148 13th Ave SW,98106,Single Family,2026-09-11,2026-09-11,2026-09-11,875000,875000,2026-09-10,1,Active,,,0,true
2573022,917 NE 72nd St,98115,Single Family,2026-08-28,2026-09-11,2026-09-11,665000,665000,2026-08-27,12,Active,,,0,true
2573026,8150 13th Ave SW,98106,Single Family,2026-09-11,2026-09-11,2026-09-11,515000,515000,2026-09-10,1,Active,,,0,true
2573591,4117 Eastern Ave N,98103,Single Family,2026-08-28,2026-09-11,2026-09-11,1295000,1295000,2026-08-27,15,Active,,,0,true
2575403,3319 W ELMORE St,98199,Single Family,2026-08-29,2026-09-11,2026-09-11,1786000,1786000,2026-08-28,14,Active,,,0,true
2575595,9013 14th Ave SW,98106,Single Family,2026-08-29,2026-09-11,2026-09-11,736202,736202,2026-08-28,14,Active,,,0,true
2576545,1019 NE 62nd St,98115,Single Family,2026-09-05,2026-09-11,2026-09-11,1100000,1100000,2026-09-04,7,Active,,,0,true
2576939,3820 Burke Ave N,98103,Single Family,2026-09-08,2026-09-11,2026-09-11,1699000,1699000,2026-09-07,3,Active,,,0,true
2581003,2212 Belvidere Ave SW,98126,Single Family,2026-09-11,2026-09-11,2026-09-11,900000,900000,2026-09-10,1,Active,,,0,true
2187110017912009121,2426 NW 64th St Unit C,98107,Single Family,2026-09-05,2026-09-09,2026-09-09,1050000,1050000,2026-09-04,5,Active,,,0,true
2189441145486609033,5412 Kensington Pl N,98103,Single Family,2026-09-08,2026-09-09,2026-09-09,1299000,1299000,2026-09-07,2,Active,,,0,true
2190093948185888329,7522 14th Ave NE,98115,Single Family,2026-09-09,2026-09-09,2026-09-09,1850000,1850000,2026-09-08,1,Active,,,0,true
2190192991968528841,4544 W Sheridan St,98199,Single Family,2026-09-09,2026-09-09,2026-09-09,3300000,3300000,2026-09-08,1,Active,,,0,true
2307588,1620 S Lane Unit E,98144,Townhouse,2026-06-08,2026-09-09,2026-09-09,579950,559950,2024-12-11,637,Active,2026-09-01,2026-09-01,1,false
2438036,2401 N Northlake Way Unit L6,98103,Single Family,2026-06-08,2026-09-09,2026-09-09,488000,465000,2025-09-26,348,Active,2026-08-09,2026-08-09,1,false
2476108,2031 Eastlake Ave E,98102,Single Family,2026-06-08,2026-09-09,2026-09-09,1249900,1224900,2026-05-14,118,Active,2026-07-13,2026-07-13,1,false
2479611,904 A 28th Ave S,98144,Townhouse,2026-06-08,2026-09-09,2026-09-09,860000,849950,2026-02-13,208,Active,2026-08-22,2026-08-22,1,false
2514809,3130 Portage Bay Pl E Unit C,98102,Single Family,2026-06-08,2026-09-09,2026-09-09,1299999,999999,2026-04-29,133,Active,2026-08-12,2026-06-18,3,false
2515125,2649 A NW 63rd St,98107,Townhouse,2026-06-08,2026-09-09,2026-09-09,999900,949900,2026-04-29,133,Active,2026-07-15,2026-07-05,2,false
2516290,2423 3rd Ave W,98119,Single Family,2026-07-13,2026-09-09,2026-09-09,759000,730000,2026-06-26,72,Active,2026-08-27,2026-07-24,2,false
2520245,5515 A 9th Ave NW,98107,Townhouse,2026-06-08,2026-09-09,2026-09-09,669950,625000,2026-05-15,117,Active,2026-09-05,2026-07-18,2,false
2521718,9032 15th Ave SW,98106,Single Family,2026-06-08,2026-09-09,2026-09-09,550000,424999,2026-05-21,111,Active,2026-08-28,2026-06-18,7,false
2521810,6538 D Latona Ave NE,98115,Townhouse,2026-06-08,2026-09-09,2026-09-09,1029950,978000,2026-06-02,99,Active,2026-08-06,2026-07-18,2,false
2523120,903 B NW 56th St,98107,Townhouse,2026-06-08,2026-09-09,2026-09-09,658000,615000,2026-05-13,119,Active,2026-09-05,2026-07-05,3,false
2526107,10 E Roanoke St #8,98102,Single Family,2026-06-18,2026-09-09,2026-09-09,3490000,2995000,2026-05-20,112,Active,2026-07-30,2026-07-30,1,false
2529739,1725 Martin Luther King Jr Way,98122,Single Family,2026-06-08,2026-09-09,2026-09-09,1995000,1949000,2026-05-28,104,Active,2026-07-05,2026-07-05,1,false
2530878,2440 NW 60th St Unit A,98107,Townhouse,2026-08-13,2026-09-09,2026-09-09,820000,799950,2026-08-12,28,Active,2026-08-27,2026-08-27,1,true
2531039,10 E Roanoke St #2,98102,Single Family,2026-06-18,2026-09-09,2026-09-09,3995000,3995000,2026-05-29,103,Active,,,0,false
2531350,1529 Sturgus Ave S,98144,Single Family,2026-06-08,2026-09-09,2026-09-09,780000,780000,2026-05-28,104,Active,,,0,false
2534284,1410 B N 47th St,98103,Townhouse,2026-06-08,2026-09-09,2026-09-09,1048000,1048000,2026-06-03,98,Active,,,0,false
2535612,1125 E Olive St #202,98122,Single Family,2026-07-13,2026-09-09,2026-09-09,300000,300000,2026-07-10,62,Active,,,0,true
2538295,3802 NE 90th St,98115,Single Family,2026-06-18,2026-09-09,2026-09-09,1450000,1249000,2026-06-11,78,Active,2026-08-12,2026-07-13,3,false
2538742,1556 S Pearl St Unit B,98108,Single Family,2026-06-18,2026-09-09,2026-09-09,699000,689000,2026-06-11,90,Active,2026-07-22,2026-07-22,1,false
2539690,1125 Lake Washington Blvd S,98144,Single Family,2026-06-18,2026-09-09,2026-09-09,1995000,1795000,2026-06-17,83,Active,2026-08-01,2026-07-16,2,true
2540445,4604 W Raye St,98199,Single Family,2026-07-13,2026-09-09,2026-09-09,3895000,3895000,2026-07-09,63,Active,,,0,false
2545582,946 N 83rd St,98103,Single Family,2026-07-05,2026-09-09,2026-09-09,799000,750000,2026-06-25,76,Active,2026-07-29,2026-07-17,2,false
2551847,1132 NW 56th St,98107,Single Family,2026-07-13,2026-09-09,2026-09-09,1050000,1050000,2026-07-09,63,Active,,,0,false
2552082,3852 Carr Pl N,98103,Townhouse,2026-07-13,2026-09-09,2026-09-09,765950,765950,2026-07-10,62,Active,,,0,true
2559150,4532 51st Pl SW,98116,Single Family,2026-07-24,2026-09-09,2026-09-09,2250000,1995000,2026-07-23,48,Active,2026-08-12,2026-08-12,1,true
2561103,8347 12th Ave NW,98117,Single Family,2026-07-31,2026-09-09,2026-09-09,1895000,1895000,2026-07-30,41,Active,,,0,true
2561237,724 N 89TH St,98103,Single Family,2026-07-30,2026-09-09,2026-09-09,750000,735000,2026-07-29,42,Active,2026-08-18,2026-08-18,1,true
2561593,726 N 89th St,98103,Single Family,2026-07-30,2026-09-09,2026-09-09,1399000,1359000,2026-07-29,42,Active,2026-08-18,2026-08-18,1,true
2561826,6726 35th Pl S,98118,Townhouse,2026-07-31,2026-09-09,2026-09-09,650000,650000,2026-07-30,41,Active,,,0,true
2561928,5632 7th Ave NW,98107,Single Family,2026-07-30,2026-09-09,2026-09-09,990000,990000,2026-07-29,41,Active,,,0,true
2561948,10744 Interlake Ave N,98133,Townhouse,2026-07-31,2026-09-09,2026-09-09,509950,509950,2026-07-30,41,Active,,,0,true
2562157,3043 C 21st Ave W,98199,Townhouse,2026-07-31,2026-09-09,2026-09-09,799980,799980,2026-07-30,41,Active,,,0,true
2562361,1109 NW 65th St,98117,Single Family,2026-09-03,2026-09-09,2026-09-09,625000,625000,2026-09-02,7,Active,,,0,true
2562826,4128 3rd Ave NW,98107,Single Family,2026-08-01,2026-09-09,2026-09-09,1325000,1325000,2026-07-31,40,Active,,,0,true
2564662,223 NW 87th St,98117,Single Family,2026-08-07,2026-09-09,2026-09-09,949500,949500,2026-08-06,34,Active,,,0,true
2564820,1916 11th Ave W,98119,Single Family,2026-08-05,2026-09-09,2026-09-09,949000,949000,2026-08-04,35,Active,,,0,true
2565488,7533 31st Ave NE,98115,Townhouse,2026-08-06,2026-09-09,2026-09-09,1649950,1649950,2026-08-05,34,Active,,,0,true
2565513,2331 E Madison St,98112,Townhouse,2026-08-07,2026-09-09,2026-09-09,925000,925000,2026-08-06,34,Active,,,0,true
2565632,10322 Ashworth Ave N,98133,Single Family,2026-08-07,2026-09-09,2026-09-09,1049950,1049950,2026-08-06,34,Active,,,0,true
2565671,10326 Ashworth Ave N,98133,Single Family,2026-09-04,2026-09-09,2026-09-09,1159950,1159950,2026-08-06,34,Active,,,0,false
2568705,4549 Thackeray Pl NE,98105,Single Family,2026-08-14,2026-09-09,2026-09-09,1525000,1525000,2026-08-13,27,Active,,,0,true
2569525,127 N 136th St,98133,Single Family,2026-08-18,2026-09-09,2026-09-09,849950,849950,2026-08-17,23,Active,,,0,true
2570607,8037 Wallingford Ave N,98103,Single Family,2026-08-22,2026-09-09,2026-09-09,1149950,1149950,2026-08-21,19,Active,,,0,true
2571049,4326 Woodlawn Ave N Unit B,98103,Townhouse,2026-08-21,2026-09-09,2026-09-09,1038000,1038000,2026-08-20,20,Active,,,0,true
2571062,5013 Fauntleroy Way SW,98136,Single Family,2026-08-20,2026-09-09,2026-09-09,979900,979900,2026-08-19,21,Active,,,0,true
2572093,4131 21st Ave SW,98106,Single Family,2026-08-21,2026-09-09,2026-09-09,699000,649988,2026-08-20,20,Active,2026-09-05,2026-09-05,1,true
2572664,13321 3rd Ave NE Unit B,98125,Single Family,2026-08-22,2026-09-09,2026-09-09,824999,799000,2026-08-21,19,Active,2026-09-05,2026-09-05,1,true
2572689,7050 21st Ave NE,98115,Single Family,2026-08-28,2026-09-09,2026-09-09,1069000,1069000,2026-08-27,13,Active,,,0,true
2574058,819 NE 100th St,98125,Single Family,2026-08-29,2026-09-09,2026-09-09,695950,695950,2026-08-28,12,Active,,,0,true
2574284,5042 35th Ave NE,98105,Single Family,2026-08-29,2026-09-09,2026-09-09,825000,825000,2026-08-28,12,Active,,,0,true
2574415,126 NW 50th St,98107,Single Family,2026-08-28,2026-09-09,2026-09-09,750000,750000,2026-08-27,13,Active,,,0,true
2574687,4301 SW 26th SW,98422,Townhouse,2026-08-27,2026-09-09,2026-09-09,599000,589000,2026-08-26,14,Active,2026-09-04,2026-09-04,1,true
2575014,3245 13th Ave W,98119,Single Family,2026-08-28,2026-09-09,2026-09-09,1025000,1025000,2026-08-27,13,Active,,,0,true
2576188,10561 15th Ave NW,98177,Single Family,2026-09-03,2026-09-09,2026-09-09,1550000,1550000,2026-09-02,6,Active,,,0,true
2576956,1118 16th Ave Unit B,98122,Townhouse,2026-09-02,2026-09-09,2026-09-09,669000,669000,2026-09-01,8,Active,,,0,true
2577989,4334 SW Dawson St,98136,Single Family,2026-09-05,2026-09-09,2026-09-09,1095000,1095000,2026-09-04,5,Active,,,0,true
2579381,323 NW 83rd St,98117,Single Family,2026-09-09,2026-09-09,2026-09-09,775000,775000,2026-09-08,1,Active,,,0,true
2579512,1201 NW 100th St,98117,Townhouse,2026-09-09,2026-09-09,2026-09-09,1015000,1015000,2026-09-08,1,Active,,,0,true
22625543,9120 Drexel Cir,98127,Single Family,2026-09-04,2026-09-08,2026-09-08,399000,399000,2026-09-03,4,Active,,,0,true
2442569,2601 23rd Ave S,98144,Single Family,2026-06-08,2026-09-08,2026-09-08,799950,799950,2025-10-09,303,Active,,,0,false
2503525,4550 49th Ave NE,98105,Single Family,2026-07-05,2026-09-08,2026-09-08,2650000,2650000,2026-06-06,94,Active,,,0,false
2503705,3215 22nd Ave S,98144,Single Family,2026-06-18,2026-09-08,2026-09-08,849950,849950,2026-04-09,152,Active,,,0,false
2529951,1919 A 9th Ave W,98119,Townhouse,2026-06-08,2026-09-08,2026-09-08,1010000,975000,2026-05-28,99,Active,2026-07-13,2026-06-18,2,false
2538346,5506 NE Penrith Rd,98105,Single Family,2026-07-05,2026-09-08,2026-09-08,5250000,5250000,2026-06-19,81,Active,,,0,false
2542816,119 NW 112th St,98177,Single Family,2026-07-05,2026-09-08,2026-09-08,799000,799000,2026-06-18,82,Active,,,0,false
2544506,719 Harvard Ave E,98102,Townhouse,2026-07-05,2026-09-08,2026-09-08,2850000,2850000,2026-06-24,76,Active,,,0,false
2549494,301 W Raye St #201,98119,Townhouse,2026-07-05,2026-09-08,2026-09-08,325000,325000,2026-07-03,67,Active,,,0,true
2549834,911 NE 70th St Unit C,98115,Townhouse,2026-07-13,2026-09-08,2026-09-08,638000,609000,2026-07-10,61,Active,2026-08-25,2026-08-05,2,true
2549992,117 NW 112th St,98177,Single Family,2026-07-13,2026-09-08,2026-09-08,770000,770000,2026-07-09,62,Active,,,0,false
2552151,7712 23rd Ave NW,98117,Single Family,2026-07-13,2026-09-08,2026-09-08,1200000,1150000,2026-07-11,60,Active,2026-08-22,2026-08-22,1,true
2554845,3704 48th Ave NE,98105,Single Family,2026-07-16,2026-09-08,2026-09-08,4000000,4000000,2026-07-15,55,Active,,,0,true
2557847,9674 50th Ave SW,98136,Single Family,2026-07-22,2026-09-08,2026-09-08,1750000,1750000,2026-07-21,49,Active,,,0,true
2557935,1608 NW 65th St Unit A,98117,Townhouse,2026-07-22,2026-09-08,2026-09-08,712000,699800,2026-07-21,49,Active,2026-08-13,2026-08-13,1,true
2559278,3619 Dayton Ave N,98103,Townhouse,2026-07-24,2026-09-08,2026-09-08,709950,698950,2026-07-23,47,Active,2026-08-15,2026-08-15,1,true
2560202,4600 Green Lake Way N,98103,Single Family,2026-07-28,2026-09-08,2026-09-08,1250000,1250000,2026-07-27,37,Active,,,0,true
2563817,8803 38th Ave SW,98126,Single Family,2026-08-05,2026-09-08,2026-09-08,2175000,2175000,2026-08-04,35,Active,,,0,true
2567964,6513 24th Ave NE Unit A,98115,Townhouse,2026-08-15,2026-09-08,2026-09-08,875000,875000,2026-08-14,25,Active,,,0,true
2568911,3243 22nd Ave W,98199,Single Family,2026-08-14,2026-09-08,2026-09-08,1075000,1075000,2026-08-13,26,Active,,,0,true
2569316,11054 2nd Ave NW,98177,Single Family,2026-08-14,2026-09-08,2026-09-08,1749000,1749000,2026-08-13,26,Active,,,0,true
2570417,5003 NE 41st St,98105,Single Family,2026-09-03,2026-09-08,2026-09-08,1998000,1998000,2026-09-02,6,Active,,,0,true
2571473,1305 NE 55th St,98105,Single Family,2026-08-20,2026-09-08,2026-09-08,725000,725000,2026-08-19,20,Active,,,0,true
2573221,8043 B 19th Ave NE,98115,Townhouse,2026-08-25,2026-09-08,2026-09-08,674950,674950,2026-08-24,15,Active,,,0,true
2574913,5614 Fauntleroy Way SW Unit B,98136,Townhouse,2026-08-28,2026-09-08,2026-09-08,610000,610000,2026-08-27,12,Active,,,0,true
2577222,3039 49th Ave SW,98116,Single Family,2026-09-05,2026-09-08,2026-09-08,985000,985000,2026-09-04,4,Active,,,0,true
2577610,12202 7th Ave NW,98177,Single Family,2026-09-05,2026-09-08,2026-09-08,1395000,1395000,2026-09-04,4,Active,,,0,true
2578009,4807 15th Ave S,98108,Townhouse,2026-09-05,2026-09-08,2026-09-08,799999,799999,2026-09-04,4,Active,,,0,true
2187196890185790241,3820 Burke Ave N,98103,Single Family,2026-09-05,2026-09-07,2026-09-07,1699000,1699000,2026-09-04,3,Active,,,0,true
2187241509509965697,2010 McGilvra Blvd E,98112,Single Family,2026-09-05,2026-09-07,2026-09-07,3898000,3898000,2026-09-04,3,Active,,,0,true
2510368,7132 34th Ave SW,98126,Single Family,2026-06-08,2026-09-07,2026-09-07,749999,699000,2026-04-24,136,Active,2026-08-15,2026-06-18,2,false
2524665,8742 3rd Ave NW,98117,Single Family,2026-06-08,2026-09-07,2026-09-07,929500,899000,2026-05-15,115,Active,2026-08-14,2026-07-24,2,false
2548714,634 N 92nd St,98103,Townhouse,2026-07-05,2026-09-07,2026-09-07,829900,829900,2026-07-02,67,Active,,,0,true
2557956,209 32nd Ave,98122,Single Family,2026-08-06,2026-09-07,2026-09-07,1599000,1599000,2026-08-05,33,Active,,,0,true
2558413,414 Lakeside Ave S #13,98144,Single Family,2026-07-22,2026-09-07,2026-09-07,599000,599000,2026-07-21,47,Active,,,0,true
2559112,927 Lake Washington Blvd S,98144,Single Family,2026-08-21,2026-09-07,2026-09-07,995000,970000,2026-08-20,18,Active,2026-09-04,2026-09-04,1,true
2560141,1553 58th St,98107,Single Family,2026-07-25,2026-09-07,2026-09-07,860000,809000,2026-07-24,45,Active,2026-08-20,2026-08-06,2,true
2565314,2406 E Helen St,98112,Single Family,2026-08-07,2026-09-07,2026-09-07,1350000,1299000,2026-08-06,32,Active,2026-08-29,2026-08-29,1,true
2569905,1624 E McGraw St,98112,Single Family,2026-08-20,2026-09-07,2026-09-07,1725000,1525000,2026-08-19,19,Active,2026-09-04,2026-08-22,2,true
2570129,1031 McGilvra Blvd E,98112,Single Family,2026-08-18,2026-09-07,2026-09-07,7798000,7798000,2026-08-17,21,Active,,,0,true
2570498,1414 NW 60th St Unit A,98107,Townhouse,2026-08-26,2026-09-07,2026-09-07,788000,788000,2026-08-25,13,Active,,,0,true
2575924,6206 43rd Ave NE,98115,Single Family,2026-09-03,2026-09-07,2026-09-07,785000,785000,2026-09-02,5,Active,,,0,true
2576619,2328 Franklin Ave E Unit B,98102,Townhouse,2026-09-02,2026-09-07,2026-09-07,879950,879950,2026-09-01,6,Active,,,0,true
2576669,1502 Palm Ave SW,98116,Single Family,2026-09-03,2026-09-07,2026-09-07,4250000,4250000,2026-09-02,5,Active,,,0,true
2577112,1537 Grandview Pl E Unit D,98112,Townhouse,2026-09-04,2026-09-07,2026-09-07,1175000,1175000,2026-09-03,4,Active,,,0,true
2577131,6206 43rd Ave NE Unit B,98115,Townhouse,2026-09-03,2026-09-07,2026-09-07,785000,785000,2026-09-02,5,Active,,,0,true
2577461,3111 Queen Anne Ave N,98109,Single Family,2026-09-04,2026-09-07,2026-09-07,1500000,1500000,2026-09-03,4,Active,,,0,true
2503265,7514 15th Ave NW Unit F,98117,Townhouse,2026-06-08,2026-09-06,2026-09-06,719900,699900,2026-04-09,150,Active,2026-07-24,2026-07-24,1,false
2518683,2010 NE 54th St,98105,Single Family,2026-06-08,2026-09-06,2026-09-06,974000,915000,2026-05-08,111,Active,2026-07-15,2026-06-18,2,false
2520745,3449 California Ave SW Unit B,98116,Townhouse,2026-06-08,2026-09-06,2026-09-06,799950,799950,2026-05-09,120,Active,,,0,false
2536370,1409 NW 54th St,98107,Single Family,2026-06-08,2026-09-06,2026-09-06,850000,850000,2026-06-06,92,Active,,,0,true
2537550,1740 12th Ave S Unit C,98144,Townhouse,2026-06-18,2026-09-06,2026-09-06,579900,555000,2026-06-16,82,Active,2026-07-23,2026-07-23,1,true
2547928,2016 Fairview Ave E Unit C,98102,Townhouse,2026-07-05,2026-09-06,2026-09-06,999950,999950,2026-06-30,68,Active,,,0,false
2549941,1500 31st Ave,98122,Single Family,2026-07-13,2026-09-06,2026-09-06,950000,950000,2026-07-07,62,Active,,,0,false
2550172,8221 23rd Ave NE,98115,Single Family,2026-07-13,2026-09-06,2026-09-06,775000,775000,2026-07-08,61,Active,,,0,false
2551985,623 NW Market St,98107,Townhouse,2026-07-13,2026-09-06,2026-09-06,850000,775000,2026-07-10,57,Active,2026-09-04,2026-08-12,2,true
2552328,3824 Evanston Ave N #11,98103,Townhouse,2026-07-13,2026-09-06,2026-09-06,875000,850000,2026-07-10,59,Active,2026-09-04,2026-09-04,1,true
2557155,2010 Fairview Ave E Unit A,98102,Townhouse,2026-07-23,2026-09-06,2026-09-06,1349950,1349950,2026-07-22,46,Active,,,0,true
2557156,2019 Minor Ave E,98102,Townhouse,2026-07-23,2026-09-06,2026-09-06,1649950,1649950,2026-07-22,46,Active,,,0,true
2557157,2017 Minor Ave E,98102,Townhouse,2026-07-23,2026-09-06,2026-09-06,1599950,1599950,2026-07-22,46,Active,,,0,true
2564046,910 15th Ave Unit B,98122,Townhouse,2026-08-05,2026-09-06,2026-09-06,1099000,1099000,2026-08-04,33,Active,,,0,true
2569538,5625 SW Teig Pl,98116,Single Family,2026-08-15,2026-09-06,2026-09-06,1130000,1130000,2026-08-14,23,Active,,,0,true
2576806,8701 29th Ave NW,98117,Single Family,2026-09-04,2026-09-06,2026-09-06,970000,970000,2026-09-03,3,Active,,,0,true
2577158,10831 11th Ave NE,98125,Townhouse,2026-09-05,2026-09-06,2026-09-06,789000,789000,2026-09-04,2,Active,,,0,true
2522604,2312 S Judkins St,98144,Townhouse,2026-06-08,2026-09-05,2026-09-05,850000,824950,2026-05-13,115,Active,2026-08-05,2026-06-18,3,false
2535322,9059 Carkeek Dr S,98118,Single Family,2026-06-08,2026-09-05,2026-09-05,649900,629990,2026-06-04,93,Active,2026-07-31,2026-07-31,1,false
2547987,11335 Sunnyside Ave N,98133,Single Family,2026-07-13,2026-09-05,2026-09-05,550000,398400,2026-07-10,58,Active,2026-08-10,2026-07-22,3,true
2558731,2540 14th Ave W,98119,Townhouse,2026-07-26,2026-09-05,2026-09-05,1000000,979797,2026-07-25,42,Active,2026-08-15,2026-08-11,2,true
2559233,1115 8th Ave W,98119,Single Family,2026-07-24,2026-09-05,2026-09-05,1495000,1495000,2026-07-23,44,Active,,,0,true
2561904,4322 Wallingford Ave N Unit A,98103,Townhouse,2026-08-06,2026-09-05,2026-09-05,825000,785000,2026-08-05,31,Active,2026-08-18,2026-08-07,2,true
2562760,2422 NW 60th Unit B,98107,Townhouse,2026-08-01,2026-09-05,2026-09-05,779900,779900,2026-07-31,36,Active,,,0,true
2568829,8062 30th Ave NW,98117,Single Family,2026-08-29,2026-09-05,2026-09-05,949500,949500,2026-08-28,8,Active,,,0,true
2572612,3519 NE 95th St,98115,Single Family,2026-08-22,2026-09-05,2026-09-05,849999,849999,2026-08-21,15,Active,,,0,true
2572995,9533 14th Ave NW,98117,Single Family,2026-09-03,2026-09-05,2026-09-05,950000,950000,2026-09-02,3,Active,,,0,true
2573641,2821 Fairview Ave E Unit 4,98102,Single Family,2026-08-26,2026-09-05,2026-09-05,3450000,3450000,2026-08-25,11,Active,,,0,true
2573650,2450 NW 61st St,98107,Single Family,2026-08-29,2026-09-05,2026-09-05,949000,949000,2026-08-28,8,Active,,,0,true
2575343,4423 Phinney Ave N Unit F,98103,Townhouse,2026-08-29,2026-09-05,2026-09-05,1100000,1100000,2026-08-28,8,Active,,,0,true
2576484,8516 37th Ave SW,98126,Single Family,2026-09-04,2026-09-05,2026-09-05,599000,599000,2026-09-03,2,Active,,,0,true
2577536,3023 E Laurelhurst Dr NE,98105,Single Family,2026-09-04,2026-09-05,2026-09-05,2700000,2700000,2026-09-03,2,Active,,,0,true
2503878,8313 C 12th Ave NW,98117,Townhouse,2026-06-08,2026-09-04,2026-09-04,914900,914900,2026-04-16,141,Active,,,0,false
2507087,508 McGilvra Blvd E,98112,Single Family,2026-06-08,2026-09-04,2026-09-04,15850000,15850000,2026-04-15,142,Active,,,0,false
2516407,9013 11th Ave SW,98106,Single Family,2026-06-08,2026-09-04,2026-09-04,535000,485000,2026-05-29,98,Active,2026-08-26,2026-07-16,2,false
2536247,2400 W Boston St,98199,Townhouse,2026-07-05,2026-09-04,2026-09-04,680000,649000,2026-06-19,77,Active,2026-08-07,2026-07-24,2,false
2545655,9628 5th Ave NE,98115,Single Family,2026-07-05,2026-09-04,2026-09-04,799900,799900,2026-06-25,71,Active,,,0,false
2554744,811 NE 125th St Unit B,98125,Single Family,2026-07-20,2026-09-04,2026-09-04,699000,669000,2026-07-19,47,Active,2026-08-26,2026-08-26,1,true
2554920,716 11th Ave E Unit A,98102,Townhouse,2026-07-17,2026-09-04,2026-09-04,649000,624995,2026-07-16,50,Active,2026-08-20,2026-08-20,1,true
2558612,160 Highland Dr,98109,Single Family,2026-08-07,2026-09-04,2026-09-04,5350000,5350000,2026-08-06,29,Active,,,0,true
2560601,2652 NW 95th St,98117,Single Family,2026-07-29,2026-09-04,2026-09-04,1269000,1269000,2026-07-28,37,Active,,,0,true
2561731,404 N 127th St,98133,Townhouse,2026-08-01,2026-09-04,2026-09-04,693000,693000,2026-07-31,35,Active,,,0,true
2565845,8509 Burke Ave N,98103,Single Family,2026-08-07,2026-09-04,2026-09-04,1399880,1399880,2026-08-06,29,Active,,,0,true
2567517,308 NE 50th St,98105,Single Family,2026-08-12,2026-09-04,2026-09-04,650000,650000,2026-08-11,24,Active,,,0,true
2570383,7719 Ashworth Ave N,98103,Single Family,2026-08-29,2026-09-04,2026-09-04,1200000,1200000,2026-08-28,7,Active,,,0,true
2573930,115 B N 105th St,98133,Townhouse,2026-09-04,2026-09-04,2026-09-04,525000,525000,2026-09-03,1,Active,,,0,true
2574020,3020 E Yesler Way,98122,Single Family,2026-08-27,2026-09-04,2026-09-04,1050000,1050000,2026-08-26,9,Active,,,0,true
2574234,14360 Stone Ave N,98133,Townhouse,2026-08-28,2026-09-04,2026-09-04,500000,500000,2026-08-27,8,Active,,,0,true
2574686,3516 SW 107th St,98146,Single Family,2026-08-28,2026-09-04,2026-09-04,899950,899950,2026-08-27,8,Active,,,0,true
2575625,6757 38th Ave SW,98126,Single Family,2026-08-29,2026-09-04,2026-09-04,900000,900000,2026-08-28,7,Active,,,0,true
2575759,2316 41st Ave SW,98116,Single Family,2026-08-29,2026-09-04,2026-09-04,995000,995000,2026-08-28,7,Active,,,0,true
2576481,2650 Walnut Ave SW,98116,Single Family,2026-09-02,2026-09-04,2026-09-04,995000,995000,2026-09-01,3,Active,,,0,true
2508699,7822 NE Lake City Way NE,98115,Single Family,2026-06-08,2026-09-03,2026-09-03,900000,850000,2026-04-23,133,Active,2026-06-18,2026-06-18,1,false
2514081,6681 NE Windermere St,98115,Single Family,2026-07-13,2026-09-03,2026-09-03,3385000,3135000,2026-07-11,55,Active,2026-08-21,2026-08-01,2,true
2538631,1507 Lakeview Blvd E,98102,Townhouse,2026-06-18,2026-09-03,2026-09-03,739000,675000,2026-06-11,84,Active,2026-07-05,2026-07-05,1,false
2538754,316 NW 41st St Unit B,98107,Townhouse,2026-06-18,2026-09-03,2026-09-03,979000,959000,2026-06-11,84,Active,2026-08-04,2026-08-04,1,false
2538876,8449 18th Ave SW,98106,Single Family,2026-06-18,2026-09-03,2026-09-03,799000,659000,2026-06-11,84,Active,2026-08-21,2026-07-05,5,false
2539968,8812 Dibble Ave NW,98117,Single Family,2026-07-05,2026-09-03,2026-09-03,999000,950000,2026-06-22,73,Active,2026-08-10,2026-08-10,1,false
2540554,6533 34th Ave SW Unit B,98126,Single Family,2026-06-18,2026-09-03,2026-09-03,964000,899000,2026-06-17,78,Active,2026-08-07,2026-07-15,3,true
2540711,4414 NE 65th St,98115,Single Family,2026-06-18,2026-09-03,2026-09-03,947000,947000,2026-06-17,77,Active,,,0,true
2542184,6523 39th Ave NE,98115,Single Family,2026-06-18,2026-09-03,2026-09-03,2399000,2199000,2026-06-17,78,Active,2026-07-30,2026-07-13,2,true
2548034,2228 B NW 60th St,98107,Townhouse,2026-07-05,2026-09-03,2026-09-03,715000,699950,2026-06-30,65,Active,2026-08-20,2026-08-20,1,false
2549901,2715 50th Ave SW,98116,Single Family,2026-07-13,2026-09-03,2026-09-03,749000,725000,2026-07-09,51,Active,2026-08-09,2026-08-09,1,false
2552910,514 N 92nd St,98103,Single Family,2026-07-13,2026-09-03,2026-09-03,759000,759000,2026-07-11,55,Active,,,0,true
2555885,4200 Washington Ave W,98199,Single Family,2026-07-17,2026-09-03,2026-09-03,4275000,4275000,2026-07-16,49,Active,,,0,true
2562862,4323 15th Ave S,98108,Single Family,2026-08-01,2026-09-03,2026-09-03,845500,845500,2026-07-31,34,Active,,,0,true
2565646,10326 B Ashworth Ave N,98133,Single Family,2026-08-07,2026-09-03,2026-09-03,719950,719950,2026-08-06,28,Active,,,0,true
2567740,2042 42nd Ave E,98112,Single Family,2026-08-19,2026-09-03,2026-09-03,2795000,2795000,2026-08-18,16,Active,,,0,true
2571187,7755 35th Ave NE,98115,Single Family,2026-08-20,2026-09-03,2026-09-03,1490000,1490000,2026-08-19,15,Active,,,0,true
2573863,2358 Fairview Ave E,98102,Townhouse,2026-08-29,2026-09-03,2026-09-03,1599000,1599000,2026-08-28,6,Active,,,0,true
2573893,935 N 92nd St,98103,Single Family,2026-08-26,2026-09-03,2026-09-03,840000,840000,2026-08-25,9,Active,,,0,true
2575325,3020 NW 60th St,98107,Single Family,2026-08-29,2026-09-03,2026-09-03,1550000,1550000,2026-08-28,6,Active,,,0,true
2576277,847 NE 85th St,98115,Single Family,2026-09-02,2026-09-03,2026-09-03,1300000,1300000,2026-09-01,2,Active,,,0,true
2491514,2814 E Spring St,98122,Townhouse,2026-06-08,2026-09-02,2026-09-02,725000,685000,2026-03-18,168,Active,2026-08-07,2026-07-05,2,false
2505122,9701 Roosevelt Way NE,98115,Single Family,2026-06-08,2026-09-02,2026-09-02,900000,875000,2026-04-09,146,Active,2026-07-05,2026-07-05,1,false
2508577,7710 Chicago Ct S,98118,Townhouse,2026-06-08,2026-09-02,2026-09-02,518888,465999,2026-04-30,125,Active,2026-08-22,2026-07-05,4,false
2514400,7818 NE Lake City Way NE,98115,Single Family,2026-06-08,2026-09-02,2026-09-02,900000,840000,2026-04-28,127,Active,2026-06-18,2026-06-18,1,false
2515449,2224 NW 63rd St,98107,Single Family,2026-06-08,2026-09-02,2026-09-02,1250000,1050000,2026-04-30,125,Active,2026-08-01,2026-07-05,2,false
2524432,6002 26th Ave NW,98107,Townhouse,2026-06-08,2026-09-02,2026-09-02,679950,679950,2026-05-21,104,Active,,,0,false
2530902,4008 Linden Ave N Unit A,98103,Townhouse,2026-06-08,2026-09-02,2026-09-02,925000,855000,2026-05-28,97,Active,2026-08-15,2026-07-05,2,false
2534929,7602 44th Ave SW,98136,Single Family,2026-06-08,2026-09-02,2026-09-02,2495000,2495000,2026-06-04,90,Active,,,0,false
2537354,1208 W Emerson St,98119,Townhouse,2026-06-18,2026-09-02,2026-09-02,1035000,935000,2026-06-10,84,Active,2026-07-25,2026-07-05,3,false
2542144,124 20th Ave Unit B,98122,Townhouse,2026-07-05,2026-09-02,2026-09-02,699000,649950,2026-06-18,76,Active,2026-08-17,2026-07-13,3,false
2542974,339 16th Ave E Unit B,98112,Townhouse,2026-07-05,2026-09-02,2026-09-02,995000,949500,2026-06-19,75,Active,2026-08-18,2026-07-30,2,false
2544608,161 23rd Ave Unit A,98122,Townhouse,2026-07-05,2026-09-02,2026-09-02,945500,895000,2026-06-24,70,Active,2026-07-23,2026-07-23,1,false
2549864,426 Smith St,98109,Single Family,2026-07-13,2026-09-02,2026-09-02,2330000,2295000,2026-07-06,59,Active,2026-07-16,2026-07-16,1,false
2552010,8557 24th Ave NW,98117,Single Family,2026-08-28,2026-09-02,2026-09-02,1499000,1499000,2026-08-27,6,Active,,,0,true
2561929,2916 Walnut Ave SW,98116,Single Family,2026-08-27,2026-09-02,2026-09-02,850000,850000,2026-08-26,6,Active,,,0,true
2562940,6318 41st Ave SW Unit E,98136,Townhouse,2026-08-01,2026-09-02,2026-09-02,734900,734900,2026-07-31,33,Active,,,0,true
2563048,4018 59th Ave SW,98116,Single Family,2026-08-01,2026-09-02,2026-09-02,850000,850000,2026-07-31,33,Active,,,0,true
2564646,941 N 103rd St,98133,Single Family,2026-08-12,2026-09-02,2026-09-02,800000,800000,2026-08-11,22,Active,,,0,true
2564657,943 N 103rd St,98133,Single Family,2026-08-12,2026-09-02,2026-09-02,600000,600000,2026-08-11,22,Active,,,0,true
2564666,945 N 103rd St,98133,Single Family,2026-08-12,2026-09-02,2026-09-02,550000,550000,2026-08-11,22,Active,,,0,true
2567192,803 W Etruria St,98119,Single Family,2026-08-13,2026-09-02,2026-09-02,1995000,1995000,2026-08-12,21,Active,,,0,true
2568431,2415 NE 77th St,98115,Single Family,2026-08-14,2026-09-02,2026-09-02,1350000,1299950,2026-08-13,20,Active,2026-08-26,2026-08-26,1,true
2570816,1525 14th Ave S,98144,Single Family,2026-08-24,2026-09-02,2026-09-02,500000,500000,2026-08-23,9,Active,,,0,true
2572185,5712 17th Ave NW,98107,Single Family,2026-08-22,2026-09-02,2026-09-02,1098000,1098000,2026-08-21,12,Active,,,0,true
2573292,3421 10th Ave W,98119,Single Family,2026-08-27,2026-09-02,2026-09-02,1895000,1895000,2026-08-26,7,Active,,,0,true
2573408,3141 Broadway E,98102,Single Family,2026-08-25,2026-09-02,2026-09-02,1195000,1195000,2026-08-24,9,Active,,,0,true
2575051,13734 Stone Ave N,98133,Single Family,2026-08-28,2026-09-02,2026-09-02,624000,624000,2026-08-27,6,Active,,,0,true
2576857,4406 1st Ave NE,98105,Townhouse,2026-09-02,2026-09-02,2026-09-02,1725000,1725000,2026-09-01,1,Active,,,0,true
2514701,2307 SW myrtle St,98106,Single Family,2026-06-08,2026-09-01,2026-09-01,812500,795000,2026-05-07,117,Active,2026-07-05,2026-07-05,1,false
2525339,1402 N 136th St,98133,Single Family,2026-06-08,2026-09-01,2026-09-01,799990,780000,2026-05-16,92,Active,2026-07-17,2026-07-17,1,false
2525808,5457 35th Ave SW,98126,Single Family,2026-06-08,2026-09-01,2026-09-01,985000,935000,2026-05-21,103,Active,2026-07-25,2026-06-18,2,false
2533876,5562 15th Ave S,98108,Townhouse,2026-06-08,2026-09-01,2026-09-01,675000,660000,2026-06-04,89,Active,2026-07-05,2026-07-05,1,false
2543482,13716 Midvale Ave N Unit C,98133,Townhouse,2026-07-05,2026-09-01,2026-09-01,549000,549000,2026-06-24,69,Active,,,0,false
2545424,158 15th Unit B,98122,Townhouse,2026-07-05,2026-09-01,2026-09-01,700000,670000,2026-07-03,60,Active,2026-08-22,2026-07-28,2,true
2553377,6729 14th Ave NW Unit A,98117,Single Family,2026-07-17,2026-09-01,2026-09-01,1025000,1025000,2026-07-16,47,Active,,,0,true
2555277,6727 21st Ave SW,98106,Single Family,2026-07-16,2026-09-01,2026-09-01,549950,499000,2026-07-15,29,Active,2026-08-30,2026-08-30,1,true
2555495,2353 Federal Ave E,98102,Single Family,2026-07-24,2026-09-01,2026-09-01,1050000,1050000,2026-07-23,40,Active,,,0,true
2556906,3642 37th Ave W,98199,Single Family,2026-07-24,2026-09-01,2026-09-01,1585000,1499950,2026-07-23,40,Active,2026-08-13,2026-08-13,1,true
2557477,2328 A Franklin Ave E,98102,Townhouse,2026-07-22,2026-09-01,2026-09-01,949950,949950,2026-07-21,42,Active,,,0,true
2557479,2328 B Franklin Ave E,98102,Townhouse,2026-07-23,2026-09-01,2026-09-01,929950,929950,2026-07-21,42,Active,,,0,true
2558306,1709 N 35th St,98103,Single Family,2026-08-01,2026-09-01,2026-09-01,895950,895950,2026-07-31,32,Active,,,0,true
2558876,1613 21st Ave Unit B,98122,Single Family,2026-07-30,2026-09-01,2026-09-01,738000,738000,2026-07-29,34,Active,,,0,true
2559769,3915 S Burns St,98118,Single Family,2026-08-01,2026-09-01,2026-09-01,639950,639950,2026-07-31,31,Active,,,0,true
2560323,8623 30th Ave NE,98115,Single Family,2026-07-26,2026-09-01,2026-09-01,989500,989500,2026-07-25,38,Active,,,0,true
2562751,2328 D Franklin Ave E,98102,Townhouse,2026-08-01,2026-09-01,2026-09-01,849950,849950,2026-07-31,32,Active,,,0,true
2567008,2564 27th Ave W,98199,Single Family,2026-08-26,2026-09-01,2026-09-01,3250000,3250000,2026-08-25,7,Active,,,0,true
2567332,130 29th Ave,98122,Single Family,2026-08-28,2026-09-01,2026-09-01,650000,650000,2026-08-27,5,Active,,,0,true
2569285,6322 18th Ave SW,98106,Single Family,2026-08-23,2026-09-01,2026-09-01,599000,599000,2026-08-22,10,Active,,,0,true
2570018,2449 43rd Ave W,98199,Single Family,2026-08-28,2026-09-01,2026-09-01,2300000,2300000,2026-08-27,5,Active,,,0,true
2570198,1426 37th Ave E,98112,Single Family,2026-08-18,2026-09-01,2026-09-01,1375000,1375000,2026-08-17,15,Active,,,0,true
2570886,2429 NW 64th St Unit A,98107,Townhouse,2026-08-20,2026-09-01,2026-09-01,899000,899000,2026-08-19,13,Active,,,0,true
2571110,1721 3rd Ave N,98109,Single Family,2026-08-27,2026-09-01,2026-09-01,1498000,1498000,2026-08-26,6,Active,,,0,true
2571540,3404 E Spring St,98122,Townhouse,2026-08-20,2026-09-01,2026-09-01,749950,749950,2026-08-19,13,Active,,,0,true
2573851,8730 Palatine Ave N,98103,Single Family,2026-08-29,2026-09-01,2026-09-01,630000,630000,2026-08-28,4,Active,,,0,true
2574259,6741 9th Ave NW,98117,Single Family,2026-08-28,2026-09-01,2026-09-01,899950,899950,2026-08-27,5,Active,,,0,true
2574339,2211 NW 60th St,98107,Single Family,2026-08-27,2026-09-01,2026-09-01,725000,725000,2026-08-26,6,Active,,,0,true
2575012,6516 41st Ave SW,98136,Single Family,2026-08-28,2026-09-01,2026-09-01,750000,750000,2026-08-27,5,Active,,,0,true
2575176,6013 35th Ave SW,98126,Single Family,2026-08-29,2026-09-01,2026-09-01,744800,744800,2026-08-28,4,Active,,,0,true
2575701,8734 13th Ave NW,98117,Single Family,2026-09-01,2026-09-01,2026-09-01,549000,549000,2026-08-31,1,Active,,,0,true
2575900,8319 25th Ave NW,98117,Single Family,2026-08-30,2026-09-01,2026-09-01,695000,695000,2026-08-29,3,Active,,,0,true
0BB5515BDA53,7710 Fairway Dr NE,98115,Single Family,2026-07-25,2026-08-31,2026-08-31,3642500,3642500,2026-07-24,38,Active,,,0,true
2458225,3854 22nd Ave SW,98106,Townhouse,2026-06-08,2026-08-31,2026-08-31,629000,629000,2025-12-02,272,Active,,,0,false
2482298,942 N 82nd St,98103,Single Family,2026-06-08,2026-08-31,2026-08-31,690000,669000,2026-03-23,161,Active,2026-08-29,2026-08-29,1,false
2483034,3265 31st Ave SW,98126,Single Family,2026-06-08,2026-08-31,2026-08-31,600000,600000,2026-02-26,186,Active,,,0,false
2484541,8553 Midvale Ave N Unit C,98103,Townhouse,2026-06-08,2026-08-31,2026-08-31,615000,599000,2026-03-05,179,Active,2026-07-13,2026-07-13,1,false
2489531,14338 Lenora Pl N Unit B,98133,Townhouse,2026-06-08,2026-08-31,2026-08-31,543000,543000,2026-03-13,171,Active,,,0,false
2502873,6221 20th Ave NW,98107,Townhouse,2026-06-08,2026-08-31,2026-08-31,999000,999000,2026-04-07,146,Active,,,0,false
2516816,2615 NE 87th St,98115,Single Family,2026-08-28,2026-08-31,2026-08-31,2560000,2560000,2026-07-18,44,Active,,,0,false
2524582,2727 36th Ave SW,98126,Single Family,2026-06-08,2026-08-31,2026-08-31,1395000,1395000,2026-05-22,101,Active,,,0,false
2526755,10330 Stone Ave N,98133,Single Family,2026-06-08,2026-08-31,2026-08-31,659000,659000,2026-05-27,96,Active,,,0,false
2527065,111 NE 63rd St,98115,Single Family,2026-06-08,2026-08-31,2026-08-31,3085000,3085000,2026-05-26,97,Active,,,0,false
2532026,2143 N Northlake Way #11,98103,Single Family,2026-06-18,2026-08-31,2026-08-31,383000,373000,2026-05-29,94,Active,2026-07-15,2026-07-15,1,false
2537436,2424 NW 62nd St Unit C,98107,Townhouse,2026-06-18,2026-08-31,2026-08-31,899000,849000,2026-06-12,80,Active,2026-08-04,2026-08-04,1,false
2537899,2460 W Lynn St,98199,Single Family,2026-07-05,2026-08-31,2026-08-31,2999000,2850000,2026-06-18,74,Active,2026-07-25,2026-07-25,1,false
2538020,8016 Fairway Dr NE,98115,Single Family,2026-06-18,2026-08-31,2026-08-31,3898000,3750000,2026-06-12,80,Active,2026-07-13,2026-07-13,1,false
2542662,9535 Dayton Ave N,98103,Single Family,2026-07-05,2026-08-31,2026-08-31,1774950,1599950,2026-06-18,74,Active,2026-08-28,2026-07-13,3,false
2545834,1802 38th Ave,98122,Townhouse,2026-07-05,2026-08-31,2026-08-31,869000,869000,2026-06-25,67,Active,,,0,false
2546391,311 NW 92nd St,98117,Single Family,2026-07-05,2026-08-31,2026-08-31,694999,694999,2026-06-26,66,Active,,,0,false
2547863,831 NW 52nd St,98107,Single Family,2026-07-13,2026-08-31,2026-08-31,599000,599000,2026-07-09,54,Active,,,0,false
2548661,7044 50th Ave NE,98115,Single Family,2026-07-05,2026-08-31,2026-08-31,3500000,3300000,2026-07-01,61,Active,2026-08-08,2026-08-08,1,false
2554944,1644 B 20th Ave,98122,Townhouse,2026-07-16,2026-08-31,2026-08-31,935000,935000,2026-07-15,47,Active,,,0,true
2556476,7624 39th Ave S,98118,Single Family,2026-07-23,2026-08-31,2026-08-31,698800,685000,2026-07-22,40,Active,2026-08-07,2026-08-07,1,true
2559354,821 NW 53rd St Unit A,98107,Townhouse,2026-07-24,2026-08-31,2026-08-31,830000,799950,2026-07-23,39,Active,2026-08-20,2026-08-20,1,true
2562794,2456 3rd Ave W,98119,Single Family,2026-08-01,2026-08-31,2026-08-31,1190000,1125000,2026-07-31,31,Active,2026-08-21,2026-08-21,1,true
2564553,12324 11th Ave NE,98125,Single Family,2026-08-06,2026-08-31,2026-08-31,1050000,1050000,2026-08-05,23,Active,,,0,true
2565389,1532 5th Ave W,98119,Single Family,2026-08-20,2026-08-31,2026-08-31,1700000,1700000,2026-08-19,12,Active,,,0,true
2570893,2650 NW 95th St,98117,Single Family,2026-08-22,2026-08-31,2026-08-31,799000,799000,2026-08-21,10,Active,,,0,true
2572650,1035 NE 91st St,98115,Single Family,2026-08-27,2026-08-31,2026-08-31,799950,799950,2026-08-26,5,Active,,,0,true
2573087,5920 39th Ave SW,98136,Single Family,2026-08-28,2026-08-31,2026-08-31,749950,749950,2026-08-27,4,Active,,,0,true
2573491,10233 44th Ave SW,98146,Single Family,2026-08-28,2026-08-31,2026-08-31,1100000,1100000,2026-08-27,4,Active,,,0,true
2573582,2220 B NW 62nd St,98107,Townhouse,2026-08-27,2026-08-31,2026-08-31,875000,875000,2026-08-26,5,Active,,,0,true
2574954,1823 E Shelby St,98112,Single Family,2026-08-29,2026-08-31,2026-08-31,1200000,1200000,2026-08-28,3,Active,,,0,true
2490731,6555 NE Windermere Rd,98105,Single Family,2026-06-08,2026-08-30,2026-08-30,4688000,4688000,2026-03-12,171,Active,,,0,false
2522647,1303 13th Ave S,98144,Single Family,2026-06-08,2026-08-30,2026-08-30,895000,895000,2026-05-12,110,Active,,,0,false
2540600,903 23rd Ave S,98144,Single Family,2026-06-18,2026-08-30,2026-08-30,1380000,1350000,2026-06-16,75,Active,2026-08-04,2026-08-04,1,true
2546048,1401 29th Ave,98122,Townhouse,2026-07-05,2026-08-30,2026-08-30,849950,849950,2026-06-26,65,Active,,,0,false
2549076,3016 S Edmunds St,98108,Single Family,2026-07-13,2026-08-30,2026-08-30,835000,815000,2026-07-11,51,Active,2026-08-15,2026-08-15,1,true
2555411,322 N 81St St,98103,Single Family,2026-07-16,2026-08-30,2026-08-30,989000,989000,2026-07-15,46,Active,,,0,true
2557242,1409 29th Ave,98122,Single Family,2026-07-23,2026-08-30,2026-08-30,849950,849950,2026-07-22,39,Active,,,0,true
2559994,8121 11th Ave SW,98106,Single Family,2026-08-15,2026-08-30,2026-08-30,899000,899000,2026-08-14,16,Active,,,0,true
2567333,1620 E Alder St,98122,Single Family,2026-08-14,2026-08-30,2026-08-30,1595000,1595000,2026-08-13,17,Active,,,0,true
2567362,4407 40th Ave SW,98116,Single Family,2026-08-13,2026-08-30,2026-08-30,995000,995000,2026-08-12,18,Active,,,0,true
2573528,9035 11th Ave NW,98117,Single Family,2026-08-27,2026-08-30,2026-08-30,799950,799950,2026-08-26,4,Active,,,0,true
2573693,6058 6th Ave NE,98115,Single Family,2026-08-25,2026-08-30,2026-08-30,675000,675000,2026-08-24,5,Active,,,0,true
2574096,3844 49th Ave SW,98116,Single Family,2026-08-28,2026-08-30,2026-08-30,930000,930000,2026-08-27,3,Active,,,0,true
2574584,8148 16th Ave SW,98106,Single Family,2026-08-28,2026-08-30,2026-08-30,715000,715000,2026-08-27,3,Active,,,0,true
2494216,3026 SW Charlestown St Unit C,98126,Townhouse,2026-06-08,2026-08-29,2026-08-29,599950,565000,2026-03-19,163,Active,2026-08-19,2026-06-18,3,false
2528990,6714 14th Ave SW,98106,Single Family,2026-08-21,2026-08-29,2026-08-29,749000,749000,2026-08-20,9,Active,,,0,true
2543262,4146 3rd Ave NW,98107,Single Family,2026-07-05,2026-08-29,2026-08-29,1199500,1199500,2026-06-23,66,Active,,,0,false
2545928,1000 15th Ave E,98112,Single Family,2026-07-05,2026-08-29,2026-08-29,2395000,2295000,2026-06-26,64,Active,2026-08-23,2026-08-23,1,false
2558128,5925 31st Ave SW,98126,Single Family,2026-07-22,2026-08-29,2026-08-29,1065000,1065000,2026-07-21,39,Active,,,0,true
2560143,315 W Galer St #107,98119,Townhouse,2026-08-14,2026-08-29,2026-08-29,1399000,1399000,2026-08-13,16,Active,,,0,true
2566912,813 NE 125th St,98125,Townhouse,2026-08-13,2026-08-29,2026-08-29,769000,739000,2026-08-12,17,Active,2026-08-26,2026-08-26,1,true
2570007,1516 34th Ave,98122,Single Family,2026-08-20,2026-08-29,2026-08-29,1475000,1475000,2026-08-19,10,Active,,,0,true
2574063,817 NE 100th St,98125,Single Family,2026-08-29,2026-08-29,2026-08-29,999950,999950,2026-08-28,1,Active,,,0,true
2574245,8311 3rd Ave NW,98117,Single Family,2026-08-27,2026-08-29,2026-08-29,585000,585000,2026-08-26,3,Active,,,0,true
2575717,8319 25th Ave NW,98117,Single Family,2026-08-29,2026-08-29,2026-08-29,695000,695000,2026-08-28,1,Active,,,0,true
2492673,9013 14th Ave SW,98106,Single Family,2026-06-08,2026-08-28,2026-08-28,799950,774950,2026-03-13,168,Active,2026-08-14,2026-06-18,3,false
2507081,10903 Whitman Ave N,98133,Single Family,2026-06-08,2026-08-28,2026-08-28,839995,829995,2026-04-14,136,Active,2026-06-18,2026-06-18,1,false
2521632,602 18th Ave E,98112,Single Family,2026-06-08,2026-08-28,2026-08-28,1595000,1299000,2026-05-15,95,Active,2026-08-20,2026-06-18,3,false
2522150,2203 22nd Ave S Unit A,98144,Single Family,2026-06-08,2026-08-28,2026-08-28,640000,625000,2026-05-13,107,Active,2026-07-05,2026-07-05,1,false
2526365,3319 W ELMORE St,98199,Single Family,2026-06-08,2026-08-28,2026-08-28,1890000,1880000,2026-05-20,60,Active,2026-08-19,2026-08-19,1,false
2527360,2409 NW 64th St,98107,Townhouse,2026-06-08,2026-08-28,2026-08-28,799000,799000,2026-05-28,92,Active,,,0,false
2528723,8319 25th Ave NW,98117,Single Family,2026-06-18,2026-08-28,2026-08-28,759950,759950,2026-05-22,98,Active,,,0,false
2528960,7756 14th Ave SW,98106,Single Family,2026-06-08,2026-08-28,2026-08-28,650000,650000,2026-05-24,96,Active,,,0,false
2537862,43 W Etruria,98119,Single Family,2026-06-18,2026-08-28,2026-08-28,1100000,1063000,2026-06-17,72,Active,2026-07-24,2026-07-24,1,true
2540468,5244 Brooklyn Ave NE Unit A,98105,Townhouse,2026-07-17,2026-08-28,2026-08-28,799000,799000,2026-07-16,43,Active,,,0,true
2541830,3248 NW Market St,98107,Single Family,2026-07-05,2026-08-28,2026-08-28,1450000,1330000,2026-06-29,60,Active,2026-08-14,2026-07-22,4,false
2544384,9016 12th Ave SW Unit C,98106,Single Family,2026-07-05,2026-08-28,2026-08-28,599950,575000,2026-06-25,64,Active,2026-08-15,2026-07-30,2,false
2544959,510 N 138th St,98133,Single Family,2026-07-05,2026-08-28,2026-08-28,799900,779000,2026-06-24,65,Active,2026-08-21,2026-08-21,1,false
2545546,10704 Linden Ave N,98133,Single Family,2026-07-05,2026-08-28,2026-08-28,620000,620000,2026-06-26,63,Active,,,0,false
2559177,5716 14th Ave NW,98107,Townhouse,2026-07-24,2026-08-28,2026-08-28,1099950,1099950,2026-07-23,36,Active,,,0,true
2559676,3308 Fuhrman Ave E #1,98102,Single Family,2026-07-25,2026-08-28,2026-08-28,615000,615000,2026-07-24,35,Active,,,0,true
2566961,5605 30th Ave NW,98107,Townhouse,2026-08-13,2026-08-28,2026-08-28,1198000,1198000,2026-08-12,15,Active,,,0,true
2568021,6704 15th Ave NW,98117,Townhouse,2026-08-13,2026-08-28,2026-08-28,698000,698000,2026-08-12,16,Active,,,0,true
2569888,936 N 35th St Unit E,98103,Townhouse,2026-08-16,2026-08-28,2026-08-28,700000,700000,2026-08-15,13,Active,,,0,true
2570663,11310 5th Ave NE,98125,Single Family,2026-08-19,2026-08-28,2026-08-28,699990,699990,2026-08-18,9,Active,,,0,true
2571140,8817 Densmore Ave N,98103,Single Family,2026-08-20,2026-08-28,2026-08-28,799950,799950,2026-08-19,9,Active,,,0,true
2573313,5257 36th Ave NE,98105,Single Family,2026-08-28,2026-08-28,2026-08-28,925000,925000,2026-08-27,1,Active,,,0,true
2574220,906 13th Ave Unit B,98122,Townhouse,2026-08-28,2026-08-28,2026-08-28,695000,695000,2026-08-27,1,Active,,,0,true
2575091,210 N 115th St,98133,Single Family,2026-08-28,2026-08-28,2026-08-28,949950,949950,2026-08-27,1,Active,,,0,true
2510259,10532 Evanston Ave N,98133,Single Family,2026-06-08,2026-08-27,2026-08-27,1175000,1139950,2026-04-21,128,Active,2026-07-13,2026-07-13,1,false
2523448,1560 28th Ave W,98199,Single Family,2026-06-08,2026-08-27,2026-08-27,1785000,1725000,2026-05-15,104,Active,2026-06-18,2026-06-18,1,false
2531006,542 W Barrett St,98109,Townhouse,2026-06-08,2026-08-27,2026-08-27,1124900,1124900,2026-06-06,82,Active,,,0,true
2539358,123 N 136th St,98133,Single Family,2026-07-05,2026-08-27,2026-08-27,1199950,1199950,2026-07-01,57,Active,,,0,false
2549580,1810 NW 85th St,98117,Townhouse,2026-07-13,2026-08-27,2026-08-27,499900,499900,2026-07-09,50,Active,,,0,false
2560138,3245 13th Ave W,98119,Single Family,2026-07-25,2026-08-27,2026-08-27,1079000,1079000,2026-07-24,34,Active,,,0,true
2563963,3844 49th Ave SW,98116,Single Family,2026-08-12,2026-08-27,2026-08-27,980000,980000,2026-08-11,16,Active,,,0,true
2565545,150 NW 84th St,98117,Single Family,2026-08-07,2026-08-27,2026-08-27,854050,854050,2026-08-06,21,Active,,,0,true
2566892,10030 37th Ave SW,98146,Single Family,2026-08-12,2026-08-27,2026-08-27,1200000,1200000,2026-08-11,16,Active,,,0,true
2567119,6542 Greenwood Ave N,98103,Single Family,2026-08-22,2026-08-27,2026-08-27,629000,629000,2026-08-21,6,Active,,,0,true
2573371,4338 SW Willow St,98136,Single Family,2026-08-27,2026-08-27,2026-08-27,825000,825000,2026-08-26,1,Active,,,0,true
2573396,1927 42nd Ave SW,98116,Single Family,2026-08-25,2026-08-27,2026-08-27,965000,965000,2026-08-24,3,Active,,,0,true
2477769,1520 S Bennett St,98108,Single Family,2026-06-08,2026-08-26,2026-08-26,689000,689000,2026-02-06,201,Active,,,0,false
2489816,932 N 96th St,98103,Townhouse,2026-06-08,2026-08-26,2026-08-26,635000,635000,2026-03-09,170,Active,,,0,false
2501736,8117 17th Ave SW,98106,Single Family,2026-06-08,2026-08-26,2026-08-26,625000,599000,2026-04-03,145,Active,2026-07-15,2026-06-18,3,false
2514561,4028 5th Ave NE,98105,Single Family,2026-06-08,2026-08-26,2026-08-26,699950,679888,2026-04-29,119,Active,2026-07-16,2026-07-16,1,false
2518315,2770 Westlake Ave N #6,98109,Single Family,2026-06-08,2026-08-26,2026-08-26,1595000,1525000,2026-06-01,86,Active,2026-07-29,2026-07-29,1,false
2532022,102 NE 44th St,98105,Townhouse,2026-06-08,2026-08-26,2026-08-26,1775000,1775000,2026-05-29,89,Active,,,0,false
2544107,2122 NE 89th St,98115,Townhouse,2026-07-13,2026-08-26,2026-08-26,639000,639000,2026-07-10,48,Active,,,0,true
2546550,2138 N 113th St Unit B,98133,Townhouse,2026-07-05,2026-08-26,2026-08-26,699850,699850,2026-06-26,61,Active,,,0,false
2550925,5013 40th Ave NE,98105,Townhouse,2026-07-13,2026-08-26,2026-08-26,890000,890000,2026-07-10,48,Active,,,0,true
2551383,3442 13th Ave W Unit A,98119,Townhouse,2026-07-13,2026-08-26,2026-08-26,1999900,1999900,2026-07-10,48,Active,,,0,true
2551405,3444 13th Ave W Unit C,98119,Townhouse,2026-07-13,2026-08-26,2026-08-26,999900,999900,2026-07-10,48,Active,,,0,true
2552076,2419 Federal Ave E,98102,Single Family,2026-07-13,2026-08-26,2026-08-26,1695000,1695000,2026-07-10,48,Active,,,0,true
2561876,3446 13th Ave W Unit B,98119,Single Family,2026-08-06,2026-08-26,2026-08-26,899900,899900,2026-08-05,21,Active,,,0,true
2562944,1753 18th Ave S,98144,Townhouse,2026-08-07,2026-08-26,2026-08-26,780000,780000,2026-08-06,20,Active,,,0,true
2564390,2541 10th Ave W,98119,Single Family,2026-08-07,2026-08-26,2026-08-26,1295000,1295000,2026-08-06,20,Active,,,0,true
2567114,347 NW 74th St,98117,Single Family,2026-08-21,2026-08-26,2026-08-26,1195000,1195000,2026-08-20,6,Active,,,0,true
2567439,3648 Francis Ave N Unit B,98103,Townhouse,2026-08-14,2026-08-26,2026-08-26,749000,749000,2026-08-13,13,Active,,,0,true
2567809,1522 34th Ave,98122,Single Family,2026-08-13,2026-08-26,2026-08-26,1575000,1575000,2026-08-12,14,Active,,,0,true
2570363,325 NW 74th St,98117,Single Family,2026-08-20,2026-08-26,2026-08-26,1449950,1449950,2026-08-19,7,Active,,,0,true
2570387,1970 25th Ave E,98112,Single Family,2026-08-19,2026-08-26,2026-08-26,1395000,1395000,2026-08-18,8,Active,,,0,true
2570398,3002 21st Ave S,98144,Single Family,2026-08-20,2026-08-26,2026-08-26,550000,550000,2026-08-19,7,Active,,,0,true
2571750,5612 C Roosevelt Way NE,98105,Townhouse,2026-08-21,2026-08-26,2026-08-26,1040000,1040000,2026-08-20,6,Active,,,0,true
2571755,3011 E Pine St,98122,Single Family,2026-08-21,2026-08-26,2026-08-26,552950,552950,2026-08-20,6,Active,,,0,true
2572320,2518 E Roy St,98112,Single Family,2026-08-21,2026-08-26,2026-08-26,1595000,1595000,2026-08-20,6,Active,,,0,true
2449038,10306 E Midvale Ave N,98133,Townhouse,2026-06-08,2026-08-25,2026-08-25,579900,549950,2025-10-31,298,Active,2026-07-05,2026-07-05,1,false
2484129,1524 13th Ave S Unit A,98144,Townhouse,2026-06-08,2026-08-25,2026-08-25,879000,869000,2026-02-25,181,Active,2026-06-18,2026-06-18,1,false
2506137,9029 17th Ave SW,98106,Townhouse,2026-06-08,2026-08-25,2026-08-25,650000,595000,2026-04-15,132,Active,2026-07-29,2026-07-05,2,false
2531554,6832 47th Ave NE Unit B,98115,Townhouse,2026-06-18,2026-08-25,2026-08-25,819000,799000,2026-05-28,89,Active,2026-07-13,2026-07-13,1,false
2532571,3917 Midvale Ave N Unit A,98103,Single Family,2026-06-08,2026-08-25,2026-08-25,1250000,1199800,2026-06-02,84,Active,2026-07-15,2026-07-05,2,false
2546878,5253 B California Ave SW,98136,Townhouse,2026-07-05,2026-08-25,2026-08-25,995000,995000,2026-06-28,58,Active,,,0,false
2549987,5248 23rd Ave SW,98106,Single Family,2026-07-13,2026-08-25,2026-08-25,1400000,1400000,2026-07-08,49,Active,,,0,false
2558537,7025 25th Ave NE,98115,Single Family,2026-07-23,2026-08-25,2026-08-25,705000,687000,2026-07-22,34,Active,2026-08-11,2026-08-11,1,true
2560067,4300 SW Willow St Unit E,98136,Townhouse,2026-08-01,2026-08-25,2026-08-25,650000,650000,2026-07-31,25,Active,,,0,true
2560615,2935 39th Ave SW,98116,Single Family,2026-08-01,2026-08-25,2026-08-25,725000,750000,2026-07-31,25,Active,2026-08-02,2026-08-02,1,true
2561878,5426 31st Ave S,98108,Single Family,2026-07-30,2026-08-25,2026-08-25,1700000,1700000,2026-07-29,26,Active,,,0,true
2565815,5509 Kensington Pl N,98103,Single Family,2026-08-22,2026-08-25,2026-08-25,849600,849600,2026-08-21,4,Active,,,0,true
2566007,2220 B NW 62nd St,98107,Townhouse,2026-08-11,2026-08-25,2026-08-25,924500,924500,2026-08-10,15,Active,,,0,true
2567530,402 Aloha St,98109,Townhouse,2026-08-12,2026-08-25,2026-08-25,1025000,1025000,2026-08-11,14,Active,,,0,true
2568493,6224 NE Princeton Way,98115,Single Family,2026-08-14,2026-08-25,2026-08-25,3599000,3599000,2026-08-13,12,Active,,,0,true
2568743,5903 36th Ave SW,98126,Single Family,2026-08-21,2026-08-25,2026-08-25,1275000,1275000,2026-08-20,5,Active,,,0,true
2568862,8821 Dibble Ave NW,98117,Single Family,2026-08-16,2026-08-25,2026-08-25,1549998,1549998,2026-08-13,12,Active,,,0,true
2568888,2310 W Dravus St,98199,Townhouse,2026-08-14,2026-08-25,2026-08-25,831250,831250,2026-08-13,12,Active,,,0,true
2570059,3811 SW 105th St,98146,Single Family,2026-08-19,2026-08-25,2026-08-25,749900,749900,2026-08-18,7,Active,,,0,true
2570140,8021 9th Ave NW,98117,Single Family,2026-08-21,2026-08-25,2026-08-25,1298000,1298000,2026-08-20,5,Active,,,0,true
2570266,4311 Greenwood Ave N,98103,Single Family,2026-08-18,2026-08-25,2026-08-25,998000,998000,2026-08-17,8,Active,,,0,true
2571204,2609 NW 57th St Unit C,98107,Townhouse,2026-08-20,2026-08-25,2026-08-25,639000,639000,2026-08-19,6,Active,,,0,true
2571521,7537 18th Ave NW,98117,Single Family,2026-08-21,2026-08-25,2026-08-25,975000,975000,2026-08-20,5,Active,,,0,true
11567882,3831 Bagley Ave N,98103,Single Family,2026-08-13,2026-08-24,2026-08-24,869000,869000,2026-08-12,11,Active,,,0,true
2506010,4319 SW Mills St,98136,Single Family,2026-06-08,2026-08-24,2026-08-24,599950,599950,2026-05-08,108,Active,,,0,false
2508129,5937 California Ave SW Unit C,98136,Townhouse,2026-06-08,2026-08-24,2026-08-24,668500,649000,2026-04-24,122,Active,2026-07-13,2026-07-13,1,false
2519799,1259 23rd Ave E,98112,Single Family,2026-06-08,2026-08-24,2026-08-24,2325000,2325000,2026-05-07,109,Active,,,0,false
2522181,8424 24th Ave SW,98106,Townhouse,2026-06-08,2026-08-24,2026-08-24,760000,695000,2026-05-13,103,Active,2026-08-07,2026-07-05,6,false
2531049,1762 NW 60th St Unit B,98107,Townhouse,2026-06-08,2026-08-24,2026-08-24,954950,924950,2026-05-28,88,Active,2026-08-07,2026-08-07,1,false
2541572,7747 2nd Ave NE,98115,Townhouse,2026-06-18,2026-08-24,2026-08-24,774950,754950,2026-06-17,67,Active,2026-07-17,2026-07-17,1,true
2543926,3111 W Mansell St,98199,Single Family,2026-07-13,2026-08-24,2026-08-24,2498950,2498950,2026-07-11,45,Active,,,0,true
2545334,3929 2nd Ave NE,98105,Townhouse,2026-07-13,2026-08-24,2026-08-24,849800,798000,2026-07-05,51,Active,2026-07-22,2026-07-22,1,false
2546085,1426 18th Ave Unit A,98122,Single Family,2026-07-05,2026-08-24,2026-08-24,1160000,1095000,2026-06-26,59,Active,2026-08-05,2026-08-05,1,false
2548937,1942 7th Ave W,98119,Single Family,2026-07-05,2026-08-24,2026-08-24,2975000,2975000,2026-07-02,53,Active,,,0,true
2550994,11469 Marine View Dr SW,98146,Single Family,2026-07-16,2026-08-24,2026-08-24,2500000,2350000,2026-07-15,40,Active,2026-08-12,2026-08-12,1,true
2554814,6831 37th Ave NE,98115,Single Family,2026-07-15,2026-08-24,2026-08-24,949000,919000,2026-07-14,41,Active,2026-08-05,2026-08-05,1,true
2556636,1812 N 39th,98103,Single Family,2026-07-24,2026-08-24,2026-08-24,1035000,1035000,2026-07-23,32,Active,,,0,true
2557159,2012 Fairview Ave E Unit B,98102,Townhouse,2026-07-23,2026-08-24,2026-08-24,689950,689950,2026-07-22,33,Active,,,0,true
2558536,8043 19th Ave NE,98115,Townhouse,2026-07-23,2026-08-24,2026-08-24,712499,712499,2026-07-22,33,Active,,,0,true
2559279,11516 8th Ave NE,98125,Single Family,2026-07-24,2026-08-24,2026-08-24,950000,899000,2026-07-23,32,Active,2026-08-18,2026-08-06,2,true
2560469,2545 36th Ave W,98199,Single Family,2026-07-27,2026-08-24,2026-08-24,3450000,3450000,2026-07-26,29,Active,,,0,true
2561852,7511 Dumar Way SW,98106,Single Family,2026-08-01,2026-08-24,2026-08-24,925000,915000,2026-07-31,24,Active,2026-08-12,2026-08-12,1,true
2563123,3304 Fuhrman Ave E #10,98102,Single Family,2026-08-01,2026-08-24,2026-08-24,283000,283000,2026-07-31,24,Active,,,0,true
2566529,1413 A N 48th St,98103,Townhouse,2026-08-08,2026-08-24,2026-08-24,989000,989000,2026-08-07,17,Active,,,0,true
2567976,8626 21st Ave NW,98117,Single Family,2026-08-12,2026-08-24,2026-08-24,892950,892950,2026-08-11,13,Active,,,0,true
2570039,4227 Meridian Ave N,98103,Single Family,2026-08-19,2026-08-24,2026-08-24,2190000,2190000,2026-08-18,6,Active,,,0,true
2571352,2833 NW 69th St,98117,Single Family,2026-08-21,2026-08-24,2026-08-24,1200000,1200000,2026-08-20,4,Active,,,0,true
2571694,6327 34th Ave SW,98126,Single Family,2026-08-21,2026-08-24,2026-08-24,929950,929950,2026-08-20,4,Active,,,0,true
2571814,11711 Greenwood Ave N Unit B,98133,Townhouse,2026-08-20,2026-08-24,2026-08-24,649000,649000,2026-08-19,4,Active,,,0,true
2572123,2502 NE 68th St,98115,Single Family,2026-08-22,2026-08-24,2026-08-24,1187000,1187000,2026-08-21,3,Active,,,0,true
2572304,1404 N 136th St,98125,Single Family,2026-08-22,2026-08-24,2026-08-24,550000,550000,2026-08-21,3,Active,,,0,true
2572473,9613 Roosevelt Way NE Unit B,98115,Townhouse,2026-08-22,2026-08-24,2026-08-24,675000,675000,2026-08-21,3,Active,,,0,true
2573053,10504 12th Ave NW,98177,Single Family,2026-08-24,2026-08-24,2026-08-24,800000,800000,2026-08-23,1,Active,,,0,true
2510881,4257 W 33rd Ave W #1,98199,Single Family,2026-06-08,2026-08-23,2026-08-23,1165000,1165000,2026-04-23,122,Active,,,0,false
2527181,2127 2nd Ave N,98109,Townhouse,2026-06-08,2026-08-23,2026-08-23,849950,819950,2026-05-22,93,Active,2026-07-13,2026-07-13,1,false
2541844,9114 31st Ave NW,98117,Single Family,2026-08-22,2026-08-23,2026-08-23,1495000,1495000,2026-08-21,2,Active,,,0,true
2546454,2107 21st Ave S,98144,Single Family,2026-07-05,2026-08-23,2026-08-23,1100000,1065000,2026-06-26,58,Active,2026-07-16,2026-07-16,1,false
2547911,9216 Stone Ave N Unit B,98103,Townhouse,2026-07-05,2026-08-23,2026-08-23,575000,550000,2026-07-03,44,Active,2026-08-14,2026-08-14,1,true
2553795,3310 9th Ave W,98119,Single Family,2026-07-16,2026-08-23,2026-08-23,1600000,1600000,2026-07-15,39,Active,,,0,true
2555589,8538 Ashworth Ave N,98103,Single Family,2026-07-18,2026-08-23,2026-08-23,950000,950000,2026-07-17,37,Active,,,0,true
2557367,7730 17th Ave NE,98115,Single Family,2026-07-30,2026-08-23,2026-08-23,845000,845000,2026-07-29,16,Active,,,0,true
2562374,5064 Beach Dr SW,98136,Single Family,2026-07-31,2026-08-23,2026-08-23,1550000,1550000,2026-07-30,24,Active,,,0,true
2562832,4540 51st Ave SW,98116,Single Family,2026-08-07,2026-08-23,2026-08-23,995000,995000,2026-08-06,17,Active,,,0,true
2563785,3657 W Viewmont Way W,98199,Single Family,2026-08-05,2026-08-23,2026-08-23,2028000,2028000,2026-08-04,19,Active,,,0,true
2564819,6408 Francis Ave N,98103,Single Family,2026-08-14,2026-08-23,2026-08-23,1699950,1699950,2026-08-13,10,Active,,,0,true
2565249,8327 24th Ave NW,98117,Single Family,2026-08-07,2026-08-23,2026-08-23,975000,975000,2026-08-06,17,Active,,,0,true
2565284,8361 30th Ave NW,98117,Single Family,2026-08-17,2026-08-23,2026-08-23,894950,894950,2026-08-16,7,Active,,,0,true
2567128,2910 W Crockett St,98199,Single Family,2026-08-21,2026-08-23,2026-08-23,1200000,1200000,2026-08-20,3,Active,,,0,true
2567885,6745 1st Ave NW,98117,Single Family,2026-08-22,2026-08-23,2026-08-23,999000,999000,2026-08-21,2,Active,,,0,true
2568170,113 NE 60th St,98115,Single Family,2026-08-14,2026-08-23,2026-08-23,679950,679950,2026-08-13,10,Active,,,0,true
2569155,1502 39th Ave E,98112,Single Family,2026-08-21,2026-08-23,2026-08-23,2135000,2135000,2026-08-20,3,Active,,,0,true
2497485,1118 NW 56th St Unit A,98107,Townhouse,2026-06-08,2026-08-22,2026-08-22,899999,875000,2026-03-25,150,Active,2026-06-18,2026-06-18,1,false
2535648,8421 39th Ave SW,98136,Single Family,2026-08-06,2026-08-22,2026-08-22,819000,819000,2026-08-05,17,Active,,,0,true
2540875,3020 SW Morgan,98126,Townhouse,2026-07-05,2026-08-22,2026-08-22,699950,679950,2026-06-19,64,Active,2026-07-17,2026-07-17,1,false
2544261,3302 W Government Way Unit A,98199,Townhouse,2026-07-05,2026-08-22,2026-08-22,795000,749000,2026-06-23,60,Active,2026-07-31,2026-07-31,1,false
2546820,1518 4th Ave N,98109,Single Family,2026-07-05,2026-08-22,2026-08-22,3749000,3749000,2026-07-04,49,Active,,,0,true
2548782,4456 46th Ave SW,98116,Single Family,2026-07-13,2026-08-22,2026-08-22,1049950,1024950,2026-07-10,44,Active,2026-08-21,2026-08-21,1,true
2559211,1602 E Marion St,98122,Townhouse,2026-07-24,2026-08-22,2026-08-22,690000,690000,2026-07-23,30,Active,,,0,true
2562984,2024 W Bertona St,98199,Townhouse,2026-08-01,2026-08-22,2026-08-22,699950,688000,2026-07-31,22,Active,2026-08-14,2026-08-14,1,true
2563088,2001 S Lucile St,98108,Single Family,2026-08-13,2026-08-22,2026-08-22,929000,929000,2026-08-12,10,Active,,,0,true
2565501,1919 E Eaton Pl,98112,Single Family,2026-08-06,2026-08-22,2026-08-22,1895000,1895000,2026-08-05,16,Active,,,0,true
2569137,8907 Beacon Ave S,98118,Single Family,2026-08-14,2026-08-22,2026-08-22,545500,545500,2026-08-13,9,Active,,,0,true
2471700,1014 A NE 70th St,98115,Townhouse,2026-06-08,2026-08-21,2026-08-21,950000,950000,2026-01-23,210,Active,,,0,false
2515699,463 39th Ave E,98112,Single Family,2026-06-08,2026-08-21,2026-08-21,3795000,3795000,2026-04-29,114,Active,,,0,false
2515899,4301 26th Ave SW,98106,Townhouse,2026-06-08,2026-08-21,2026-08-21,634499,599999,2026-04-30,113,Active,2026-07-13,2026-07-13,1,false
2524642,5316 31st Ave S,98108,Single Family,2026-06-08,2026-08-21,2026-08-21,935000,849000,2026-05-23,90,Active,2026-07-15,2026-06-18,2,false
2526691,9548 3rd Ave NW,98117,Single Family,2026-06-08,2026-08-21,2026-08-21,1200000,1200000,2026-05-21,92,Active,,,0,false
2528581,1927 42nd Ave SW,98116,Single Family,2026-06-08,2026-08-21,2026-08-21,939000,895000,2026-05-22,91,Active,2026-08-10,2026-07-05,2,false
2528738,1404 N 136th St,98125,Single Family,2026-06-08,2026-08-21,2026-08-21,649990,600000,2026-05-22,91,Active,2026-08-08,2026-07-17,2,false
2529075,502 32nd Ave,98122,Single Family,2026-06-08,2026-08-21,2026-08-21,995000,945000,2026-05-28,85,Active,2026-07-13,2026-06-18,2,false
2542748,4432 SW 102nd St,98146,Single Family,2026-07-24,2026-08-21,2026-08-21,1068000,1018000,2026-07-23,29,Active,2026-08-07,2026-08-07,1,true
2542821,3519 NE 95th St,98115,Single Family,2026-07-05,2026-08-21,2026-08-21,897750,897750,2026-06-18,64,Active,,,0,false
2542909,5625 35th Ave SW,98126,Single Family,2026-07-05,2026-08-21,2026-08-21,1398000,1298000,2026-06-19,63,Active,2026-07-17,2026-07-17,1,false
2553146,1411 10th Ave W,98119,Single Family,2026-07-13,2026-08-21,2026-08-21,2375000,2300000,2026-07-11,42,Active,2026-07-28,2026-07-28,1,true
2554122,1926 Ferry Ave SW,98116,Townhouse,2026-07-16,2026-08-21,2026-08-21,999900,999900,2026-07-15,37,Active,,,0,true
2555097,9026 Corliss Ave N,98103,Single Family,2026-07-16,2026-08-21,2026-08-21,714950,714950,2026-07-15,37,Active,,,0,true
2556025,3637 C Dayton Ave N,98103,Townhouse,2026-07-31,2026-08-21,2026-08-21,940000,940000,2026-07-30,22,Active,,,0,true
2556178,2502 NE 68th St,98115,Single Family,2026-07-17,2026-08-21,2026-08-21,1250000,1250000,2026-07-16,36,Active,,,0,true
2557363,2612 SW Nevada St Unit B,98126,Townhouse,2026-08-08,2026-08-21,2026-08-21,659000,649000,2026-08-07,14,Active,2026-08-20,2026-08-20,1,true
2557755,14338 Bagley Ave N Unit B,98133,Single Family,2026-07-22,2026-08-21,2026-08-21,889000,889000,2026-07-21,31,Active,,,0,true
2562407,2815 8th Ave W,98119,Single Family,2026-08-01,2026-08-21,2026-08-21,1349000,1349000,2026-07-31,21,Active,,,0,true
2564435,3243 13th Ave W,98119,Single Family,2026-08-13,2026-08-21,2026-08-21,2689000,2689000,2026-08-12,9,Active,,,0,true
2567235,2531 13th Ave S Unit B,98144,Townhouse,2026-08-15,2026-08-21,2026-08-21,699000,699000,2026-08-14,7,Active,,,0,true
2567276,1455 22nd Ave Unit A,98122,Townhouse,2026-08-21,2026-08-21,2026-08-21,629950,629950,2026-08-20,1,Active,,,0,true
2568093,9207 47th Ave SW,98136,Single Family,2026-08-16,2026-08-21,2026-08-21,1250000,1250000,2026-08-15,6,Active,,,0,true
2570105,5636 49th Ave SW,98136,Single Family,2026-08-20,2026-08-21,2026-08-21,875000,875000,2026-08-19,2,Active,,,0,true
2571375,11502 6 Ave NW #1,98177,Single Family,2026-08-20,2026-08-21,2026-08-21,2700000,2700000,2026-08-19,2,Active,,,0,true
2497667,7776 Highland Park Way SW Unit B,98106,Townhouse,2026-07-05,2026-08-20,2026-08-20,695000,645000,2026-05-05,107,Active,2026-07-26,2026-07-26,1,false
2511035,2466 Westlake Ave N #8,98109,Single Family,2026-06-08,2026-08-20,2026-08-20,3195000,3195000,2026-04-22,120,Active,,,0,false
2515598,927 29th Ave S,98144,Single Family,2026-06-08,2026-08-20,2026-08-20,875000,825000,2026-04-30,112,Active,2026-07-16,2026-06-18,2,false
2532042,2327 41st Ave E,98112,Single Family,2026-06-08,2026-08-20,2026-08-20,3116000,3116000,2026-06-01,80,Active,,,0,false
2533440,6523 31st Ave SW,98126,Townhouse,2026-06-08,2026-08-20,2026-08-20,779950,765000,2026-06-03,78,Active,2026-07-28,2026-07-28,1,false
2543306,7114 California Ave SW Unit A,98136,Townhouse,2026-07-05,2026-08-20,2026-08-20,565000,530000,2026-06-25,56,Active,2026-08-16,2026-07-13,2,false
2544784,6525 3rd Ave NW,98117,Single Family,2026-07-17,2026-08-20,2026-08-20,1350000,1350000,2026-06-24,57,Active,,,0,false
2550157,4720 NE 47th St,98105,Single Family,2026-07-13,2026-08-20,2026-08-20,2095000,1895950,2026-07-09,43,Active,2026-08-08,2026-07-24,2,false
2552955,3947 SW Portland St,98136,Single Family,2026-07-13,2026-08-20,2026-08-20,799950,799950,2026-07-11,41,Active,,,0,true
2560590,7208 8th Ave NE,98115,Single Family,2026-07-30,2026-08-20,2026-08-20,1350000,1350000,2026-07-29,22,Active,,,0,true
2562029,2321 Fairview Ave E #1,98102,Single Family,2026-08-13,2026-08-20,2026-08-20,398000,398000,2026-08-12,8,Active,,,0,true
2564808,2821 Harris Pl S,98144,Single Family,2026-08-06,2026-08-20,2026-08-20,985000,995000,2026-08-05,9,Active,2026-08-18,2026-08-18,1,true
2565224,13240 3rd Ave NW,98177,Single Family,2026-08-07,2026-08-20,2026-08-20,925000,925000,2026-08-06,14,Active,,,0,true
2565338,5926 23rd Ave S,98108,Single Family,2026-08-06,2026-08-20,2026-08-20,925000,925000,2026-08-05,15,Active,,,0,true
2565475,5718 NE 65th St,98115,Townhouse,2026-08-07,2026-08-20,2026-08-20,839950,839950,2026-08-06,14,Active,,,0,true
2566034,3029 21st Ave S,98144,Single Family,2026-08-08,2026-08-20,2026-08-20,700000,700000,2026-08-07,13,Active,,,0,true
2566920,935 N 92nd St,98103,Single Family,2026-08-10,2026-08-20,2026-08-20,650000,650000,2026-08-09,11,Active,,,0,true
2568716,2903 3rd Ave N,98109,Single Family,2026-08-14,2026-08-20,2026-08-20,1388850,1388850,2026-08-13,7,Active,,,0,true
2486504,6325 42nd Ave SW,98136,Single Family,2026-06-08,2026-08-19,2026-08-19,750000,699000,2026-03-12,160,Active,2026-07-05,2026-07-05,1,false
2502137,13718 N Midvale Ave Unit C,98133,Townhouse,2026-06-08,2026-08-19,2026-08-19,570000,524900,2026-04-02,133,Active,2026-07-17,2026-06-18,3,false
2525260,319 NW 87th St Unit B,98117,Townhouse,2026-06-08,2026-08-19,2026-08-19,665950,649950,2026-05-16,90,Active,2026-07-13,2026-07-13,1,false
2525841,512 N 104th St,98133,Single Family,2026-06-08,2026-08-19,2026-08-19,950000,950000,2026-05-19,92,Active,,,0,false
2526498,4076 NE 87th St,98115,Single Family,2026-07-18,2026-08-19,2026-08-19,1100000,1100000,2026-07-17,33,Active,,,0,true
2535619,7336 11th Ave NW,98117,Single Family,2026-08-14,2026-08-19,2026-08-19,1050000,1050000,2026-08-13,6,Active,,,0,true
2537836,1808 11th Ave Unit B,98122,Townhouse,2026-06-18,2026-08-19,2026-08-19,875000,849000,2026-06-16,64,Active,2026-07-31,2026-07-31,1,true
2541930,1208 A NW 83rd St,98117,Townhouse,2026-06-18,2026-08-19,2026-08-19,618000,598000,2026-06-17,63,Active,2026-08-04,2026-07-13,2,true
2544367,3402 E Spring St,98122,Townhouse,2026-07-05,2026-08-19,2026-08-19,799000,699950,2026-06-23,57,Active,2026-08-19,2026-08-01,2,false
2546846,,98126,Single Family,2026-07-05,2026-08-19,2026-08-19,550000,499000,2026-06-30,50,Active,2026-08-07,2026-08-07,1,false
2550557,3701 E Alder St,98122,Single Family,2026-08-13,2026-08-19,2026-08-19,1399950,1399950,2026-08-12,7,Active,,,0,true
2554321,10835 35th Ave SW,98146,Single Family,2026-07-18,2026-08-19,2026-08-19,879000,879000,2026-07-17,33,Active,,,0,true
2554393,1707 NW 63rd St Unit A,98107,Townhouse,2026-07-16,2026-08-19,2026-08-19,879999,879999,2026-07-15,35,Active,,,0,true
2557623,1317 E Denny Way,98122,Townhouse,2026-07-22,2026-08-19,2026-08-19,1299900,1249900,2026-07-21,29,Active,2026-08-08,2026-08-08,1,true
2558055,1706 Alki Ave Unit B,98116,Townhouse,2026-07-29,2026-08-19,2026-08-19,710000,710000,2026-07-28,18,Active,,,0,true
2558504,2613 NW 87th St,98117,Townhouse,2026-07-24,2026-08-19,2026-08-19,1259950,1259950,2026-07-23,27,Active,,,0,true
2559715,1326 N 40th St,98103,Single Family,2026-07-24,2026-08-19,2026-08-19,1100000,1100000,2026-07-23,27,Active,,,0,true
2561258,7755 35th Ave NE,98115,Single Family,2026-07-31,2026-08-19,2026-08-19,1599000,1599000,2026-07-30,20,Active,,,0,true
2561845,2429 NW 64th St Unit A,98107,Townhouse,2026-07-30,2026-08-19,2026-08-19,975000,950000,2026-07-29,21,Active,2026-08-06,2026-08-06,1,true
2562249,2667 44th Ave W,98199,Single Family,2026-08-14,2026-08-19,2026-08-19,2700000,2700000,2026-08-13,6,Active,,,0,true
2564319,310 NW 75th St,98117,Single Family,2026-08-05,2026-08-19,2026-08-19,945250,945250,2026-08-04,15,Active,,,0,true
2565042,4308 Wallingford Ave N Unit C,98103,Townhouse,2026-08-06,2026-08-19,2026-08-19,786888,786888,2026-08-05,14,Active,,,0,true
2565755,3226 48th Ave SW,98116,Single Family,2026-08-13,2026-08-19,2026-08-19,975000,975000,2026-08-12,6,Active,,,0,true
2567712,620 Lake Washington Blvd E,98112,Townhouse,2026-08-13,2026-08-19,2026-08-19,820000,820000,2026-08-12,7,Active,,,0,true
2568713,268 Fulton St,98109,Single Family,2026-08-14,2026-08-19,2026-08-19,889950,889950,2026-08-13,6,Active,,,0,true
2568723,6774 28th Ave S,98108,Single Family,2026-08-13,2026-08-19,2026-08-19,850000,850000,2026-08-12,6,Active,,,0,true
2569156,4909 SW Canada Dr,98136,Single Family,2026-08-14,2026-08-19,2026-08-19,725000,725000,2026-08-13,6,Active,,,0,true
2569598,3800 E Jefferson St,98122,Single Family,2026-08-15,2026-08-19,2026-08-19,2230000,2230000,2026-08-14,5,Active,,,0,true
2570470,6238 Woodlawn Ave N,98103,Single Family,2026-08-19,2026-08-19,2026-08-19,1695000,1695000,2026-08-18,1,Active,,,0,true
2434175,1227 E Roy St,98102,Townhouse,2026-06-08,2026-08-18,2026-08-18,829900,799900,2025-09-17,322,Active,2026-07-23,2026-07-23,1,false
2485199,1849 16th Ave,98112,Townhouse,2026-06-08,2026-08-18,2026-08-18,2420000,2420000,2026-03-17,154,Active,,,0,false
2492311,627 13th Ave E,98102,Townhouse,2026-06-08,2026-08-18,2026-08-18,999900,999900,2026-03-13,158,Active,,,0,false
2495659,1939 10th Ave W Unit B,98119,Townhouse,2026-06-08,2026-08-18,2026-08-18,780000,780000,2026-03-26,145,Active,,,0,false
2511124,2540 Dexter Ave N Ave N,98109,Single Family,2026-06-08,2026-08-18,2026-08-18,1480000,1480000,2026-04-22,118,Active,,,0,false
2525505,5311 Beach Dr SW,98136,Single Family,2026-06-08,2026-08-18,2026-08-18,2195000,2100000,2026-05-18,92,Active,2026-06-18,2026-06-18,1,false
2525913,633 13th Ave E,98102,Townhouse,2026-06-08,2026-08-18,2026-08-18,824900,799900,2026-05-20,90,Active,2026-07-13,2026-07-13,1,false
2527992,3407 B NW Market St,98107,Townhouse,2026-06-08,2026-08-18,2026-08-18,1240000,1240000,2026-05-22,88,Active,,,0,false
2533853,6318 5th Ave NE Unit C,98115,Single Family,2026-06-18,2026-08-18,2026-08-18,699950,699950,2026-06-04,67,Active,,,0,false
2536380,4329 NE 56th St,98105,Single Family,2026-06-18,2026-08-18,2026-08-18,1149500,1149500,2026-06-09,70,Active,,,0,false
2538691,1970 25th Ave E,98112,Townhouse,2026-06-18,2026-08-18,2026-08-18,1489000,1469000,2026-06-11,68,Active,2026-07-18,2026-07-18,1,false
2540247,4432 Dayton Ave N,98103,Single Family,2026-06-18,2026-08-18,2026-08-18,1039950,1039950,2026-06-17,61,Active,,,0,true
2541520,4430 Dayton Ave N,98103,Single Family,2026-07-13,2026-08-18,2026-08-18,999950,999950,2026-07-08,42,Active,,,0,false
2543655,3124 W Raye St,98199,Single Family,2026-07-05,2026-08-18,2026-08-18,1349000,1299000,2026-06-25,54,Active,2026-07-30,2026-07-30,1,false
2546101,1704 A N 47th St,98103,Townhouse,2026-07-05,2026-08-18,2026-08-18,1108000,1098000,2026-06-25,54,Active,2026-07-18,2026-07-18,1,false
2549526,2106 E Terrace St,98122,Townhouse,2026-07-13,2026-08-18,2026-08-18,685000,675000,2026-07-11,39,Active,2026-07-30,2026-07-30,1,true
2550392,3903 SW Dakota St,98116,Single Family,2026-07-13,2026-08-18,2026-08-18,950000,899000,2026-07-08,42,Active,2026-07-25,2026-07-25,1,false
2552273,5921 32nd Ave SW,98126,Single Family,2026-07-13,2026-08-18,2026-08-18,997000,997000,2026-07-10,40,Active,,,0,true
2554727,3648 Francis Ave N Unit D,98103,Townhouse,2026-07-15,2026-08-18,2026-08-18,699000,699000,2026-07-14,35,Active,,,0,true
2554795,745 N 97th St,98103,Single Family,2026-07-17,2026-08-18,2026-08-18,999950,975000,2026-07-16,29,Active,2026-08-14,2026-08-14,1,true
2556930,900 NW 134th St,98177,Single Family,2026-07-23,2026-08-18,2026-08-18,1200000,1200000,2026-07-22,26,Active,,,0,true
2556937,3609 NW 62nd St,98107,Single Family,2026-07-19,2026-08-18,2026-08-18,3150000,3150000,2026-07-18,31,Active,,,0,true
2558728,1407 29th Ave,98122,Townhouse,2026-07-23,2026-08-18,2026-08-18,1074950,1074950,2026-07-22,27,Active,,,0,true
2561531,102 N 41st St,98103,Single Family,2026-08-14,2026-08-18,2026-08-18,800000,800000,2026-08-13,5,Active,,,0,true
2565625,1918 S Waite St,98144,Single Family,2026-08-12,2026-08-18,2026-08-18,799000,799000,2026-08-11,7,Active,,,0,true
2566791,3844 Surber Dr NE,98105,Single Family,2026-08-13,2026-08-18,2026-08-18,1750000,1750000,2026-08-12,6,Active,,,0,true
2567526,523 N 70th St,98103,Single Family,2026-08-15,2026-08-18,2026-08-18,1350000,1350000,2026-08-14,4,Active,,,0,true
2567606,939 13th Ave E,98102,Single Family,2026-08-12,2026-08-18,2026-08-18,2150000,2150000,2026-08-11,7,Active,,,0,true
2567676,7346 19th Ave NE,98115,Single Family,2026-08-13,2026-08-18,2026-08-18,1349900,1349900,2026-08-12,6,Active,,,0,true
2567731,4259 SW Othello St,98136,Single Family,2026-08-12,2026-08-18,2026-08-18,710000,710000,2026-08-11,7,Active,,,0,true
2567743,10303 15th Ave NE,98125,Single Family,2026-08-15,2026-08-18,2026-08-18,875000,875000,2026-08-14,4,Active,,,0,true
2569733,4016 38th Ave SW,98126,Single Family,2026-08-15,2026-08-18,2026-08-18,1250000,1250000,2026-08-14,4,Active,,,0,true
2486020,7226 33rd Ave S,98118,Single Family,2026-06-08,2026-08-17,2026-08-17,799000,774950,2026-03-04,166,Active,2026-06-18,2026-06-18,1,false
2490424,1114 2nd Ave N,98109,Single Family,2026-06-08,2026-08-17,2026-08-17,2145000,2145000,2026-04-03,136,Active,,,0,false
2505904,9624 Linden Ave N,98103,Townhouse,2026-06-08,2026-08-17,2026-08-17,639953,499950,2026-04-10,129,Active,2026-08-08,2026-06-18,6,false
2509920,1220 N 137th St Unit 5,98133,Townhouse,2026-06-08,2026-08-17,2026-08-17,474900,499950,2026-04-18,121,Active,2026-08-16,2026-07-28,2,false
2533701,2230 D NW 60th St,98107,Townhouse,2026-06-08,2026-08-17,2026-08-17,749950,749950,2026-06-03,75,Active,,,0,false
2543958,1426 37th Ave E,98112,Single Family,2026-07-05,2026-08-17,2026-08-17,1495000,1495000,2026-06-23,55,Active,,,0,false
2546063,14013 Greenwood Ave N Unit F,98133,Townhouse,2026-07-05,2026-08-17,2026-08-17,580000,560000,2026-06-26,52,Active,2026-07-28,2026-07-28,1,false
2549701,3540 S Kenyon St,98118,Single Family,2026-07-23,2026-08-17,2026-08-17,890000,790000,2026-07-22,26,Active,2026-08-12,2026-07-29,2,true
2551685,225 32nd Ave E,98112,Single Family,2026-07-13,2026-08-17,2026-08-17,997000,997000,2026-07-09,40,Active,,,0,false
2555114,1131 A NW 60th St,98107,Townhouse,2026-07-16,2026-08-17,2026-08-17,869950,859950,2026-07-15,33,Active,2026-08-14,2026-08-14,1,true
2555631,3609 Interlake Ave N Unit A,98103,Townhouse,2026-07-17,2026-08-17,2026-08-17,960000,960000,2026-07-16,32,Active,,,0,true
2555901,4416 A Corliss Ave N,98103,Townhouse,2026-07-17,2026-08-17,2026-08-17,1049950,1049950,2026-07-16,32,Active,,,0,true
2558628,207 25th Ave,98122,Single Family,2026-07-25,2026-08-17,2026-08-17,999000,999000,2026-07-24,22,Active,,,0,true
2559298,1615 N 50th St Unit C,98103,Townhouse,2026-07-25,2026-08-17,2026-08-17,899950,899950,2026-07-24,24,Active,,,0,true
2559631,5016 26th Ave SW,98106,Single Family,2026-07-24,2026-08-17,2026-08-17,849900,824000,2026-07-23,24,Active,2026-08-07,2026-08-07,1,true
2561813,4311 Greenwood Ave N,98103,Single Family,2026-07-30,2026-08-17,2026-08-17,1195000,1195000,2026-07-29,19,Active,,,0,true
2562030,1754 S Horton St,98144,Single Family,2026-08-04,2026-08-17,2026-08-17,825000,825000,2026-08-03,14,Active,,,0,true
2565444,7009 Alonzo Ave NW,98117,Townhouse,2026-08-08,2026-08-17,2026-08-17,599950,599950,2026-08-07,10,Active,,,0,true
2566309,7064 Cleopatra Pl NW,98117,Single Family,2026-08-14,2026-08-17,2026-08-17,824900,824900,2026-08-07,10,Active,,,0,false
2566943,2645 Walnut Ave SW,98116,Single Family,2026-08-14,2026-08-17,2026-08-17,1519000,1519000,2026-08-13,4,Active,,,0,true
2567453,5911 C 21st Ave SW,98106,Single Family,2026-08-11,2026-08-17,2026-08-17,1499999,1499999,2026-08-10,7,Active,,,0,true
2567971,2038 Franklin Ave E,98102,Townhouse,2026-08-14,2026-08-17,2026-08-17,835000,835000,2026-08-13,4,Active,,,0,true
2568156,10022 11th Ave NW,98177,Single Family,2026-08-15,2026-08-17,2026-08-17,1298000,1298000,2026-08-14,3,Active,,,0,true
2568350,7333 46th Ave NE,98115,Single Family,2026-08-15,2026-08-17,2026-08-17,1500000,1500000,2026-08-14,3,Active,,,0,true
2568384,7919 34th Ave SW,98126,Single Family,2026-08-14,2026-08-17,2026-08-17,875000,875000,2026-08-13,4,Active,,,0,true
2568508,4153 39th Ave SW,98116,Single Family,2026-08-14,2026-08-17,2026-08-17,799950,799950,2026-08-13,4,Active,,,0,true
2568692,2775 59th Ave SW,98116,Townhouse,2026-08-14,2026-08-17,2026-08-17,1100000,1100000,2026-08-13,4,Active,,,0,true
2569101,929 13th Ave E,98102,Single Family,2026-08-15,2026-08-17,2026-08-17,900000,900000,2026-08-14,3,Active,,,0,true
2503370,8109 34th Ave SW Unit B,98126,Single Family,2026-07-05,2026-08-16,2026-08-16,725000,685000,2026-04-10,128,Active,2026-07-25,2026-07-25,1,false
2545397,8738 13th Ave NW,98117,Single Family,2026-07-05,2026-08-16,2026-08-16,574000,574000,2026-06-26,51,Active,,,0,false
2558886,429 13th Ave E,98102,Townhouse,2026-07-24,2026-08-16,2026-08-16,975000,975000,2026-07-23,24,Active,,,0,true
2483695,2020 Parkside Dr E,98112,Single Family,2026-06-08,2026-08-15,2026-08-15,7750000,7750000,2026-03-04,164,Active,,,0,false
2507375,2318 15th Ave S Unit C,98144,Townhouse,2026-06-08,2026-08-15,2026-08-15,750000,729950,2026-04-15,122,Active,2026-07-28,2026-06-18,2,false
2549373,1512 NW 59th St,98107,Townhouse,2026-07-13,2026-08-15,2026-08-15,1200000,1169000,2026-07-07,40,Active,2026-08-06,2026-08-06,1,false
2560147,4137 54th Ave SW,98116,Single Family,2026-07-30,2026-08-15,2026-08-15,775000,775000,2026-07-29,17,Active,,,0,true
2564275,6016 34th Ave NE,98115,Single Family,2026-08-08,2026-08-15,2026-08-15,910000,910000,2026-08-07,8,Active,,,0,true
2566948,2648 41st Ave SW,98116,Single Family,2026-08-14,2026-08-15,2026-08-15,999000,999000,2026-08-13,2,Active,,,0,true
2567649,536 W Barrett St,98109,Townhouse,2026-08-13,2026-08-15,2026-08-15,1225000,1225000,2026-08-12,3,Active,,,0,true
2567795,2726 NE Blakeley St,98105,Single Family,2026-08-12,2026-08-15,2026-08-15,1249000,1249000,2026-08-11,3,Active,,,0,true
2507771,227 29th Ave E,98112,Single Family,2026-06-08,2026-08-14,2026-08-14,2150000,2150000,2026-04-16,120,Active,,,0,false
2523521,724 N 36th St,98103,Townhouse,2026-06-08,2026-08-14,2026-08-14,749950,699950,2026-05-14,92,Active,2026-08-11,2026-07-23,2,false
2524101,1755 17th Ave S,98144,Townhouse,2026-06-08,2026-08-14,2026-08-14,699000,650000,2026-05-21,85,Active,2026-07-23,2026-06-18,3,false
2530443,5761 35th Ave NE,98105,Single Family,2026-06-08,2026-08-14,2026-08-14,1450000,1450000,2026-05-27,79,Active,,,0,false
2536296,2916 18th Ave S,98144,Single Family,2026-06-18,2026-08-14,2026-08-14,890000,849000,2026-06-08,67,Active,2026-07-22,2026-07-22,1,false
2546882,2131 S Bennett St,98108,Single Family,2026-08-14,2026-08-14,2026-08-14,649950,649950,2026-08-13,1,Active,,,0,true
2548967,8510 15th Ave NE,98115,Townhouse,2026-07-05,2026-08-14,2026-08-14,806550,806550,2026-07-02,43,Active,,,0,true
2548975,8512 15th Ave NE,98115,Townhouse,2026-07-05,2026-08-14,2026-08-14,1376550,1376550,2026-07-02,43,Active,,,0,true
2549031,9528 28th Ave NW,98117,Single Family,2026-07-13,2026-08-14,2026-08-14,2750000,2750000,2026-07-10,36,Active,,,0,true
2550664,3741 SW 106th St,98146,Single Family,2026-07-13,2026-08-14,2026-08-14,749950,725000,2026-07-11,35,Active,2026-07-29,2026-07-29,1,true
2551612,5625 SW Teig Pl,98116,Single Family,2026-07-13,2026-08-14,2026-08-14,1250000,1190000,2026-07-10,36,Active,2026-07-18,2026-07-18,1,true
2551978,9297 44th Ave SW,98136,Single Family,2026-07-13,2026-08-14,2026-08-14,1850000,1850000,2026-07-10,36,Active,,,0,true
2553352,3800 E Jefferson St,98122,Single Family,2026-07-13,2026-08-14,2026-08-14,2422000,2350000,2026-07-12,34,Active,2026-07-30,2026-07-23,2,true
2553772,370 Highland Dr,98109,Single Family,2026-08-11,2026-08-14,2026-08-14,2500000,2500000,2026-08-10,4,Active,,,0,true
2554056,1530 NW Market St #502,98107,Single Family,2026-07-25,2026-08-14,2026-08-14,399950,399950,2026-07-24,21,Active,,,0,true
2555429,936 N 35th St Unit E,98103,Townhouse,2026-07-16,2026-08-14,2026-08-14,712500,700000,2026-07-15,30,Active,2026-07-29,2026-07-29,1,true
2557819,8106 Stone Ave N,98103,Single Family,2026-08-13,2026-08-14,2026-08-14,1075000,1075000,2026-08-12,2,Active,,,0,true
2558003,1228 23rd Ave E,98112,Single Family,2026-07-24,2026-08-14,2026-08-14,2300000,2150000,2026-07-23,22,Active,2026-08-13,2026-08-13,1,true
2559193,1740 NW 59th Unit A,98107,Townhouse,2026-07-24,2026-08-14,2026-08-14,749980,749980,2026-07-23,22,Active,,,0,true
2559299,5807 B 55th Ave NE,98105,Townhouse,2026-08-01,2026-08-14,2026-08-14,788000,788000,2026-07-31,14,Active,,,0,true
2559547,12713 4th Ave NW,98177,Single Family,2026-07-24,2026-08-14,2026-08-14,749000,749000,2026-07-23,22,Active,,,0,true
2562224,1915 25th Ave S Unit D,98144,Townhouse,2026-07-31,2026-08-14,2026-08-14,549000,549000,2026-07-30,15,Active,,,0,true
2562594,1212 NE 100th St,98125,Single Family,2026-08-01,2026-08-14,2026-08-14,1149900,1149900,2026-07-31,14,Active,,,0,true
2562918,14308 B Roslyn Pl N,98133,Townhouse,2026-08-13,2026-08-14,2026-08-14,569000,569000,2026-08-07,7,Active,,,0,false
2563249,4806 Purdue Ave NE,98105,Single Family,2026-08-07,2026-08-14,2026-08-14,1150000,1150000,2026-08-06,8,Active,,,0,true
2565503,734 10th Ave E,98102,Single Family,2026-08-07,2026-08-14,2026-08-14,2198000,2197500,2026-08-06,8,Active,2026-08-08,2026-08-08,1,true
2565746,4003 W Armour St,98199,Single Family,2026-08-14,2026-08-14,2026-08-14,2195000,2195000,2026-08-13,1,Active,,,0,true
2565770,8408 25th Ave SW Unit D,98106,Townhouse,2026-08-07,2026-08-14,2026-08-14,445000,445000,2026-08-06,8,Active,,,0,true
2566693,7403 Dayton Ave N,98103,Single Family,2026-08-14,2026-08-14,2026-08-14,750000,750000,2026-08-08,6,Active,,,0,false
2566787,10634 32nd Ave SW,98146,Single Family,2026-08-13,2026-08-14,2026-08-14,659500,659500,2026-08-12,2,Active,,,0,true
2567630,346 N 102nd St,98133,Single Family,2026-08-13,2026-08-14,2026-08-14,635000,635000,2026-08-12,2,Active,,,0,true
2567669,3058 38th Ave SW,98126,Single Family,2026-08-14,2026-08-14,2026-08-14,1300000,1300000,2026-08-13,1,Active,,,0,true
2434449,9547 Wallingford Ave N,98103,Townhouse,2026-06-08,2026-08-13,2026-08-13,1049950,1049950,2026-01-09,216,Active,,,0,false
2458245,809 W Armour St,98119,Single Family,2026-06-08,2026-08-13,2026-08-13,995000,995000,2025-12-11,245,Active,,,0,false
2510030,3216 15th Ave W Unit B,98119,Townhouse,2026-06-08,2026-08-13,2026-08-13,820000,795000,2026-04-23,112,Active,2026-07-05,2026-07-05,1,false
2517178,5014 35th Ave SW,98126,Single Family,2026-06-08,2026-08-13,2026-08-13,950000,929950,2026-05-04,101,Active,2026-07-05,2026-07-05,1,false
2527841,8844 18th Ave SW,98106,Single Family,2026-06-08,2026-08-13,2026-08-13,509000,495000,2026-05-22,83,Active,2026-07-13,2026-07-13,1,false
2529353,7533 31st Ave NE Unit B,98115,Townhouse,2026-06-08,2026-08-13,2026-08-13,799950,799950,2026-05-26,79,Active,,,0,false
2529355,7531 31st Ave NE,98115,Townhouse,2026-06-08,2026-08-13,2026-08-13,799950,799950,2026-05-26,79,Active,,,0,false
2538280,1911 12th Ave S,98144,Single Family,2026-06-18,2026-08-13,2026-08-13,869000,819000,2026-06-10,64,Active,2026-08-05,2026-07-18,2,false
2538853,1760 NW 60th St Unit A,98107,Townhouse,2026-06-18,2026-08-13,2026-08-13,989950,974950,2026-06-11,63,Active,2026-08-07,2026-08-07,1,false
2539640,4055 Latona Ave NE,98105,Single Family,2026-06-18,2026-08-13,2026-08-13,799000,760000,2026-06-16,53,Active,2026-07-23,2026-07-05,3,true
2542450,4909 SW Canada Dr,98136,Single Family,2026-07-05,2026-08-13,2026-08-13,725000,725000,2026-06-18,56,Active,,,0,false
2542839,1935 B 7th Ave W,98119,Townhouse,2026-07-05,2026-08-13,2026-08-13,998950,998950,2026-06-19,55,Active,,,0,false
2544200,1415 E Fir St,98122,Townhouse,2026-07-05,2026-08-13,2026-08-13,830000,799000,2026-06-23,51,Active,2026-07-25,2026-07-25,1,false
2554054,3141 Broadway E,98102,Single Family,2026-07-15,2026-08-13,2026-08-13,1195000,1195000,2026-07-14,30,Active,,,0,true
2554559,421 W Highland Dr,98119,Single Family,2026-07-15,2026-08-13,2026-08-13,6950000,6950000,2026-07-14,30,Active,,,0,true
2555291,403 18th Ave E,98112,Single Family,2026-08-08,2026-08-13,2026-08-13,3250000,3250000,2026-08-07,6,Active,,,0,true
2556149,1108 29th Ave S Unit B,98144,Townhouse,2026-07-17,2026-08-13,2026-08-13,664950,664950,2026-07-16,28,Active,,,0,true
2557831,516 N 46th St Unit A,98103,Townhouse,2026-07-23,2026-08-13,2026-08-13,840000,840000,2026-07-22,22,Active,,,0,true
2559312,2310 W Dravus St,98199,Townhouse,2026-07-24,2026-08-13,2026-08-13,875000,875000,2026-07-23,21,Active,,,0,true
2561116,2414 Belvidere Ave SW,98126,Single Family,2026-07-30,2026-08-13,2026-08-13,1550000,1550000,2026-07-29,15,Active,,,0,true
2563091,4221 Evanston Ave N Unit B,98103,Townhouse,2026-08-01,2026-08-13,2026-08-13,931000,931000,2026-07-31,13,Active,,,0,true
2563698,5821 3rd Ave NW,98107,Single Family,2026-08-04,2026-08-13,2026-08-13,775000,775000,2026-08-03,10,Active,,,0,true
2564260,127 NE 58th St,98105,Single Family,2026-08-07,2026-08-13,2026-08-13,1399000,1399000,2026-08-06,7,Active,,,0,true
2564489,2205 Bigelow Ave N #10,98109,Townhouse,2026-08-05,2026-08-13,2026-08-13,735000,735000,2026-08-04,9,Active,,,0,true
2566048,1542 NW 100th St,98177,Single Family,2026-08-07,2026-08-13,2026-08-13,1199950,1199950,2026-08-06,7,Active,,,0,true
2567922,3506 Meridian Ave N,98103,Single Family,2026-08-13,2026-08-13,2026-08-13,1350000,1350000,2026-08-12,1,Active,,,0,true
2491276,821 NW 57TH St,98107,Single Family,2026-06-08,2026-08-12,2026-08-12,1595000,1565000,2026-05-20,84,Active,2026-07-13,2026-07-13,1,false
2500967,10354 Wallingford Ave N Unit B,98133,Townhouse,2026-06-08,2026-08-12,2026-08-12,538000,538000,2026-04-16,118,Active,,,0,false
2535110,1757 NW 62nd St,98107,Townhouse,2026-06-08,2026-08-12,2026-08-12,899000,899000,2026-06-04,69,Active,,,0,false
2535684,818 W Argand St,98119,Single Family,2026-06-18,2026-08-12,2026-08-12,1595000,1545000,2026-06-10,63,Active,2026-07-05,2026-07-05,1,false
2538392,3104 SW Avalon Way Unit F,98126,Townhouse,2026-07-13,2026-08-12,2026-08-12,550000,550000,2026-07-10,34,Active,,,0,true
2539323,5027 48th Ave NE,98105,Single Family,2026-06-18,2026-08-12,2026-08-12,3750000,3625000,2026-06-12,61,Active,2026-07-27,2026-07-27,1,false
2542216,6745 18th Ave SW,98106,Single Family,2026-07-05,2026-08-12,2026-08-12,749900,699900,2026-06-19,54,Active,2026-07-24,2026-07-24,1,false
2547764,6704 15th Ave NW,98117,Townhouse,2026-07-05,2026-08-12,2026-08-12,735000,735000,2026-06-30,43,Active,,,0,false
2550381,825 NE 105th St,98125,Single Family,2026-07-13,2026-08-12,2026-08-12,1195000,1195000,2026-07-10,34,Active,,,0,true
2550733,13321 3rd Ave NE,98125,Single Family,2026-07-13,2026-08-12,2026-08-12,859000,824000,2026-07-11,33,Active,2026-07-24,2026-07-24,1,true
2552713,4055 SW Holgate St,98116,Single Family,2026-07-13,2026-08-12,2026-08-12,1590000,1590000,2026-07-11,33,Active,,,0,true
2552728,5928 18th Ave S,98108,Single Family,2026-07-13,2026-08-12,2026-08-12,610000,599000,2026-07-10,34,Active,2026-08-06,2026-08-06,1,true
2553488,2763 59th Ave SW,98116,Single Family,2026-07-13,2026-08-12,2026-08-12,1450000,1275000,2026-07-12,32,Active,2026-08-11,2026-07-28,2,true
2553549,1759 NW 62nd St,98107,Townhouse,2026-07-13,2026-08-12,2026-08-12,949950,949950,2026-07-13,30,Active,,,0,true
2554210,1533 38th Ave E,98112,Single Family,2026-07-15,2026-08-12,2026-08-12,4350000,4350000,2026-07-14,29,Active,,,0,true
2555670,10240 40th Ave SW Unit A,98146,Townhouse,2026-07-17,2026-08-12,2026-08-12,1050000,1050000,2026-07-16,27,Active,,,0,true
2558465,112 NW 44th St,98107,Single Family,2026-07-23,2026-08-12,2026-08-12,750000,698000,2026-07-22,20,Active,2026-08-10,2026-08-10,1,true
2558834,6340 40th Ave SW,98136,Single Family,2026-07-24,2026-08-12,2026-08-12,1089000,1065000,2026-07-23,20,Active,2026-08-07,2026-08-07,1,true
2559277,8821 Dibble Ave NW,98117,Single Family,2026-07-25,2026-08-12,2026-08-12,1649777,1649777,2026-07-24,19,Active,,,0,true
2559891,1914 D Ferry Ave SW,98116,Townhouse,2026-07-29,2026-08-12,2026-08-12,1074950,1074950,2026-07-28,15,Active,,,0,true
2561913,10317 11th Ave NW,98177,Single Family,2026-08-08,2026-08-12,2026-08-12,1125000,1125000,2026-08-07,5,Active,,,0,true
2562489,10328 Ashworth Ave N,98133,Single Family,2026-07-31,2026-08-12,2026-08-12,499950,499950,2026-07-30,13,Active,,,0,true
2564237,5114 15th Ave S,98108,Single Family,2026-08-06,2026-08-12,2026-08-12,1050000,1050000,2026-08-05,7,Active,,,0,true
2564311,9831 33rd Ave SW,98126,Single Family,2026-08-07,2026-08-12,2026-08-12,479950,479950,2026-08-06,6,Active,,,0,true
2564857,6318 5th Ave NE Unit C,98115,Single Family,2026-08-06,2026-08-12,2026-08-12,699950,699950,2026-08-05,7,Active,,,0,true
2566395,5407 SW Beach Drive Ter,98116,Single Family,2026-08-09,2026-08-12,2026-08-12,1375000,1375000,2026-08-08,4,Active,,,0,true
2567224,3638 50th Ave,98116,Single Family,2026-08-12,2026-08-12,2026-08-12,1025000,1025000,2026-08-11,1,Active,,,0,true
2501534,1966 S Grand St,98144,Townhouse,2026-06-08,2026-08-11,2026-08-11,629000,599000,2026-04-02,131,Active,2026-07-18,2026-07-18,1,false
2508339,2006 A 19th Ave S,98144,Single Family,2026-06-18,2026-08-11,2026-08-11,536000,536000,2026-04-16,117,Active,,,0,false
2512120,308 NE 50th St,98105,Single Family,2026-06-08,2026-08-11,2026-08-11,750000,699500,2026-04-23,98,Active,2026-07-13,2026-07-05,2,false
2517618,3920 W Barrett St,98199,Single Family,2026-06-08,2026-08-11,2026-08-11,2298000,2148000,2026-05-05,98,Active,2026-08-06,2026-06-18,2,false
2522007,2327 NE 86TH St,98115,Single Family,2026-06-08,2026-08-11,2026-08-11,780000,749000,2026-05-13,90,Active,2026-07-13,2026-06-18,2,false
2529121,14023 Greenwood Ave N Unit C,98133,Townhouse,2026-06-08,2026-08-11,2026-08-11,625000,625000,2026-05-25,78,Active,,,0,false
2530349,12757 Dayton Ave N Unit B,98133,Single Family,2026-06-18,2026-08-11,2026-08-11,555750,545000,2026-05-27,76,Active,2026-07-15,2026-07-15,1,false
2532181,402 Aloha St,98109,Townhouse,2026-06-08,2026-08-11,2026-08-11,1080000,1080000,2026-06-02,70,Active,,,0,false
2536794,2418 Queen Anne Ave N,98109,Single Family,2026-06-18,2026-08-11,2026-08-11,1086000,1049000,2026-06-13,51,Active,2026-07-22,2026-07-22,1,false
2538626,11054 2nd Ave NW,98177,Single Family,2026-06-18,2026-08-11,2026-08-11,1749000,1749000,2026-06-11,61,Active,,,0,false
2541118,8328 24th Ave NW,98117,Townhouse,2026-06-18,2026-08-11,2026-08-11,919950,889950,2026-06-17,55,Active,2026-07-30,2026-07-30,1,true
2545295,312 Prospect St,98109,Single Family,2026-07-05,2026-08-11,2026-08-11,2750000,2750000,2026-06-24,48,Active,,,0,false
2548062,332 NE 50th St,98105,Single Family,2026-07-13,2026-08-11,2026-08-11,715000,715000,2026-07-09,34,Active,,,0,false
2550165,2217 4th Ave N,98109,Single Family,2026-07-13,2026-08-11,2026-08-11,1450000,1399000,2026-07-10,33,Active,2026-08-04,2026-07-28,2,true
2550574,2006 C 19th Ave S,98144,Single Family,2026-07-13,2026-08-11,2026-08-11,539000,539000,2026-07-10,33,Active,,,0,true
2551332,8626 21st Ave NW,98117,Single Family,2026-07-13,2026-08-11,2026-08-11,965000,939950,2026-07-09,34,Active,2026-07-25,2026-07-25,1,false
2551366,10713 15th Ave NE,98125,Single Family,2026-07-13,2026-08-11,2026-08-11,850000,850000,2026-07-09,34,Active,,,0,false
2552063,3110 Portage Bay Pl E Unit B,98102,Single Family,2026-07-15,2026-08-11,2026-08-11,1425000,1425000,2026-07-14,28,Active,,,0,true
2554643,9417 44th Pl NE,98115,Single Family,2026-07-15,2026-08-11,2026-08-11,849950,849950,2026-07-14,28,Active,,,0,true
2554975,5442 30th Ave SW,98126,Single Family,2026-07-23,2026-08-11,2026-08-11,850000,850000,2026-07-22,20,Active,,,0,true
2556826,4011 SW Maryland Pl,98116,Single Family,2026-07-18,2026-08-11,2026-08-11,990000,990000,2026-07-17,25,Active,,,0,true
2557461,511 Martin Luther King Jr Way S,98144,Townhouse,2026-07-22,2026-08-11,2026-08-11,650000,650000,2026-07-20,22,Active,,,0,true
2557913,12703 4th Ave NW,98177,Single Family,2026-07-23,2026-08-11,2026-08-11,1400000,1400000,2026-07-22,19,Active,,,0,true
2559103,2327 NE 92nd St,98115,Single Family,2026-07-25,2026-08-11,2026-08-11,689000,639000,2026-07-24,18,Active,2026-08-10,2026-08-10,1,true
2559634,3216 20th Ave S,98144,Single Family,2026-08-01,2026-08-11,2026-08-11,675000,675000,2026-07-31,11,Active,,,0,true
2560817,13752 Wayne Pl N,98133,Single Family,2026-07-30,2026-08-11,2026-08-11,1350000,1350000,2026-07-29,13,Active,,,0,true
2561106,4315 Linden Ave N Unit A,98103,Townhouse,2026-08-07,2026-08-11,2026-08-11,780000,780000,2026-08-06,5,Active,,,0,true
2562110,4403 4th Ave NW,98107,Single Family,2026-08-06,2026-08-11,2026-08-11,1050000,1050000,2026-08-05,6,Active,,,0,true
2562703,13230 2nd Ave NW,98177,Single Family,2026-08-07,2026-08-11,2026-08-11,1075000,1075000,2026-08-06,5,Active,,,0,true
2563405,1120 26th Ave S,98144,Townhouse,2026-08-02,2026-08-11,2026-08-11,783500,783500,2026-08-01,10,Active,,,0,true
2563687,3235 W Viewmont Way W,98199,Single Family,2026-08-06,2026-08-11,2026-08-11,1375000,1375000,2026-08-05,6,Active,,,0,true
2564468,1717 N 82nd St,98103,Single Family,2026-08-07,2026-08-11,2026-08-11,1015000,1015000,2026-08-06,5,Active,,,0,true
2564484,1754 Valentine Pl S,98144,Single Family,2026-08-06,2026-08-11,2026-08-11,799950,799950,2026-08-05,6,Active,,,0,true
2565419,14053 2nd Ave NW,98177,Single Family,2026-08-07,2026-08-11,2026-08-11,995000,995000,2026-08-06,5,Active,,,0,true
2565447,5431 49th Ave SW,98136,Single Family,2026-08-08,2026-08-11,2026-08-11,2300000,2300000,2026-08-07,4,Active,,,0,true
2565616,1575 Magnolia Blvd W,98199,Single Family,2026-08-07,2026-08-11,2026-08-11,3888000,3888000,2026-08-06,5,Active,,,0,true
2481111,1080 W Ewing St Unit E5,98119,Single Family,2026-06-08,2026-08-10,2026-08-10,355000,299000,2026-03-03,160,Active,2026-07-16,2026-07-16,1,false
2501391,1708 Alki Ave SW Unit B,98116,Townhouse,2026-06-08,2026-08-10,2026-08-10,710000,710000,2026-04-09,123,Active,,,0,false
2528669,4354 6th Ave NW,98107,Townhouse,2026-06-08,2026-08-10,2026-08-10,725000,675000,2026-05-26,76,Active,2026-07-22,2026-07-05,2,false
2532357,1600 27th Ave,98122,Single Family,2026-06-08,2026-08-10,2026-08-10,1090900,990000,2026-06-04,67,Active,2026-07-05,2026-07-05,1,false
2544751,1606 22nd Ave,98122,Single Family,2026-07-05,2026-08-10,2026-08-10,815000,795000,2026-06-25,46,Active,2026-07-30,2026-07-30,1,false
2545020,2853 B NW 63rd St,98107,Single Family,2026-07-16,2026-08-10,2026-08-10,749000,719000,2026-07-15,26,Active,2026-07-30,2026-07-30,1,true
2545426,902 22nd Ave,98122,Single Family,2026-07-05,2026-08-10,2026-08-10,935000,935000,2026-06-24,47,Active,,,0,false
2547774,706 N 78th St,98103,Single Family,2026-07-13,2026-08-10,2026-08-10,850000,799600,2026-07-10,22,Active,2026-07-22,2026-07-22,1,true
2550049,4047 Willams Ave W,98199,Single Family,2026-07-13,2026-08-10,2026-08-10,2580000,2580000,2026-07-10,32,Active,,,0,true
2550150,10413 Alderbrook Pl NW,98177,Townhouse,2026-07-13,2026-08-10,2026-08-10,645000,645000,2026-07-10,32,Active,,,0,true
2551818,3636 Greenwood Ave N Unit B,98103,Townhouse,2026-07-13,2026-08-10,2026-08-10,1097000,998950,2026-07-10,32,Active,2026-07-29,2026-07-29,1,true
2552125,2251 14th Ave W Unit C,98119,Townhouse,2026-07-13,2026-08-10,2026-08-10,750000,750000,2026-07-10,32,Active,,,0,true
2553896,2220 B NW 62nd St,98107,Townhouse,2026-07-15,2026-08-10,2026-08-10,973500,973500,2026-07-14,27,Active,,,0,true
2557241,503 NE 42nd St,98105,Single Family,2026-07-22,2026-08-10,2026-08-10,549950,549950,2026-07-21,20,Active,,,0,true
2558291,1010 A NE 92nd St,98115,Single Family,2026-07-23,2026-08-10,2026-08-10,740000,725000,2026-07-22,19,Active,2026-08-08,2026-08-08,1,true
2564792,1307 NW 80th St,98117,Single Family,2026-08-07,2026-08-10,2026-08-10,965000,965000,2026-08-06,4,Active,,,0,true
2564801,3210 S Washington St,98144,Single Family,2026-08-06,2026-08-10,2026-08-10,750000,750000,2026-08-05,5,Active,,,0,true
2564866,721 N 79th St,98103,Single Family,2026-08-07,2026-08-10,2026-08-10,1500000,1500000,2026-08-06,4,Active,,,0,true
2565180,507 31st Ave,98122,Single Family,2026-08-07,2026-08-10,2026-08-10,1150000,1150000,2026-08-06,4,Active,,,0,true
2565440,2524 30th Ave W,98199,Single Family,2026-08-06,2026-08-10,2026-08-10,2750000,2750000,2026-08-05,5,Active,,,0,true
2566258,8451 40th Ave SW,98136,Single Family,2026-08-08,2026-08-10,2026-08-10,975000,975000,2026-08-07,3,Active,,,0,true
2566334,8809 Earl Ave NW,98117,Single Family,2026-08-08,2026-08-10,2026-08-10,975000,975000,2026-08-07,3,Active,,,0,true
2522881,2336 A 23rd Ave S,98144,Single Family,2026-06-08,2026-08-09,2026-08-09,835000,835000,2026-05-14,87,Active,,,0,false
2527228,5643 16th Ave SW,98106,Single Family,2026-06-08,2026-08-09,2026-08-09,910000,895000,2026-05-30,71,Active,2026-08-04,2026-08-04,1,false
2530329,3536 NE 94th St,98115,Single Family,2026-07-05,2026-08-09,2026-08-09,1100000,975000,2026-07-02,38,Active,2026-07-17,2026-07-17,1,true
2537484,4524 12th Ave S,98108,Single Family,2026-06-18,2026-08-09,2026-08-09,1049000,999000,2026-06-09,46,Active,2026-07-05,2026-07-05,1,false
2545694,11710 Greenwood Ave N Unit C,98133,Townhouse,2026-07-05,2026-08-09,2026-08-09,699900,649900,2026-06-25,45,Active,2026-07-25,2026-07-13,2,false
2552707,8356 19th Ave NW Unit B,98117,Townhouse,2026-07-13,2026-08-09,2026-08-09,619000,619000,2026-07-11,30,Active,,,0,true
2558627,1509 4th Ave W,98119,Single Family,2026-07-23,2026-08-09,2026-08-09,1187500,1187500,2026-07-22,18,Active,,,0,true
2559922,3045 21st Ave W Unit C,98199,Townhouse,2026-07-25,2026-08-09,2026-08-09,799950,799950,2026-07-24,16,Active,,,0,true
2560021,8820 24th Ave SW,98106,Single Family,2026-07-31,2026-08-09,2026-08-09,799950,799950,2026-07-30,10,Active,,,0,true
2560900,4231 53rd Ave NE,98105,Single Family,2026-07-30,2026-08-09,2026-08-09,3595000,3595000,2026-07-29,11,Active,,,0,true
2563089,1228 NE Brockman Pl,98125,Single Family,2026-08-01,2026-08-09,2026-08-09,840000,840000,2026-07-31,9,Active,,,0,true
2564746,613 B 18th Ave E,98112,Single Family,2026-08-08,2026-08-09,2026-08-09,899950,899950,2026-08-07,2,Active,,,0,true
2564905,7768 14th Ave SW,98106,Single Family,2026-08-07,2026-08-09,2026-08-09,549000,549000,2026-08-06,3,Active,,,0,true
2565326,4037 52nd Ave SW,98116,Single Family,2026-08-08,2026-08-09,2026-08-09,1075000,1075000,2026-08-07,2,Active,,,0,true
2441142,5632 NE 55th St,98105,Single Family,2026-06-08,2026-08-08,2026-08-08,5500000,5500000,2025-10-09,303,Active,,,0,false
2501138,6352 24th Ave SW,98106,Single Family,2026-06-08,2026-08-08,2026-08-08,769950,759950,2026-04-02,128,Active,2026-06-18,2026-06-18,1,false
2546052,2204 3rd Ave W,98119,Single Family,2026-07-13,2026-08-08,2026-08-08,1099000,999950,2026-07-11,29,Active,2026-07-30,2026-07-30,1,true
2552499,2131 NW 96th St,98117,Single Family,2026-08-06,2026-08-08,2026-08-08,2330000,2330000,2026-08-05,3,Active,,,0,true
2556640,8526 17th Ave NE,98115,Single Family,2026-07-18,2026-08-08,2026-08-08,939000,939000,2026-07-17,22,Active,,,0,true
2561329,3241 32nd Ave W,98199,Single Family,2026-08-08,2026-08-08,2026-08-08,1895000,1895000,2026-08-07,1,Active,,,0,true
2502325,8332 26th Ave NW,98117,Townhouse,2026-06-08,2026-08-07,2026-08-07,770000,745000,2026-04-09,120,Active,2026-07-22,2026-07-22,1,false
2511833,2155 N 128th St Unit C,98133,Single Family,2026-06-08,2026-08-07,2026-08-07,3250000,3250000,2026-05-14,85,Active,,,0,false
2517128,526 N 100th St,98133,Single Family,2026-06-18,2026-08-07,2026-08-07,765000,750000,2026-05-01,98,Active,2026-07-05,2026-07-05,1,false
2518511,520 N 102nd St,98133,Townhouse,2026-06-08,2026-08-07,2026-08-07,949900,949900,2026-05-13,86,Active,,,0,false
2519451,3449 California Ave SW Unit B,98116,Townhouse,2026-07-16,2026-08-07,2026-08-07,799950,799950,2026-05-09,90,Active,,,0,false
2520032,1007 W Newell St,98119,Single Family,2026-06-08,2026-08-07,2026-08-07,2495000,2445000,2026-05-08,91,Active,2026-06-18,2026-06-18,1,false
2520495,1113 S Pearl St,98108,Single Family,2026-06-08,2026-08-07,2026-08-07,925000,925000,2026-05-08,91,Active,,,0,false
2534133,624 W Ewing St,98119,Single Family,2026-06-08,2026-08-07,2026-08-07,185000,185000,2026-06-03,65,Active,,,0,false
2536521,11744 Dayton Ave N,98133,Single Family,2026-07-15,2026-08-07,2026-08-07,744950,744950,2026-07-14,24,Active,,,0,true
2541038,7748 Delridge Way SW,98106,Townhouse,2026-06-18,2026-08-07,2026-08-07,470000,450000,2026-06-16,52,Active,2026-07-29,2026-07-29,1,true
2541564,1918 N 115th St,98133,Single Family,2026-06-18,2026-08-07,2026-08-07,680000,599999,2026-06-17,22,Active,2026-07-29,2026-07-29,1,true
2542616,4907 SW Canada Dr,98136,Single Family,2026-07-05,2026-08-07,2026-08-07,725000,725000,2026-06-18,50,Active,,,0,false
2542661,5301 49th Ave SW,98136,Single Family,2026-07-05,2026-08-07,2026-08-07,1400000,1400000,2026-06-22,46,Active,,,0,false
2543853,10543 Midvale Ave N Unit A,98133,Townhouse,2026-07-18,2026-08-07,2026-08-07,360000,360000,2026-07-17,21,Active,,,0,true
2546433,6533 38th Ave SW,98126,Single Family,2026-07-05,2026-08-07,2026-08-07,1699000,1625000,2026-06-26,42,Active,2026-07-29,2026-07-29,1,false
2546461,2606 NW 57th St Unit B,98107,Townhouse,2026-07-05,2026-08-07,2026-08-07,695000,695000,2026-06-26,42,Active,,,0,false
2547705,2647 A NW 63rd St,98107,Townhouse,2026-07-05,2026-08-07,2026-08-07,924900,899900,2026-06-30,38,Active,2026-07-15,2026-07-15,1,false
2551809,3638 Greenwood Ave N Unit A,98103,Townhouse,2026-07-13,2026-08-07,2026-08-07,1044000,998950,2026-07-10,29,Active,2026-07-29,2026-07-29,1,true
2553729,516 N 102nd St,98133,Single Family,2026-07-15,2026-08-07,2026-08-07,696900,696900,2026-07-14,24,Active,,,0,true
2553732,518 N 102nd St,98133,Single Family,2026-07-15,2026-08-07,2026-08-07,596900,596900,2026-07-14,24,Active,,,0,true
2556938,929 N 87th St,98103,Single Family,2026-07-19,2026-08-07,2026-08-07,1014950,1014950,2026-07-18,20,Active,,,0,true
2556939,931 N 87th St,98103,Single Family,2026-07-19,2026-08-07,2026-08-07,959950,959950,2026-07-18,20,Active,,,0,true
2556941,933 N 87th St,98103,Single Family,2026-07-19,2026-08-07,2026-08-07,1064950,1064950,2026-07-18,20,Active,,,0,true
2557691,9211 12th Ave NE,98115,Single Family,2026-07-22,2026-08-07,2026-08-07,800000,800000,2026-07-20,18,Active,,,0,true
2559323,3009 S Findlay St,98108,Single Family,2026-08-06,2026-08-07,2026-08-07,665000,665000,2026-08-05,2,Active,,,0,true
2559810,2517 23rd Ave,98144,Single Family,2026-07-25,2026-08-07,2026-08-07,849000,849000,2026-07-24,14,Active,,,0,true
2559831,3515 NW 71st St,98117,Single Family,2026-08-01,2026-08-07,2026-08-07,1575000,1575000,2026-07-31,7,Active,,,0,true
2559901,312 NW 88th St,98117,Single Family,2026-07-25,2026-08-07,2026-08-07,749900,749900,2026-07-24,14,Active,,,0,true
2560743,9723 Evanston Ave N,98103,Single Family,2026-07-28,2026-08-07,2026-08-07,549000,549000,2026-07-27,11,Active,,,0,true
2562292,8036 9th Ave NW,98117,Single Family,2026-07-31,2026-08-07,2026-08-07,1149000,1149000,2026-07-30,8,Active,,,0,true
2471580,1111 B 26th Ave,98122,Townhouse,2026-06-08,2026-08-06,2026-08-06,769900,749950,2026-01-29,189,Active,2026-07-05,2026-07-05,1,false
2502006,150 NW 84th St,98117,Single Family,2026-06-08,2026-08-06,2026-08-06,1000000,899000,2026-06-04,63,Active,2026-07-16,2026-06-18,2,false
2517473,2615 47th Ave SW,98116,Single Family,2026-06-08,2026-08-06,2026-08-06,875000,779000,2026-05-06,92,Active,2026-07-30,2026-07-05,2,false
2517961,362 Ward St,98109,Single Family,2026-06-08,2026-08-06,2026-08-06,5308000,5308000,2026-05-05,93,Active,,,0,false
2518568,1305 NE 55th St,98105,Single Family,2026-06-08,2026-08-06,2026-08-06,775000,735000,2026-05-12,86,Active,2026-07-25,2026-07-25,1,false
2521653,721 N 79th St,98103,Single Family,2026-06-18,2026-08-06,2026-08-06,1695000,1645000,2026-06-02,65,Active,2026-07-15,2026-07-15,1,false
2522460,1533 NW 51st St,98107,Townhouse,2026-06-08,2026-08-06,2026-08-06,800000,750000,2026-05-15,83,Active,2026-07-24,2026-06-18,2,false
2522704,2112 N 64th St,98103,Single Family,2026-06-08,2026-08-06,2026-08-06,2325000,2250000,2026-06-05,62,Active,2026-07-23,2026-07-23,1,true
2527126,319 29th Ave,98122,Single Family,2026-07-16,2026-08-06,2026-08-06,1050000,1050000,2026-07-15,22,Active,,,0,true
2528822,7120 B Beacon Ave S #2,98108,Townhouse,2026-06-08,2026-08-06,2026-08-06,564900,499900,2026-05-28,70,Active,2026-08-03,2026-06-18,4,false
2537371,9223 B Densmore Ave N,98103,Townhouse,2026-06-18,2026-08-06,2026-08-06,449900,449900,2026-06-09,58,Active,,,0,false
2538183,10330 Ashworth Ave N Unit B,98133,Single Family,2026-06-18,2026-08-06,2026-08-06,749950,749950,2026-06-10,57,Active,,,0,false
2538395,10330 Ashworth Ave N,98133,Single Family,2026-06-18,2026-08-06,2026-08-06,1194950,1194950,2026-06-10,57,Active,,,0,false
2543380,511 N 76th St,98103,Single Family,2026-07-05,2026-08-06,2026-08-06,865000,825000,2026-06-23,34,Active,2026-07-20,2026-07-20,1,false
2546773,318 NE 59th St,98105,Single Family,2026-07-05,2026-08-06,2026-08-06,1200000,1175000,2026-06-26,41,Active,2026-07-18,2026-07-18,1,false
2548946,7009 Alonzo Ave NW,98117,Townhouse,2026-07-05,2026-08-06,2026-08-06,619950,619950,2026-07-02,35,Active,,,0,true
2549779,1616 Taylor Ave N,98109,Single Family,2026-07-22,2026-08-06,2026-08-06,1099000,1099000,2026-07-21,16,Active,,,0,true
2551311,8509 Burke Ave N,98103,Single Family,2026-07-13,2026-08-06,2026-08-06,1549880,1499000,2026-07-10,28,Active,2026-07-24,2026-07-24,1,true
2555242,10110 Greenwood Ave N #204,98133,Single Family,2026-07-24,2026-08-06,2026-08-06,319000,319000,2026-07-23,14,Active,,,0,true
2556468,11213 Arroyo Beach Pl SW,98146,Single Family,2026-07-18,2026-08-06,2026-08-06,3899000,3899000,2026-07-17,20,Active,,,0,true
2557076,419 N 50th St Unit A,98103,Townhouse,2026-07-22,2026-08-06,2026-08-06,1050000,1050000,2026-07-20,17,Active,,,0,true
2558359,1513 23rd Ave S,98144,Townhouse,2026-07-31,2026-08-06,2026-08-06,799950,799950,2026-07-30,7,Active,,,0,true
2560712,201 N 101st St,98133,Single Family,2026-07-31,2026-08-06,2026-08-06,595000,595000,2026-07-30,7,Active,,,0,true
2562617,11028 Evanston Ave N,98133,Single Family,2026-07-31,2026-08-06,2026-08-06,775000,775000,2026-07-30,7,Active,,,0,true
2564228,5900 34th Ave SW,98126,Single Family,2026-08-05,2026-08-06,2026-08-06,570000,570000,2026-08-04,2,Active,,,0,true
2482546,8815 Densmore Ave N Unit B,98103,Townhouse,2026-06-08,2026-08-05,2026-08-05,775000,750000,2026-02-19,167,Active,2026-07-05,2026-07-05,1,false
2490621,2117 N 36th St,98103,Single Family,2026-06-08,2026-08-05,2026-08-05,2750000,2750000,2026-03-19,139,Active,,,0,false
2498277,11229 Greenwood Ave N Unit C,98133,Townhouse,2026-07-05,2026-08-05,2026-08-05,699900,699900,2026-06-25,41,Active,,,0,false
2500812,2011 NW 64th St Unit B,98107,Townhouse,2026-06-08,2026-08-05,2026-08-05,815000,815000,2026-04-07,120,Active,,,0,false
2503520,7533 31st Ave NE,98115,Townhouse,2026-06-08,2026-08-05,2026-08-05,1649950,1649950,2026-04-06,121,Active,,,0,false
2508450,41 W Etruria St Unit C,98119,Townhouse,2026-06-08,2026-08-05,2026-08-05,928000,919000,2026-04-16,111,Active,2026-06-18,2026-06-18,1,false
2509786,8817 Densmore Ave N,98103,Townhouse,2026-06-08,2026-08-05,2026-08-05,850000,825000,2026-04-17,110,Active,2026-07-05,2026-07-05,1,false
2523931,4586 22nd Ave SW,98106,Townhouse,2026-06-08,2026-08-05,2026-08-05,644950,644950,2026-05-14,83,Active,,,0,false
2529578,4353 SW Willow St,98136,Townhouse,2026-06-08,2026-08-05,2026-08-05,869000,869000,2026-06-04,62,Active,,,0,false
2531292,809 NE 90th St,98115,Single Family,2026-06-08,2026-08-05,2026-08-05,878950,878950,2026-05-29,68,Active,,,0,false
2531574,11026 Evanston Ave N,98133,Single Family,2026-06-08,2026-08-05,2026-08-05,825000,825000,2026-05-29,68,Active,,,0,false
2534283,8316 Mary Ave NW Unit C,98117,Townhouse,2026-06-08,2026-08-05,2026-08-05,739950,739950,2026-06-04,62,Active,,,0,false
2534296,7305 Earl Ave NW,98117,Single Family,2026-07-13,2026-08-05,2026-08-05,989000,964000,2026-07-11,26,Active,2026-07-24,2026-07-24,1,true
2535876,8421 39th Ave SW,98136,Single Family,2026-06-08,2026-08-05,2026-08-05,899950,865000,2026-06-05,61,Active,2026-07-13,2026-07-13,1,true
2544421,5926 23rd Ave S,98108,Single Family,2026-07-05,2026-08-05,2026-08-05,1109000,975000,2026-06-25,41,Active,2026-07-15,2026-07-15,1,false
2545136,11720 Evanston Ave N,98133,Single Family,2026-07-13,2026-08-05,2026-08-05,950000,925000,2026-07-11,26,Active,2026-07-18,2026-07-18,1,true
2545403,3104 SW Avalon Way Unit G,98126,Townhouse,2026-07-05,2026-08-05,2026-08-05,585000,585000,2026-06-24,42,Active,,,0,false
2545844,4351 SW Willow St,98136,Townhouse,2026-07-05,2026-08-05,2026-08-05,849000,819000,2026-06-25,41,Active,2026-07-23,2026-07-23,1,false
2550547,11326 14th Ave NE,98125,Single Family,2026-07-13,2026-08-05,2026-08-05,825000,800000,2026-07-10,27,Active,2026-07-27,2026-07-27,1,true
2550787,6359 18th Ave SW,98106,Single Family,2026-07-13,2026-08-05,2026-08-05,824950,824950,2026-07-09,28,Active,,,0,false
2551077,5025 48th Ave SW,98136,Single Family,2026-07-13,2026-08-05,2026-08-05,995000,995000,2026-07-10,19,Active,,,0,true
2551088,14337 Burke Ave N,98133,Single Family,2026-07-30,2026-08-05,2026-08-05,550000,550000,2026-07-29,7,Active,,,0,true
2551375,6950 24th Ave SW,98106,Single Family,2026-07-15,2026-08-05,2026-08-05,724950,714950,2026-07-14,22,Active,2026-07-23,2026-07-23,1,true
2551394,3446 13th Ave W Unit B,98119,Townhouse,2026-07-13,2026-08-05,2026-08-05,949900,949900,2026-07-10,27,Active,,,0,true
2552789,317 NE 91st St,98115,Single Family,2026-07-13,2026-08-05,2026-08-05,1250000,1250000,2026-07-11,26,Active,,,0,true
2553627,4329 5th Ave NE,98105,Single Family,2026-07-13,2026-08-05,2026-08-05,889000,889000,2026-07-13,24,Active,,,0,true
2554598,2310 W Newton St,98199,Townhouse,2026-07-15,2026-08-05,2026-08-05,689000,689000,2026-07-14,22,Active,,,0,true
2558133,6540 B Latona Ave NE,98115,Townhouse,2026-07-24,2026-08-05,2026-08-05,839950,839950,2026-07-23,13,Active,,,0,true
2558430,4308 Wallingford Ave N Unit C,98103,Townhouse,2026-07-24,2026-08-05,2026-08-05,828888,828888,2026-07-23,13,Active,,,0,true
2559243,2768 SW Holden St,98126,Single Family,2026-07-24,2026-08-05,2026-08-05,900000,900000,2026-07-23,13,Active,,,0,true
2559313,1515 37th Ave,98122,Single Family,2026-07-30,2026-08-05,2026-08-05,2400000,2400000,2026-07-29,7,Active,,,0,true
2559758,2316 41st Ave SW,98116,Single Family,2026-07-25,2026-08-05,2026-08-05,1050000,1050000,2026-07-24,12,Active,,,0,true
2561352,9718 12th Ave NW,98117,Single Family,2026-07-31,2026-08-05,2026-08-05,949950,949950,2026-07-30,6,Active,,,0,true
2561716,6223 9th Ave NE,98115,Townhouse,2026-07-30,2026-08-05,2026-08-05,749950,749950,2026-07-29,7,Active,,,0,true
2562102,4837 46th Ave SW,98116,Single Family,2026-08-01,2026-08-05,2026-08-05,950000,950000,2026-07-31,5,Active,,,0,true
2562907,7768 14th Ave SW,98106,Single Family,2026-08-01,2026-08-05,2026-08-05,599000,599000,2026-07-31,5,Active,,,0,true
2485688,3070 SW Avalon Way Unit E,98126,Townhouse,2026-06-08,2026-08-04,2026-08-04,744950,699950,2026-03-05,152,Active,2026-07-05,2026-06-18,2,false
2492152,935 N 92nd St,98103,Single Family,2026-06-08,2026-08-04,2026-08-04,699750,670000,2026-03-12,145,Active,2026-07-05,2026-06-18,2,false
2501434,3835 25th Ave W,98199,Townhouse,2026-06-08,2026-08-04,2026-08-04,799500,774999,2026-04-02,124,Active,2026-07-15,2026-07-15,1,false
2504377,115 Dorffel Dr E,98112,Single Family,2026-06-08,2026-08-04,2026-08-04,3725000,3495000,2026-04-10,116,Active,2026-07-05,2026-07-05,1,false
2508838,11231 Greenwood Ave N Unit A,98133,Townhouse,2026-06-08,2026-08-04,2026-08-04,819900,799900,2026-04-16,110,Active,2026-07-05,2026-07-05,1,false
2513029,9219 Stone Ave N,98103,Single Family,2026-06-08,2026-08-04,2026-08-04,665000,665000,2026-05-15,81,Active,,,0,false
2526048,8042 35th Ave NE Unit B,98115,Townhouse,2026-06-08,2026-08-04,2026-08-04,624990,599990,2026-05-20,76,Active,2026-06-18,2026-06-18,1,false
2528345,8022 Fauntleroy Way SW,98136,Single Family,2026-06-08,2026-08-04,2026-08-04,2200000,2200000,2026-05-22,74,Active,,,0,false
2533585,3657 W Viewmont Way W,98199,Single Family,2026-07-13,2026-08-04,2026-08-04,2135000,2135000,2026-07-10,26,Active,,,0,true
2534065,2727 Fairview Ave E #18,98102,Single Family,2026-06-18,2026-08-04,2026-08-04,595000,595000,2026-06-08,57,Active,,,0,false
2534627,899 NW Elford Dr,98177,Single Family,2026-07-05,2026-08-04,2026-08-04,2588000,2588000,2026-06-23,42,Active,,,0,false
2534750,305 17th Ave E,98112,Townhouse,2026-07-05,2026-08-04,2026-08-04,1149000,1149000,2026-06-25,40,Active,,,0,false
2540712,2031 Fairview Ave E Unit I,98102,Single Family,2026-06-18,2026-08-04,2026-08-04,2300000,2099000,2026-06-17,47,Active,2026-07-30,2026-07-13,2,true
2543970,6226 7th Ave NW,98107,Single Family,2026-07-05,2026-08-04,2026-08-04,820000,820000,2026-06-23,42,Active,,,0,false
2545597,310 NW 75th St,98117,Single Family,2026-07-05,2026-08-04,2026-08-04,995000,995000,2026-06-25,40,Active,,,0,false
2550030,710 14th Ave Unit C,98122,Townhouse,2026-07-13,2026-08-04,2026-08-04,715000,699000,2026-07-10,26,Active,2026-07-24,2026-07-24,1,true
2551291,825 A 17th Ave,98144,Townhouse,2026-07-13,2026-08-04,2026-08-04,1099950,1099950,2026-07-09,27,Active,,,0,false
2551974,5922 23rd Ave S,98108,Single Family,2026-07-24,2026-08-04,2026-08-04,899990,899990,2026-07-23,12,Active,,,0,true
2553196,1109 33rd Ave E,98112,Single Family,2026-07-16,2026-08-04,2026-08-04,2495000,2495000,2026-07-15,20,Active,,,0,true
2553523,314 25th Ave E,98112,Single Family,2026-07-18,2026-08-04,2026-08-04,899000,899000,2026-07-17,18,Active,,,0,true
2554341,4048 56th Ave SW,98116,Single Family,2026-07-16,2026-08-04,2026-08-04,1775800,1775800,2026-07-15,20,Active,,,0,true
2554494,6001 60th Ave NE,98115,Single Family,2026-07-17,2026-08-04,2026-08-04,1995000,1995000,2026-07-16,19,Active,,,0,true
2555841,6408 14th Ave NW Unit B,98107,Townhouse,2026-07-17,2026-08-04,2026-08-04,565000,565000,2026-07-16,19,Active,,,0,true
2555975,4112 Linden Ave N Unit A,98103,Townhouse,2026-07-17,2026-08-04,2026-08-04,870000,870000,2026-07-16,19,Active,,,0,true
2557310,3209 63rd Ave SW,98116,Single Family,2026-08-01,2026-08-04,2026-08-04,785000,785000,2026-07-31,4,Active,,,0,true
2557763,5248 17th Ave NE,98105,Single Family,2026-07-24,2026-08-04,2026-08-04,1839000,1839000,2026-07-23,12,Active,,,0,true
2558324,4317 SW Charlestown St,98116,Single Family,2026-07-25,2026-08-04,2026-08-04,585000,585000,2026-07-24,11,Active,,,0,true
2558517,3411 E Terrace St,98122,Single Family,2026-07-30,2026-08-04,2026-08-04,2450000,2450000,2026-07-29,6,Active,,,0,true
2559551,2301 Rosemont Pl W,98199,Single Family,2026-07-24,2026-08-04,2026-08-04,3100000,3100000,2026-07-23,12,Active,,,0,true
2559820,3057 19th Ave S,98144,Single Family,2026-07-30,2026-08-04,2026-08-04,925000,925000,2026-07-29,6,Active,,,0,true
2559896,3026 NW 71st St,98117,Single Family,2026-07-25,2026-08-04,2026-08-04,1250000,1250000,2026-07-24,11,Active,,,0,true
2560327,8837 34th Ave SW,98126,Single Family,2026-07-31,2026-08-04,2026-08-04,1095000,1095000,2026-07-30,5,Active,,,0,true
2560895,3647 33rd Ave W,98199,Single Family,2026-07-30,2026-08-04,2026-08-04,2225000,2225000,2026-07-29,6,Active,,,0,true
2561077,7531 25th Ave NW,98117,Single Family,2026-07-30,2026-08-04,2026-08-04,1299950,1299950,2026-07-29,6,Active,,,0,true
2561551,1047 NE 98th St,98115,Single Family,2026-07-31,2026-08-04,2026-08-04,1025000,1025000,2026-07-30,5,Active,,,0,true
2561620,110 NE 59th St,98105,Single Family,2026-07-31,2026-08-04,2026-08-04,1650000,1650000,2026-07-30,5,Active,,,0,true
2561887,13026 6th Ave NW,98177,Single Family,2026-08-01,2026-08-04,2026-08-04,948000,948000,2026-07-31,4,Active,,,0,true
2561915,239 NW 48th St,98107,Single Family,2026-07-30,2026-08-04,2026-08-04,1282500,1282500,2026-07-29,6,Active,,,0,true
2562228,3849 NE 88th St,98115,Townhouse,2026-08-01,2026-08-04,2026-08-04,1279000,1375000,2026-07-31,4,Active,2026-08-04,2026-08-04,1,true
2562714,2424 E Mercer St,98112,Single Family,2026-08-02,2026-08-04,2026-08-04,850000,850000,2026-08-01,3,Active,,,0,true
2562816,9420 7th Ave SW,98106,Single Family,2026-07-31,2026-08-04,2026-08-04,780000,780000,2026-07-30,5,Active,,,0,true
2563849,6238 Woodlawn Ave N,98103,Single Family,2026-08-04,2026-08-04,2026-08-04,1795000,1795000,2026-08-03,1,Active,,,0,true
2494701,7934 20th Ave SW,98106,Single Family,2026-06-18,2026-08-03,2026-08-03,529000,560000,2026-04-01,124,Active,2026-07-05,2026-07-05,1,false
2503450,1223 7th Ave W,98119,Single Family,2026-06-08,2026-08-03,2026-08-03,3885000,3885000,2026-04-09,116,Active,,,0,false
2512560,1419 McGilvra Blvd E,98112,Single Family,2026-06-08,2026-08-03,2026-08-03,2175000,1995000,2026-04-30,95,Active,2026-07-24,2026-07-05,2,false
2515190,2452 NW 60th St,98107,Townhouse,2026-06-08,2026-08-03,2026-08-03,725000,725000,2026-05-01,94,Active,,,0,false
2515941,2900 Westlake Ave N,98109,Single Family,2026-06-08,2026-08-03,2026-08-03,15000000,15000000,2026-05-01,94,Active,,,0,false
2523969,5821 3rd Ave NW,98107,Single Family,2026-06-08,2026-08-03,2026-08-03,999000,825000,2026-05-28,61,Active,2026-07-28,2026-06-18,4,false
2527896,4622 57th Ave SW,98116,Single Family,2026-06-08,2026-08-03,2026-08-03,2375000,2295000,2026-06-03,61,Active,2026-07-05,2026-07-05,1,false
2532529,6535 34th Ave NE Unit B,98115,Townhouse,2026-06-08,2026-08-03,2026-08-03,1049000,950000,2026-06-03,61,Active,2026-08-03,2026-06-18,5,false
2533309,8917 Fauntleroy Way SW,98136,Single Family,2026-06-08,2026-08-03,2026-08-03,2750000,2695000,2026-06-04,60,Active,2026-07-05,2026-07-05,1,false
2534053,3607 22nd Ave W Unit A,98199,Townhouse,2026-06-08,2026-08-03,2026-08-03,924980,894950,2026-06-04,60,Active,2026-07-05,2026-07-05,1,false
2534921,1521 NW 63rd St Unit A,98107,Townhouse,2026-06-08,2026-08-03,2026-08-03,1199950,1199950,2026-06-04,60,Active,,,0,false
2538052,3216 24th Ave W,98199,Single Family,2026-06-18,2026-08-03,2026-08-03,1150000,1039000,2026-06-11,53,Active,2026-07-22,2026-07-13,2,false
2538172,1972 25th Ave E,98112,Townhouse,2026-06-18,2026-08-03,2026-08-03,849000,849000,2026-06-11,53,Active,,,0,false
2549163,8824 32nd Ave SW,98126,Single Family,2026-07-13,2026-08-03,2026-08-03,689000,674000,2026-07-10,25,Active,2026-07-31,2026-07-31,1,true
2551513,8347 9th Ave NW,98117,Single Family,2026-07-13,2026-08-03,2026-08-03,799950,799950,2026-07-10,25,Active,,,0,true
2557072,13758 3rd Ave NW,98177,Single Family,2026-07-20,2026-08-03,2026-08-03,829900,829900,2026-07-19,15,Active,,,0,true
2557379,5946 18th Ave SW #1,98106,Single Family,2026-07-22,2026-08-03,2026-08-03,699000,699000,2026-07-20,14,Active,,,0,true
2558529,8043 B 19th Ave NE,98115,Townhouse,2026-07-25,2026-08-03,2026-08-03,712499,712499,2026-07-22,12,Active,,,0,true
2559435,8353 20th Ave NW,98117,Single Family,2026-07-24,2026-08-03,2026-08-03,1230000,1230000,2026-07-23,11,Active,,,0,true
2560093,4030 38th Ave SW,98126,Single Family,2026-07-31,2026-08-03,2026-08-03,1100000,1100000,2026-07-30,4,Active,,,0,true
2561572,7515 Mary Ave NW,98117,Single Family,2026-07-29,2026-08-03,2026-08-03,899950,899950,2026-07-28,5,Active,,,0,true
2562166,1257 NE 100th St,98125,Single Family,2026-08-01,2026-08-03,2026-08-03,725000,725000,2026-07-31,3,Active,,,0,true
2562168,1255 NE 100th St,98125,Townhouse,2026-08-01,2026-08-03,2026-08-03,750000,750000,2026-07-31,3,Active,,,0,true
2562244,9223 21st Ave SW,98106,Single Family,2026-07-31,2026-08-03,2026-08-03,625000,625000,2026-07-30,4,Active,,,0,true
2562558,3240 32nd Ave W,98199,Single Family,2026-08-01,2026-08-03,2026-08-03,1675000,1675000,2026-07-31,3,Active,,,0,true
2563422,9519 8th Ave NW Unit B,98117,Townhouse,2026-08-02,2026-08-03,2026-08-03,498000,498000,2026-08-01,2,Active,,,0,true
2527067,2361 Minor Ave E Unit C,98102,Townhouse,2026-06-08,2026-08-02,2026-08-02,1349000,1349000,2026-05-21,73,Active,,,0,false
2534003,7729 12th Ave SW,98106,Single Family,2026-06-08,2026-08-02,2026-08-02,675000,599000,2026-06-03,58,Active,2026-07-31,2026-06-18,3,false
2537456,3033 27th Ave W,98199,Single Family,2026-06-18,2026-08-02,2026-08-02,2450000,2450000,2026-06-17,45,Active,,,0,true
2552673,9823 41st Ave SW,98136,Single Family,2026-07-27,2026-08-02,2026-08-02,959000,959000,2026-07-26,5,Active,,,0,true
2558541,5720 NE 65th St,98115,Townhouse,2026-07-23,2026-08-02,2026-08-02,1662450,1662450,2026-07-22,11,Active,,,0,true
2560451,1403 NW 59th St,98107,Single Family,2026-07-30,2026-08-02,2026-08-02,650000,650000,2026-07-29,4,Active,,,0,true
2509350,12317 10th Pl NE Unit B,98125,Townhouse,2026-06-08,2026-08-01,2026-08-01,610000,575000,2026-04-17,106,Active,2026-07-13,2026-07-05,2,false
2517156,5114 15th Ave S,98108,Single Family,2026-06-08,2026-08-01,2026-08-01,1099995,1080000,2026-05-01,92,Active,2026-07-25,2026-06-18,4,false
2523545,2822 Boyer Ave E #11,98102,Single Family,2026-06-18,2026-08-01,2026-08-01,2300000,2300000,2026-05-15,78,Active,,,0,false
2523798,6525 23rd Ave NE,98115,Single Family,2026-06-08,2026-08-01,2026-08-01,975000,893000,2026-05-14,79,Active,2026-07-31,2026-06-18,2,false
2535233,4000 SW Myrtle St,98136,Single Family,2026-06-18,2026-08-01,2026-08-01,1550000,1455000,2026-06-11,51,Active,2026-07-22,2026-07-05,2,false
2538326,3824 48th Ave NE,98105,Single Family,2026-06-18,2026-08-01,2026-08-01,2395000,2395000,2026-06-11,51,Active,,,0,false
2545711,7043 17 Ave NW,98117,Single Family,2026-07-05,2026-08-01,2026-08-01,989000,949950,2026-06-25,37,Active,2026-07-13,2026-07-13,1,false
2547786,2239 Minor Ave E Unit C,98102,Townhouse,2026-07-13,2026-08-01,2026-08-01,1049000,1049000,2026-07-09,24,Active,,,0,false
2551395,10235 33rd Ave SW,98146,Single Family,2026-07-13,2026-08-01,2026-08-01,625000,625000,2026-07-09,24,Active,,,0,false
2551566,1120 26th Ave S,98144,Townhouse,2026-07-15,2026-08-01,2026-08-01,825000,825000,2026-07-14,18,Active,,,0,true
2556079,505 W Kinnear Pl,98119,Single Family,2026-07-17,2026-08-01,2026-08-01,1995000,1995000,2026-07-16,16,Active,,,0,true
2557931,2314 S Forest St,98144,Single Family,2026-07-24,2026-08-01,2026-08-01,1099000,1099000,2026-07-22,10,Active,,,0,true
2558704,9725 Evanston Ave N,98103,Single Family,2026-07-23,2026-08-01,2026-08-01,1119000,1119000,2026-07-22,10,Active,,,0,true
2562449,1911 9th Ave W,98119,Single Family,2026-07-31,2026-08-01,2026-08-01,950000,950000,2026-07-30,2,Active,,,0,true
2563215,10829 11th Ave NE,98125,Townhouse,2026-08-01,2026-08-01,2026-08-01,799000,799000,2026-07-31,1,Active,,,0,true
2457680,3304 Fuhrman Ave E #10,98102,Single Family,2026-06-08,2026-07-31,2026-07-31,298000,298000,2025-11-26,247,Active,,,0,false
2494278,1541 Cherrylane Pl S #1541,98144,Townhouse,2026-06-08,2026-07-31,2026-07-31,499000,499000,2026-03-18,135,Active,,,0,false
2503896,6307 34th Ave SW,98126,Townhouse,2026-06-08,2026-07-31,2026-07-31,615000,615000,2026-04-09,113,Active,,,0,false
2503965,5235 19th Ave NE,98105,Single Family,2026-06-08,2026-07-31,2026-07-31,1600000,1600000,2026-04-07,115,Active,,,0,false
2505503,6318 41st Ave SW Unit A,98136,Townhouse,2026-06-08,2026-07-31,2026-07-31,825000,825000,2026-04-10,112,Active,,,0,false
2505693,712 W Bertona St Unit A,98119,Single Family,2026-06-08,2026-07-31,2026-07-31,775000,747500,2026-04-16,106,Active,2026-07-05,2026-07-05,1,false
2511605,1514 NE 70th St,98115,Single Family,2026-06-08,2026-07-31,2026-07-31,1200000,1200000,2026-04-23,99,Active,,,0,false
2515313,2331 E Madison St,98112,Townhouse,2026-06-08,2026-07-31,2026-07-31,1000000,1000000,2026-04-30,92,Active,,,0,false
2515354,1228 NE Brockman Pl,98125,Single Family,2026-06-08,2026-07-31,2026-07-31,885000,885000,2026-04-29,93,Active,,,0,false
2517546,4916 24th Pl S,98108,Single Family,2026-06-08,2026-07-31,2026-07-31,980000,899950,2026-05-04,88,Active,2026-06-18,2026-06-18,1,false
2520384,3131 SW Raymond St,98126,Townhouse,2026-06-08,2026-07-31,2026-07-31,730000,709000,2026-05-07,85,Active,2026-07-25,2026-07-05,2,false
2523327,6400 Fauntleroy Way SW,98136,Townhouse,2026-06-08,2026-07-31,2026-07-31,779995,779995,2026-05-13,79,Active,,,0,false
2523867,2615 NW 65th St,98117,Townhouse,2026-06-08,2026-07-31,2026-07-31,825000,799950,2026-05-14,78,Active,2026-07-05,2026-07-05,1,false
2524981,6318 41st Ave SW Unit D,98136,Townhouse,2026-06-08,2026-07-31,2026-07-31,699000,699000,2026-05-15,77,Active,,,0,false
2527505,1318 Yakima Ave S Unit A03,98144,Townhouse,2026-06-08,2026-07-31,2026-07-31,775000,745000,2026-05-21,71,Active,2026-07-13,2026-07-05,2,false
2528066,2928 S Webster St,98108,Single Family,2026-06-08,2026-07-31,2026-07-31,724990,699950,2026-05-21,65,Active,2026-07-13,2026-07-13,1,false
2534781,4323 15th Ave S,98108,Single Family,2026-06-08,2026-07-31,2026-07-31,910000,890000,2026-06-04,57,Active,2026-07-05,2026-07-05,1,false
2537595,9118 Linden Ave N,98103,Single Family,2026-07-17,2026-07-31,2026-07-31,600000,600000,2026-07-16,15,Active,,,0,true
2544297,9519 8th Ave NW Unit B,98117,Townhouse,2026-07-05,2026-07-31,2026-07-31,498000,498000,2026-06-23,38,Active,,,0,false
2545249,8358 19th Ave NW Unit B,98117,Townhouse,2026-07-05,2026-07-31,2026-07-31,655000,635000,2026-06-25,36,Active,2026-07-23,2026-07-23,1,false
2545257,4018 59th Ave SW,98116,Single Family,2026-07-05,2026-07-31,2026-07-31,900000,900000,2026-06-25,36,Active,,,0,false
2548185,7342 20th Ave NW,98117,Single Family,2026-07-05,2026-07-31,2026-07-31,2098000,2098000,2026-07-01,30,Active,,,0,false
2548716,8529 29th Ave NW,98117,Single Family,2026-07-05,2026-07-31,2026-07-31,1349000,1349000,2026-07-02,29,Active,,,0,true
2550775,454 NE 40th St,98105,Townhouse,2026-07-13,2026-07-31,2026-07-31,1995000,1995000,2026-07-11,21,Active,,,0,true
2552988,9001 28th Ave NW,98117,Single Family,2026-07-17,2026-07-31,2026-07-31,1525000,1490000,2026-07-16,15,Active,2026-07-25,2026-07-25,1,true
2553941,1210 S Lucile St,98108,Single Family,2026-07-13,2026-07-31,2026-07-31,664950,664950,2026-07-13,18,Active,,,0,true
2554980,4045 44th Ave SW,98116,Single Family,2026-07-31,2026-07-31,2026-07-31,929000,929000,2026-07-30,1,Active,,,0,true
2557211,2910 9th Ave W,98119,Single Family,2026-07-22,2026-07-31,2026-07-31,2449000,2449000,2026-07-21,10,Active,,,0,true
2560219,425 26th Ave E,98112,Single Family,2026-07-30,2026-07-31,2026-07-31,1265000,1265000,2026-07-29,2,Active,,,0,true
2560955,7524 12th Ave NW,98117,Single Family,2026-07-31,2026-07-31,2026-07-31,895000,895000,2026-07-30,1,Active,,,0,true
2561101,4804 NE 65th St,98115,Single Family,2026-07-31,2026-07-31,2026-07-31,1225000,1225000,2026-07-30,1,Active,,,0,true
2561324,10835 11th Ave NE,98125,Townhouse,2026-07-31,2026-07-31,2026-07-31,799000,799000,2026-07-30,1,Active,,,0,true
2561337,8527 Latona Ave NE,98115,Single Family,2026-07-30,2026-07-31,2026-07-31,2375000,2375000,2026-07-29,2,Active,,,0,true
2561345,10829 11th Ave NE,98125,Townhouse,2026-07-31,2026-07-31,2026-07-31,799000,799000,2026-07-30,1,Active,,,0,true
2562059,1502 N 100th St,98133,Single Family,2026-07-31,2026-07-31,2026-07-31,750000,750000,2026-07-30,1,Active,,,0,true
2562073,1504 N 100th St,98133,Townhouse,2026-07-31,2026-07-31,2026-07-31,725000,725000,2026-07-30,1,Active,,,0,true
2562079,1506 N 100th St,98133,Townhouse,2026-07-31,2026-07-31,2026-07-31,1100000,1100000,2026-07-30,1,Active,,,0,true
2476814,5064 Beach Dr SW,98136,Single Family,2026-06-08,2026-07-30,2026-07-30,1750000,1750000,2026-02-06,174,Active,,,0,false
2494649,14308 Roslyn Pl N Unit B,98133,Townhouse,2026-06-08,2026-07-30,2026-07-30,629950,629950,2026-03-19,133,Active,,,0,false
2500356,10319 Midvale Ave N Unit A,98133,Townhouse,2026-06-08,2026-07-30,2026-07-30,535000,535000,2026-04-02,119,Active,,,0,false
2504109,1549 Magnolia Way W,98199,Single Family,2026-06-08,2026-07-30,2026-07-30,3680000,3680000,2026-04-09,112,Active,,,0,false
2508056,2017 Parkside Dr E,98112,Single Family,2026-06-08,2026-07-30,2026-07-30,6900000,6900000,2026-04-23,98,Active,,,0,false
2512604,2834 Fairview Ave E,98102,Townhouse,2026-06-08,2026-07-30,2026-07-30,2335000,2335000,2026-05-14,77,Active,,,0,false
2516163,9032 14th Ave NW Unit D,98117,Townhouse,2026-06-08,2026-07-30,2026-07-30,630750,630750,2026-04-30,91,Active,,,0,false
2518231,801 W Barrett St,98119,Single Family,2026-06-08,2026-07-30,2026-07-30,2495000,2495000,2026-05-07,84,Active,,,0,false
2520104,909 32nd Ave S Unit B,98144,Townhouse,2026-06-18,2026-07-30,2026-07-30,828775,828775,2026-05-08,83,Active,,,0,false
2523673,2337 W Plymouth St,98199,Single Family,2026-07-05,2026-07-30,2026-07-30,1300000,1300000,2026-06-24,36,Active,,,0,false
2528229,7324 7th Pl SW Unit A,98106,Single Family,2026-06-08,2026-07-30,2026-07-30,629000,609000,2026-05-21,70,Active,2026-07-05,2026-07-05,1,false
2529494,2024 W Bertona St,98199,Townhouse,2026-06-08,2026-07-30,2026-07-30,749950,724950,2026-05-26,65,Active,2026-07-05,2026-07-05,1,false
2531973,3834 NE 86th St,98115,Single Family,2026-06-08,2026-07-30,2026-07-30,1250000,1250000,2026-05-29,62,Active,,,0,false
2532958,4007 48th Ave NE,98105,Single Family,2026-06-08,2026-07-30,2026-07-30,2350000,2195000,2026-06-03,57,Active,2026-06-18,2026-06-18,1,false
2535281,5632 42nd Ave SW,98136,Single Family,2026-07-05,2026-07-30,2026-07-30,1349950,1299950,2026-06-18,42,Active,2026-07-18,2026-07-18,1,false
2539050,4221 Evanston Ave N Unit B,98103,Townhouse,2026-06-18,2026-07-30,2026-07-30,931000,931000,2026-06-11,49,Active,,,0,false
2542879,3936 Woodland Park Ave N,98103,Single Family,2026-07-05,2026-07-30,2026-07-30,1449000,1449000,2026-06-18,42,Active,,,0,false
2545236,10746 Interlake Ave N,98133,Townhouse,2026-07-05,2026-07-30,2026-07-30,529000,529000,2026-06-24,36,Active,,,0,false
2547675,1915 25th Ave S Unit D,98144,Townhouse,2026-07-05,2026-07-30,2026-07-30,578000,578000,2026-07-03,27,Active,,,0,true
2550644,6911 California Ave SW Unit C,98136,Townhouse,2026-07-13,2026-07-30,2026-07-30,685000,670000,2026-07-10,21,Active,2026-07-16,2026-07-16,1,true
2550747,2315 B Franklin Ave E Unit B,98102,Single Family,2026-07-13,2026-07-30,2026-07-30,875000,875000,2026-07-09,7,Active,,,0,false
2551025,1819 39th Ave E,98112,Single Family,2026-07-13,2026-07-30,2026-07-30,2195000,2195000,2026-07-09,22,Active,,,0,false
2551269,2508 13th Ave W,98119,Single Family,2026-07-13,2026-07-30,2026-07-30,1999995,1899999,2026-07-09,22,Active,2026-07-26,2026-07-15,2,false
2552394,4128 3rd Ave NW,98107,Single Family,2026-07-13,2026-07-30,2026-07-30,1325000,1325000,2026-07-11,20,Active,,,0,true
2555467,525 27th Ave,98122,Single Family,2026-07-16,2026-07-30,2026-07-30,1420000,1420000,2026-07-15,15,Active,,,0,true
2556089,10038 13th Ave NW,98177,Single Family,2026-07-18,2026-07-30,2026-07-30,1100000,1100000,2026-07-17,13,Active,,,0,true
2556506,7015 12th Ave SW,98106,Single Family,2026-07-24,2026-07-30,2026-07-30,589000,589000,2026-07-23,7,Active,,,0,true
2557000,9615 Roosevelt Way NE Unit A,98115,Townhouse,2026-07-27,2026-07-30,2026-07-30,675000,675000,2026-07-26,3,Active,,,0,true
2560215,409 NE 60th St,98115,Single Family,2026-07-25,2026-07-30,2026-07-30,1200000,1200000,2026-07-24,6,Active,,,0,true
2461032,7144 47th Ave SW,98136,Townhouse,2026-06-08,2026-07-29,2026-07-29,750000,699999,2025-12-13,228,Active,2026-06-18,2026-06-18,1,false
2500712,5560 15th Ave S,98108,Single Family,2026-06-08,2026-07-29,2026-07-29,799999,749999,2026-04-29,91,Active,2026-07-05,2026-07-05,1,false
2503720,3812 22nd Ave SW,98106,Single Family,2026-06-08,2026-07-29,2026-07-29,775000,775000,2026-04-15,96,Active,,,0,false
2505724,371 Prospect St,98109,Single Family,2026-06-08,2026-07-29,2026-07-29,2695000,2695000,2026-04-24,96,Active,,,0,false
2514946,10758 Ashworth Ave N,98133,Single Family,2026-06-08,2026-07-29,2026-07-29,930000,875000,2026-04-29,91,Active,2026-07-13,2026-06-18,2,false
2514996,2422 NW 60th Unit B,98107,Townhouse,2026-06-08,2026-07-29,2026-07-29,799000,783900,2026-04-29,91,Active,2026-07-13,2026-06-18,2,false
2516820,7330 25th Ave NW,98117,Townhouse,2026-06-08,2026-07-29,2026-07-29,779950,779950,2026-05-01,89,Active,,,0,false
2522636,5309 47th Ave SW,98136,Single Family,2026-06-08,2026-07-29,2026-07-29,1100000,999500,2026-05-14,76,Active,2026-07-22,2026-06-18,2,false
2525673,6747 15th Ave NW,98117,Townhouse,2026-07-13,2026-07-29,2026-07-29,975000,975000,2026-07-08,22,Active,,,0,false
2529974,2456 3rd Ave W,98119,Single Family,2026-06-08,2026-07-29,2026-07-29,1325000,1275000,2026-05-29,61,Active,2026-07-05,2026-07-05,1,false
2534809,6848 31st Ave NE,98115,Single Family,2026-06-08,2026-07-29,2026-07-29,1075000,998000,2026-06-04,51,Active,2026-07-05,2026-07-05,1,false
2536847,3445 60th Ave SW,98116,Single Family,2026-07-17,2026-07-29,2026-07-29,1598000,1598000,2026-07-16,13,Active,,,0,true
2540239,9219 30th Ave SW,98126,Single Family,2026-06-18,2026-07-29,2026-07-29,689000,665000,2026-06-17,41,Active,2026-07-23,2026-07-14,2,true
2545766,1205 NW Woodbine Way,98177,Single Family,2026-07-05,2026-07-29,2026-07-29,1225000,1225000,2026-06-28,31,Active,,,0,false
2547887,239 NW 48th St,98107,Single Family,2026-07-17,2026-07-29,2026-07-29,1350000,1350000,2026-07-16,13,Active,,,0,true
2548085,6726 35th Pl S,98118,Townhouse,2026-07-05,2026-07-29,2026-07-29,650000,650000,2026-07-01,28,Active,,,0,false
2548520,6246 39th Ave NE,98115,Single Family,2026-07-17,2026-07-29,2026-07-29,1185000,1185000,2026-07-16,13,Active,,,0,true
2548923,8555 30th Ave NW,98117,Single Family,2026-07-18,2026-07-29,2026-07-29,850000,850000,2026-07-17,12,Active,,,0,true
2549442,2205 Bigelow Ave N #6,98109,Townhouse,2026-07-29,2026-07-29,2026-07-29,845000,845000,2026-07-27,2,Active,,,0,true
2549803,715 W Wheeler St,98119,Single Family,2026-07-13,2026-07-29,2026-07-29,1065000,1045000,2026-07-09,21,Active,2026-07-20,2026-07-20,1,false
2550272,4311 Greenwood Ave N,98103,Single Family,2026-07-13,2026-07-29,2026-07-29,1400000,1400000,2026-07-08,22,Active,,,0,false
2551189,4318 1st Ave NE,98105,Single Family,2026-07-13,2026-07-29,2026-07-29,1300000,1300000,2026-07-09,21,Active,,,0,false
2553012,2755 SW Sylvan Heights Dr,98106,Townhouse,2026-07-24,2026-07-29,2026-07-29,600000,600000,2026-07-23,6,Active,,,0,true
2555879,110 29th Ave E,98112,Single Family,2026-07-17,2026-07-29,2026-07-29,799950,799950,2026-07-16,13,Active,,,0,true
2556228,2202 N 41st St,98103,Single Family,2026-07-24,2026-07-29,2026-07-29,1885000,1885000,2026-07-23,6,Active,,,0,true
2558287,106 29th Ave E,98112,Single Family,2026-07-25,2026-07-29,2026-07-29,1549950,1549950,2026-07-24,5,Active,,,0,true
2558385,1217 S Charlestown St,98108,Single Family,2026-07-24,2026-07-29,2026-07-29,850000,850000,2026-07-23,6,Active,,,0,true
2558577,1623 14th Ave Unit E,98122,Townhouse,2026-07-23,2026-07-29,2026-07-29,899950,899950,2026-07-22,7,Active,,,0,true
2558727,731 N 80th St,98103,Single Family,2026-07-23,2026-07-29,2026-07-29,767000,767000,2026-07-22,7,Active,,,0,true
2559162,2714 10th Ave W,98119,Single Family,2026-07-24,2026-07-29,2026-07-29,1450000,1450000,2026-07-23,6,Active,,,0,true
2559255,8233 40th Ave NE,98115,Single Family,2026-07-24,2026-07-29,2026-07-29,1495000,1495000,2026-07-23,6,Active,,,0,true
2559363,2416 2nd Ave N,98109,Single Family,2026-07-25,2026-07-29,2026-07-29,2300000,2300000,2026-07-24,5,Active,,,0,true
2560111,3026 62nd Ave SW,98116,Single Family,2026-07-25,2026-07-29,2026-07-29,1029000,1029000,2026-07-24,5,Active,,,0,true
2560359,505 NE 78th St,98115,Single Family,2026-07-26,2026-07-29,2026-07-29,1234990,1234990,2026-07-25,4,Active,,,0,true
2501350,3407 A NW Market St,98107,Townhouse,2026-07-13,2026-07-28,2026-07-28,1070000,1070000,2026-04-03,117,Active,,,0,false
2507618,7008 Linden Ave N,98103,Single Family,2026-07-17,2026-07-28,2026-07-28,2168000,2168000,2026-04-14,105,Active,,,0,false
2513517,7064 Cleopatra Pl NW,98117,Single Family,2026-07-17,2026-07-28,2026-07-28,874900,874900,2026-04-30,89,Active,,,0,false
2515261,3110 Queen Anne Ave N,98109,Townhouse,2026-06-08,2026-07-28,2026-07-28,699000,699000,2026-04-29,90,Active,,,0,false
2520407,1453 22nd Ave,98122,Townhouse,2026-06-08,2026-07-28,2026-07-28,699950,699950,2026-05-07,82,Active,,,0,false
2524538,7062 Cleopatra Pl NW,98117,Townhouse,2026-07-17,2026-07-28,2026-07-28,769900,769900,2026-05-15,74,Active,,,0,false
2525584,3034 NE 89th St,98115,Single Family,2026-06-08,2026-07-28,2026-07-28,1995000,1849500,2026-05-19,70,Active,2026-07-22,2026-06-18,2,false
2526240,974 NW 54th St,98107,Townhouse,2026-06-18,2026-07-28,2026-07-28,929000,929000,2026-05-26,63,Active,,,0,false
2526688,2511 2nd Ave W,98119,Single Family,2026-07-05,2026-07-28,2026-07-28,2468000,2368000,2026-06-24,34,Active,2026-07-18,2026-07-18,1,false
2527318,5255 Brooklyn Ave NE,98015,Townhouse,2026-06-08,2026-07-28,2026-07-28,899900,899900,2026-05-20,69,Active,,,0,false
2528038,955 N 35th St,98103,Townhouse,2026-06-08,2026-07-28,2026-07-28,1059950,1029950,2026-05-22,67,Active,2026-07-13,2026-07-13,1,false
2531171,3112 Queen Anne Ave N,98119,Townhouse,2026-06-08,2026-07-28,2026-07-28,789950,789950,2026-05-28,61,Active,,,0,false
2533461,537 N 70th St,98103,Townhouse,2026-07-17,2026-07-28,2026-07-28,1199900,1199900,2026-06-03,55,Active,,,0,false
2534278,9121 23rd Ave NE,98115,Townhouse,2026-06-08,2026-07-28,2026-07-28,525000,525000,2026-06-05,53,Active,,,0,true
2534845,5028 41st Ave SW,98136,Single Family,2026-06-08,2026-07-28,2026-07-28,745000,695000,2026-06-04,54,Active,2026-07-13,2026-07-05,2,false
2536909,3311 25th Ave S,98144,Single Family,2026-06-18,2026-07-28,2026-07-28,939000,899900,2026-06-11,47,Active,2026-07-15,2026-07-05,2,false
2538092,3406 B 34th Ave W,98199,Townhouse,2026-06-18,2026-07-28,2026-07-28,899900,875000,2026-06-11,47,Active,2026-07-13,2026-07-13,1,false
2538290,9553 Ashworth Ave N Unit B,98103,Townhouse,2026-06-18,2026-07-28,2026-07-28,599000,599000,2026-06-11,47,Active,,,0,false
2538975,930 NW 54th St,98107,Townhouse,2026-06-18,2026-07-28,2026-07-28,799000,799000,2026-06-11,47,Active,,,0,false
2544661,5215 Latona Ave NE,98105,Single Family,2026-07-05,2026-07-28,2026-07-28,949000,949000,2026-06-26,32,Active,,,0,false
2549148,3514 SW 98th St,98126,Single Family,2026-07-18,2026-07-28,2026-07-28,550000,550000,2026-07-17,11,Active,,,0,true
2549149,6546 32nd Ave NE Unit A,98115,Townhouse,2026-07-05,2026-07-28,2026-07-28,975000,975000,2026-07-02,26,Active,,,0,true
2549441,2205 Bigelow Ave N #6,98109,Townhouse,2026-07-28,2026-07-28,2026-07-28,845000,845000,2026-07-27,1,Active,,,0,true
2550230,3146 Portage Bay Pl E Unit B,98102,Single Family,2026-07-13,2026-07-28,2026-07-28,799000,799000,2026-07-10,19,Active,,,0,true
2550273,6114 8th Ave NW,98107,Single Family,2026-07-13,2026-07-28,2026-07-28,1095000,1095000,2026-07-10,19,Active,,,0,true
2551034,3819 B Fremont Ave N,98103,Townhouse,2026-07-13,2026-07-28,2026-07-28,999950,999950,2026-07-10,19,Active,,,0,true
2551554,1701 N 82nd St,98103,Single Family,2026-07-24,2026-07-28,2026-07-28,1125000,1125000,2026-07-23,5,Active,,,0,true
2552565,713 B N 70th St,98103,Townhouse,2026-07-17,2026-07-28,2026-07-28,631500,631500,2026-07-10,18,Active,,,0,false
2554730,954 19th Ave E,98112,Single Family,2026-07-15,2026-07-28,2026-07-28,1550000,1550000,2026-07-14,14,Active,,,0,true
2554759,5507 20th Ave S,98108,Single Family,2026-07-17,2026-07-28,2026-07-28,1250000,1250000,2026-07-16,10,Active,,,0,true
2555212,916 N 73rd St Unit A,98103,Townhouse,2026-07-17,2026-07-28,2026-07-28,650000,650000,2026-07-15,13,Active,,,0,true
2555231,6100 28th Ave S,98108,Single Family,2026-07-23,2026-07-28,2026-07-28,745000,745000,2026-07-22,6,Active,,,0,true
2555754,1318 N 76th St,98103,Single Family,2026-07-22,2026-07-28,2026-07-28,1495000,1495000,2026-07-21,7,Active,,,0,true
2555930,7051 34th Ave NE,98115,Single Family,2026-07-24,2026-07-28,2026-07-28,2195000,2195000,2026-07-23,5,Active,,,0,true
2557064,1636 N 54th St,98103,Single Family,2026-07-23,2026-07-28,2026-07-28,1278000,1278000,2026-07-22,6,Active,,,0,true
2557141,8552 31st Ave NW,98117,Single Family,2026-07-24,2026-07-28,2026-07-28,630000,630000,2026-07-23,5,Active,,,0,true
2557811,3751 E Columbia St,98122,Single Family,2026-07-23,2026-07-28,2026-07-28,1998000,1998000,2026-07-22,6,Active,,,0,true
2557908,6302 15th Ave NE,98115,Single Family,2026-07-23,2026-07-28,2026-07-28,1400000,1400000,2026-07-22,6,Active,,,0,true
2557980,127 NE 56th St,98105,Single Family,2026-07-24,2026-07-28,2026-07-28,1595000,1595000,2026-07-23,5,Active,,,0,true
2558069,7418 8th Ave NW,98117,Single Family,2026-07-23,2026-07-28,2026-07-28,849000,849000,2026-07-22,6,Active,,,0,true
2558160,9602 26th Ave NW,98117,Single Family,2026-07-24,2026-07-28,2026-07-28,1025000,1025000,2026-07-23,5,Active,,,0,true
2558418,1849 S King St,98144,Single Family,2026-07-22,2026-07-28,2026-07-28,988000,948000,2026-07-21,7,Active,2026-07-25,2026-07-25,1,true
2558422,8548 1st Ave NE,98115,Single Family,2026-07-23,2026-07-28,2026-07-28,759000,759000,2026-07-22,6,Active,,,0,true
2558428,747 N 73rd St,98103,Single Family,2026-07-23,2026-07-28,2026-07-28,675000,675000,2026-07-22,6,Active,,,0,true
2558747,4011 SW Massachusetts St,98116,Single Family,2026-07-25,2026-07-28,2026-07-28,1550000,1550000,2026-07-24,4,Active,,,0,true
2558764,7551 33rd Ave NW,98117,Single Family,2026-07-24,2026-07-28,2026-07-28,985000,985000,2026-07-23,5,Active,,,0,true
2559028,318 N 71st St,98103,Single Family,2026-07-25,2026-07-28,2026-07-28,875000,875000,2026-07-24,4,Active,,,0,true
2485001,7005 Holly Park Dr S,98118,Townhouse,2026-06-08,2026-07-27,2026-07-27,615000,615000,2026-02-26,151,Active,,,0,false
2491566,726 N 94th St Unit B,98103,Townhouse,2026-06-08,2026-07-27,2026-07-27,639500,639500,2026-03-12,137,Active,,,0,false
2508386,1310 Yakima Ave S,98144,Townhouse,2026-06-08,2026-07-27,2026-07-27,944500,929500,2026-04-16,102,Active,2026-07-17,2026-07-05,2,false
2519072,738 D N 95th,98103,Townhouse,2026-06-08,2026-07-27,2026-07-27,680000,680000,2026-05-07,81,Active,,,0,false
2524630,3030 31st Ave W,98199,Townhouse,2026-06-08,2026-07-27,2026-07-27,975000,963000,2026-05-15,73,Active,2026-07-05,2026-07-05,1,false
2528952,1428 24TH Ave Unit B,98122,Townhouse,2026-06-08,2026-07-27,2026-07-27,599900,599900,2026-05-27,61,Active,,,0,false
2529461,5706 35th Ave NE,98105,Single Family,2026-06-08,2026-07-27,2026-07-27,950000,750000,2026-05-28,60,Active,2026-07-24,2026-06-18,3,false
2538769,10327 Stone Ave N,98133,Single Family,2026-06-18,2026-07-27,2026-07-27,819000,819000,2026-06-15,42,Active,,,0,true
2538929,4600 Green Lake Way N,98103,Single Family,2026-06-18,2026-07-27,2026-07-27,1375000,1325000,2026-06-11,46,Active,2026-07-13,2026-07-13,1,false
2539971,1301 N Northlake Way,98103,Single Family,2026-06-18,2026-07-27,2026-07-27,650000,650000,2026-06-15,42,Active,,,0,true
2542532,2856 NW 62nd St,98107,Single Family,2026-07-25,2026-07-27,2026-07-27,1219950,1219950,2026-07-24,3,Active,,,0,true
2542759,731 19th Ave,98122,Single Family,2026-07-05,2026-07-27,2026-07-27,1080000,1080000,2026-06-18,37,Active,,,0,false
2543263,5026 20th Ave NE,98105,Single Family,2026-07-05,2026-07-27,2026-07-27,1450000,1450000,2026-06-19,38,Active,,,0,false
2543439,1124 Lake Washington Blvd S,98144,Single Family,2026-07-05,2026-07-27,2026-07-27,2375000,2375000,2026-06-22,35,Active,,,0,false
2546233,7912 34th Ave SW,98126,Single Family,2026-07-05,2026-07-27,2026-07-27,849000,849000,2026-06-25,32,Active,,,0,false
2546407,2228 10th Ave E Unit A,98102,Single Family,2026-07-05,2026-07-27,2026-07-27,725000,725000,2026-06-26,31,Active,,,0,false
2548532,3425 21st Ave W Unit A,98199,Townhouse,2026-07-05,2026-07-27,2026-07-27,799000,780000,2026-07-01,26,Active,2026-07-16,2026-07-16,1,false
2550654,215 NE 123rd St,98125,Townhouse,2026-07-13,2026-07-27,2026-07-27,950000,950000,2026-07-09,19,Active,,,0,false
2550968,4851 A Delridge Way SW,98106,Townhouse,2026-07-13,2026-07-27,2026-07-27,525000,525000,2026-07-10,18,Active,,,0,true
2551873,5414 SW Beach Drive Ter,98116,Single Family,2026-07-13,2026-07-27,2026-07-27,1298000,1250000,2026-07-11,17,Active,2026-07-22,2026-07-22,1,true
2555935,728 Boylston Ave E Unit B,98102,Townhouse,2026-07-23,2026-07-27,2026-07-27,1425000,1425000,2026-07-22,5,Active,,,0,true
2556868,8545 Densmore Ave N,98103,Single Family,2026-07-23,2026-07-27,2026-07-27,1450000,1450000,2026-07-22,5,Active,,,0,true
2556946,7411 4th Ave NE Unit A,98115,Townhouse,2026-07-19,2026-07-27,2026-07-27,979000,979000,2026-07-18,9,Active,,,0,true
2556995,5716 NE 65th St,98115,Townhouse,2026-07-19,2026-07-27,2026-07-27,897750,897750,2026-07-18,9,Active,,,0,true
2557893,164 McGraw St,98109,Single Family,2026-07-23,2026-07-27,2026-07-27,2390000,2390000,2026-07-22,5,Active,,,0,true
2557994,9518 18th Ave NW,98117,Single Family,2026-07-23,2026-07-27,2026-07-27,1325000,1325000,2026-07-22,5,Active,,,0,true
2558038,910 11th Ave E,98102,Single Family,2026-07-23,2026-07-27,2026-07-27,1250000,1250000,2026-07-22,5,Active,,,0,true
2558655,9723 Evanston Ave N,98103,Single Family,2026-07-23,2026-07-27,2026-07-27,585000,585000,2026-07-22,5,Active,,,0,true
2558988,8815 18th Ave SW,98106,Single Family,2026-07-23,2026-07-27,2026-07-27,850000,850000,2026-07-22,5,Active,,,0,true
2559536,2127 NW 99th St,98117,Single Family,2026-07-24,2026-07-27,2026-07-27,1525000,1525000,2026-07-23,4,Active,,,0,true
2490690,13722 Interlake Ave N,98133,Single Family,2026-06-08,2026-07-26,2026-07-26,625000,599950,2026-03-11,130,Active,2026-07-05,2026-07-05,1,false
2526086,707 W Bertona St,98119,Single Family,2026-06-08,2026-07-26,2026-07-26,1348888,1249950,2026-05-29,58,Active,2026-07-05,2026-07-05,1,false
2528453,7529 Beacon Ave S,98118,Single Family,2026-06-08,2026-07-26,2026-07-26,695000,620000,2026-05-22,65,Active,2026-07-20,2026-07-05,2,false
2540934,7511 Dumar Way SW,98106,Single Family,2026-06-18,2026-07-26,2026-07-26,930000,930000,2026-06-17,39,Active,,,0,true
2548891,14052 Midvale Ave N,98133,Single Family,2026-07-05,2026-07-26,2026-07-26,499000,499000,2026-07-02,24,Active,,,0,true
2550673,12119 12th Ave NW,98177,Single Family,2026-07-13,2026-07-26,2026-07-26,2276000,2276000,2026-07-08,19,Active,,,0,false
2550871,2020 Fairview Ave E Unit A,98102,Townhouse,2026-07-13,2026-07-26,2026-07-26,1575000,1575000,2026-07-08,19,Active,,,0,false
2552927,1621 N 103rd St,98133,Single Family,2026-07-13,2026-07-26,2026-07-26,975000,975000,2026-07-11,16,Active,,,0,true
2558675,3422 21st Ave S,98144,Single Family,2026-07-24,2026-07-26,2026-07-26,1095000,1095000,2026-07-23,3,Active,,,0,true
2512329,3451 10th Ave W,98119,Single Family,2026-07-23,2026-07-25,2026-07-25,2395000,2395000,2026-07-22,2,Active,,,0,true
2516682,1411 26th Ave,98122,Single Family,2026-06-18,2026-07-25,2026-07-25,519500,499500,2026-05-01,85,Active,2026-07-05,2026-07-05,1,false
2519366,908 N 46th St Unit F,98103,Townhouse,2026-06-08,2026-07-25,2026-07-25,799000,775000,2026-05-06,78,Active,2026-06-18,2026-06-18,1,false
2530689,2122 N 128th St,98133,Single Family,2026-06-08,2026-07-25,2026-07-25,999999,949999,2026-05-28,58,Active,2026-07-17,2026-07-17,1,false
2536022,6203 39th Ave NE,98115,Single Family,2026-06-08,2026-07-25,2026-07-25,1145000,1099000,2026-06-05,50,Active,2026-07-05,2026-07-05,1,true
2542912,1741 NW 60th St Unit B,98107,Townhouse,2026-07-05,2026-07-25,2026-07-25,795000,780000,2026-06-19,36,Active,2026-07-13,2026-07-13,1,false
2545139,505 NE 78th St,98115,Single Family,2026-07-05,2026-07-25,2026-07-25,1349000,1299990,2026-06-25,30,Active,2026-07-13,2026-07-13,1,false
2545436,2560 12th Ave W,98119,Single Family,2026-07-05,2026-07-25,2026-07-25,2695000,2695000,2026-06-25,30,Active,,,0,false
2549709,6742 7th Ave NW,98117,Single Family,2026-07-17,2026-07-25,2026-07-25,949999,949999,2026-07-09,16,Active,,,0,false
2553302,8623 30th Ave NE,98115,Single Family,2026-07-13,2026-07-25,2026-07-25,1045000,1045000,2026-07-11,15,Active,,,0,true
2554609,347 29th Ave,98122,Single Family,2026-07-17,2026-07-25,2026-07-25,1295000,1295000,2026-07-16,9,Active,,,0,true
2557134,1917 8th Ave W Unit B,98119,Townhouse,2026-07-24,2026-07-25,2026-07-25,799000,799000,2026-07-23,2,Active,,,0,true
2557683,2138 N 50 St,98103,Single Family,2026-07-22,2026-07-25,2026-07-25,1060000,1060000,2026-07-21,4,Active,,,0,true
2559142,1012 20th Ave S,98144,Single Family,2026-07-23,2026-07-25,2026-07-25,699000,699000,2026-07-22,2,Active,,,0,true
2505533,1728 26th Ave S,98144,Single Family,2026-06-08,2026-07-24,2026-07-24,795000,795000,2026-04-10,105,Active,,,0,false
2507381,9047 17th Ave SW Unit A,98106,Townhouse,2026-06-08,2026-07-24,2026-07-24,484999,465000,2026-04-15,100,Active,2026-07-18,2026-07-18,1,false
2514598,1852 E Shelby St,98112,Single Family,2026-06-08,2026-07-24,2026-07-24,3950000,3950000,2026-04-30,85,Active,,,0,false
2517761,6942 31st Ave SW,98126,Townhouse,2026-06-08,2026-07-24,2026-07-24,699000,699000,2026-05-14,71,Active,,,0,false
2520006,7403 Dayton Ave N,98103,Single Family,2026-07-17,2026-07-24,2026-07-24,799950,775000,2026-05-07,78,Active,2026-07-23,2026-07-23,1,false
2531080,534 W Barrett St,98119,Single Family,2026-06-08,2026-07-24,2026-07-24,1124900,1124900,2026-05-28,57,Active,,,0,false
2533324,4122 Burke Ave N,98103,Townhouse,2026-07-05,2026-07-24,2026-07-24,1129000,1129000,2026-06-30,24,Active,,,0,false
2539416,11052 2nd Ave NW,98177,Single Family,2026-06-18,2026-07-24,2026-07-24,745000,745000,2026-06-12,34,Active,,,0,false
2544464,360 Howe St,98109,Single Family,2026-07-13,2026-07-24,2026-07-24,1395000,1395000,2026-07-10,15,Active,,,0,true
2544974,1640 18th Ave #6,98122,Single Family,2026-07-05,2026-07-24,2026-07-24,290000,290000,2026-06-24,30,Active,,,0,false
2549217,938 18th Ave E,98112,Single Family,2026-07-05,2026-07-24,2026-07-24,2650000,2650000,2026-07-02,22,Active,,,0,true
2549757,3701 SW Henderson St,98126,Single Family,2026-07-18,2026-07-24,2026-07-24,950000,950000,2026-07-17,7,Active,,,0,true
2550613,527 B NE 89th St,98115,Single Family,2026-07-13,2026-07-24,2026-07-24,825000,825000,2026-07-08,17,Active,,,0,false
2550987,3509 W Thurman St,98199,Single Family,2026-07-13,2026-07-24,2026-07-24,2095000,2095000,2026-07-08,17,Active,,,0,false
2552134,3245 13th Ave W,98119,Single Family,2026-07-13,2026-07-24,2026-07-24,1079000,1079000,2026-07-11,14,Active,,,0,true
2555292,2109 NE 83rd St,98115,Single Family,2026-07-18,2026-07-24,2026-07-24,694950,694950,2026-07-17,7,Active,,,0,true
2556519,522 N 104th St,98133,Townhouse,2026-07-18,2026-07-24,2026-07-24,899000,899000,2026-07-17,7,Active,,,0,true
2558119,2459 24th Ave E,98112,Single Family,2026-07-24,2026-07-24,2026-07-24,1070000,1070000,2026-07-23,1,Active,,,0,true
2559147,7332 25th Ave NW,98117,Townhouse,2026-07-24,2026-07-24,2026-07-24,1092000,1092000,2026-07-23,1,Active,,,0,true
2559244,4024 55th Ave SW,98116,Single Family,2026-07-24,2026-07-24,2026-07-24,1282500,1282500,2026-07-23,1,Active,,,0,true
2428572,947 NW 56th St,98107,Townhouse,2026-06-08,2026-07-23,2026-07-23,680000,680000,2025-10-01,295,Active,,,0,false
2434480,9545 Wallingford Ave N,98103,Townhouse,2026-06-08,2026-07-23,2026-07-23,489000,489000,2025-10-04,292,Active,,,0,false
2470504,1417 N 97th St,98103,Townhouse,2026-06-08,2026-07-23,2026-07-23,565000,565000,2026-01-30,174,Active,,,0,false
2511112,2506 W Halladay St,98199,Single Family,2026-06-08,2026-07-23,2026-07-23,3475000,3475000,2026-04-21,93,Active,,,0,false
2514794,8323 B 12th Ave NW,98117,Townhouse,2026-06-08,2026-07-23,2026-07-23,824900,799900,2026-04-30,84,Active,2026-06-18,2026-06-18,1,false
2516252,6540 A Latona Ave NE,98115,Townhouse,2026-06-08,2026-07-23,2026-07-23,899950,849950,2026-05-01,83,Active,2026-07-18,2026-07-05,2,false
2518105,7340 B 40th Ave NE,98115,Single Family,2026-06-18,2026-07-23,2026-07-23,899950,949950,2026-05-04,80,Active,2026-07-22,2026-07-05,3,false
2518916,2301 Rosemont Pl W,98199,Single Family,2026-06-08,2026-07-23,2026-07-23,3400000,3400000,2026-05-05,79,Active,,,0,false
2521568,7332 25th Ave NW,98117,Townhouse,2026-06-08,2026-07-23,2026-07-23,1149950,1149950,2026-05-11,73,Active,,,0,false
2522076,1513 27th Ave,98122,Single Family,2026-07-13,2026-07-23,2026-07-23,1165000,1165000,2026-06-25,29,Active,,,0,false
2533035,5921 32nd Ave SW Unit B,98126,Single Family,2026-06-18,2026-07-23,2026-07-23,625000,625000,2026-06-17,35,Active,,,0,true
2534501,312 NW 88th St,98117,Single Family,2026-06-18,2026-07-23,2026-07-23,749900,749900,2026-06-15,38,Active,,,0,true
2534698,13721 Meridian Ave N,98133,Single Family,2026-06-08,2026-07-23,2026-07-23,1095000,1125000,2026-06-03,47,Active,2026-07-05,2026-06-18,2,false
2537916,2714 58th Ave SW,98116,Single Family,2026-07-15,2026-07-23,2026-07-23,919000,889000,2026-06-17,36,Active,2026-07-22,2026-07-22,1,false
2539282,2768 SW Holden St,98126,Single Family,2026-06-18,2026-07-23,2026-07-23,950000,950000,2026-06-12,41,Active,,,0,false
2539666,3045 21st Ave W Unit C,98199,Townhouse,2026-07-05,2026-07-23,2026-07-23,835000,815000,2026-06-25,28,Active,2026-07-13,2026-07-13,1,false
2541688,2527 Westmont Way W,98199,Single Family,2026-07-05,2026-07-23,2026-07-23,2730000,2730000,2026-06-19,34,Active,,,0,false
2544970,8353 20th Ave NW,98117,Single Family,2026-07-05,2026-07-23,2026-07-23,1295000,1295000,2026-06-24,29,Active,,,0,false
2546449,106 29th Ave E,98112,Single Family,2026-07-05,2026-07-23,2026-07-23,1574950,1574950,2026-06-26,27,Active,,,0,false
2547687,4024 55th Ave SW,98116,Single Family,2026-07-13,2026-07-23,2026-07-23,1350000,1350000,2026-07-10,14,Active,,,0,true
2554470,8042 18th Ave NE,98115,Single Family,2026-07-17,2026-07-23,2026-07-23,950000,950000,2026-07-16,7,Active,,,0,true
2555201,2315 S Bateman St,98108,Single Family,2026-07-18,2026-07-23,2026-07-23,775000,775000,2026-07-17,6,Active,,,0,true
2556034,2710 18th Ave S,98144,Single Family,2026-07-22,2026-07-23,2026-07-23,899000,899000,2026-07-20,3,Active,,,0,true
2556184,10245 42nd Ave SW,98146,Single Family,2026-07-18,2026-07-23,2026-07-23,525000,525000,2026-07-17,6,Active,,,0,true
2557295,3015 61st Ave SW Unit B,98116,Townhouse,2026-07-22,2026-07-23,2026-07-23,769000,769000,2026-07-20,3,Active,,,0,true
2499123,8847 9th Ave SW Unit A,98106,Townhouse,2026-06-08,2026-07-22,2026-07-22,485000,485000,2026-03-30,114,Active,,,0,false
2508580,1419 NW 65th St Unit B,98117,Townhouse,2026-06-08,2026-07-22,2026-07-22,675000,649000,2026-04-16,97,Active,2026-07-05,2026-07-05,1,false
2511339,10248 Richwood Ave NW,98177,Single Family,2026-06-08,2026-07-22,2026-07-22,1995000,1995000,2026-04-22,91,Active,,,0,false
2513308,2234 NW 62nd St,98107,Single Family,2026-06-08,2026-07-22,2026-07-22,1080000,1038000,2026-05-21,62,Active,2026-06-18,2026-06-18,1,false
2514886,6315 42nd Ave SW Unit B,98136,Townhouse,2026-06-08,2026-07-22,2026-07-22,635000,635000,2026-04-30,83,Active,,,0,false
2522380,728 W Etruria St,98119,Single Family,2026-06-08,2026-07-22,2026-07-22,3475000,3340000,2026-05-14,69,Active,2026-06-18,2026-06-18,1,false
2522513,6546 B Latona Ave NE,98115,Townhouse,2026-06-08,2026-07-22,2026-07-22,959950,935000,2026-05-13,70,Active,2026-07-05,2026-07-05,1,false
2523810,9723 Evanston Ave N,98103,Single Family,2026-06-08,2026-07-22,2026-07-22,615000,585000,2026-05-14,69,Active,2026-07-16,2026-07-05,2,false
2523812,9725 Evanston Ave N,98103,Single Family,2026-06-08,2026-07-22,2026-07-22,1199000,1179000,2026-05-14,69,Active,2026-07-13,2026-07-13,1,false
2524292,3444 34th Ave W,98199,Single Family,2026-06-08,2026-07-22,2026-07-22,849000,829000,2026-05-14,69,Active,2026-07-17,2026-07-17,1,false
2524913,7727 27th Ave NW,98117,Single Family,2026-06-08,2026-07-22,2026-07-22,1100000,995000,2026-05-15,68,Active,2026-07-05,2026-07-05,1,false
2529432,8315 Ravenna Ave NE,98115,Single Family,2026-06-08,2026-07-22,2026-07-22,875000,875000,2026-05-29,54,Active,,,0,false
2531401,4709 SW Hinds St,98116,Single Family,2026-06-08,2026-07-22,2026-07-22,875000,849999,2026-06-01,51,Active,2026-07-17,2026-07-13,2,false
2531950,1615 N 50th St Unit C,98103,Townhouse,2026-06-08,2026-07-22,2026-07-22,899950,899950,2026-05-29,54,Active,,,0,false
2532847,707 Lake Washington Blvd S,98144,Single Family,2026-06-08,2026-07-22,2026-07-22,1498000,1475000,2026-06-01,51,Active,2026-07-13,2026-07-13,1,false
2537180,5720 NE 65th St,98115,Townhouse,2026-06-18,2026-07-22,2026-07-22,1799950,1749950,2026-06-12,40,Active,2026-07-13,2026-07-13,1,false
2540807,731 N 80th St,98103,Single Family,2026-06-18,2026-07-22,2026-07-22,807500,807500,2026-06-16,36,Active,,,0,true
2543228,1115 8th Ave W,98119,Single Family,2026-07-05,2026-07-22,2026-07-22,1595000,1595000,2026-06-20,32,Active,,,0,false
2544838,7011 9th Ave NE,98115,Townhouse,2026-07-05,2026-07-22,2026-07-22,769950,749950,2026-06-29,23,Active,2026-07-18,2026-07-18,1,false
2545209,125 NE 135th St,98125,Single Family,2026-07-05,2026-07-22,2026-07-22,825000,799950,2026-06-26,26,Active,2026-07-18,2026-07-18,1,false
2545679,1012 20th Ave S,98144,Single Family,2026-07-05,2026-07-22,2026-07-22,783000,783000,2026-06-25,27,Active,,,0,false
2547475,12011 6th Ave NW,98177,Single Family,2026-07-17,2026-07-22,2026-07-22,1450000,1450000,2026-07-16,5,Active,,,0,true
2547527,8043 19th Ave NE,98115,Townhouse,2026-07-05,2026-07-22,2026-07-22,749950,749950,2026-06-29,23,Active,,,0,false
2548124,1509 4th Ave W,98119,Single Family,2026-07-05,2026-07-22,2026-07-22,1250000,1250000,2026-07-01,21,Active,,,0,false
2548834,205 NW 101st St,98177,Single Family,2026-07-05,2026-07-22,2026-07-22,717000,717000,2026-07-01,21,Active,,,0,false
2550256,9054 17th Ave SW Unit A,98106,Townhouse,2026-07-13,2026-07-22,2026-07-22,434000,415000,2026-07-09,14,Active,2026-07-20,2026-07-20,1,false
2554647,2057 McGilvra Blvd E,98112,Single Family,2026-07-16,2026-07-22,2026-07-22,2190000,2190000,2026-07-15,7,Active,,,0,true
2555439,4861 24th Ave S,98108,Single Family,2026-07-17,2026-07-22,2026-07-22,925000,925000,2026-07-16,6,Active,,,0,true
2557632,7754 Jones Ave NW,98117,Single Family,2026-07-22,2026-07-22,2026-07-22,1125000,1125000,2026-07-21,1,Active,,,0,true
2459286,13909 4th Ave NE,98125,Single Family,2026-06-08,2026-07-20,2026-07-20,720000,720000,2025-12-04,228,Active,,,0,false
2484554,2647 39th Ave W,98199,Single Family,2026-06-08,2026-07-20,2026-07-20,2998000,2998000,2026-02-27,143,Active,,,0,false
2485773,2012 Fairview Ave E Unit B,98102,Townhouse,2026-06-08,2026-07-20,2026-07-20,700000,700000,2026-02-27,143,Active,,,0,false
2490696,4258 Whitman Ave N,98103,Single Family,2026-06-08,2026-07-20,2026-07-20,2295000,2295000,2026-05-11,70,Active,,,0,false
2494207,13335 Greenwood Ave N Unit D,98133,Townhouse,2026-06-08,2026-07-20,2026-07-20,779998,779998,2026-03-19,123,Active,,,0,false
2496479,2009 E John St,98112,Single Family,2026-06-08,2026-07-20,2026-07-20,1199000,1139050,2026-03-24,118,Active,2026-07-05,2026-07-05,1,false
2501430,12322 14TH Ave NE Unit B,98125,Townhouse,2026-06-08,2026-07-20,2026-07-20,775000,775000,2026-04-02,109,Active,,,0,false
2504884,3038 61st Ave SW,98116,Single Family,2026-06-08,2026-07-20,2026-07-20,995000,995000,2026-04-17,94,Active,,,0,false
2505957,4019 4th Ave NE Unit B,98105,Single Family,2026-06-08,2026-07-20,2026-07-20,1299950,1299950,2026-04-10,101,Active,,,0,false
2508883,437 NE 73rd St Unit A,98115,Townhouse,2026-06-08,2026-07-20,2026-07-20,769900,769900,2026-04-16,95,Active,,,0,false
2510947,2366 Franklin Ave E Unit B,98102,Townhouse,2026-06-08,2026-07-20,2026-07-20,1000000,950000,2026-05-13,68,Active,2026-07-05,2026-06-18,2,false
2512336,3014 21st Ave W Unit A,98199,Townhouse,2026-06-08,2026-07-20,2026-07-20,899000,899000,2026-04-23,88,Active,,,0,false
2512582,2012 Fairview Ave E Unit A,98102,Townhouse,2026-06-08,2026-07-20,2026-07-20,1060000,1060000,2026-04-23,88,Active,,,0,false
2520069,1645 22nd Ave,98122,Townhouse,2026-06-08,2026-07-20,2026-07-20,875000,850000,2026-05-08,73,Active,2026-07-05,2026-07-05,1,false
2520632,725 N 95th St Unit B,98103,Townhouse,2026-06-08,2026-07-20,2026-07-20,519950,499000,2026-05-14,67,Active,2026-07-05,2026-07-05,1,false
2521957,6223 9th Ave NE,98115,Townhouse,2026-06-08,2026-07-20,2026-07-20,789950,789950,2026-05-11,70,Active,,,0,false
2526569,2017 Minor Ave E,98102,Townhouse,2026-06-08,2026-07-20,2026-07-20,1650000,1650000,2026-05-22,59,Active,,,0,false
2526970,5942 21st Ave SW,98106,Single Family,2026-06-08,2026-07-20,2026-07-20,1249000,1199950,2026-05-20,61,Active,2026-07-05,2026-06-18,2,false
2528001,5257 Brooklyn Ave NE,98105,Townhouse,2026-06-08,2026-07-20,2026-07-20,855000,855000,2026-05-21,60,Active,,,0,false
2534776,1409 29th Ave,98122,Single Family,2026-06-18,2026-07-20,2026-07-20,879950,879950,2026-06-05,45,Active,,,0,false
2535618,503 NE 42nd St,98105,Single Family,2026-06-18,2026-07-20,2026-07-20,575000,575000,2026-06-05,45,Active,,,0,false
2537733,3511 S Thistle St,98118,Single Family,2026-06-18,2026-07-20,2026-07-20,899000,875000,2026-06-10,40,Active,2026-07-17,2026-07-17,1,false
2538202,511 Martin Luther King Jr Way S,98144,Townhouse,2026-06-18,2026-07-20,2026-07-20,689000,689000,2026-06-11,39,Active,,,0,false
2539285,3602 SW Lander St,98126,Single Family,2026-06-18,2026-07-20,2026-07-20,2369000,2280000,2026-06-12,38,Active,2026-07-13,2026-07-13,1,false
2541150,6331 42nd Ave SW Unit B,98136,Townhouse,2026-06-18,2026-07-20,2026-07-20,675000,675000,2026-06-17,33,Active,,,0,true
2541622,9348 32nd Ave SW,98126,Single Family,2026-06-18,2026-07-20,2026-07-20,635000,619000,2026-06-17,32,Active,2026-07-13,2026-07-13,1,true
2542354,1608 NW 65th St Unit A,98117,Townhouse,2026-06-18,2026-07-20,2026-07-20,749950,749950,2026-06-17,32,Active,,,0,true
2542623,11709 Roosevelt Way NE,98125,Single Family,2026-07-05,2026-07-20,2026-07-20,1849950,1849950,2026-06-18,32,Active,,,0,false
2543733,2322 NE 92nd St,98115,Single Family,2026-07-16,2026-07-20,2026-07-20,1650000,1650000,2026-07-15,5,Active,,,0,true
2544860,5942 37th Ave SW,98126,Single Family,2026-07-15,2026-07-20,2026-07-20,650000,650000,2026-07-14,6,Active,,,0,true
2545566,2218 A NW 62nd St,98107,Townhouse,2026-07-05,2026-07-20,2026-07-20,988000,988000,2026-06-25,25,Active,,,0,false
2545781,2010 Fairview Ave E Unit A,98102,Townhouse,2026-07-05,2026-07-20,2026-07-20,1377500,1377500,2026-06-25,25,Active,,,0,false
2545804,2019 Minor Ave E,98102,Townhouse,2026-07-05,2026-07-20,2026-07-20,1699950,1699950,2026-06-25,25,Active,,,0,false
2545859,1338 California Ave SW,98116,Single Family,2026-07-05,2026-07-20,2026-07-20,935000,935000,2026-06-25,25,Active,,,0,false
2548522,8447 35th Ave SW,98126,Single Family,2026-07-15,2026-07-20,2026-07-20,499900,499900,2026-07-14,6,Active,,,0,true
2548969,310 W Garfield St,98119,Single Family,2026-07-13,2026-07-20,2026-07-20,2395000,2395000,2026-07-10,11,Active,,,0,true
2549045,1506 17th Ave E,98112,Single Family,2026-07-13,2026-07-20,2026-07-20,2000000,2000000,2026-07-10,11,Active,,,0,true
2549420,11202 Marine View Dr SW,98146,Single Family,2026-07-16,2026-07-20,2026-07-20,1150000,1150000,2026-07-15,5,Active,,,0,true
2550640,4717 NE 50th St,98105,Single Family,2026-07-15,2026-07-20,2026-07-20,2249000,2249000,2026-07-14,6,Active,,,0,true
2551242,9501 Dayton Ave N,98103,Single Family,2026-07-17,2026-07-20,2026-07-20,950000,950000,2026-07-16,4,Active,,,0,true
2551338,6626 57th Ave NE,98115,Single Family,2026-07-13,2026-07-20,2026-07-20,1680000,1680000,2026-07-10,11,Active,,,0,true
2551437,2591 E Madison St #2567,98112,Townhouse,2026-07-13,2026-07-20,2026-07-20,689999,689999,2026-07-11,10,Active,,,0,true
2552685,1849 S King St,98144,Townhouse,2026-07-13,2026-07-20,2026-07-20,998000,998000,2026-07-11,10,Active,,,0,true
2553017,1229 18th Ave E,98112,Single Family,2026-07-17,2026-07-20,2026-07-20,1850000,1850000,2026-07-16,4,Active,,,0,true
2553078,6531 37th Ave SW,98126,Single Family,2026-07-15,2026-07-20,2026-07-20,925000,925000,2026-07-14,6,Active,,,0,true
2553308,935 N 97th St Unit B,98103,Townhouse,2026-07-16,2026-07-20,2026-07-20,539000,539000,2026-07-15,5,Active,,,0,true
2553498,7528 33rd Ave NW,98117,Single Family,2026-07-17,2026-07-20,2026-07-20,925000,925000,2026-07-16,4,Active,,,0,true
2554010,119 N 83rd St,98103,Single Family,2026-07-15,2026-07-20,2026-07-20,748000,748000,2026-07-14,6,Active,,,0,true
2554149,2313 47th Ave SW,98116,Single Family,2026-07-17,2026-07-20,2026-07-20,925000,925000,2026-07-16,4,Active,,,0,true
2554150,6238 Woodlawn Ave N,98103,Single Family,2026-07-17,2026-07-20,2026-07-20,1895000,1895000,2026-07-16,4,Active,,,0,true
2554490,2034 Federal Ave E,98102,Single Family,2026-07-17,2026-07-20,2026-07-20,1500000,1500000,2026-07-16,4,Active,,,0,true
2554735,4318 SW Willow St,98136,Single Family,2026-07-17,2026-07-20,2026-07-20,1395000,1395000,2026-07-16,4,Active,,,0,true
2555101,738 N 73rd St,98103,Single Family,2026-07-17,2026-07-20,2026-07-20,1624000,1624000,2026-07-15,5,Active,,,0,true
2555194,5601 Bradford St,98116,Single Family,2026-07-17,2026-07-20,2026-07-20,1900000,1900000,2026-07-16,4,Active,,,0,true
2555237,1607 34th St,98122,Single Family,2026-07-17,2026-07-20,2026-07-20,1098000,1098000,2026-07-16,4,Active,,,0,true
2555452,807 27th Ave,98122,Single Family,2026-07-17,2026-07-20,2026-07-20,836900,836900,2026-07-16,4,Active,,,0,true
2555724,4655 Eastern Ave N,98103,Single Family,2026-07-17,2026-07-20,2026-07-20,1279000,1279000,2026-07-16,4,Active,,,0,true
2555870,321 NW 45th St #3,98107,Townhouse,2026-07-17,2026-07-20,2026-07-20,825000,825000,2026-07-16,4,Active,,,0,true
2555988,400 21st Ave E,98112,Single Family,2026-07-18,2026-07-20,2026-07-20,1100000,1100000,2026-07-17,3,Active,,,0,true
2556174,5906 42nd Ave SW,98136,Townhouse,2026-07-18,2026-07-20,2026-07-20,715000,715000,2026-07-17,3,Active,,,0,true
2556205,2626 W Boston St,98199,Single Family,2026-07-18,2026-07-20,2026-07-20,1100000,1100000,2026-07-17,3,Active,,,0,true
2556362,5946 18th Ave SW #1,98106,Single Family,2026-07-18,2026-07-20,2026-07-20,699000,699000,2026-07-17,3,Active,,,0,true
2556474,6702 5th Ave NW,98117,Single Family,2026-07-18,2026-07-20,2026-07-20,1350000,1350000,2026-07-17,3,Active,,,0,true
2556564,5948 18 Ave SW #2,98106,Single Family,2026-07-18,2026-07-20,2026-07-20,799000,799000,2026-07-17,3,Active,,,0,true
2512423,421 N 40th St,98103,Single Family,2026-06-08,2026-07-19,2026-07-19,1188000,1188000,2026-05-16,58,Active,,,0,false
2530485,4839 NE 43rd St,98105,Single Family,2026-07-16,2026-07-19,2026-07-19,2350000,2350000,2026-07-15,4,Active,,,0,true
2542004,346 NE 58th St,98105,Single Family,2026-06-18,2026-07-19,2026-07-19,825000,795000,2026-06-17,31,Active,2026-07-05,2026-07-05,1,true
2543625,1705 N 82nd St,98103,Single Family,2026-07-05,2026-07-19,2026-07-19,1295000,1250000,2026-06-25,24,Active,2026-07-13,2026-07-13,1,false
2551376,4754 4th Ave NE,98105,Single Family,2026-07-13,2026-07-19,2026-07-19,850000,850000,2026-07-09,11,Active,,,0,false
2553655,3848 29th Ave W,98199,Single Family,2026-07-17,2026-07-19,2026-07-19,1325000,1325000,2026-07-16,3,Active,,,0,true
2554249,327 NE 55th St,98105,Single Family,2026-07-17,2026-07-19,2026-07-19,1150000,1150000,2026-07-16,3,Active,,,0,true
2556700,7512 31st Ave SW,98126,Single Family,2026-07-18,2026-07-19,2026-07-19,370000,370000,2026-07-17,2,Active,,,0,true
2557015,4047 44th Ave SW,98116,Single Family,2026-07-19,2026-07-19,2026-07-19,879000,879000,2026-07-18,1,Active,,,0,true
2478959,3028 63rd Ave SW,98116,Townhouse,2026-06-08,2026-07-18,2026-07-18,1499000,1375000,2026-03-02,138,Active,2026-07-05,2026-06-18,2,false
2514606,2818 Boyer Ave E #6,98102,Single Family,2026-06-08,2026-07-18,2026-07-18,780000,749950,2026-05-08,71,Active,2026-06-18,2026-06-18,1,false
2516440,351 17th Ave E,98112,Single Family,2026-06-08,2026-07-18,2026-07-18,1590000,1399000,2026-05-08,71,Active,2026-07-13,2026-06-18,2,false
2530054,5716 NE 65th St,98115,Single Family,2026-06-18,2026-07-18,2026-07-18,945000,945000,2026-06-05,43,Active,,,0,false
2531848,316 W Barrett St Unit B,98119,Townhouse,2026-07-13,2026-07-18,2026-07-18,840000,840000,2026-07-13,5,Active,,,0,true
2535549,909 32nd Ave S Unit A,98144,Townhouse,2026-06-18,2026-07-18,2026-07-18,1799000,1799000,2026-06-05,43,Active,,,0,false
2538228,1902 NE 73rd St,98115,Single Family,2026-07-05,2026-07-18,2026-07-18,1800000,1750000,2026-06-25,23,Active,2026-07-13,2026-07-13,1,false
2541250,516 W Howe St,98119,Single Family,2026-06-18,2026-07-18,2026-07-18,725000,725000,2026-06-17,30,Active,,,0,true
2541367,3011 30th Ave W Unit A,98199,Townhouse,2026-07-05,2026-07-18,2026-07-18,998500,998500,2026-06-18,30,Active,,,0,false
2544722,1917 E Alder St,98122,Single Family,2026-07-05,2026-07-18,2026-07-18,1500000,1475000,2026-06-24,24,Active,2026-07-13,2026-07-13,1,false
2545525,3715 Walnut Ave SW,98116,Single Family,2026-07-05,2026-07-18,2026-07-18,899000,899000,2026-06-26,22,Active,,,0,false
2546034,2301 Delmar Dr E,98102,Single Family,2026-07-05,2026-07-18,2026-07-18,925000,925000,2026-06-25,23,Active,,,0,false
2550073,8018 31st Ave NW,98117,Single Family,2026-07-13,2026-07-18,2026-07-18,1985000,1985000,2026-07-09,10,Active,,,0,false
2550659,2360 NE 90th St,98115,Single Family,2026-07-13,2026-07-18,2026-07-18,925000,925000,2026-07-10,9,Active,,,0,true
2552291,409 NE 95th St,98115,Single Family,2026-07-13,2026-07-18,2026-07-18,850000,850000,2026-07-10,9,Active,,,0,true
2553245,8109 15th Ave SW,98106,Single Family,2026-07-16,2026-07-18,2026-07-18,849950,849950,2026-07-15,3,Active,,,0,true
2554949,3760 W Lawton St,98199,Single Family,2026-07-17,2026-07-18,2026-07-18,2650000,2650000,2026-07-16,2,Active,,,0,true
2554970,4049 44th Ave SW,98116,Single Family,2026-07-18,2026-07-18,2026-07-18,1529000,1529000,2026-07-17,1,Active,,,0,true
2555308,4047 44th Ave SW,98116,Single Family,2026-07-18,2026-07-18,2026-07-18,879000,879000,2026-07-17,1,Active,,,0,true
2491042,8145 5th Ave SW,98106,Single Family,2026-06-08,2026-07-17,2026-07-17,1435000,1380000,2026-03-11,128,Active,2026-07-05,2026-07-05,1,false
2493794,8515 Stone Ave N Unit A,98103,Townhouse,2026-06-08,2026-07-17,2026-07-17,650000,650000,2026-03-18,121,Active,,,0,false
2507194,931 N 87th St,98103,Single Family,2026-06-08,2026-07-17,2026-07-17,994999,994999,2026-04-23,85,Active,,,0,false
2511584,12011 9th Ave NW #2,98177,Single Family,2026-06-18,2026-07-17,2026-07-17,689500,669500,2026-04-27,81,Active,2026-07-05,2026-07-05,1,false
2521097,2113 NE 81st Pl,98115,Single Family,2026-06-18,2026-07-17,2026-07-17,950000,899000,2026-06-04,43,Active,2026-07-05,2026-07-05,1,false
2524555,929 N 87th St,98103,Single Family,2026-06-08,2026-07-17,2026-07-17,1049999,1049999,2026-06-02,45,Active,,,0,false
2524557,933 N 87th St,98103,Single Family,2026-06-08,2026-07-17,2026-07-17,1099999,1099999,2026-06-02,45,Active,,,0,false
2531122,1022 Taylor Ave N Unit A,98109,Townhouse,2026-06-08,2026-07-17,2026-07-17,960000,960000,2026-05-28,50,Active,,,0,false
2531465,628 36th Ave,98122,Single Family,2026-06-18,2026-07-17,2026-07-17,3700000,3700000,2026-06-17,28,Active,,,0,true
2534946,2114 E James St,98122,Townhouse,2026-06-08,2026-07-17,2026-07-17,849000,849000,2026-06-04,43,Active,,,0,false
2537657,2015 42nd Ave E,98112,Single Family,2026-06-18,2026-07-17,2026-07-17,2495000,2495000,2026-06-10,37,Active,,,0,false
2538451,2409 29th Ave W,98199,Single Family,2026-06-18,2026-07-17,2026-07-17,3495000,3495000,2026-06-10,37,Active,,,0,false
2540662,8526 17th Ave NE,98115,Single Family,2026-07-05,2026-07-17,2026-07-17,989000,989000,2026-06-24,23,Active,,,0,false
2541885,3609 NW 62nd St,98107,Single Family,2026-06-18,2026-07-17,2026-07-17,3150000,3150000,2026-06-17,30,Active,,,0,true
2545067,3443 16th Ave S,98144,Single Family,2026-07-05,2026-07-17,2026-07-17,759000,759000,2026-06-24,23,Active,,,0,false
2545678,7901 16th Ave SW,98106,Single Family,2026-07-05,2026-07-17,2026-07-17,999900,999900,2026-06-25,22,Active,,,0,false
2545801,2010 Fairview Ave E Unit B,98102,Townhouse,2026-07-05,2026-07-17,2026-07-17,1448750,1448750,2026-06-25,22,Active,,,0,false
2546568,2815 W Bertona St,98199,Single Family,2026-07-05,2026-07-17,2026-07-17,909000,909000,2026-06-26,21,Active,,,0,false
2547626,3435 Walnut Ave SW,98116,Single Family,2026-07-13,2026-07-17,2026-07-17,1475000,1475000,2026-07-10,8,Active,,,0,true
2549088,2626 58th Ave SW Unit B,98116,Single Family,2026-07-05,2026-07-17,2026-07-17,825000,825000,2026-07-02,15,Active,,,0,true
2549358,8863 Midvale Ave N Unit A,98103,Townhouse,2026-07-05,2026-07-17,2026-07-17,599999,599999,2026-07-02,15,Active,,,0,true
2550766,3551 Wallingford Ave N,98103,Townhouse,2026-07-13,2026-07-17,2026-07-17,950000,950000,2026-07-09,9,Active,,,0,false
2551065,11540 Palatine Ave N,98133,Single Family,2026-07-15,2026-07-17,2026-07-17,1199950,1199950,2026-07-14,3,Active,,,0,true
2551551,6717 26th Ave NW,98117,Single Family,2026-07-13,2026-07-17,2026-07-17,1150000,1150000,2026-07-09,9,Active,,,0,false
2551874,7047 27th Ave NW,98117,Single Family,2026-07-13,2026-07-17,2026-07-17,1397500,1397500,2026-07-13,4,Active,,,0,true
2552043,9225 Fremont Ave N,98103,Single Family,2026-07-16,2026-07-17,2026-07-17,600000,600000,2026-07-15,1,Active,,,0,true
2554644,337 25th Ave E,98112,Single Family,2026-07-15,2026-07-17,2026-07-17,1475000,1475000,2026-07-14,3,Active,,,0,true
2554927,3331 A S Morgan St,98118,Single Family,2026-07-16,2026-07-17,2026-07-17,530000,530000,2026-07-15,2,Active,,,0,true
2556001,3806 35th Ave W Unit 1,98199,Single Family,2026-07-17,2026-07-17,2026-07-17,599000,599000,2026-07-16,1,Active,,,0,true
2435578,9240 39th Ave S,98118,Single Family,2026-06-08,2026-07-16,2026-07-16,739999,739999,2025-09-25,294,Active,,,0,false
2482480,4200 Washington Ave W,98199,Single Family,2026-06-08,2026-07-16,2026-07-16,4500000,4500000,2026-02-20,146,Active,,,0,false
2492696,911 N 104th St Unit A,98133,Townhouse,2026-06-08,2026-07-16,2026-07-16,675000,675000,2026-03-13,125,Active,,,0,false
2503765,1108 29th Ave S Unit B,98144,Townhouse,2026-06-08,2026-07-16,2026-07-16,719950,699950,2026-04-11,96,Active,2026-07-05,2026-07-05,1,false
2508110,4809 Delridge Way SW Unit A,98106,Townhouse,2026-06-08,2026-07-16,2026-07-16,675000,675000,2026-04-22,85,Active,,,0,false
2508378,505 W Kinnear Pl,98119,Single Family,2026-06-08,2026-07-16,2026-07-16,2180000,2180000,2026-04-16,91,Active,,,0,false
2508703,522 N 104th St,98133,Townhouse,2026-06-08,2026-07-16,2026-07-16,899000,899000,2026-04-16,91,Active,,,0,false
2511629,3052 38th Ave SW,98136,Single Family,2026-06-08,2026-07-16,2026-07-16,800000,800000,2026-04-29,78,Active,,,0,false
2513598,4547 8th Ave NE,98105,Single Family,2026-06-18,2026-07-16,2026-07-16,380000,369999,2026-06-10,36,Active,2026-07-05,2026-07-05,1,false
2515977,4420 Midvale Ave N,98103,Townhouse,2026-06-08,2026-07-16,2026-07-16,949950,944950,2026-05-01,76,Active,2026-06-18,2026-06-18,1,false
2521015,3806 35th Ave W Unit 1,98199,Single Family,2026-06-18,2026-07-16,2026-07-16,635000,635000,2026-05-08,69,Active,,,0,false
2522041,2025 Fairview Ave E Unit E,98102,Single Family,2026-06-08,2026-07-16,2026-07-16,1495000,1495000,2026-05-13,64,Active,,,0,false
2522790,4416 Corliss Ave N Unit B,98103,Townhouse,2026-06-08,2026-07-16,2026-07-16,1099950,1099950,2026-05-13,64,Active,,,0,false
2535683,3655 Francis Ave N,98103,Townhouse,2026-06-08,2026-07-16,2026-07-16,1025000,944500,2026-06-05,41,Active,2026-07-05,2026-06-18,2,true
2537333,2315 S Bateman St,98108,Single Family,2026-06-18,2026-07-16,2026-07-16,798000,798000,2026-06-12,34,Active,,,0,false
2538842,811 NW 63rd St Unit A,98107,Townhouse,2026-06-18,2026-07-16,2026-07-16,1075000,1075000,2026-06-11,35,Active,,,0,false
2540515,4317 Phinney Ave N,98103,Single Family,2026-07-05,2026-07-16,2026-07-16,1095000,1095000,2026-06-24,22,Active,,,0,false
2542193,6408 14th Ave NW Unit B,98107,Townhouse,2026-07-05,2026-07-16,2026-07-16,595000,595000,2026-06-18,28,Active,,,0,false
2544574,4222 Linden Ave N,98103,Single Family,2026-07-05,2026-07-16,2026-07-16,1050000,1050000,2026-06-24,22,Active,,,0,false
2544650,223 29th Ave E,98112,Single Family,2026-07-05,2026-07-16,2026-07-16,1198000,1198000,2026-06-25,21,Active,,,0,false
2545690,8560 37th Ave SW,98126,Single Family,2026-07-13,2026-07-16,2026-07-16,950000,950000,2026-07-10,7,Active,,,0,true
2546183,1138 A NW 57th St,98107,Townhouse,2026-07-05,2026-07-16,2026-07-16,769950,769950,2026-06-25,21,Active,,,0,false
2546534,112 29th Ave E,98112,Single Family,2026-07-05,2026-07-16,2026-07-16,799950,799950,2026-06-26,20,Active,,,0,false
2550121,215 31st Ave E,98112,Single Family,2026-07-13,2026-07-16,2026-07-16,995000,995000,2026-07-11,6,Active,,,0,true
2550675,7030 Mary Ave NW Unit C,98117,Townhouse,2026-07-13,2026-07-16,2026-07-16,755000,755000,2026-07-08,9,Active,,,0,false
2551899,5022 Puget Blvd SW,98106,Single Family,2026-07-13,2026-07-16,2026-07-16,1425000,1425000,2026-07-10,7,Active,,,0,true
2479103,300 Maiden Ln E,98112,Single Family,2026-06-08,2026-07-15,2026-07-15,5950000,5950000,2026-03-01,136,Active,,,0,false
2480642,4854 Delridge Way SW Unit B,98106,Townhouse,2026-06-08,2026-07-15,2026-07-15,699950,699950,2026-02-17,148,Active,,,0,false
2480968,3431 E Superior St,98122,Single Family,2026-06-18,2026-07-15,2026-07-15,3995000,3745000,2026-06-16,29,Active,2026-07-05,2026-07-05,1,true
2500328,3120 Queen Anne Ave N,98109,Townhouse,2026-06-08,2026-07-15,2026-07-15,999950,999950,2026-04-01,105,Active,,,0,false
2508241,6001 60th Ave NE,98115,Single Family,2026-06-08,2026-07-15,2026-07-15,2180000,2180000,2026-04-17,89,Active,,,0,false
2515735,6505 19th Ave NW,98117,Single Family,2026-06-08,2026-07-15,2026-07-15,734950,719950,2026-05-01,75,Active,2026-06-18,2026-06-18,1,false
2515800,2108 E James St Unit A,98122,Townhouse,2026-06-08,2026-07-15,2026-07-15,585000,549000,2026-04-30,76,Active,2026-07-05,2026-07-05,1,false
2516588,2605 NW 64th St,98107,Townhouse,2026-06-08,2026-07-15,2026-07-15,879000,854000,2026-05-01,75,Active,2026-07-13,2026-07-13,1,false
2519509,1311 Palm Ave SW,98116,Single Family,2026-06-08,2026-07-15,2026-07-15,2650000,2650000,2026-05-07,69,Active,,,0,false
2520232,3704 48th Ave NE,98105,Single Family,2026-06-08,2026-07-15,2026-07-15,4500000,4500000,2026-05-12,64,Active,,,0,false
2527108,2017 36th Ave W,98199,Single Family,2026-07-05,2026-07-15,2026-07-15,2850000,2750000,2026-06-18,27,Active,2026-07-13,2026-07-13,1,false
2529295,10520 Whitman Ave N Unit C,98133,Townhouse,2026-06-08,2026-07-15,2026-07-15,517750,489990,2026-05-25,51,Active,2026-07-05,2026-06-18,2,false
2529821,2364 Hobart Ave SW,98116,Single Family,2026-06-08,2026-07-15,2026-07-15,1350000,1325000,2026-05-28,45,Active,2026-06-18,2026-06-18,1,false
2529830,6238 Woodlawn Ave N,98103,Single Family,2026-06-08,2026-07-15,2026-07-15,1995000,1995000,2026-05-28,48,Active,,,0,false
2531788,10715 2nd Ave NW,98177,Single Family,2026-06-08,2026-07-15,2026-07-15,1599000,1599000,2026-05-29,47,Active,,,0,false
2531940,1131 NW 60th St Unit B,98107,Townhouse,2026-06-08,2026-07-15,2026-07-15,899950,899950,2026-06-04,41,Active,,,0,false
2533372,525 27th Ave,98122,Single Family,2026-06-08,2026-07-15,2026-07-15,1495000,1495000,2026-06-05,40,Active,,,0,true
2534542,895 NW Elford Dr,98177,Single Family,2026-07-05,2026-07-15,2026-07-15,1688000,1688000,2026-06-23,22,Active,,,0,false
2535552,909 32nd Ave S Unit C,98144,Townhouse,2026-06-18,2026-07-15,2026-07-15,819950,819950,2026-06-05,40,Active,,,0,false
2537458,9056 37th Ave SW,98126,Single Family,2026-06-18,2026-07-15,2026-07-15,899950,899950,2026-06-11,34,Active,,,0,false
2541826,15 Fulton St,98109,Single Family,2026-07-05,2026-07-15,2026-07-15,900000,900000,2026-06-26,19,Active,,,0,false
2542095,8903 3rd Ave NW,98117,Single Family,2026-06-18,2026-07-15,2026-07-15,1350000,1350000,2026-06-17,28,Active,,,0,true
2544989,13203 2nd Ave NW,98177,Single Family,2026-07-05,2026-07-15,2026-07-15,899000,899000,2026-06-26,19,Active,,,0,false
2545836,2500 Lorentz Pl N,98109,Single Family,2026-07-05,2026-07-15,2026-07-15,1899000,1899000,2026-06-25,20,Active,,,0,false
2546050,936 N 35th St Unit E,98103,Townhouse,2026-07-05,2026-07-15,2026-07-15,750000,750000,2026-06-26,19,Active,,,0,false
2549011,10750 Interlake Ave N,98133,Townhouse,2026-07-13,2026-07-15,2026-07-15,509000,509000,2026-07-09,7,Active,,,0,false
2549706,9835 Triton Dr NW,98117,Single Family,2026-07-13,2026-07-15,2026-07-15,1695000,1695000,2026-07-08,8,Active,,,0,false
2549796,8731 Fauntlee Crst SW,98136,Single Family,2026-07-13,2026-07-15,2026-07-15,1450000,1450000,2026-07-10,6,Active,,,0,true
2550562,1914 3rd Ave N,98109,Single Family,2026-07-13,2026-07-15,2026-07-15,1529000,1529000,2026-07-10,6,Active,,,0,true
2550982,10825 Marine View Dr SW,98146,Single Family,2026-07-13,2026-07-15,2026-07-15,1599000,1599000,2026-07-10,6,Active,,,0,true
2551056,1749 NW 63rd St,98107,Single Family,2026-07-13,2026-07-15,2026-07-15,1180000,1180000,2026-07-08,8,Active,,,0,false
2551475,9261 31st Ave SW,98126,Single Family,2026-07-13,2026-07-15,2026-07-15,525000,525000,2026-07-10,6,Active,,,0,true
2551806,4849 48th Ave SW,98116,Single Family,2026-07-13,2026-07-15,2026-07-15,799950,799950,2026-07-13,2,Active,,,0,true
2551953,2315 26th Ave E,98112,Single Family,2026-07-13,2026-07-15,2026-07-15,925000,925000,2026-07-10,6,Active,,,0,true
2552100,3812 SW Morgan St,98126,Single Family,2026-07-13,2026-07-15,2026-07-15,710000,710000,2026-07-10,6,Active,,,0,true
2553403,2401 N Northlake Way Unit E9,98103,Single Family,2026-07-13,2026-07-15,2026-07-15,325000,325000,2026-07-13,3,Active,,,0,true
2458943,7020 Holly Park Dr S Unit W2,98118,Townhouse,2026-06-08,2026-07-14,2026-07-14,558000,558000,2025-12-04,222,Active,,,0,false
2483198,1926 Ferry Ave SW,98116,Single Family,2026-06-08,2026-07-14,2026-07-14,1049500,1049500,2026-03-09,127,Active,,,0,false
2488655,2241 Fairview Ave E Unit B,98102,Single Family,2026-06-08,2026-07-14,2026-07-14,3498000,3498000,2026-03-27,109,Active,,,0,false
2507376,10134 Holman Rd NW Unit B,98177,Townhouse,2026-06-08,2026-07-14,2026-07-14,889000,889000,2026-04-14,91,Active,,,0,false
2518294,4418 Meridian Ave N Unit B,98103,Townhouse,2026-06-08,2026-07-14,2026-07-14,915000,915000,2026-05-27,47,Active,,,0,false
2523451,431 26th Ave E,98112,Single Family,2026-06-08,2026-07-14,2026-07-14,2995000,2995000,2026-05-15,60,Active,,,0,false
2524890,954 19th Ave E,98112,Single Family,2026-06-08,2026-07-14,2026-07-14,1672500,1672500,2026-05-15,60,Active,,,0,false
2538704,7511 41st Ave NE,98115,Single Family,2026-06-18,2026-07-14,2026-07-14,2099000,2099000,2026-06-11,33,Active,,,0,false
2540242,9026 Corliss Ave N,98103,Single Family,2026-06-18,2026-07-14,2026-07-14,749999,749999,2026-06-15,29,Active,,,0,true
2540545,3648 Francis Ave N Unit D,98103,Townhouse,2026-06-18,2026-07-14,2026-07-14,750000,750000,2026-06-17,26,Active,,,0,true
2546464,129 A 26th Ave E,98112,Townhouse,2026-07-05,2026-07-14,2026-07-14,799000,799000,2026-06-26,18,Active,,,0,false
2548694,1715 26th Ave S,98144,Single Family,2026-07-13,2026-07-14,2026-07-14,850000,850000,2026-07-10,5,Active,,,0,true
2549055,2302 S Spokane St,98144,Single Family,2026-07-13,2026-07-14,2026-07-14,925000,925000,2026-07-11,4,Active,,,0,true
2549577,426 Wheeler St,98109,Single Family,2026-07-05,2026-07-14,2026-07-14,3990000,3990000,2026-07-03,11,Active,,,0,true
2550470,521 NE 85th,98115,Single Family,2026-07-13,2026-07-14,2026-07-14,1425000,1425000,2026-07-10,5,Active,,,0,true
2550797,6249 30th Ave NE,98115,Single Family,2026-07-13,2026-07-14,2026-07-14,997000,997000,2026-07-10,5,Active,,,0,true
2551017,5547 38th Ave NE,98105,Single Family,2026-07-13,2026-07-14,2026-07-14,1235000,1235000,2026-07-10,5,Active,,,0,true
2551174,1537 S Pearl St,98108,Single Family,2026-07-13,2026-07-14,2026-07-14,890000,890000,2026-07-10,5,Active,,,0,true
2551471,10723 Densmore Ave N,98133,Single Family,2026-07-13,2026-07-14,2026-07-14,1095000,1095000,2026-07-09,6,Active,,,0,false
2551925,2448 1st Ave W,98119,Single Family,2026-07-13,2026-07-14,2026-07-14,1249000,1249000,2026-07-10,5,Active,,,0,true
2552029,5957 17th Ave SW,98106,Single Family,2026-07-13,2026-07-14,2026-07-14,1099000,1099000,2026-07-10,5,Active,,,0,true
2552221,8014 12th Ave NW,98117,Single Family,2026-07-13,2026-07-14,2026-07-14,1599900,1599900,2026-07-10,5,Active,,,0,true
2479524,5728 Roosevelt Way NE,98105,Townhouse,2026-06-08,2026-07-13,2026-07-13,759500,759500,2026-02-12,151,Active,,,0,false
2522401,2310 W Newton St,98199,Townhouse,2026-06-08,2026-07-13,2026-07-13,715000,699000,2026-05-13,61,Active,2026-06-18,2026-06-18,1,false
2535758,1533 38th Ave E,98112,Single Family,2026-06-08,2026-07-13,2026-07-13,4500000,4500000,2026-06-05,38,Active,,,0,true
2537434,3306 35th (Not on Arterial) Ave SW,98126,Single Family,2026-06-18,2026-07-13,2026-07-13,1050000,1050000,2026-06-11,32,Active,,,0,false
2538076,1206 SW Myrtle St,98106,Single Family,2026-07-13,2026-07-13,2026-07-13,849000,849000,2026-07-09,5,Active,,,0,false
2541265,515 N 122nd St,98133,Single Family,2026-07-05,2026-07-13,2026-07-13,995000,1150000,2026-06-18,25,Active,2026-07-13,2026-07-13,1,false
2414220,718 E Aloha St #10,98102,Townhouse,2026-06-08,2026-07-05,2026-07-05,2799000,2799000,2025-09-25,283,Active,,,0,false
24372758,4722 53rd Ave SW,98116,Single Family,2026-06-08,2026-07-05,2026-07-05,2400000,2400000,2026-06-04,31,Active,,,0,false
2443766,1602 E Marion St,98122,Townhouse,2026-06-08,2026-07-05,2026-07-05,729999,729999,2025-11-06,241,Active,,,0,false
2463582,4729 Mount View Dr S,98108,Single Family,2026-06-08,2026-07-05,2026-07-05,1975000,1975000,2026-01-23,163,Active,,,0,false
2463998,8811 Interlake Ave N Unit A,98103,Townhouse,2026-06-08,2026-07-05,2026-07-05,625000,625000,2026-01-08,178,Active,,,0,false
2466374,7320 11th Ave NE,98115,Townhouse,2026-06-08,2026-07-05,2026-07-05,669950,649950,2026-01-08,178,Active,2026-06-18,2026-06-18,1,false
2483246,4019 SW Henderson St,98136,Single Family,2026-06-08,2026-07-05,2026-07-05,1449950,1449950,2026-04-09,87,Active,,,0,false
2483901,909 Hiawatha Pl S Unit C,98144,Townhouse,2026-06-08,2026-07-05,2026-07-05,590000,590000,2026-04-03,93,Active,,,0,false
2486639,515 NE 123rd St,98125,Single Family,2026-06-18,2026-07-05,2026-07-05,899950,899950,2026-03-13,114,Active,,,0,false
2487967,7030 Mary Ave NW Unit C,98117,Townhouse,2026-06-08,2026-07-05,2026-07-05,755000,755000,2026-03-06,121,Active,,,0,false
2491333,9328 31st Ave SW,98126,Single Family,2026-06-08,2026-07-05,2026-07-05,549000,549000,2026-05-01,65,Active,,,0,false
2494085,3812 SW Morgan St,98126,Single Family,2026-06-18,2026-07-05,2026-07-05,749000,749000,2026-03-19,108,Active,,,0,false
2494291,3639 13th Ave W Unit C,98119,Townhouse,2026-06-08,2026-07-05,2026-07-05,899950,899950,2026-03-26,101,Active,,,0,false
2494644,3819 C Fremont Ave N,98103,Townhouse,2026-06-08,2026-07-05,2026-07-05,1079950,1079950,2026-03-20,107,Active,,,0,false
2499476,6030 Ann Arbor Ave NE,98115,Single Family,2026-06-08,2026-07-05,2026-07-05,2875000,2795000,2026-03-31,96,Active,2026-07-05,2026-07-05,1,false
2500377,1017 NE 55th St,98105,Townhouse,2026-06-08,2026-07-05,2026-07-05,1020000,1020000,2026-04-02,94,Active,,,0,false
2502982,6895 Holly Park Dr S,98118,Townhouse,2026-06-08,2026-07-05,2026-07-05,575000,575000,2026-04-06,90,Active,,,0,false
2503573,6320 41st Ave SW Unit A,98136,Townhouse,2026-06-08,2026-07-05,2026-07-05,749950,749950,2026-04-09,87,Active,,,0,false
2503872,1707 22nd Ave S,98118,Single Family,2026-06-08,2026-07-05,2026-07-05,699950,699950,2026-04-10,86,Active,,,0,false
2504137,4014 32nd Ave SW,98126,Single Family,2026-06-08,2026-07-05,2026-07-05,889000,850000,2026-04-29,67,Active,2026-06-18,2026-06-18,1,false
2504159,1111 S Pearl St,98108,Single Family,2026-06-08,2026-07-05,2026-07-05,799950,799950,2026-04-09,87,Active,,,0,false
2504462,1811 S Stevens St,98144,Single Family,2026-06-08,2026-07-05,2026-07-05,1100000,1075000,2026-04-09,78,Active,2026-07-05,2026-07-05,1,false
2504999,324 NE 54th St,98105,Single Family,2026-06-08,2026-07-05,2026-07-05,875000,875000,2026-04-09,87,Active,,,0,false
2505322,4418 Eastern Ave N,98103,Townhouse,2026-06-08,2026-07-05,2026-07-05,900000,900000,2026-04-09,87,Active,,,0,false
2505331,4414 Eastern Ave N #4418,98103,Townhouse,2026-06-08,2026-07-05,2026-07-05,900000,900000,2026-04-09,87,Active,,,0,false
2505698,1915 E Spruce St Unit B,98122,Townhouse,2026-06-08,2026-07-05,2026-07-05,424000,424000,2026-04-10,86,Active,,,0,false
2505851,71 W Dravus St,98119,Townhouse,2026-06-08,2026-07-05,2026-07-05,750000,750000,2026-04-15,81,Active,,,0,false
2507068,3636 Greenwood Ave N Unit B,98103,Townhouse,2026-06-08,2026-07-05,2026-07-05,1155950,1155950,2026-04-14,82,Active,,,0,false
2507080,3638 Greenwood Ave N Unit A,98103,Townhouse,2026-06-08,2026-07-05,2026-07-05,1099950,1099950,2026-04-14,82,Active,,,0,false
2507091,3638 Greenwood Ave N Unit B,98103,Townhouse,2026-06-08,2026-07-05,2026-07-05,1237950,1237950,2026-04-14,82,Active,,,0,false
2508947,4712 SW Brace Point Dr,98136,Single Family,2026-06-08,2026-07-05,2026-07-05,1895000,1895000,2026-05-14,52,Active,,,0,false
2509101,4274 NE 50th St,98105,Townhouse,2026-06-08,2026-07-05,2026-07-05,950000,950000,2026-04-16,80,Active,,,0,false
2509498,9831 33rd Ave SW,98126,Single Family,2026-06-08,2026-07-05,2026-07-05,550000,530000,2026-05-02,64,Active,2026-06-18,2026-06-18,1,false
2510416,3844 30th Ave W,98199,Single Family,2026-06-08,2026-07-05,2026-07-05,1150000,1130000,2026-04-24,72,Active,2026-07-05,2026-07-05,1,false
2512525,13217 15th Ave NE Unit A8,98125,Single Family,2026-06-18,2026-07-05,2026-07-05,398000,398000,2026-04-23,73,Active,,,0,false
2513748,10825 Marine View Dr SW,98146,Single Family,2026-06-08,2026-07-05,2026-07-05,1695000,1695000,2026-05-22,44,Active,,,0,false
2514219,2373 Minor Ave E,98102,Townhouse,2026-06-08,2026-07-05,2026-07-05,1350000,1350000,2026-04-30,66,Active,,,0,false
2515831,6406 Fauntleroy Way SW,98136,Townhouse,2026-06-08,2026-07-05,2026-07-05,650000,650000,2026-05-01,65,Active,,,0,false
2516976,324 NW 80th St,98117,Single Family,2026-06-18,2026-07-05,2026-07-05,799950,799950,2026-05-01,65,Active,,,0,false
2518100,814 NW 54th St Unit A,98107,Townhouse,2026-06-08,2026-07-05,2026-07-05,599950,599950,2026-05-07,59,Active,,,0,false
2518500,518 N 102nd St,98133,Townhouse,2026-06-08,2026-07-05,2026-07-05,599900,599900,2026-05-13,53,Active,,,0,false
2518697,512 NW 44th St,98107,Single Family,2026-06-08,2026-07-05,2026-07-05,1174999,1149999,2026-05-07,59,Active,2026-06-18,2026-06-18,1,false
2519490,516 N 102nd St,98133,Townhouse,2026-06-08,2026-07-05,2026-07-05,699900,699900,2026-05-13,53,Active,,,0,false
2520574,9417 44th Pl NE,98115,Single Family,2026-06-08,2026-07-05,2026-07-05,930000,899000,2026-05-08,58,Active,2026-07-05,2026-07-05,1,false
2520740,6735 Alonzo Ave NW Unit A,98117,Single Family,2026-06-08,2026-07-05,2026-07-05,1075000,1049000,2026-05-08,58,Active,2026-06-18,2026-06-18,1,false
2522096,14032 Stone Ave N,98133,Single Family,2026-06-08,2026-07-05,2026-07-05,739000,739000,2026-05-21,45,Active,,,0,false
2522728,3307 E Pike St,98122,Single Family,2026-06-18,2026-07-05,2026-07-05,1370000,1370000,2026-06-17,18,Active,,,0,true
2522829,725 Harvard Ave E,98102,Townhouse,2026-06-08,2026-07-05,2026-07-05,2900000,2900000,2026-05-18,48,Active,,,0,false
2522858,3415 24th Ave W,98199,Single Family,2026-06-08,2026-07-05,2026-07-05,1150000,1150000,2026-05-31,35,Active,,,0,false
2522951,9025 38th Ave S,98118,Townhouse,2026-06-08,2026-07-05,2026-07-05,550000,535000,2026-05-13,53,Active,2026-06-18,2026-06-18,1,false
2523021,10801 12th Ave NE,98125,Single Family,2026-06-08,2026-07-05,2026-07-05,1045000,999999,2026-05-14,52,Active,2026-07-05,2026-07-05,1,false
2523735,1225 9th Ave W,98119,Single Family,2026-06-08,2026-07-05,2026-07-05,1925000,1925000,2026-05-15,51,Active,,,0,false
2523914,1601 22nd Ave #2118,98122,Single Family,2026-06-18,2026-07-05,2026-07-05,515000,509999,2026-05-14,52,Active,2026-07-05,2026-07-05,1,false
2525090,4114 Linden Ave N Unit A,98103,Townhouse,2026-06-08,2026-07-05,2026-07-05,925000,925000,2026-05-15,51,Active,,,0,false
2526257,8706 S 42nd Ave,98118,Townhouse,2026-07-05,2026-07-05,2026-07-05,618800,618800,2026-06-08,27,Active,,,0,false
2526834,1210 S Lucile St,98108,Single Family,2026-06-08,2026-07-05,2026-07-05,699950,699950,2026-05-21,45,Active,,,0,false
2527265,4115 Delridge Way SW,98106,Townhouse,2026-06-18,2026-07-05,2026-07-05,695000,695000,2026-06-10,25,Active,,,0,false
2527333,3951 S Chicago St,98118,Single Family,2026-06-08,2026-07-05,2026-07-05,765000,745000,2026-05-21,45,Active,2026-07-05,2026-07-05,1,false
2528328,4011 SW Maryland Pl,98116,Single Family,2026-06-08,2026-07-05,2026-07-05,1075000,1075000,2026-05-22,44,Active,,,0,false
2528351,1810 NW 85th St,98117,Townhouse,2026-06-08,2026-07-05,2026-07-05,524900,524900,2026-05-27,39,Active,,,0,false
2528424,1516 Bigelow Ave N,98109,Townhouse,2026-06-08,2026-07-05,2026-07-05,1475000,1475000,2026-05-22,44,Active,,,0,false
2529009,916 23rd Ave S,98144,Single Family,2026-06-08,2026-07-05,2026-07-05,775000,719500,2026-05-24,42,Active,2026-07-05,2026-07-05,1,false
2529264,225 32nd Ave E,98112,Single Family,2026-06-08,2026-07-05,2026-07-05,1049900,1049900,2026-06-03,32,Active,,,0,false
2529646,2904 W Tilden St,98199,Single Family,2026-06-08,2026-07-05,2026-07-05,1490000,1490000,2026-06-04,31,Active,,,0,false
2529878,3032 NE Blakeley St,98105,Single Family,2026-06-08,2026-07-05,2026-07-05,2465000,2465000,2026-05-26,40,Active,,,0,false
2530331,3509 W Thurman St,98199,Single Family,2026-06-08,2026-07-05,2026-07-05,2295000,2295000,2026-05-28,38,Active,,,0,false
2530464,5336 SW Admiral Way,98116,Single Family,2026-06-08,2026-07-05,2026-07-05,1699000,1699000,2026-06-03,32,Active,,,0,false
2531259,4010 Ashworth Ave N,98103,Single Family,2026-07-05,2026-07-05,2026-07-05,1195000,1195000,2026-06-23,12,Active,,,0,false
2531502,12119 12th Ave NW,98177,Single Family,2026-06-08,2026-07-05,2026-07-05,2396000,2396000,2026-06-05,30,Active,,,0,true
2531615,11720 Evanston Ave N,98133,Single Family,2026-06-08,2026-07-05,2026-07-05,995000,975000,2026-06-04,31,Active,2026-07-05,2026-07-05,1,false
2531907,1500 31st Ave,98122,Single Family,2026-06-08,2026-07-05,2026-07-05,1050000,1050000,2026-06-06,29,Active,,,0,true
2532158,114 Queen Anne Dr,98109,Single Family,2026-06-08,2026-07-05,2026-07-05,1648000,1648000,2026-06-01,34,Active,,,0,false
2532719,10717 Phinney Ave N,98133,Single Family,2026-06-08,2026-07-05,2026-07-05,625000,625000,2026-06-02,33,Active,,,0,false
2532992,5921 32nd Ave SW,98126,Single Family,2026-06-08,2026-07-05,2026-07-05,1049950,1049950,2026-06-02,33,Active,,,0,false
2533709,4754 4th Ave NE,98105,Single Family,2026-06-18,2026-07-05,2026-07-05,900000,900000,2026-06-12,23,Active,,,0,false
2534068,2251 14th Ave W Unit C,98119,Townhouse,2026-06-08,2026-07-05,2026-07-05,799000,799000,2026-06-04,31,Active,,,0,false
2534338,4736 Delridge Way SW Unit B,98106,Townhouse,2026-06-08,2026-07-05,2026-07-05,475000,475000,2026-06-05,30,Active,,,0,true
2534747,139 22nd Ave E Unit A,98112,Townhouse,2026-06-08,2026-07-05,2026-07-05,899000,874000,2026-06-04,31,Active,2026-07-05,2026-07-05,1,false
2535814,3002 NW 70th St,98117,Single Family,2026-06-08,2026-07-05,2026-07-05,1760000,1760000,2026-06-05,30,Active,,,0,true
2535956,1108 NE 106th St,98125,Single Family,2026-06-18,2026-07-05,2026-07-05,1199000,1099000,2026-06-11,24,Active,2026-07-05,2026-07-05,1,false
2535972,1141 NW 57th St,98107,Townhouse,2026-06-08,2026-07-05,2026-07-05,1149950,1149950,2026-06-05,30,Active,,,0,true
2536135,4422 Montana Cir W,98199,Townhouse,2026-06-18,2026-07-05,2026-07-05,999000,999000,2026-06-05,30,Active,,,0,false
2536700,123 31st Ave,98122,Single Family,2026-06-18,2026-07-05,2026-07-05,1225000,1225000,2026-06-17,18,Active,,,0,true
2536950,5804 17th Ave S,98108,Single Family,2026-07-05,2026-07-05,2026-07-05,795000,795000,2026-06-18,17,Active,,,0,false
2536968,527 B NE 89th St,98115,Townhouse,2026-06-18,2026-07-05,2026-07-05,825000,825000,2026-06-16,19,Active,,,0,true
2536982,2616 Franklin Ave E,98102,Single Family,2026-06-18,2026-07-05,2026-07-05,1295000,1295000,2026-06-10,25,Active,,,0,false
2537294,9439 11th Ave SW,98106,Single Family,2026-06-18,2026-07-05,2026-07-05,735000,735000,2026-06-11,24,Active,,,0,false
2537422,10124 3rd Ave NW,98177,Single Family,2026-06-18,2026-07-05,2026-07-05,998000,1050000,2026-06-10,25,Active,2026-07-05,2026-07-05,1,false
2537638,831 19th Ave S,98144,Single Family,2026-06-18,2026-07-05,2026-07-05,829000,829000,2026-06-11,24,Active,,,0,false
2537848,1411 10th Ave W,98119,Single Family,2026-06-18,2026-07-05,2026-07-05,2500000,2500000,2026-06-11,24,Active,,,0,false
2537913,8507 16th Ave NW,98117,Townhouse,2026-06-18,2026-07-05,2026-07-05,575000,575000,2026-06-10,25,Active,,,0,false
2538572,1560 NW Woodbine Way,98177,Single Family,2026-06-18,2026-07-05,2026-07-05,2800000,2800000,2026-06-11,24,Active,,,0,false
2538617,4128 3rd Ave NW,98107,Single Family,2026-06-18,2026-07-05,2026-07-05,1395000,1395000,2026-06-11,24,Active,,,0,false
2538625,3670 Dayton Ave N Unit B,98103,Townhouse,2026-06-18,2026-07-05,2026-07-05,999000,999000,2026-06-12,23,Active,,,0,false
2538653,3722 SW Grayson St,98126,Single Family,2026-06-18,2026-07-05,2026-07-05,1295000,1295000,2026-06-11,24,Active,,,0,false
2538823,3010 NE 55th St,98105,Townhouse,2026-06-18,2026-07-05,2026-07-05,850000,850000,2026-06-11,24,Active,,,0,false
2538865,8803 15th Ave NE,98115,Single Family,2026-06-18,2026-07-05,2026-07-05,1469950,1469950,2026-06-12,23,Active,,,0,false
2539041,8849 Midvale Ave N Unit F,98103,Townhouse,2026-06-18,2026-07-05,2026-07-05,599999,599999,2026-06-11,24,Active,,,0,false
2539117,2640 NW 57th St Unit A,98107,Townhouse,2026-06-18,2026-07-05,2026-07-05,749900,749900,2026-06-12,23,Active,,,0,false
2539175,6221 9th Ave NE,98115,Townhouse,2026-06-18,2026-07-05,2026-07-05,749950,749950,2026-06-11,24,Active,,,0,false
2539502,2218 E McGraw St,98112,Single Family,2026-06-18,2026-07-05,2026-07-05,1925000,1925000,2026-06-17,18,Active,,,0,true
2539587,1871 40th Ave E,98112,Single Family,2026-06-18,2026-07-05,2026-07-05,1949000,1949000,2026-06-16,19,Active,,,0,true
2539928,1618 37th Ave,98122,Single Family,2026-06-18,2026-07-05,2026-07-05,2750000,2750000,2026-06-15,20,Active,,,0,true
2540185,2132 Dexter Ave N,98109,Single Family,2026-07-05,2026-07-05,2026-07-05,849900,849900,2026-06-19,16,Active,,,0,false
2540456,3800 E Jefferson St,98122,Single Family,2026-06-18,2026-07-05,2026-07-05,2550000,2550000,2026-06-17,17,Active,,,0,true
2540679,9744 B Holman Rd NW,98117,Townhouse,2026-06-18,2026-07-05,2026-07-05,639900,639900,2026-06-15,20,Active,,,0,true
2541031,3201 S Webster St,98118,Single Family,2026-06-18,2026-07-05,2026-07-05,774950,774950,2026-06-16,19,Active,,,0,true
2541158,2556 1st Ave N,98109,Single Family,2026-06-18,2026-07-05,2026-07-05,2150000,2150000,2026-06-17,17,Active,,,0,true
2541390,4055 SW Holgate St,98116,Single Family,2026-06-18,2026-07-05,2026-07-05,1675000,1675000,2026-06-17,18,Active,,,0,true
2542063,19 Dravus St,98109,Single Family,2026-07-05,2026-07-05,2026-07-05,875000,875000,2026-06-18,17,Active,,,0,false
2542201,2220 B NW 62nd St,98107,Townhouse,2026-07-05,2026-07-05,2026-07-05,1025000,1025000,2026-06-18,17,Active,,,0,false
2542542,4329 5th Ave NE,98105,Single Family,2026-07-05,2026-07-05,2026-07-05,950000,950000,2026-06-18,17,Active,,,0,false
2543588,3303 37th Ave W,98199,Single Family,2026-07-05,2026-07-05,2026-07-05,2900000,2900000,2026-06-22,13,Active,,,0,false
2543832,3218 36th Ave SW,98126,Single Family,2026-07-05,2026-07-05,2026-07-05,1849000,1849000,2026-06-25,10,Active,,,0,false
2543917,8548 Midvale Ave N Unit B,98103,Townhouse,2026-07-05,2026-07-05,2026-07-05,650000,650000,2026-06-25,10,Active,,,0,false
2543937,2233 Minor Ave Unit C,98102,Townhouse,2026-07-05,2026-07-05,2026-07-05,825000,825000,2026-06-24,11,Active,,,0,false
2544156,925 Martin Luther King Jr Way,98122,Single Family,2026-07-05,2026-07-05,2026-07-05,1300000,1300000,2026-06-23,12,Active,,,0,false
2544620,1749 NW 63rd St,98107,Single Family,2026-07-05,2026-07-05,2026-07-05,1245000,1245000,2026-06-23,12,Active,,,0,false
2544815,1146 N 78th St,98103,Single Family,2026-07-05,2026-07-05,2026-07-05,1250000,1250000,2026-06-26,9,Active,,,0,false
2544962,966 N Allen Pl,98103,Townhouse,2026-07-05,2026-07-05,2026-07-05,664900,664900,2026-06-24,11,Active,,,0,false
2544964,227 24th Ave E Unit B,98112,Townhouse,2026-07-05,2026-07-05,2026-07-05,725000,725000,2026-06-26,9,Active,,,0,false
2545096,2859 NW 57th St,98107,Single Family,2026-07-05,2026-07-05,2026-07-05,1725000,1725000,2026-06-30,5,Active,,,0,false
2545126,14338 Bagley Ave N,98133,Single Family,2026-07-05,2026-07-05,2026-07-05,825000,825000,2026-06-25,10,Active,,,0,false
2545287,2508 13th Ave W,98119,Single Family,2026-07-05,2026-07-05,2026-07-05,2195000,2195000,2026-06-25,10,Active,,,0,false
2545823,512 N 92nd St,98103,Townhouse,2026-07-05,2026-07-05,2026-07-05,699000,699000,2026-06-25,10,Active,,,0,false
2545829,746 Boylston Ave E Unit A,98102,Townhouse,2026-07-05,2026-07-05,2026-07-05,970000,970000,2026-06-25,10,Active,,,0,false
2545843,514 N 92nd St,98103,Single Family,2026-07-05,2026-07-05,2026-07-05,799000,799000,2026-06-25,10,Active,,,0,false
2545909,7914 34th Ave SW,98126,Single Family,2026-07-05,2026-07-05,2026-07-05,599000,599000,2026-06-25,10,Active,,,0,false
2546158,1417 NW 83rd St,98117,Single Family,2026-07-05,2026-07-05,2026-07-05,850000,850000,2026-06-25,10,Active,,,0,false
2546208,4107 25th Ave SW,98106,Townhouse,2026-07-05,2026-07-05,2026-07-05,699998,699998,2026-06-27,8,Active,,,0,false
2546516,3300 B Government Way,98199,Townhouse,2026-07-05,2026-07-05,2026-07-05,650000,650000,2026-06-26,9,Active,,,0,false
2546557,4105 Fremont Ave N Unit A,98103,Townhouse,2026-07-05,2026-07-05,2026-07-05,663000,663000,2026-06-26,9,Active,,,0,false
2546697,1528 NE 97th St,98115,Single Family,2026-07-05,2026-07-05,2026-07-05,1091500,1091500,2026-06-26,9,Active,,,0,false
2546698,1619 S Weller St Unit A,98144,Townhouse,2026-07-05,2026-07-05,2026-07-05,629900,629900,2026-06-26,9,Active,,,0,false
2546721,11545 N Park Ave N,98133,Single Family,2026-07-05,2026-07-05,2026-07-05,625000,625000,2026-06-27,8,Active,,,0,false
2547150,1715 E Mercer St,98112,Single Family,2026-07-05,2026-07-05,2026-07-05,1325000,1325000,2026-06-29,6,Active,,,0,false
2547183,2134 Waverly Pl N #103,98109,Single Family,2026-07-05,2026-07-05,2026-07-05,419500,419500,2026-07-01,4,Active,,,0,false
2547371,848 NW 59th St,98107,Single Family,2026-07-05,2026-07-05,2026-07-05,990000,990000,2026-06-30,5,Active,,,0,false
2547534,13810 Greenwood Ave N Unit D,98133,Townhouse,2026-07-05,2026-07-05,2026-07-05,599950,599950,2026-06-30,5,Active,,,0,false
2547537,8045 19th Ave NE,98115,Single Family,2026-07-05,2026-07-05,2026-07-05,675950,675950,2026-06-29,6,Active,,,0,false
2547688,13322 3rd Ave NE,98125,Single Family,2026-07-05,2026-07-05,2026-07-05,825000,825000,2026-07-01,4,Active,,,0,false
2548056,12238 1st Ave NW,98177,Single Family,2026-07-05,2026-07-05,2026-07-05,1150000,1150000,2026-07-01,4,Active,,,0,false
2548184,3924 S Pilgrim St,98118,Single Family,2026-07-05,2026-07-05,2026-07-05,640000,640000,2026-07-02,3,Active,,,0,true
2548732,4017 Corliss Ave N,98103,Single Family,2026-07-05,2026-07-05,2026-07-05,970000,970000,2026-07-02,3,Active,,,0,true
2548773,12060 8th Ave NW Unit B,98177,Townhouse,2026-07-05,2026-07-05,2026-07-05,799900,799900,2026-07-01,4,Active,,,0,false
2549036,3242 36th Ave W,98199,Single Family,2026-07-05,2026-07-05,2026-07-05,975000,975000,2026-07-02,3,Active,,,0,true
2549605,10829 42nd Ave SW,98146,Single Family,2026-07-05,2026-07-05,2026-07-05,1950000,1950000,2026-07-04,1,Active,,,0,true
2549615,5904 42nd Ave SW,98136,Townhouse,2026-07-05,2026-07-05,2026-07-05,715000,715000,2026-07-04,1,Active,,,0,true
2316937,3802 E John St,98112,Single Family,2026-06-08,2026-06-19,2026-06-19,3495000,3495000,2025-02-04,499,Active,,,0,false
2363667,5932 California Ave SW,98136,Single Family,2026-06-08,2026-06-19,2026-06-19,1700000,1700000,2025-04-30,414,Active,,,0,false
2455361,1212 E Shelby #5,98102,Single Family,2026-06-08,2026-06-19,2026-06-19,3475000,3475000,2025-11-21,209,Active,,,0,false
2456206,312 Prospect St,98109,Single Family,2026-06-08,2026-06-19,2026-06-19,2899000,2899000,2025-11-20,210,Active,,,0,false
2459792,1701 16th Ave S Unit C,98144,Townhouse,2026-06-08,2026-06-19,2026-06-19,485000,485000,2025-12-07,193,Active,,,0,false
2468419,5616 California Ave SW Unit C,98136,Townhouse,2026-06-08,2026-06-19,2026-06-19,735000,735000,2026-02-26,112,Active,,,0,false
2468706,1017 California Ln SW,98116,Single Family,2026-06-08,2026-06-19,2026-06-19,6395000,6395000,2026-01-16,153,Active,,,0,false
2468806,1019 California Ln SW,98116,Single Family,2026-06-08,2026-06-19,2026-06-19,6975000,6975000,2026-01-16,153,Active,,,0,false
2469714,6214 40th Ave NE,98115,Single Family,2026-06-08,2026-06-19,2026-06-19,2750000,2750000,2026-01-20,149,Active,,,0,false
2472272,1123 A 10th Ave E,98102,Townhouse,2026-06-08,2026-06-19,2026-06-19,1169000,1169000,2026-02-22,116,Active,,,0,false
2473526,10421 41st Ave SW Unit B,98146,Townhouse,2026-06-08,2026-06-19,2026-06-19,699300,699300,2026-02-13,125,Active,,,0,false
2477361,8608 42nd Ave S,98118,Single Family,2026-06-08,2026-06-19,2026-06-19,889500,889500,2026-02-05,133,Active,,,0,false
2477366,8612 42nd Ave S Unit C,98118,Townhouse,2026-06-08,2026-06-19,2026-06-19,649500,649500,2026-02-05,133,Active,,,0,false
2479558,2815 24th Ave S,98144,Townhouse,2026-06-08,2026-06-19,2026-06-19,699950,699950,2026-04-03,76,Active,,,0,false
2481180,3032 S Dawson St,98108,Single Family,2026-06-08,2026-06-19,2026-06-19,824900,799900,2026-02-19,119,Active,2026-06-18,2026-06-18,1,false
2482094,14052 Midvale Ave N,98133,Single Family,2026-06-08,2026-06-19,2026-06-19,530000,530000,2026-02-20,118,Active,,,0,false
2482642,1920 E Union #104,98122,Townhouse,2026-06-18,2026-06-19,2026-06-19,624500,624500,2026-02-19,119,Active,,,0,false
2483905,2017 Fairview Ave E Unit I,98102,Single Family,2026-06-08,2026-06-19,2026-06-19,4750000,4750000,2026-02-23,115,Active,,,0,false
2485063,1942 7th Ave W,98119,Single Family,2026-06-08,2026-06-19,2026-06-19,2975000,2975000,2026-02-26,112,Active,,,0,false
2486493,426 Smith St,98109,Single Family,2026-06-08,2026-06-19,2026-06-19,2370000,2370000,2026-03-04,106,Active,,,0,false
2487265,1728 11th Ave Unit A,98122,Townhouse,2026-06-08,2026-06-19,2026-06-19,699000,699000,2026-03-06,104,Active,,,0,false
2487683,13333 Greenwood Ave N Unit A,98133,Townhouse,2026-06-08,2026-06-19,2026-06-19,794880,794880,2026-03-05,105,Active,,,0,false
2487773,3141 Broadway E,98102,Single Family,2026-06-08,2026-06-19,2026-06-19,1350000,1350000,2026-03-26,84,Active,,,0,false
2489198,3333 43rd Ave NE,98105,Single Family,2026-06-08,2026-06-19,2026-06-19,4950000,4950000,2026-03-19,91,Active,,,0,false
2489348,9444 26th Ave SW,98106,Single Family,2026-06-08,2026-06-19,2026-06-19,649000,649000,2026-03-11,99,Active,,,0,false
2489705,3925 NE Surber Dr,98105,Single Family,2026-06-08,2026-06-19,2026-06-19,6995000,6995000,2026-03-24,86,Active,,,0,false
2489896,7336 27th Ave NW,98117,Townhouse,2026-06-08,2026-06-19,2026-06-19,1174750,1174750,2026-03-13,97,Active,,,0,false
2490814,2230 C NW 60th St,98107,Townhouse,2026-06-08,2026-06-19,2026-06-19,875000,875000,2026-03-24,86,Active,,,0,false
2491031,2228 A NW 60th St,98107,Townhouse,2026-06-08,2026-06-19,2026-06-19,718000,718000,2026-03-24,86,Active,,,0,false
2491326,3015 61st Ave SW Unit B,98116,Townhouse,2026-06-08,2026-06-19,2026-06-19,799000,799000,2026-03-13,97,Active,,,0,false
2491472,6726 35th Pl S,98118,Townhouse,2026-06-08,2026-06-19,2026-06-19,665000,657500,2026-03-12,98,Active,2026-06-18,2026-06-18,1,false
2492287,5620 California Ave SW Unit A,98136,Townhouse,2026-06-08,2026-06-19,2026-06-19,749000,749000,2026-03-18,92,Active,,,0,false
2492394,9452 25th Ave SW,98106,Single Family,2026-06-08,2026-06-19,2026-06-19,499000,499000,2026-03-14,96,Active,,,0,false
2493823,1523 NW 64th St Unit B,98107,Townhouse,2026-06-08,2026-06-19,2026-06-19,874000,849000,2026-03-20,90,Active,2026-06-18,2026-06-18,1,false
2493895,926 N 96th St,98103,Townhouse,2026-06-08,2026-06-19,2026-06-19,675000,675000,2026-03-19,91,Active,,,0,false
2494204,8053 16th Ave NW,98117,Single Family,2026-06-08,2026-06-19,2026-06-19,764000,764000,2026-03-22,88,Active,,,0,false
2494677,301 W Raye St #201,98119,Townhouse,2026-06-08,2026-06-19,2026-06-19,345000,345000,2026-03-19,91,Active,,,0,false
2494742,10752 Interlake Ave N,98133,Townhouse,2026-06-08,2026-06-19,2026-06-19,619950,619950,2026-03-20,90,Active,,,0,false
2495636,6538 C Latona Ave NE,98115,Townhouse,2026-06-08,2026-06-19,2026-06-19,828000,828000,2026-03-20,90,Active,,,0,false
2496089,13339 Greenwood Ave N Unit C,98133,Townhouse,2026-06-08,2026-06-19,2026-06-19,749950,749950,2026-03-25,85,Active,,,0,false
2496112,1111 37th Ave E,98112,Single Family,2026-06-08,2026-06-19,2026-06-19,3785000,3495000,2026-04-14,65,Active,2026-06-18,2026-06-18,1,false
2496150,6320 41st Ave SW Unit B,98136,Townhouse,2026-06-08,2026-06-19,2026-06-19,735000,735000,2026-04-02,77,Active,,,0,false
2496259,4010 22nd Ave SW,98106,Single Family,2026-06-08,2026-06-19,2026-06-19,349900,349900,2026-03-23,87,Active,,,0,false
2496970,1704 A N 47th St,98103,Townhouse,2026-06-08,2026-06-19,2026-06-19,1108000,1108000,2026-03-31,79,Active,,,0,false
2497269,315 W Galer St #102,98119,Townhouse,2026-06-08,2026-06-19,2026-06-19,1489000,1489000,2026-03-25,85,Active,,,0,false
2497740,1530 25th Ave Unit B,98122,Townhouse,2026-06-18,2026-06-19,2026-06-19,699000,699000,2026-04-24,55,Active,,,0,false
2497806,6041 42nd Ave SW,98136,Townhouse,2026-06-08,2026-06-19,2026-06-19,709500,709500,2026-03-29,81,Active,,,0,false
2497976,1609 E Alder St,98122,Single Family,2026-06-08,2026-06-19,2026-06-19,899500,899500,2026-03-26,84,Active,,,0,false
2498747,2010 Fairview Ave E Unit B,98102,Townhouse,2026-06-08,2026-06-19,2026-06-19,1525000,1525000,2026-03-27,83,Active,,,0,false
2499096,6313 9th Ave NE Unit A,98115,Townhouse,2026-06-08,2026-06-19,2026-06-19,729000,729000,2026-03-31,79,Active,,,0,false
2499606,8410 17th Ave SW #3,98106,Townhouse,2026-06-08,2026-06-19,2026-06-19,750000,750000,2026-04-06,73,Active,,,0,false
2500869,1231 6th Ave N,98109,Single Family,2026-06-08,2026-06-19,2026-06-19,1250000,1250000,2026-04-03,76,Active,,,0,false
2501107,9617 15th Ave NE,98115,Single Family,2026-06-08,2026-06-19,2026-06-19,775000,775000,2026-04-02,77,Active,,,0,false
2501730,1127 B 10th Ave E,98102,Townhouse,2026-06-08,2026-06-19,2026-06-19,974950,974950,2026-04-02,77,Active,,,0,false
2501855,3245 21st Ave W,98199,Townhouse,2026-06-08,2026-06-19,2026-06-19,825000,825000,2026-04-03,76,Active,,,0,false
2501899,1640 18th Ave #6,98122,Single Family,2026-06-18,2026-06-19,2026-06-19,335000,335000,2026-04-23,56,Active,,,0,false
2502062,3258 14th Ave W,98119,Single Family,2026-06-08,2026-06-19,2026-06-19,1445000,1375000,2026-04-16,63,Active,2026-06-18,2026-06-18,1,false
2502092,5752 NE 62nd St,98115,Single Family,2026-06-08,2026-06-19,2026-06-19,975000,975000,2026-04-02,77,Active,,,0,false
2502318,8605 5th Ave NE Unit B,98115,Single Family,2026-06-08,2026-06-19,2026-06-19,685800,685800,2026-04-03,76,Active,,,0,false
2504795,1921 44 Ave SW,98116,Single Family,2026-06-08,2026-06-19,2026-06-19,998888,998888,2026-04-09,70,Active,,,0,false
2505463,4333 32nd Ave W,98199,Single Family,2026-06-08,2026-06-19,2026-06-19,1150000,1150000,2026-04-09,70,Active,,,0,false
2506089,130 W Florentia St Unit A,98119,Townhouse,2026-06-08,2026-06-19,2026-06-19,699000,699000,2026-04-10,69,Active,,,0,false
2506766,2010 Fairview Ave E Unit A,98102,Townhouse,2026-06-08,2026-06-19,2026-06-19,1450000,1450000,2026-04-13,66,Active,,,0,false
2506767,4306 Burke Ave N,98103,Single Family,2026-06-08,2026-06-19,2026-06-19,1750000,1750000,2026-04-28,51,Active,,,0,false
2507095,3636 Greenwood Ave N Unit A,98103,Townhouse,2026-06-08,2026-06-19,2026-06-19,1155950,1155950,2026-04-14,65,Active,,,0,false
2507190,1153 NW 58th St,98107,Townhouse,2026-06-08,2026-06-19,2026-06-19,1074950,1049950,2026-04-16,63,Active,2026-06-18,2026-06-18,1,false
2507288,8332 24th Ave NW,98117,Single Family,2026-06-18,2026-06-19,2026-06-19,775000,775000,2026-05-01,48,Active,,,0,false
2507308,6576 High Point Dr SW,98126,Townhouse,2026-06-08,2026-06-19,2026-06-19,674950,674950,2026-04-16,63,Active,,,0,false
2508361,2006 B 19th Ave S,98144,Single Family,2026-06-18,2026-06-19,2026-06-19,489000,489000,2026-04-16,63,Active,,,0,false
2508547,1802 38th Ave,98122,Townhouse,2026-06-08,2026-06-19,2026-06-19,915000,915000,2026-05-13,36,Active,,,0,false
2508787,612 N 45th St Unit C,98103,Townhouse,2026-06-08,2026-06-19,2026-06-19,810000,810000,2026-04-24,55,Active,,,0,false
2509057,426 Wheeler St,98109,Single Family,2026-06-08,2026-06-19,2026-06-19,4200000,4200000,2026-04-20,59,Active,,,0,false
2509089,1315 E Denny Way,98122,Townhouse,2026-06-08,2026-06-19,2026-06-19,975000,975000,2026-04-23,56,Active,,,0,false
2509345,2014 Fairview Ave E Unit D,98102,Townhouse,2026-06-08,2026-06-19,2026-06-19,689950,689950,2026-04-23,56,Active,,,0,false
2509542,4014 SW 98th St,98136,Single Family,2026-06-08,2026-06-19,2026-06-19,1395000,1395000,2026-04-30,49,Active,,,0,false
2509650,2514 S Washington St,98144,Townhouse,2026-06-08,2026-06-19,2026-06-19,712500,712500,2026-04-17,62,Active,,,0,false
2510283,502 Lake Washington Blvd E,98112,Single Family,2026-06-08,2026-06-19,2026-06-19,1950000,1875000,2026-04-21,58,Active,2026-06-18,2026-06-18,1,false
2510332,929 14th Ave,98122,Townhouse,2026-06-08,2026-06-19,2026-06-19,795000,795000,2026-04-21,58,Active,,,0,false
2510369,6564 High Point Dr SW,98126,Townhouse,2026-06-08,2026-06-19,2026-06-19,550000,550000,2026-04-23,56,Active,,,0,false
2510617,7901 16th Ave SW,98106,Single Family,2026-06-18,2026-06-19,2026-06-19,999980,999980,2026-04-29,50,Active,,,0,false
2511276,2500 Lorentz Pl N,98109,Single Family,2026-06-08,2026-06-19,2026-06-19,1998999,1998999,2026-05-11,38,Active,,,0,false
2511285,966 N Allen Pl,98103,Townhouse,2026-06-08,2026-06-19,2026-06-19,699900,699900,2026-04-22,57,Active,,,0,false
2511455,6546 32nd Ave NE Unit A,98115,Townhouse,2026-06-08,2026-06-19,2026-06-19,1075000,1075000,2026-05-08,41,Active,,,0,false
2511908,3648 Greenwood Ave N Unit B,98103,Townhouse,2026-06-08,2026-06-19,2026-06-19,1029000,995000,2026-04-27,52,Active,2026-06-18,2026-06-18,1,false
2512059,3814 E John St,98112,Single Family,2026-06-08,2026-06-19,2026-06-19,8895000,8895000,2026-04-23,56,Active,,,0,false
2512326,337 N 105th St Unit A,98133,Townhouse,2026-06-08,2026-06-19,2026-06-19,638000,638000,2026-04-23,56,Active,,,0,false
2512522,3528 SW 98th St,98126,Single Family,2026-06-08,2026-06-19,2026-06-19,831250,831250,2026-04-26,53,Active,,,0,false
2512958,1913 15th Ave S Unit C,98144,Townhouse,2026-06-08,2026-06-19,2026-06-19,584000,569000,2026-04-24,55,Active,2026-06-18,2026-06-18,1,false
2513102,3228 57th Ave SW,98116,Single Family,2026-06-08,2026-06-19,2026-06-19,1795000,1795000,2026-04-30,49,Active,,,0,false
2513112,5044 A Sand Point Pl NE,98105,Townhouse,2026-06-08,2026-06-19,2026-06-19,749000,739000,2026-04-25,54,Active,2026-06-18,2026-06-18,1,false
2513199,2419 Federal Ave E,98102,Single Family,2026-06-08,2026-06-19,2026-06-19,1749500,1749500,2026-04-24,55,Active,,,0,false
2513413,8050 29th Ave NW,98117,Single Family,2026-06-08,2026-06-19,2026-06-19,2244500,2244500,2026-04-29,50,Active,,,0,false
2513515,2143 N Northlake Way #47,98103,Single Family,2026-06-18,2026-06-19,2026-06-19,512000,512000,2026-04-25,54,Active,,,0,false
2513823,6738 21st Ave SW,98106,Single Family,2026-06-08,2026-06-19,2026-06-19,1185000,1185000,2026-04-30,49,Active,,,0,false
2514733,10170 Holman Rd NW Unit H,98177,Townhouse,2026-06-08,2026-06-19,2026-06-19,700000,700000,2026-05-01,48,Active,,,0,false
2515123,2647 A NW 63rd St,98107,Townhouse,2026-06-08,2026-06-19,2026-06-19,974900,974900,2026-04-29,50,Active,,,0,false
2515244,1550 NW 60th St,98107,Single Family,2026-06-08,2026-06-19,2026-06-19,864000,864000,2026-05-01,48,Active,,,0,false
2515350,5928 18th Ave S,98108,Single Family,2026-06-08,2026-06-19,2026-06-19,615000,615000,2026-04-29,50,Active,,,0,false
2515356,2527 Westmont Way W,98199,Single Family,2026-06-08,2026-06-19,2026-06-19,2880000,2880000,2026-05-12,37,Active,,,0,false
2515464,10742 Interlake Ave N,98133,Townhouse,2026-06-08,2026-06-19,2026-06-19,574950,574950,2026-04-30,49,Active,,,0,false
2515833,8358 19th Ave NW Unit B,98117,Townhouse,2026-06-08,2026-06-19,2026-06-19,669000,669000,2026-04-30,49,Active,,,0,false
2515964,4113 Chilberg Ave SW Unit A,98116,Townhouse,2026-06-08,2026-06-19,2026-06-19,1050000,1050000,2026-04-30,49,Active,,,0,false
2515981,2122 Halleck Ave SW,98116,Single Family,2026-06-18,2026-06-19,2026-06-19,1100000,1100000,2026-04-30,49,Active,,,0,false
2516352,1309 N 85th St,98103,Single Family,2026-06-08,2026-06-19,2026-06-19,818000,798000,2026-05-07,42,Active,2026-06-18,2026-06-18,1,false
2516430,1417 NW 83rd St,98117,Single Family,2026-06-08,2026-06-19,2026-06-19,925000,895000,2026-05-28,21,Active,2026-06-18,2026-06-18,1,false
2516852,8427 30th Ave SW,98126,Single Family,2026-06-08,2026-06-19,2026-06-19,529000,499000,2026-05-01,48,Active,2026-06-18,2026-06-18,1,false
2517620,912 NE 115th St,98125,Single Family,2026-06-08,2026-06-19,2026-06-19,999999,999999,2026-05-08,41,Active,,,0,false
2517690,4718 49th Ave SW,98116,Single Family,2026-06-08,2026-06-19,2026-06-19,825000,825000,2026-06-05,13,Active,,,0,true
2517906,453 McGilvra Blvd E,98112,Single Family,2026-06-08,2026-06-19,2026-06-19,3495000,3249000,2026-05-07,42,Active,2026-06-18,2026-06-18,1,false
2517980,634 N 92nd St,98103,Townhouse,2026-06-08,2026-06-19,2026-06-19,839900,839900,2026-05-05,44,Active,,,0,false
2519265,14339 Ashworth Ave N,98133,Single Family,2026-06-08,2026-06-19,2026-06-19,590000,590000,2026-05-07,42,Active,,,0,false
2519618,1935 B 7th Ave W,98119,Townhouse,2026-06-08,2026-06-19,2026-06-19,1089950,1089950,2026-05-21,28,Active,,,0,false
2519846,2518 36th Ave W,98199,Single Family,2026-06-08,2026-06-19,2026-06-19,1348000,1348000,2026-05-07,42,Active,,,0,false
2519984,10520 Whitman Ave N Unit E,98133,Townhouse,2026-06-08,2026-06-19,2026-06-19,599000,599000,2026-05-07,42,Active,,,0,false
2520636,8501 14th Ave NW,98117,Townhouse,2026-06-08,2026-06-19,2026-06-19,926000,926000,2026-05-08,41,Active,,,0,false
2520759,7433 A 4th Ave NE,98115,Townhouse,2026-06-08,2026-06-19,2026-06-19,830000,830000,2026-05-08,41,Active,,,0,false
2520973,8509 A Interlake Ave N,98103,Townhouse,2026-06-08,2026-06-19,2026-06-19,675000,675000,2026-05-22,27,Active,,,0,false
2521028,3402 48th Ave SW,98116,Single Family,2026-06-08,2026-06-19,2026-06-19,949000,949000,2026-05-08,41,Active,,,0,false
2521060,1145 N 91st St Unit A,98103,Townhouse,2026-06-08,2026-06-19,2026-06-19,635000,635000,2026-05-08,41,Active,,,0,false
2521929,743 N 86th St,98103,Single Family,2026-06-08,2026-06-19,2026-06-19,599000,599000,2026-05-12,37,Active,,,0,false
2522023,7342 20th Ave NW,98117,Single Family,2026-06-08,2026-06-19,2026-06-19,2098000,2098000,2026-05-14,35,Active,,,0,false
2522321,1106 18th Ave,98122,Townhouse,2026-06-08,2026-06-19,2026-06-19,875000,799000,2026-05-14,35,Active,2026-06-18,2026-06-18,1,false
2522559,3303 37th Ave W,98199,Single Family,2026-06-08,2026-06-19,2026-06-19,3200000,3200000,2026-05-15,34,Active,,,0,false
2522594,8840 Interlake Ave N,98103,Single Family,2026-06-08,2026-06-19,2026-06-19,979000,979000,2026-05-14,35,Active,,,0,false
2522747,12002 Greenwood Ave N,98133,Townhouse,2026-06-08,2026-06-19,2026-06-19,649950,629950,2026-05-20,29,Active,2026-06-18,2026-06-18,1,false
2522803,3011 30th Ave W Unit A,98199,Townhouse,2026-06-08,2026-06-19,2026-06-19,1059500,1059500,2026-05-14,35,Active,,,0,false
2522919,317 NE 58th St,98105,Single Family,2026-06-08,2026-06-19,2026-06-19,1549000,1549000,2026-05-14,35,Active,,,0,false
2522949,1415 E Fir St,98122,Townhouse,2026-06-08,2026-06-19,2026-06-19,875000,875000,2026-05-13,36,Active,,,0,false
2523114,3519 NE 95th St,98115,Single Family,2026-06-08,2026-06-19,2026-06-19,945000,945000,2026-05-15,34,Active,,,0,false
2523610,510 N 138th St,98133,Single Family,2026-06-08,2026-06-19,2026-06-19,845000,845000,2026-05-14,35,Active,,,0,false
2523776,902 22nd Ave,98122,Single Family,2026-06-08,2026-06-19,2026-06-19,985000,985000,2026-05-14,35,Active,,,0,false
2523924,722 N 36th St,98103,Townhouse,2026-06-08,2026-06-19,2026-06-19,698000,698000,2026-05-14,35,Active,,,0,false
2523986,129 A 26th Ave E,98112,Townhouse,2026-06-08,2026-06-19,2026-06-19,849000,849000,2026-05-14,35,Active,,,0,false
2524072,8510 15th Ave NE,98115,Townhouse,2026-06-08,2026-06-19,2026-06-19,849000,849000,2026-05-14,35,Active,,,0,false
2524077,8512 15th Ave NE,98115,Townhouse,2026-06-08,2026-06-19,2026-06-19,1449000,1449000,2026-05-14,35,Active,,,0,false
2524145,409 W Dravus St,98119,Single Family,2026-06-08,2026-06-19,2026-06-19,1189000,1149995,2026-05-15,34,Active,2026-06-18,2026-06-18,1,false
2524252,6716 37th Ave SW,98126,Single Family,2026-06-08,2026-06-19,2026-06-19,1525000,1525000,2026-05-14,35,Active,,,0,false
2524570,604 NW 77th St Unit D,98117,Townhouse,2026-06-08,2026-06-19,2026-06-19,739000,739000,2026-05-29,20,Active,,,0,false
2524592,3813 NE 70th St,98115,Single Family,2026-06-08,2026-06-19,2026-06-19,1410000,1398000,2026-05-15,34,Active,2026-06-18,2026-06-18,1,false
2524834,4701 W Ruffner St,98199,Single Family,2026-06-08,2026-06-19,2026-06-19,6750000,6750000,2026-05-18,31,Active,,,0,false
2525151,2138 N 113th St Unit B,98133,Townhouse,2026-06-08,2026-06-19,2026-06-19,749950,749950,2026-05-20,29,Active,,,0,false
2525178,311 NW 92nd St,98117,Single Family,2026-06-18,2026-06-19,2026-06-19,724999,724999,2026-05-23,26,Active,,,0,false
2525200,746 Boylston Ave E Unit A,98102,Townhouse,2026-06-08,2026-06-19,2026-06-19,1025000,1025000,2026-05-27,22,Active,,,0,false
2525524,1528 1st Ave W,98119,Single Family,2026-06-08,2026-06-19,2026-06-19,1000000,950000,2026-06-04,14,Active,2026-06-18,2026-06-18,1,false
2525814,219 12th Ave E Unit A,98102,Townhouse,2026-06-08,2026-06-19,2026-06-19,950000,950000,2026-05-19,30,Active,,,0,false
2526093,10202 44th Ave SW,98146,Townhouse,2026-06-08,2026-06-19,2026-06-19,1295000,1295000,2026-05-19,30,Active,,,0,false
2526256,2218 A NW 62nd St,98107,Townhouse,2026-06-08,2026-06-19,2026-06-19,1040000,1040000,2026-05-20,29,Active,,,0,false
2526439,4204 S Trenton St,98118,Townhouse,2026-06-08,2026-06-19,2026-06-19,608000,608000,2026-05-22,27,Active,,,0,false
2526668,4117 45th Ave SW,98116,Single Family,2026-06-18,2026-06-19,2026-06-19,1029000,1029000,2026-06-17,1,Active,,,0,true
2527148,6913 30th Ave NW,98117,Single Family,2026-06-18,2026-06-19,2026-06-19,2215000,2215000,2026-05-20,29,Active,,,0,false
2527518,9257 Interlake Ave N,98103,Townhouse,2026-06-08,2026-06-19,2026-06-19,640000,640000,2026-05-21,28,Active,,,0,false
2527567,3443 16th Ave S,98144,Single Family,2026-06-08,2026-06-19,2026-06-19,799950,799950,2026-05-28,21,Active,,,0,false
2527749,7708 35th Ave S,98118,Single Family,2026-06-08,2026-06-19,2026-06-19,519950,519950,2026-05-21,28,Active,,,0,false
2527893,206 NW 143rd St,98177,Single Family,2026-06-08,2026-06-19,2026-06-19,1595000,1539000,2026-05-28,21,Active,2026-06-18,2026-06-18,1,false
2527932,307 14th Ave E Unit B,98112,Townhouse,2026-06-08,2026-06-19,2026-06-19,1150000,1150000,2026-06-04,14,Active,,,0,false
2527974,4460 Midvale Ave N,98103,Townhouse,2026-06-08,2026-06-19,2026-06-19,1695000,1695000,2026-05-22,27,Active,,,0,false
2527997,1749 NW 63rd St,98107,Single Family,2026-06-08,2026-06-19,2026-06-19,1295000,1295000,2026-06-05,13,Active,,,0,true
2528197,5520 Brooklyn Ave NE,98105,Single Family,2026-06-08,2026-06-19,2026-06-19,2445000,2445000,2026-05-21,28,Active,,,0,false
2528946,818 E Edgar St,98102,Single Family,2026-06-08,2026-06-19,2026-06-19,2100000,2100000,2026-05-28,21,Active,,,0,false
2528966,815 N 48th St,98103,Townhouse,2026-06-08,2026-06-19,2026-06-19,1234995,1219900,2026-05-27,22,Active,2026-06-18,2026-06-18,1,false
2529019,2629 E Valley St,98112,Single Family,2026-06-08,2026-06-19,2026-06-19,1575000,1575000,2026-06-03,15,Active,,,0,false
2529034,1012 20th Ave S,98144,Single Family,2026-06-08,2026-06-19,2026-06-19,830000,825000,2026-05-29,20,Active,2026-06-18,2026-06-18,1,false
2529049,8505 Midvale Ave N Unit B,98103,Townhouse,2026-06-08,2026-06-19,2026-06-19,595000,595000,2026-05-27,22,Active,,,0,false
2529107,105 NW 39 th St Unit E,98107,Townhouse,2026-06-08,2026-06-19,2026-06-19,699950,679950,2026-05-29,20,Active,2026-06-18,2026-06-18,1,false
2529235,2309 NW 73rd,98117,Single Family,2026-06-08,2026-06-19,2026-06-19,725000,725000,2026-06-02,16,Active,,,0,false
2529305,1520 13th Ave S Unit D,98144,Townhouse,2026-06-08,2026-06-19,2026-06-19,769900,769900,2026-05-25,24,Active,,,0,false
2529338,9519 8th Ave NW Unit B,98117,Townhouse,2026-06-08,2026-06-19,2026-06-19,530000,530000,2026-06-03,15,Active,,,0,false
2529342,7044 50th Ave NE,98115,Single Family,2026-06-08,2026-06-19,2026-06-19,3500000,3500000,2026-05-26,23,Active,,,0,false
2529397,3104 SW Avalon Way Unit G,98126,Townhouse,2026-06-08,2026-06-19,2026-06-19,630000,620000,2026-05-28,21,Active,2026-06-18,2026-06-18,1,false
2529534,155 Florentia St,98109,Single Family,2026-06-18,2026-06-19,2026-06-19,899950,899950,2026-06-17,1,Active,,,0,true
2529795,813 NW 63rd St,98107,Townhouse,2026-06-08,2026-06-19,2026-06-19,899950,899950,2026-05-27,22,Active,,,0,false
2530045,8216 Interlake Ave N,98103,Single Family,2026-06-08,2026-06-19,2026-06-19,1295000,1295000,2026-05-28,21,Active,,,0,false
2530099,1002 NW 70th St,98117,Single Family,2026-06-08,2026-06-19,2026-06-19,1295000,1295000,2026-05-27,22,Active,,,0,false
2530188,800 23rd Ave S Unit A,98144,Townhouse,2026-06-08,2026-06-19,2026-06-19,635000,635000,2026-05-28,21,Active,,,0,false
2530224,1875 E Hamlin St,98112,Single Family,2026-06-08,2026-06-19,2026-06-19,1300000,1300000,2026-05-27,22,Active,,,0,false
2530275,2529 Queen Anne Ave N,98109,Single Family,2026-06-08,2026-06-19,2026-06-19,1565000,1565000,2026-05-27,22,Active,,,0,false
2530358,1530 25th Ave,98122,Townhouse,2026-06-18,2026-06-19,2026-06-19,1043000,1043000,2026-05-27,22,Active,,,0,false
2530542,110 22nd Ave S,98144,Townhouse,2026-06-18,2026-06-19,2026-06-19,750000,750000,2026-06-17,1,Active,,,0,true
2530969,3425 21st Ave W Unit A,98199,Townhouse,2026-06-08,2026-06-19,2026-06-19,820000,799000,2026-05-28,21,Active,2026-06-18,2026-06-18,1,false
2530987,723 N 95th St Unit A,98103,Townhouse,2026-06-08,2026-06-19,2026-06-19,615000,615000,2026-05-28,21,Active,,,0,false
2531062,2654 W Dravus St,98199,Single Family,2026-06-18,2026-06-19,2026-06-19,1100000,1100000,2026-06-09,9,Active,,,0,false
2531103,2701 NE 94th St,98115,Single Family,2026-06-08,2026-06-19,2026-06-19,1275000,1275000,2026-05-29,20,Active,,,0,false
2531238,5630 21st Ave SW,98114,Single Family,2026-06-08,2026-06-19,2026-06-19,999900,899900,2026-05-28,21,Active,2026-06-18,2026-06-18,1,false
2531356,731 19th Ave,98122,Single Family,2026-06-08,2026-06-19,2026-06-19,1200000,1200000,2026-05-29,20,Active,,,0,false
2531417,9046 7th Ave NW,98117,Single Family,2026-06-08,2026-06-19,2026-06-19,850000,800000,2026-06-03,15,Active,2026-06-18,2026-06-18,1,false
2531430,3850 Carr Pl N,98103,Townhouse,2026-06-08,2026-06-19,2026-06-19,849950,849950,2026-05-28,21,Active,,,0,false
2531469,6320 36th Ave SW,98126,Single Family,2026-06-08,2026-06-19,2026-06-19,1396500,1396500,2026-05-28,21,Active,,,0,false
2531494,8101 15th Ave SW Unit B,98106,Single Family,2026-06-08,2026-06-19,2026-06-19,699500,699500,2026-05-28,21,Active,,,0,false
2531497,1138 D NW 57th St,98107,Townhouse,2026-06-08,2026-06-19,2026-06-19,738000,738000,2026-05-29,20,Active,,,0,false
2532002,6315 9th Ave NW,98107,Single Family,2026-06-18,2026-06-19,2026-06-19,649900,649900,2026-05-29,20,Active,,,0,false
2532315,4606 NE 47th St,98105,Single Family,2026-06-08,2026-06-19,2026-06-19,1845000,1750000,2026-05-29,20,Active,2026-06-18,2026-06-18,1,false
2532519,1017 NE 123rd St Unit C,98125,Townhouse,2026-06-18,2026-06-19,2026-06-19,598000,598000,2026-06-17,1,Active,,,0,true
2532686,2711 4th Ave W,98119,Single Family,2026-06-08,2026-06-19,2026-06-19,1995000,1995000,2026-06-02,16,Active,,,0,false
2532895,4411 NE 90th St,98115,Single Family,2026-06-08,2026-06-19,2026-06-19,1699000,1699000,2026-06-01,17,Active,,,0,false
2532954,5944 26th Ave SW,98106,Single Family,2026-06-18,2026-06-19,2026-06-19,925000,925000,2026-06-11,7,Active,,,0,false
2533137,2340 N 64th St Unit C,98103,Townhouse,2026-06-08,2026-06-19,2026-06-19,849950,849950,2026-06-04,14,Active,,,0,false
2533217,823 A 17th Ave,98144,Townhouse,2026-06-18,2026-06-19,2026-06-19,1089950,1089950,2026-06-05,13,Active,,,0,false
2533272,3045 19th Ave S,98144,Single Family,2026-06-08,2026-06-19,2026-06-19,699950,699950,2026-06-03,15,Active,,,0,false
2533534,1922 15th Ave S,98144,Single Family,2026-06-08,2026-06-19,2026-06-19,799000,799000,2026-06-02,16,Active,,,0,false
2533658,7552 21st Ave SW,98106,Single Family,2026-06-08,2026-06-19,2026-06-19,520000,520000,2026-06-03,15,Active,,,0,false
2533721,1626 39th Ave E,98112,Townhouse,2026-06-08,2026-06-19,2026-06-19,849950,849950,2026-06-04,14,Active,,,0,false
2533766,1605 SW Kenyon St,98106,Single Family,2026-06-08,2026-06-19,2026-06-19,649900,649900,2026-06-02,16,Active,,,0,false
2533880,2415 Queen Anne Ave N,98109,Single Family,2026-06-08,2026-06-19,2026-06-19,1349000,1349000,2026-06-03,8,Active,,,0,false
2533918,1916 E McGraw St,98112,Single Family,2026-06-18,2026-06-19,2026-06-19,949000,949000,2026-06-17,1,Active,,,0,true
2533966,9553 Evanston Ave N,98103,Single Family,2026-06-08,2026-06-19,2026-06-19,894000,894000,2026-06-05,13,Active,,,0,true
2534088,3929 Ashworth Ave N,98103,Single Family,2026-06-08,2026-06-19,2026-06-19,1488000,1488000,2026-06-05,13,Active,,,0,true
2534265,8221 23rd Ave NE,98115,Single Family,2026-06-08,2026-06-19,2026-06-19,825000,825000,2026-06-03,15,Active,,,0,false
2534315,938 18th Ave E,98112,Single Family,2026-06-18,2026-06-19,2026-06-19,2895000,2895000,2026-06-12,6,Active,,,0,false
2534364,4429 41st Ave SW Unit B,98116,Townhouse,2026-06-08,2026-06-19,2026-06-19,739000,739000,2026-06-03,15,Active,,,0,false
2534618,9020 26th Ave NW,98117,Single Family,2026-06-08,2026-06-19,2026-06-19,1585000,1585000,2026-06-04,14,Active,,,0,false
2534678,1618 NE 80th St,98115,Single Family,2026-06-18,2026-06-19,2026-06-19,1000000,1000000,2026-06-11,7,Active,,,0,false
2534687,1619 S Weller St Unit A,98144,Townhouse,2026-06-08,2026-06-19,2026-06-19,675000,675000,2026-06-05,13,Active,,,0,true
2534785,1405 29th Ave,98122,Townhouse,2026-06-08,2026-06-19,2026-06-19,1179950,1179950,2026-06-05,13,Active,,,0,true
2534794,4620 15th Ave S,98108,Single Family,2026-06-08,2026-06-19,2026-06-19,875000,875000,2026-06-05,13,Active,,,0,true
2534965,2626 58th Ave SW Unit A,98116,Single Family,2026-06-08,2026-06-19,2026-06-19,899000,899000,2026-06-05,13,Active,,,0,true
2534967,2626 58th Ave SW Unit B,98116,Single Family,2026-06-08,2026-06-19,2026-06-19,875000,875000,2026-06-05,13,Active,,,0,true
2535101,1319 14th Ave Unit A,98144,Townhouse,2026-06-08,2026-06-19,2026-06-19,869950,869950,2026-06-05,13,Active,,,0,true
2535156,906 19th Ave,98122,Single Family,2026-06-18,2026-06-19,2026-06-19,799950,799950,2026-06-17,1,Active,,,0,true
2535192,3920 Ashworth Ave N,98103,Single Family,2026-06-08,2026-06-19,2026-06-19,1295000,1295000,2026-06-04,14,Active,,,0,false
2535308,6710 36th Ave SW Unit B,98126,Townhouse,2026-06-08,2026-06-19,2026-06-19,759000,759000,2026-06-04,14,Active,,,0,false
2535317,8109 15th Ave SW,98106,Single Family,2026-06-08,2026-06-19,2026-06-19,899995,899995,2026-06-04,14,Active,,,0,false
2535479,1615 E Columbia St,98122,Single Family,2026-06-18,2026-06-19,2026-06-19,1195000,1195000,2026-06-09,9,Active,,,0,false
2535547,2804 Prosch Ave W,98119,Single Family,2026-06-08,2026-06-19,2026-06-19,950000,950000,2026-06-05,13,Active,,,0,true
2535649,4051 19th Ave SW,98106,Single Family,2026-06-08,2026-06-19,2026-06-19,575000,575000,2026-06-05,13,Active,,,0,true
2535711,406 Galer St,98109,Single Family,2026-06-08,2026-06-19,2026-06-19,3800000,3800000,2026-06-05,13,Active,,,0,true
2535717,7915 18th Ave SW,98106,Single Family,2026-06-18,2026-06-19,2026-06-19,599000,599000,2026-06-09,9,Active,,,0,false
2535725,7348 Keen Way N,98103,Single Family,2026-06-08,2026-06-19,2026-06-19,1685000,1685000,2026-06-05,13,Active,,,0,true
2536248,4418 1st Ave NE Unit A,98105,Townhouse,2026-06-08,2026-06-19,2026-06-19,789000,789000,2026-06-06,12,Active,,,0,true
2536312,6226 7th Ave NW Unit C,98107,Single Family,2026-06-18,2026-06-19,2026-06-19,865000,865000,2026-06-06,12,Active,,,0,false
2536330,14101 Phinney Ave N,98133,Single Family,2026-06-18,2026-06-19,2026-06-19,1195000,1195000,2026-06-12,6,Active,,,0,false
2536427,3450 37th Ave SW Unit B,98126,Townhouse,2026-06-18,2026-06-19,2026-06-19,875000,875000,2026-06-08,10,Active,,,0,false
2536728,3533 S Austin St,98118,Single Family,2026-06-18,2026-06-19,2026-06-19,738000,738000,2026-06-10,8,Active,,,0,false
2536895,6546 B 32nd Ave NE,98115,Townhouse,2026-06-18,2026-06-19,2026-06-19,990000,990000,2026-06-10,8,Active,,,0,false
2536938,205 NW 101st St,98177,Single Family,2026-06-18,2026-06-19,2026-06-19,750000,750000,2026-06-10,8,Active,,,0,false
2537008,3535 NE 89th St,98115,Single Family,2026-06-18,2026-06-19,2026-06-19,946500,946500,2026-06-11,7,Active,,,0,false
2537020,9630 26th Ave NW,98117,Single Family,2026-06-18,2026-06-19,2026-06-19,1095000,1095000,2026-06-17,1,Active,,,0,true
2537042,4802 24th Pl S,98108,Single Family,2026-06-18,2026-06-19,2026-06-19,950000,950000,2026-06-12,6,Active,,,0,false
2537132,7407 25th Ave NE,98115,Single Family,2026-06-18,2026-06-19,2026-06-19,1349950,1349950,2026-06-10,8,Active,,,0,false
2537148,2639 A 45th Ave SW,98116,Townhouse,2026-06-18,2026-06-19,2026-06-19,884000,884000,2026-06-10,8,Active,,,0,false
2537165,347 NW 52nd St,98107,Single Family,2026-06-18,2026-06-19,2026-06-19,844500,844500,2026-06-10,8,Active,,,0,false
2537223,3406 E Spring St,98122,Townhouse,2026-06-18,2026-06-19,2026-06-19,925000,925000,2026-06-09,9,Active,,,0,false
2537242,2412 2nd Ave W,98119,Single Family,2026-06-18,2026-06-19,2026-06-19,1149500,1149500,2026-06-11,7,Active,,,0,false
2537286,7912 34th Ave SW,98126,Single Family,2026-06-18,2026-06-19,2026-06-19,899000,899000,2026-06-09,9,Active,,,0,false
2537292,7912 34th Ave SW Unit B,98126,Single Family,2026-06-18,2026-06-19,2026-06-19,599000,599000,2026-06-09,9,Active,,,0,false
2537341,10960 39th Ave SW,98146,Single Family,2026-06-18,2026-06-19,2026-06-19,1650000,1650000,2026-06-11,7,Active,,,0,false
2537360,3637 22nd Ave W,98199,Single Family,2026-06-18,2026-06-19,2026-06-19,629950,629950,2026-06-17,1,Active,,,0,true
2537366,7539 33rd Ave NE,98115,Single Family,2026-06-18,2026-06-19,2026-06-19,1495000,1495000,2026-06-11,7,Active,,,0,false
2537368,7025 43rd Ave NE,98115,Single Family,2026-06-18,2026-06-19,2026-06-19,995000,995000,2026-06-16,2,Active,,,0,true
2537374,315 N 46th,98103,Single Family,2026-06-18,2026-06-19,2026-06-19,888000,888000,2026-06-17,1,Active,,,0,true
2537415,1110 E Denny,98122,Single Family,2026-06-18,2026-06-19,2026-06-19,1995000,1995000,2026-06-12,6,Active,,,0,false
2537520,3951 SW Oregon St,98116,Townhouse,2026-06-18,2026-06-19,2026-06-19,745000,745000,2026-06-11,7,Active,,,0,false
2537636,1532 23rd Ave,98122,Single Family,2026-06-18,2026-06-19,2026-06-19,699900,699900,2026-06-10,8,Active,,,0,false
2537667,1004 N 48th St Unit C,98103,Single Family,2026-06-18,2026-06-19,2026-06-19,659950,659950,2026-06-10,8,Active,,,0,false
2537830,7972 39th Ave S,98118,Single Family,2026-06-18,2026-06-19,2026-06-19,968000,968000,2026-06-10,8,Active,,,0,false
2537843,6046 50th Ave SW,98136,Single Family,2026-06-18,2026-06-19,2026-06-19,1375000,1375000,2026-06-17,1,Active,,,0,true
2537850,2327 E Denny Way,98122,Townhouse,2026-06-18,2026-06-19,2026-06-19,645000,645000,2026-06-10,8,Active,,,0,false
2538038,511 W Highland Dr,98119,Single Family,2026-06-18,2026-06-19,2026-06-19,3998000,3998000,2026-06-10,8,Active,,,0,false
2538041,1601 10th Ave W,98119,Single Family,2026-06-18,2026-06-19,2026-06-19,1295000,1295000,2026-06-10,8,Active,,,0,false
2538178,8604 29th Ave NW,98117,Single Family,2026-06-18,2026-06-19,2026-06-19,1275000,1275000,2026-06-11,7,Active,,,0,false
2538301,11516 Meridian Ave N,98133,Single Family,2026-06-18,2026-06-19,2026-06-19,775000,775000,2026-06-16,2,Active,,,0,true
2538430,2126 N 86th St,98103,Single Family,2026-06-18,2026-06-19,2026-06-19,1095000,1095000,2026-06-11,7,Active,,,0,false
2538606,168 18th Ave Unit B,98122,Townhouse,2026-06-18,2026-06-19,2026-06-19,645000,645000,2026-06-11,7,Active,,,0,false
2538616,6215 27th Ave NE,98115,Single Family,2026-06-18,2026-06-19,2026-06-19,1050000,1050000,2026-06-11,7,Active,,,0,false
2538820,6921 39th Ave SW,98136,Single Family,2026-06-18,2026-06-19,2026-06-19,1195000,1195000,2026-06-11,7,Active,,,0,false
2538899,1117 N 84th St,98103,Single Family,2026-06-18,2026-06-19,2026-06-19,715000,715000,2026-06-11,7,Active,,,0,false
2539058,4206 W Glenmont Ln,98199,Single Family,2026-06-18,2026-06-19,2026-06-19,1995000,1995000,2026-06-12,6,Active,,,0,false
2539119,3646 Greenwood Ave N Unit B,98103,Townhouse,2026-06-18,2026-06-19,2026-06-19,945000,945000,2026-06-11,7,Active,,,0,false
2539168,11557 8th Ave NE,98125,Single Family,2026-06-18,2026-06-19,2026-06-19,675000,675000,2026-06-16,2,Active,,,0,true
2539229,2831 14th Ave W #2,98119,Townhouse,2026-06-18,2026-06-19,2026-06-19,650000,650000,2026-06-11,7,Active,,,0,false
2539281,12744 8th Ave NW,98177,Single Family,2026-06-18,2026-06-19,2026-06-19,2250000,2250000,2026-06-12,6,Active,,,0,false
2539327,1528 NE 97th St,98115,Single Family,2026-06-18,2026-06-19,2026-06-19,1092000,1092000,2026-06-12,6,Active,,,0,false
2539348,8045 26th Ave NW,98117,Single Family,2026-06-18,2026-06-19,2026-06-19,818000,818000,2026-06-12,6,Active,,,0,false
2539539,2451 55th Ave SW Unit A,98116,Townhouse,2026-06-18,2026-06-19,2026-06-19,775000,775000,2026-06-17,1,Active,,,0,true
2539546,7506 23rd Ave NW,98117,Single Family,2026-06-18,2026-06-19,2026-06-19,885000,885000,2026-06-16,2,Active,,,0,true
2539560,2609 SW Adams St Unit B,98126,Single Family,2026-06-18,2026-06-19,2026-06-19,649950,649950,2026-06-17,1,Active,,,0,true
2539579,4105 Fremont Ave N Unit A,98103,Townhouse,2026-06-18,2026-06-19,2026-06-19,698000,698000,2026-06-12,6,Active,,,0,false
2539678,3033 45th Ave SW,98116,Single Family,2026-06-18,2026-06-19,2026-06-19,1795000,1795000,2026-06-13,5,Active,,,0,false
2539812,1112 13th Ave Unit E,98122,Townhouse,2026-06-18,2026-06-19,2026-06-19,729950,729950,2026-06-17,1,Active,,,0,true
2540114,1631 N 54 St,98103,Single Family,2026-06-18,2026-06-19,2026-06-19,854000,854000,2026-06-16,2,Active,,,0,true
2540168,1806 E Mercer St,98112,Townhouse,2026-06-18,2026-06-19,2026-06-19,1375000,1375000,2026-06-14,4,Active,,,0,false
2540314,5106 47th Ave NE,98105,Single Family,2026-06-18,2026-06-19,2026-06-19,1175000,1175000,2026-06-15,3,Active,,,0,true
2540340,4977 19th Ave S,98108,Single Family,2026-06-18,2026-06-19,2026-06-19,950000,950000,2026-06-17,1,Active,,,0,true
2540400,2014 N 143rd St,98133,Single Family,2026-06-18,2026-06-19,2026-06-19,775000,775000,2026-06-16,2,Active,,,0,true
2540472,4700 49th Ave SW,98116,Single Family,2026-06-18,2026-06-19,2026-06-19,1550000,1550000,2026-06-17,1,Active,,,0,true
2540610,531 N 84th St,98103,Single Family,2026-06-18,2026-06-19,2026-06-19,1875000,1875000,2026-06-17,1,Active,,,0,true
2540648,8018 40th Ave NE,98115,Single Family,2026-06-18,2026-06-19,2026-06-19,1095000,1095000,2026-06-16,2,Active,,,0,true
2540818,2415 E Newton St,98112,Single Family,2026-06-18,2026-06-19,2026-06-19,1450000,1450000,2026-06-17,1,Active,,,0,true
2540853,9601 NW 21st Ave,98117,Single Family,2026-06-18,2026-06-19,2026-06-19,1550000,1550000,2026-06-17,1,Active,,,0,true
2540862,2336 C 23 Ave S,98144,Single Family,2026-06-18,2026-06-19,2026-06-19,965000,965000,2026-06-17,1,Active,,,0,true
2540908,2014 Yale Ave E Unit B,98102,Townhouse,2026-06-18,2026-06-19,2026-06-19,999500,999500,2026-06-17,1,Active,,,0,true
2540948,4116 A Burke Ave N,98103,Townhouse,2026-06-18,2026-06-19,2026-06-19,1129000,1129000,2026-06-17,1,Active,,,0,true
2541080,8459 40th Ave SW,98136,Single Family,2026-06-18,2026-06-19,2026-06-19,1399950,1399950,2026-06-17,1,Active,,,0,true
2541081,7751 Dibble Ave NW,98117,Single Family,2026-06-18,2026-06-19,2026-06-19,998000,998000,2026-06-17,1,Active,,,0,true
2541192,8520 Midvale Ave N Unit A,98103,Townhouse,2026-06-18,2026-06-19,2026-06-19,610000,610000,2026-06-17,1,Active,,,0,true
2541291,1809 13th Ave,98122,Townhouse,2026-06-18,2026-06-19,2026-06-19,895000,895000,2026-06-17,1,Active,,,0,true
2541441,5007 46th Ave SW,98136,Single Family,2026-06-18,2026-06-19,2026-06-19,1288000,1288000,2026-06-17,1,Active,,,0,true
2541459,11 E Allison St #2,98102,Single Family,2026-06-18,2026-06-19,2026-06-19,1044999,1044999,2026-06-17,1,Active,,,0,true
2541482,2706 1st Ave W,98119,Single Family,2026-06-18,2026-06-19,2026-06-19,1349000,1349000,2026-06-17,1,Active,,,0,true
2541513,4428 Dayton Ave N,98103,Single Family,2026-06-18,2026-06-19,2026-06-19,1149950,1149950,2026-06-17,1,Active,,,0,true
2541712,4054 24th Pl S,98108,Single Family,2026-06-18,2026-06-19,2026-06-19,788000,788000,2026-06-17,1,Active,,,0,true
2541870,360 27th Ave,98122,Single Family,2026-06-18,2026-06-19,2026-06-19,848000,848000,2026-06-17,1,Active,,,0,true
2541907,7309 48th Ave NE,98115,Single Family,2026-06-18,2026-06-19,2026-06-19,1950000,1950000,2026-06-17,1,Active,,,0,true
2542097,11280 Marine View Dr SW,98146,Single Family,2026-06-18,2026-06-19,2026-06-19,1350000,1350000,2026-06-17,1,Active,,,0,true
2542139,3204 SW Holly St,98126,Single Family,2026-06-18,2026-06-19,2026-06-19,899000,899000,2026-06-17,1,Active,,,0,true
2542300,8517 Stone Ave N Unit B,98103,Townhouse,2026-06-18,2026-06-19,2026-06-19,599900,599900,2026-06-17,1,Active,,,0,true
2542304,830 NE 59th St,98105,Single Family,2026-06-18,2026-06-19,2026-06-19,925000,925000,2026-06-17,1,Active,,,0,true
2542472,8724 16th Ave SW,98106,Single Family,2026-06-18,2026-06-19,2026-06-19,749999,749999,2026-06-17,1,Active,,,0,true
1B72C1585154,3410 NE 80th St,98115,Single Family,2026-06-08,2026-06-08,2026-06-08,2327500,2327500,2026-05-01,38,Active,,,0,false
2426177,7146 47th Ave SW,98136,Townhouse,2026-06-08,2026-06-08,2026-06-08,775000,775000,2025-08-27,285,Active,,,0,false
2470822,407 N 49th St Unit A,98103,Townhouse,2026-06-08,2026-06-08,2026-06-08,599950,599950,2026-01-22,137,Active,,,0,false
2472725,9748 A Holman Rd NW,98117,Townhouse,2026-06-08,2026-06-08,2026-06-08,639900,639900,2026-01-27,132,Active,,,0,false
2476053,937 N 87th St Unit A,98103,Townhouse,2026-06-08,2026-06-08,2026-06-08,669950,669950,2026-02-05,123,Active,,,0,false
2479619,2809 S Charles St,98144,Townhouse,2026-06-08,2026-06-08,2026-06-08,799950,799950,2026-02-13,115,Active,,,0,false
2480429,2608 S Judkins St Unit A,98144,Townhouse,2026-06-08,2026-06-08,2026-06-08,699950,699950,2026-02-17,111,Active,,,0,false
2480705,307 W Highland Dr,98119,Single Family,2026-06-08,2026-06-08,2026-06-08,2450000,2450000,2026-03-03,97,Active,,,0,false
2482748,1920 E Union #104,98122,Townhouse,2026-06-08,2026-06-08,2026-06-08,624500,624500,2026-02-19,109,Active,,,0,false
2482853,11229 Greenwood Ave N Unit B,98133,Townhouse,2026-06-08,2026-06-08,2026-06-08,759900,759900,2026-02-20,108,Active,,,0,false
2487684,3414 33rd Ave SW,98126,Single Family,2026-06-08,2026-06-08,2026-06-08,1149000,1149000,2026-03-04,96,Active,,,0,false
2489311,8831 B Wallingford Ave N,98103,Townhouse,2026-06-08,2026-06-08,2026-06-08,679950,679950,2026-03-06,94,Active,,,0,false
2490154,1915 35th Ave W,98199,Single Family,2026-06-08,2026-06-08,2026-06-08,3700000,3700000,2026-03-09,91,Active,,,0,false
2491015,8507 16th Ave NW,98117,Townhouse,2026-06-08,2026-06-08,2026-06-08,599950,599950,2026-03-11,89,Active,,,0,false
2491304,1843 41st Ave E,98112,Single Family,2026-06-08,2026-06-08,2026-06-08,2244000,2244000,2026-04-03,66,Active,,,0,false
2491925,3931 California Ave SW,94116,Townhouse,2026-06-08,2026-06-08,2026-06-08,885000,885000,2026-03-13,87,Active,,,0,false
2493042,1122 N 92nd St Unit B,98103,Townhouse,2026-06-08,2026-06-08,2026-06-08,499999,499999,2026-03-17,83,Active,,,0,false
2494404,1632 35th Ave,98122,Single Family,2026-06-08,2026-06-08,2026-06-08,2595000,2595000,2026-03-19,81,Active,,,0,false
2495264,12715 Palatine Ave N,98133,Single Family,2026-06-08,2026-06-08,2026-06-08,1648000,1648000,2026-04-02,67,Active,,,0,false
2495724,1808 E Mercer St,98112,Townhouse,2026-06-08,2026-06-08,2026-06-08,1375000,1375000,2026-03-20,80,Active,,,0,false
2495968,180 Lake Washington Blvd E,98112,Single Family,2026-06-08,2026-06-08,2026-06-08,4950000,4950000,2026-03-27,73,Active,,,0,false
2496354,1911 12th Ave S,98144,Single Family,2026-06-08,2026-06-08,2026-06-08,915000,915000,2026-03-25,75,Active,,,0,false
2497183,341 NW 90th St Unit B,98117,Townhouse,2026-06-08,2026-06-08,2026-06-08,595000,595000,2026-03-24,76,Active,,,0,false
2497905,2409 29th Ave W,98199,Single Family,2026-06-08,2026-06-08,2026-06-08,3695000,3695000,2026-03-26,74,Active,,,0,false
2498480,6038 50th Ave NE,98115,Single Family,2026-06-08,2026-06-08,2026-06-08,3295980,3295980,2026-03-27,73,Active,,,0,false
2499995,1502 NW 52nd St,98107,Townhouse,2026-06-08,2026-06-08,2026-06-08,789500,789500,2026-04-02,67,Active,,,0,false
2500130,851 NW 56th St,98107,Single Family,2026-06-08,2026-06-08,2026-06-08,1150000,1150000,2026-04-02,67,Active,,,0,false
2500470,1618 37th Ave,98122,Single Family,2026-06-08,2026-06-08,2026-06-08,2895000,2895000,2026-05-09,30,Active,,,0,false
2501236,1546 Sturgus Ave S,98144,Single Family,2026-06-08,2026-06-08,2026-06-08,858000,858000,2026-04-01,68,Active,,,0,false
2501476,109 22nd Ave E Unit F,98112,Townhouse,2026-06-08,2026-06-08,2026-06-08,675000,675000,2026-04-02,67,Active,,,0,false
2501519,7511 41st Ave NE,98115,Townhouse,2026-06-08,2026-06-08,2026-06-08,2161000,2161000,2026-04-02,67,Active,,,0,false
2501585,1531 NW 58th St Unit A,98107,Townhouse,2026-06-08,2026-06-08,2026-06-08,795000,795000,2026-04-02,67,Active,,,0,false
2502144,3020 17th Ave S,98144,Single Family,2026-06-08,2026-06-08,2026-06-08,1270800,1270800,2026-04-12,57,Active,,,0,false
2502204,10131 3rd Ave NW,98177,Single Family,2026-06-08,2026-06-08,2026-06-08,2000000,2000000,2026-04-03,66,Active,,,0,false
2502713,1528 NE 97th St,98115,Single Family,2026-06-08,2026-06-08,2026-06-08,1149000,1149000,2026-04-09,60,Active,,,0,false
2503207,1827 NW 85th St,98117,Townhouse,2026-06-08,2026-06-08,2026-06-08,539999,539999,2026-04-10,59,Active,,,0,false
2503824,6521 31st Ave SW,98126,Townhouse,2026-06-08,2026-06-08,2026-06-08,788400,788400,2026-04-07,62,Active,,,0,false
2505124,408 Aloha St,98109,Townhouse,2026-06-08,2026-06-08,2026-06-08,1685000,1685000,2026-04-09,60,Active,,,0,false
2505445,3038 E Laurelhurst Dr NE,98105,Single Family,2026-06-08,2026-06-08,2026-06-08,18750000,18750000,2026-04-13,56,Active,,,0,false
2505581,8650 10th Ave SW,98106,Single Family,2026-06-08,2026-06-08,2026-06-08,560000,560000,2026-04-10,59,Active,,,0,false
2506012,127 25th Ave E Unit B,98112,Townhouse,2026-06-08,2026-06-08,2026-06-08,749000,749000,2026-04-17,52,Active,,,0,false
2506043,121 21st Ave E Unit C,98112,Townhouse,2026-06-08,2026-06-08,2026-06-08,829000,829000,2026-04-10,59,Active,,,0,false
2507202,945 NW 56th St,98107,Townhouse,2026-06-08,2026-06-08,2026-06-08,709995,709995,2026-04-15,54,Active,,,0,false
2507406,1018 NE 62nd St,98115,Single Family,2026-06-08,2026-06-08,2026-06-08,1100000,1100000,2026-04-23,46,Active,,,0,false
2507476,3710 SW 106th St,98146,Single Family,2026-06-08,2026-06-08,2026-06-08,499000,499000,2026-04-23,46,Active,,,0,false
2507853,7506 18th Ave NW,98117,Single Family,2026-06-08,2026-06-08,2026-06-08,2249000,2249000,2026-04-16,53,Active,,,0,false
2507889,1410 N 47th St Unit A,98103,Townhouse,2026-06-08,2026-06-08,2026-06-08,1150000,1150000,2026-04-16,53,Active,,,0,false
2508320,5062 23rd Ave SW,98106,Single Family,2026-06-08,2026-06-08,2026-06-08,949000,949000,2026-04-17,52,Active,,,0,false
2508546,2369 Fairview Ave E #6,98102,Single Family,2026-06-08,2026-06-08,2026-06-08,4850000,4850000,2026-04-23,46,Active,,,0,false
2509096,6235 31st Ave NE,98115,Single Family,2026-06-08,2026-06-08,2026-06-08,1075000,1075000,2026-04-30,39,Active,,,0,false
2510905,2407 11th Ave E,98102,Single Family,2026-06-08,2026-06-08,2026-06-08,1948500,1948500,2026-04-22,47,Active,,,0,false
2511401,4116 A Burke Ave N,98103,Townhouse,2026-06-08,2026-06-08,2026-06-08,1195000,1195000,2026-04-24,45,Active,,,0,false
2511814,4221 Evanston Ave N Unit B,98103,Townhouse,2026-06-08,2026-06-08,2026-06-08,980000,980000,2026-05-05,34,Active,,,0,false
2511842,3010 NE 55th St,98105,Townhouse,2026-06-08,2026-06-08,2026-06-08,899999,899999,2026-04-23,46,Active,,,0,false
2511965,6103 14TH Ave NW,98107,Townhouse,2026-06-08,2026-06-08,2026-06-08,899900,899900,2026-04-22,47,Active,,,0,false
2511970,6745 18th Ave SW,98106,Single Family,2026-06-08,2026-06-08,2026-06-08,749900,749900,2026-05-14,25,Active,,,0,false
2511974,2364 Fairview Ave E #8,98102,Townhouse,2026-06-08,2026-06-08,2026-06-08,799950,799950,2026-04-23,46,Active,,,0,false
2511978,9439 11th Ave SW,98106,Single Family,2026-06-08,2026-06-08,2026-06-08,744500,744500,2026-04-23,46,Active,,,0,false
2513049,2509 N 42nd St,98103,Single Family,2026-06-08,2026-06-08,2026-06-08,1045000,1045000,2026-04-24,45,Active,,,0,false
2513415,3430 39th Ave W,98199,Single Family,2026-06-08,2026-06-08,2026-06-08,1575000,1575000,2026-04-24,45,Active,,,0,false
2513932,12514 2nd Ave NW,98177,Single Family,2026-06-08,2026-06-08,2026-06-08,1125000,1125000,2026-05-11,28,Active,,,0,false
2514083,10330 14th Ave NW,98177,Townhouse,2026-06-08,2026-06-08,2026-06-08,809950,809950,2026-04-28,41,Active,,,0,false
2514534,1532 23rd Ave,98122,Single Family,2026-06-08,2026-06-08,2026-06-08,750000,750000,2026-04-29,40,Active,,,0,false
2515252,8314 14th Ave NW Unit A,98117,Single Family,2026-06-08,2026-06-08,2026-06-08,1075000,1075000,2026-04-29,40,Active,,,0,false
2515625,5829 NE 75th St Unit A444,98115,Townhouse,2026-06-08,2026-06-08,2026-06-08,527900,527900,2026-04-29,40,Active,,,0,false
2516258,3009 Harbor Ave SW,98126,Single Family,2026-06-08,2026-06-08,2026-06-08,1650000,1650000,2026-05-07,32,Active,,,0,false
2516259,3003 NW 67th St,98117,Single Family,2026-06-08,2026-06-08,2026-06-08,1140000,1140000,2026-06-04,4,Active,,,0,false
2516392,6719 35th Pl S,98118,Townhouse,2026-06-08,2026-06-08,2026-06-08,649000,649000,2026-05-07,32,Active,,,0,false
2516584,928 34th Ave,98122,Single Family,2026-06-08,2026-06-08,2026-06-08,1499000,1499000,2026-05-01,38,Active,,,0,false
2516663,222 D 10th Ave E,98102,Townhouse,2026-06-08,2026-06-08,2026-06-08,839900,839900,2026-05-02,37,Active,,,0,false
2517030,4524 12th Ave S,98108,Single Family,2026-06-08,2026-06-08,2026-06-08,1195000,1195000,2026-05-01,38,Active,,,0,false
2517181,8812 Dibble Ave NW,98117,Single Family,2026-06-08,2026-06-08,2026-06-08,1100000,1100000,2026-05-04,35,Active,,,0,false
2517394,6620 28th Ave NW,98117,Single Family,2026-06-08,2026-06-08,2026-06-08,1019000,1019000,2026-05-07,32,Active,,,0,false
2517602,6715 35th Ave SW,98126,Single Family,2026-06-08,2026-06-08,2026-06-08,1075000,1075000,2026-05-07,32,Active,,,0,false
2518090,8328 24th Ave NW,98117,Townhouse,2026-06-08,2026-06-08,2026-06-08,969000,969000,2026-05-06,33,Active,,,0,false
2518712,1722 California Ave SW Unit C,98116,Townhouse,2026-06-08,2026-06-08,2026-06-08,625000,625000,2026-06-04,4,Active,,,0,false
2519019,3406 B 34th Ave W,98199,Townhouse,2026-06-08,2026-06-08,2026-06-08,899900,899900,2026-05-06,33,Active,,,0,false
2519118,1723 N 128th St,98133,Single Family,2026-06-08,2026-06-08,2026-06-08,3388000,3388000,2026-05-19,20,Active,,,0,false
2519482,9553 Ashworth Ave N Unit B,98103,Townhouse,2026-06-08,2026-06-08,2026-06-08,599000,599000,2026-05-07,32,Active,,,0,false
2519654,8863 Midvale Ave N Unit F,98103,Townhouse,2026-06-08,2026-06-08,2026-06-08,599995,599995,2026-05-07,32,Active,,,0,false
2519782,7912 34th Ave SW,98126,Single Family,2026-06-08,2026-06-08,2026-06-08,969000,969000,2026-05-07,32,Active,,,0,false
2519837,7912 34th Ave SW Unit B,98126,Single Family,2026-06-08,2026-06-08,2026-06-08,649000,649000,2026-05-07,32,Active,,,0,false
2519858,1127 NW 62nd St,98107,Single Family,2026-06-08,2026-06-08,2026-06-08,1495000,1495000,2026-06-04,4,Active,,,0,false
2520012,5960 31st Ave SW,98126,Single Family,2026-06-08,2026-06-08,2026-06-08,829000,829000,2026-05-07,32,Active,,,0,false
2520024,1706 A N 47th St,98103,Townhouse,2026-06-08,2026-06-08,2026-06-08,1218000,1218000,2026-05-07,32,Active,,,0,false
2520152,8451 35th Ave SW,98126,Single Family,2026-06-08,2026-06-08,2026-06-08,795000,795000,2026-05-14,25,Active,,,0,false
2520199,1416 A N 47th St,98103,Townhouse,2026-06-08,2026-06-08,2026-06-08,1118000,1118000,2026-05-07,32,Active,,,0,false
2520452,2202 E John St,98112,Single Family,2026-06-08,2026-06-08,2026-06-08,1100000,1100000,2026-05-20,19,Active,,,0,false
2520711,2511 E Roy St,98112,Single Family,2026-06-08,2026-06-08,2026-06-08,1195000,1195000,2026-05-12,27,Active,,,0,false
2521363,7748 Delridge Way SW,98106,Townhouse,2026-06-08,2026-06-08,2026-06-08,495000,495000,2026-05-15,24,Active,,,0,false
2521444,5260 Brooklyn Ave NE,98105,Townhouse,2026-06-08,2026-06-08,2026-06-08,720000,720000,2026-05-13,26,Active,,,0,false
2521700,1206 B NW 83rd St,98117,Townhouse,2026-06-08,2026-06-08,2026-06-08,619950,619950,2026-05-13,26,Active,,,0,false
2522958,17 W Dravus St,98119,Single Family,2026-06-08,2026-06-08,2026-06-08,1100000,1100000,2026-05-13,26,Active,,,0,false
2522990,7739 13th Ave SW,98106,Single Family,2026-06-08,2026-06-08,2026-06-08,725000,725000,2026-06-02,6,Active,,,0,false
2523185,2816 SW Adams St Unit B,98126,Townhouse,2026-06-08,2026-06-08,2026-06-08,714000,714000,2026-05-15,24,Active,,,0,false
2523666,6541 20th Ave NE,98115,Single Family,2026-06-08,2026-06-08,2026-06-08,1595000,1595000,2026-05-14,25,Active,,,0,false
2523773,2028 S Main St Unit C,98144,Townhouse,2026-06-08,2026-06-08,2026-06-08,589988,589988,2026-05-14,25,Active,,,0,false
2524053,946 22nd Ave E,98112,Single Family,2026-06-08,2026-06-08,2026-06-08,3850000,3850000,2026-06-05,3,Active,,,0,true
2524060,314 N 117th St,98133,Single Family,2026-06-08,2026-06-08,2026-06-08,990000,990000,2026-05-14,25,Active,,,0,false
2524096,5810 57th Ave NE,98105,Single Family,2026-06-08,2026-06-08,2026-06-08,879000,879000,2026-05-15,24,Active,,,0,false
2524199,8803 15th Ave NE,98115,Single Family,2026-06-08,2026-06-08,2026-06-08,1549000,1549000,2026-05-14,25,Active,,,0,false
2524266,2107 N 63rd St,98103,Single Family,2026-06-08,2026-06-08,2026-06-08,1700000,1700000,2026-05-14,25,Active,,,0,false
2524343,731 N 80th St,98103,Single Family,2026-06-08,2026-06-08,2026-06-08,850000,850000,2026-05-27,12,Active,,,0,false
2524531,1451 S Main St,98144,Townhouse,2026-06-08,2026-06-08,2026-06-08,665000,665000,2026-05-15,24,Active,,,0,false
2524595,140 21st Ave E Unit B,98112,Townhouse,2026-06-08,2026-06-08,2026-06-08,749000,749000,2026-05-15,24,Active,,,0,false
2524779,2817 W Bertona St,98199,Single Family,2026-06-08,2026-06-08,2026-06-08,929000,929000,2026-05-15,24,Active,,,0,false
2524959,4208 SW Roxbury St,98136,Single Family,2026-06-08,2026-06-08,2026-06-08,1200000,1200000,2026-05-19,20,Active,,,0,false
2525112,1105 Shenandoah Dr E,98112,Single Family,2026-06-08,2026-06-08,2026-06-08,5695000,5695000,2026-06-01,7,Active,,,0,false
2525231,2905 E Olive St,98122,Single Family,2026-06-08,2026-06-08,2026-06-08,660000,660000,2026-05-28,11,Active,,,0,false
2525247,3217 36th Ave W,98199,Single Family,2026-06-08,2026-06-08,2026-06-08,1250000,1250000,2026-05-26,13,Active,,,0,false
2525608,6719 9th Ave NW,98117,Single Family,2026-06-08,2026-06-08,2026-06-08,1125000,1125000,2026-05-26,13,Active,,,0,false
2526061,4812 SW Stevens St,98116,Single Family,2026-06-08,2026-06-08,2026-06-08,830000,830000,2026-05-19,20,Active,,,0,false
2526096,515 Howe Unit A,98109,Townhouse,2026-06-08,2026-06-08,2026-06-08,1449900,1449900,2026-05-19,20,Active,,,0,false
2526305,1706 Alki Ave SW Unit B,98116,Townhouse,2026-06-08,2026-06-08,2026-06-08,770000,770000,2026-05-19,20,Active,,,0,false
2526543,2327 E Denny Way,98122,Townhouse,2026-06-08,2026-06-08,2026-06-08,679950,679950,2026-05-21,18,Active,,,0,false
2526599,2926 W Blaine St,98199,Single Family,2026-06-08,2026-06-08,2026-06-08,1350000,1350000,2026-05-19,20,Active,,,0,false
2526694,3646 Greenwood Ave N Unit B,98103,Townhouse,2026-06-08,2026-06-08,2026-06-08,998888,998888,2026-05-19,20,Active,,,0,false
2526732,4128 3rd Ave NW,98107,Single Family,2026-06-08,2026-06-08,2026-06-08,1450000,1450000,2026-05-20,19,Active,,,0,false
2526734,6551 5th Ave NE Unit B,98115,Single Family,2026-06-08,2026-06-08,2026-06-08,767000,767000,2026-06-03,5,Active,,,0,false
2527009,10515 1st Ave NW,98177,Single Family,2026-06-08,2026-06-08,2026-06-08,1150000,1150000,2026-05-22,17,Active,,,0,false
2527298,3260 42nd Ave SW,98116,Single Family,2026-06-08,2026-06-08,2026-06-08,1125000,1125000,2026-06-04,4,Active,,,0,false
2527344,1545 NE 76th St,98115,Single Family,2026-06-08,2026-06-08,2026-06-08,1595000,1595000,2026-06-05,3,Active,,,0,true
2527638,2371 Harbor Ave SW,98126,Townhouse,2026-06-08,2026-06-08,2026-06-08,975000,975000,2026-05-27,12,Active,,,0,false
2527713,10328 14th Ave NW,98177,Townhouse,2026-06-08,2026-06-08,2026-06-08,1599900,1599900,2026-05-21,18,Active,,,0,false
2528005,5455 42nd Ave SW,98136,Single Family,2026-06-08,2026-06-08,2026-06-08,925000,925000,2026-05-22,17,Active,,,0,false
2528262,8517 B Stone Ave N,98103,Townhouse,2026-06-08,2026-06-08,2026-06-08,635000,635000,2026-05-22,17,Active,,,0,false
2528368,3734 SW Tillman St,98126,Single Family,2026-06-08,2026-06-08,2026-06-08,1100000,1100000,2026-05-29,10,Active,,,0,false
2528377,241 11th Ave E,98102,Townhouse,2026-06-08,2026-06-08,2026-06-08,800000,800000,2026-06-04,4,Active,,,0,false
2528437,3953 1st Ave NE Unit A,98105,Townhouse,2026-06-08,2026-06-08,2026-06-08,769000,769000,2026-05-28,11,Active,,,0,false
2528555,1717 32nd Ave,98122,Single Family,2026-06-08,2026-06-08,2026-06-08,1350000,1350000,2026-06-04,4,Active,,,0,false
2528710,7949 20th Ave SW,98106,Single Family,2026-06-08,2026-06-08,2026-06-08,659950,659950,2026-05-27,12,Active,,,0,false
2528907,2820 27th Ave W,98199,Single Family,2026-06-08,2026-06-08,2026-06-08,1515000,1515000,2026-05-23,16,Active,,,0,false
2528971,2517 13th Ave S,98144,Townhouse,2026-06-08,2026-06-08,2026-06-08,889000,889000,2026-06-03,5,Active,,,0,false
2529066,7316 Woodlawn Ave NE,98115,Townhouse,2026-06-08,2026-06-08,2026-06-08,975000,975000,2026-05-29,10,Active,,,0,false
2529070,7337 48th Ave NE,98115,Single Family,2026-06-08,2026-06-08,2026-06-08,1650000,1650000,2026-06-02,6,Active,,,0,false
2529100,7146 35th Ave SW,98126,Single Family,2026-06-08,2026-06-08,2026-06-08,699999,699999,2026-05-27,12,Active,,,0,false
2529146,6022 29th Ave SW,98126,Single Family,2026-06-08,2026-06-08,2026-06-08,875000,875000,2026-05-27,12,Active,,,0,false
2529258,1318 S Atlantic St,98144,Townhouse,2026-06-08,2026-06-08,2026-06-08,660000,660000,2026-05-28,11,Active,,,0,false
2529280,8604 29th Ave NW,98117,Single Family,2026-06-08,2026-06-08,2026-06-08,1350000,1350000,2026-05-28,11,Active,,,0,false
2529678,2077 E Howe St,98112,Single Family,2026-06-08,2026-06-08,2026-06-08,1200000,1200000,2026-06-03,5,Active,,,0,false
2529788,4531 Corliss Ave N,98103,Townhouse,2026-06-08,2026-06-08,2026-06-08,1449950,1449950,2026-05-28,11,Active,,,0,false
2529930,8205 19th Ave NE,98115,Single Family,2026-06-08,2026-06-08,2026-06-08,999950,999950,2026-05-27,12,Active,,,0,false
2530102,5029 29th Ave S,98108,Single Family,2026-06-08,2026-06-08,2026-06-08,798000,798000,2026-05-28,11,Active,,,0,false
2530166,1305 SW Cambridge St,98106,Single Family,2026-06-08,2026-06-08,2026-06-08,729000,729000,2026-06-04,4,Active,,,0,false
2530346,3280 SW Graham St #601,98126,Townhouse,2026-06-08,2026-06-08,2026-06-08,735000,735000,2026-05-28,11,Active,,,0,false
2530567,519 27th Ave,98122,Single Family,2026-06-08,2026-06-08,2026-06-08,995000,995000,2026-05-28,11,Active,,,0,false
2530910,1928 NW 97th St,98117,Single Family,2026-06-08,2026-06-08,2026-06-08,1598000,1598000,2026-05-28,11,Active,,,0,false
2531107,1307 W Boston St,98119,Single Family,2026-06-08,2026-06-08,2026-06-08,1697000,1697000,2026-05-29,10,Active,,,0,false
2531136,2816 NW 80th St,98117,Single Family,2026-06-08,2026-06-08,2026-06-08,699500,699500,2026-06-04,4,Active,,,0,false
2531280,2442 6th W,98119,Single Family,2026-06-08,2026-06-08,2026-06-08,2350000,2350000,2026-05-29,10,Active,,,0,false
2531301,813 NE 90th St,98115,Single Family,2026-06-08,2026-06-08,2026-06-08,1689950,1689950,2026-05-29,10,Active,,,0,false
2531477,2770 Westlake Ave N #3,98109,Single Family,2026-06-08,2026-06-08,2026-06-08,699000,699000,2026-05-28,11,Active,,,0,false
2531575,230 26th Ave E,98112,Townhouse,2026-06-08,2026-06-08,2026-06-08,749950,749950,2026-05-28,11,Active,,,0,false
2531586,3514 SW Manning St,98126,Single Family,2026-06-08,2026-06-08,2026-06-08,935000,935000,2026-05-29,10,Active,,,0,false
2531692,321 NW 78th St,98117,Single Family,2026-06-08,2026-06-08,2026-06-08,1599000,1599000,2026-05-29,10,Active,,,0,false
2531707,3815 E McGraw St,98112,Single Family,2026-06-08,2026-06-08,2026-06-08,3495000,3495000,2026-05-29,10,Active,,,0,false
2532037,305 24th Ave E,98112,Single Family,2026-06-08,2026-06-08,2026-06-08,1799000,1799000,2026-06-02,6,Active,,,0,false
2532039,2214 N 60th St,98103,Single Family,2026-06-08,2026-06-08,2026-06-08,759000,759000,2026-05-29,10,Active,,,0,false
2532254,7007 Alonzo Ave NW,98117,Townhouse,2026-06-08,2026-06-08,2026-06-08,619950,619950,2026-05-30,9,Active,,,0,false
2532258,1141 N 93rd St Unit B,98103,Townhouse,2026-06-08,2026-06-08,2026-06-08,485000,485000,2026-06-04,4,Active,,,0,false
2532335,3602 SW Lander St,98126,Single Family,2026-06-08,2026-06-08,2026-06-08,2495000,2495000,2026-06-01,7,Active,,,0,false
2532386,1018 NW 130th St,98177,Single Family,2026-06-08,2026-06-08,2026-06-08,1095000,1095000,2026-06-04,4,Active,,,0,false
2532411,3658 50th Ave NE,98105,Single Family,2026-06-08,2026-06-08,2026-06-08,3975000,3975000,2026-06-01,7,Active,,,0,false
2532626,69 E Lynn St,98102,Townhouse,2026-06-08,2026-06-08,2026-06-08,1099500,1099500,2026-06-04,4,Active,,,0,false
2532697,465 14th Ave,98122,Townhouse,2026-06-08,2026-06-08,2026-06-08,760000,760000,2026-06-02,6,Active,,,0,false
2532913,1901 25th Ave S,98144,Townhouse,2026-06-08,2026-06-08,2026-06-08,783750,783750,2026-06-02,6,Active,,,0,false
2532932,4106 Linden Ave N Unit B,98103,Townhouse,2026-06-08,2026-06-08,2026-06-08,878750,878750,2026-06-03,5,Active,,,0,false
2533048,5923 32nd Ave SW,98126,Single Family,2026-06-08,2026-06-08,2026-06-08,675000,675000,2026-06-02,6,Active,,,0,false
2533101,3121 NW 94th St,98117,Single Family,2026-06-08,2026-06-08,2026-06-08,2000000,2000000,2026-06-03,5,Active,,,0,false
2533112,7534 12th Ave SW,98106,Single Family,2026-06-08,2026-06-08,2026-06-08,750000,750000,2026-06-04,4,Active,,,0,false
2533121,1821 N 47th St,98103,Single Family,2026-06-08,2026-06-08,2026-06-08,1139900,1139900,2026-06-02,6,Active,,,0,false
2533168,2106 12th Ave S,98144,Single Family,2026-06-08,2026-06-08,2026-06-08,598800,598800,2026-06-03,5,Active,,,0,false
2533251,2804 E Howell St,98122,Single Family,2026-06-08,2026-06-08,2026-06-08,835000,835000,2026-06-02,6,Active,,,0,false
2533289,520 NE 82nd St,98115,Single Family,2026-06-08,2026-06-08,2026-06-08,1325000,1325000,2026-06-03,5,Active,,,0,false
2533313,3204 SW Holly St,98126,Single Family,2026-06-08,2026-06-08,2026-06-08,950000,950000,2026-06-03,5,Active,,,0,false
2533396,4405 Baker Ave NW,98107,Single Family,2026-06-08,2026-06-08,2026-06-08,975000,975000,2026-06-03,5,Active,,,0,false
2533432,2615 E Garfield St,98112,Single Family,2026-06-08,2026-06-08,2026-06-08,1795000,1795000,2026-06-02,6,Active,,,0,false
2533458,3409 Magnolia Blvd W,98199,Single Family,2026-06-08,2026-06-08,2026-06-08,1695000,1695000,2026-06-02,6,Active,,,0,false
2533503,7013 9th Ave NE,98115,Townhouse,2026-06-08,2026-06-08,2026-06-08,699000,699000,2026-06-02,6,Active,,,0,false
2533597,9701 Dayton Ave N,98103,Single Family,2026-06-08,2026-06-08,2026-06-08,815000,815000,2026-06-05,3,Active,,,0,true
2533689,7737 27th Ave NW,98117,Single Family,2026-06-08,2026-06-08,2026-06-08,1200000,1200000,2026-06-03,5,Active,,,0,false
2533725,7321 48th Ave NE,98115,Single Family,2026-06-08,2026-06-08,2026-06-08,3150000,3150000,2026-06-03,5,Active,,,0,false
2533737,3309 W Thurman St,98199,Single Family,2026-06-08,2026-06-08,2026-06-08,1049500,1049500,2026-06-04,4,Active,,,0,false
2534093,4800 52nd Ave SW,98116,Single Family,2026-06-08,2026-06-08,2026-06-08,3998000,3998000,2026-06-03,5,Active,,,0,false
2534174,4809 SW Findlay St,98136,Single Family,2026-06-08,2026-06-08,2026-06-08,975000,975000,2026-06-03,5,Active,,,0,false
2534222,8826 41st Ave S,98118,Single Family,2026-06-08,2026-06-08,2026-06-08,949000,949000,2026-06-05,3,Active,,,0,true
2534255,4414 NE 77th St,98115,Single Family,2026-06-08,2026-06-08,2026-06-08,2195000,2195000,2026-06-04,4,Active,,,0,false
2534269,2831 14th Ave W #2,98119,Townhouse,2026-06-08,2026-06-08,2026-06-08,650000,650000,2026-06-03,5,Active,,,0,false
2534299,2404 Dexter Ave N Unit D,98109,Townhouse,2026-06-08,2026-06-08,2026-06-08,795000,795000,2026-06-04,4,Active,,,0,false
2534302,10312 Wallingford Ave N,98133,Single Family,2026-06-08,2026-06-08,2026-06-08,849777,849777,2026-06-04,4,Active,,,0,false
2534358,9119 Cyrus Ave NW,98117,Single Family,2026-06-08,2026-06-08,2026-06-08,1485000,1485000,2026-06-04,4,Active,,,0,false
2534391,7511 Dumar Way SW,98106,Single Family,2026-06-08,2026-06-08,2026-06-08,980000,980000,2026-06-04,4,Active,,,0,false
2534524,4055 SW Holgate St,98116,Single Family,2026-06-08,2026-06-08,2026-06-08,1799000,1799000,2026-06-04,4,Active,,,0,false
2534571,11549 8th Ave NE,98125,Single Family,2026-06-08,2026-06-08,2026-06-08,639950,639950,2026-06-04,4,Active,,,0,false
2534580,7546 26th Ave NW Unit B,98117,Single Family,2026-06-08,2026-06-08,2026-06-08,624950,624950,2026-06-04,4,Active,,,0,false
2534637,5653 34th Ave SW,98126,Single Family,2026-06-08,2026-06-08,2026-06-08,949950,949950,2026-06-04,4,Active,,,0,false
2534700,4412 Corliss Ave N Unit B,98103,Townhouse,2026-06-08,2026-06-08,2026-06-08,724950,724950,2026-06-04,4,Active,,,0,false
2534968,346 NE 58th St,98105,Single Family,2026-06-08,2026-06-08,2026-06-08,869000,869000,2026-06-06,2,Active,,,0,true
2534989,3437 38th Ave SW,98126,Single Family,2026-06-08,2026-06-08,2026-06-08,949000,949000,2026-06-04,4,Active,,,0,false
2535127,1004 N 48th St,98103,Single Family,2026-06-08,2026-06-08,2026-06-08,989000,989000,2026-06-04,4,Active,,,0,false
2535341,804 3rd Ave N,98109,Townhouse,2026-06-08,2026-06-08,2026-06-08,1000000,1000000,2026-06-05,3,Active,,,0,true
2535476,9258 24th Ave SW,98106,Single Family,2026-06-08,2026-06-08,2026-06-08,710000,710000,2026-06-04,4,Active,,,0,false
2535493,936 N 101st St,98133,Single Family,2026-06-08,2026-06-08,2026-06-08,688000,688000,2026-06-05,3,Active,,,0,true
2535564,4715 Densmore Ave N,98103,Single Family,2026-06-08,2026-06-08,2026-06-08,1150000,1150000,2026-06-05,3,Active,,,0,true
2535791,8121 16th Ave SW,98106,Single Family,2026-06-08,2026-06-08,2026-06-08,798500,798500,2026-06-05,3,Active,,,0,true
2535819,809 NW 63rd St St Unit B,98107,Townhouse,2026-06-08,2026-06-08,2026-06-08,1088000,1088000,2026-06-05,3,Active,,,0,true
2535893,6811 27th Ave S,98108,Single Family,2026-06-08,2026-06-08,2026-06-08,675000,675000,2026-06-05,3,Active,,,0,true
2535906,4003 E Newton St,98112,Single Family,2026-06-08,2026-06-08,2026-06-08,2995000,2995000,2026-06-05,3,Active,,,0,true
2536050,8724 16th Ave SW,98106,Single Family,2026-06-08,2026-06-08,2026-06-08,799000,799000,2026-06-05,3,Active,,,0,true
2536304,2363 S McClellan St,98144,Single Family,2026-06-08,2026-06-08,2026-06-08,617000,617000,2026-06-06,2,Active,,,0,true
2536322,4422 Montana Cir W,98199,Single Family,2026-06-08,2026-06-08,2026-06-08,999000,999000,2026-06-06,2,Active,,,0,true
2536389,4816 SW Findlay St,98136,Single Family,2026-06-08,2026-06-08,2026-06-08,1485000,1485000,2026-06-07,1,Active,,,0,true
